{
  "actions": [
    {
      "acted_at": "2005-05-24", 
      "committee": "Committee on Transportation and Infrastructure, and in addition to the Committees on Ways and Means, Science, and Resources, for a period to be subsequently determined by the Speaker, in each case for consideration of such provisions as fall within the jurisdiction of the committee concerned", 
      "references": [], 
      "status": "REFERRED", 
      "text": "Referred to the Committee on Transportation and Infrastructure, and in addition to the Committees on Ways and Means, Science, and Resources, for a period to be subsequently determined by the Speaker, in each case for consideration of such provisions as fall within the jurisdiction of the committee concerned.", 
      "type": "referral"
    }, 
    {
      "acted_at": "2005-05-24", 
      "committee": "House Transportation and Infrastructure", 
      "references": [], 
      "text": "Referred to House Transportation and Infrastructure", 
      "type": "referral"
    }, 
    {
      "acted_at": "2005-05-24", 
      "committee": "House Ways and Means", 
      "references": [], 
      "text": "Referred to House Ways and Means", 
      "type": "referral"
    }, 
    {
      "acted_at": "2005-05-24", 
      "committee": "House Science", 
      "references": [], 
      "text": "Referred to House Science", 
      "type": "referral"
    }, 
    {
      "acted_at": "2005-05-24", 
      "committee": "House Resources", 
      "references": [], 
      "text": "Referred to House Resources", 
      "type": "referral"
    }, 
    {
      "acted_at": "2005-05-25", 
      "in_committee": "House Transportation and Infrastructure", 
      "references": [], 
      "subcommittee": "Highways, Transit and Pipelines", 
      "text": "Referred to the Subcommittee on Highways, Transit and Pipelines.", 
      "type": "referral"
    }, 
    {
      "acted_at": "2005-05-25T20:38:00-04:00", 
      "references": [], 
      "text": "Mr. Petri moved to suspend the rules and pass the bill.", 
      "type": "action"
    }, 
    {
      "acted_at": "2005-05-25T20:38:00-04:00", 
      "references": [
        {
          "reference": "CR H4047-4053", 
          "type": "consideration"
        }
      ], 
      "text": "Considered under suspension of the rules.", 
      "type": "action"
    }, 
    {
      "acted_at": "2005-05-25T20:38:00-04:00", 
      "references": [], 
      "text": "DEBATE - The House proceeded with forty minutes of debate on H.R. 2566.", 
      "type": "action"
    }, 
    {
      "acted_at": "2005-05-25T20:54:00-04:00", 
      "how": "by voice vote", 
      "references": [
        {
          "reference": "CR H4047-4050", 
          "type": "text"
        }
      ], 
      "result": "pass", 
      "status": "PASS_OVER:HOUSE", 
      "suspension": null, 
      "text": "On motion to suspend the rules and pass the bill Agreed to by voice vote.", 
      "type": "vote", 
      "vote_type": "vote", 
      "where": "h"
    }, 
    {
      "acted_at": "2005-05-25T20:54:00-04:00", 
      "references": [], 
      "text": "Motion to reconsider laid on the table Agreed to without objection.", 
      "type": "action"
    }, 
    {
      "acted_at": "2005-05-26", 
      "how": "by Unanimous Consent", 
      "references": [
        {
          "reference": "CR S5962", 
          "type": "consideration"
        }
      ], 
      "result": "pass", 
      "status": "PASSED:BILL", 
      "text": "Received in the Senate, read twice, considered, read the third time, and passed without amendment by Unanimous Consent.", 
      "type": "vote", 
      "vote_type": "vote2", 
      "where": "s"
    }, 
    {
      "acted_at": "2005-05-26", 
      "references": [], 
      "text": "Message on Senate action sent to the House.", 
      "type": "action"
    }, 
    {
      "acted_at": "2005-05-26", 
      "references": [], 
      "text": "Cleared for White House.", 
      "type": "topresident"
    }, 
    {
      "acted_at": "2005-05-27", 
      "references": [], 
      "text": "Presented to President.", 
      "type": "topresident"
    }, 
    {
      "acted_at": "2005-05-31", 
      "references": [], 
      "text": "Signed by President.", 
      "type": "signed"
    }, 
    {
      "acted_at": "2005-05-31", 
      "congress": "109", 
      "law": "public", 
      "number": "14", 
      "references": [], 
      "status": "ENACTED:SIGNED", 
      "text": "Became Public Law No: 109-14.", 
      "type": "enacted"
    }
  ], 
  "amendments": [], 
  "bill_id": "hr2566-109", 
  "bill_type": "hr", 
  "committees": [
    {
      "activity": [
        "referral"
      ], 
      "committee": "House Transportation and Infrastructure", 
      "committee_id": "HSPW"
    }, 
    {
      "activity": [
        "referral"
      ], 
      "committee": "House Transportation and Infrastructure", 
      "committee_id": "HSPW", 
      "subcommittee": "Subcommittee on Highways, Transit and Pipelines", 
      "subcommittee_id": "12"
    }, 
    {
      "activity": [
        "referral"
      ], 
      "committee": "House Ways and Means", 
      "committee_id": "HSWM"
    }, 
    {
      "activity": [
        "referral"
      ], 
      "committee": "House Science", 
      "committee_id": "HSSY"
    }, 
    {
      "activity": [
        "referral"
      ], 
      "committee": "House Resources", 
      "committee_id": "HSII"
    }
  ], 
  "congress": "109", 
  "cosponsors": [
    {
      "district": "4", 
      "name": "DeFazio, Peter A.", 
      "sponsored_at": "2005-05-24", 
      "state": "OR", 
      "thomas_id": "00279", 
      "title": "Rep", 
      "withdrawn_at": null
    }, 
    {
      "district": "8", 
      "name": "Oberstar, James L.", 
      "sponsored_at": "2005-05-24", 
      "state": "MN", 
      "thomas_id": "00876", 
      "title": "Rep", 
      "withdrawn_at": null
    }, 
    {
      "district": "6", 
      "name": "Petri, Thomas E.", 
      "sponsored_at": "2005-05-24", 
      "state": "WI", 
      "thomas_id": "00912", 
      "title": "Rep", 
      "withdrawn_at": null
    }
  ], 
  "enacted_as": {
    "congress": "109", 
    "law_type": "public", 
    "number": "14"
  }, 
  "history": {
    "awaiting_signature": false, 
    "enacted": true, 
    "enacted_at": "2005-05-31", 
    "house_passage_result": "pass", 
    "house_passage_result_at": "2005-05-25T20:54:00-04:00", 
    "senate_passage_result": "pass", 
    "senate_passage_result_at": "2005-05-26", 
    "vetoed": false
  }, 
  "introduced_at": "2005-05-24", 
  "number": "2566", 
  "official_title": "To provide an extension of highway, highway safety, motor carrier safety, transit, and other programs funded out of the Highway Trust Fund pending enactment of a law reauthorizing the Transportation Equity Act for the 21st Century.", 
  "popular_title": "Highway and Transit Programs Extension bill", 
  "related_bills": [
    {
      "bill_id": "hr3104-109", 
      "reason": "related"
    }, 
    {
      "bill_id": "hr3104-109", 
      "reason": "related"
    }, 
    {
      "bill_id": "hr3330-109", 
      "reason": "related"
    }, 
    {
      "bill_id": "hr3330-109", 
      "reason": "related"
    }, 
    {
      "bill_id": "hr3332-109", 
      "reason": "related"
    }, 
    {
      "bill_id": "hr3332-109", 
      "reason": "related"
    }, 
    {
      "bill_id": "hr3337-109", 
      "reason": "related"
    }, 
    {
      "bill_id": "hr3377-109", 
      "reason": "related"
    }, 
    {
      "bill_id": "hr3453-109", 
      "reason": "related"
    }, 
    {
      "bill_id": "hr3453-109", 
      "reason": "related"
    }, 
    {
      "bill_id": "hr3512-109", 
      "reason": "related"
    }, 
    {
      "bill_id": "hr3512-109", 
      "reason": "related"
    }, 
    {
      "bill_id": "hr3514-109", 
      "reason": "related"
    }, 
    {
      "bill_id": "hr3514-109", 
      "reason": "related"
    }
  ], 
  "short_title": "Surface Transportation Extension Act of 2005", 
  "sponsor": {
    "district": null, 
    "name": "Young, Don", 
    "state": "AK", 
    "thomas_id": "01256", 
    "title": "Rep", 
    "type": "person"
  }, 
  "status": "ENACTED:SIGNED", 
  "status_at": "2005-05-31", 
  "subjects": [
    "Alaska", 
    "American Samoa", 
    "Authorization", 
    "Boats and boating", 
    "Boundaries", 
    "Bridges", 
    "Commuting", 
    "Data banks", 
    "Department of Transportation", 
    "Driver licenses", 
    "Drug abuse", 
    "Drunk driving", 
    "Economics and public finance", 
    "Education", 
    "Energy", 
    "Environmental protection", 
    "Excise tax", 
    "Federal aid to air pollution control", 
    "Federal aid to education", 
    "Federal aid to research", 
    "Federal aid to transportation", 
    "Federal aid to water pollution control", 
    "Fishing", 
    "Fuel cells", 
    "Government operations and politics", 
    "Government publicity", 
    "Government statistics", 
    "Government trust funds", 
    "Guam", 
    "Higher education", 
    "Highspeed ground transportation", 
    "Highway finance", 
    "Highway maintenance", 
    "Highway use tax", 
    "Housing and community development", 
    "Indian lands", 
    "Infrastructure", 
    "Intermodal transportation", 
    "Interstate highway system", 
    "Marine and coastal resources, fisheries", 
    "Marine pollution", 
    "Marine safety", 
    "Marine terminals", 
    "Mass rapid transit", 
    "Metropolitan areas", 
    "Minorities", 
    "Motor buses", 
    "Motor vehicle pollution control", 
    "National parks", 
    "Native Americans", 
    "New Jersey", 
    "Northern Mariana Islands", 
    "Passenger ships", 
    "Public lands and natural resources", 
    "Puerto Rico", 
    "Railroad engineering", 
    "Railroad safety", 
    "Research and development", 
    "Research grants", 
    "Road construction", 
    "Scenic byways", 
    "Science, technology, communications", 
    "Seat belts", 
    "Shipbuilding", 
    "Sports and recreation", 
    "Tax evasion", 
    "Taxation", 
    "Technological innovations", 
    "Terminals (Transportation)", 
    "Traffic accidents and safety", 
    "Traffic engineering", 
    "Trails", 
    "Transportation and public works", 
    "Transportation engineering", 
    "Transportation planning", 
    "Transportation research", 
    "Truck drivers", 
    "Trucking", 
    "Trucks", 
    "Urban affairs", 
    "Urban transportation", 
    "Virgin Islands", 
    "Washington State", 
    "Wildlife refuges"
  ], 
  "subjects_top_term": "Transportation and public works", 
  "summary": {
    "as": "Public Law", 
    "date": "2005-05-31", 
    "text": "(This measure has not been amended since it was introduced. The expanded summary of the House passed version is repeated here.) Surface Transportation Extension Act of 2005 - Extends federal highway, highway safety, motor carrier safety, and transit programs, and authorizes appropriations, through June 30, 2005. (Sec. 2) Amends the Surface Transportation Extension Act of 2004, Part V to extend the off-system bridge set-aside through June 30, 2005. Amends the Transportation Equity Act for the 21st Century (TEA-21) to extend to June 30, 2005, certain advanced authorizations from the Highway Trust Fund. Revises the amount of obligation limitation that is to be distributed by the Secretary of Transportation for federal-aid highways and highway safety construction programs. Sets a cap upon the total amount of obligation authority distributed through June 30, 2005. Prohibits the obligation of funds for any federal-aid highway program project until the date of enactment of a law reauthorizing the federal-aid highway program. Considers any obligation of certain obligation authority distributed under this Act to be an obligation for federal-aid highways and highway safety construction programs for FY2005 under the Consolidated Appropriations Act, 2005. (Sec. 3) Makes specified funds available from the Highway Trust Fund (HTF) for administrative expenses of the federal-aid highway program for FY2005. (Sec. 4) Extends through June 30, 2005, the authorization of appropriations under TEA-21 for: (1) federal lands highways (Indian reservation roads, public lands highways, park roads and parkways, and refuge roads); (2) national corridor planning and development and coordinated border infrastructure programs; (3) construction of ferry boats and ferry terminal facilities (including set-asides for such projects that are a part of the National Highway System in Alaska, New Jersey, and Washington State); (4) the national scenic byways program; (5) the value pricing pilot program; (6) highway use tax evasion projects; (7) the Commonwealth of Puerto Rico Highway Program; (8) safety grants; (9) the transportation and community and system preservation pilot program; (10) transportation infrastructure finance and innovation; (11) the national scenic byways clearinghouse; (12) surface transportation research; (13) the technology deployment program; (14) training and education; (15) the Bureau of Transportation Statistics; (16) intermodal transportation system standards, research, operational tests, development, and deployment; (17) university transportation research; (18) metropolitan planning; (19) the Territories of Virgin Islands, Guam, American Samoa, and the Commonwealth of the Northern Mariana Islands; (20) the Alaska highway program; (21) Operation Lifesaver; (22) the bridge discretionary program; (23) interstate maintenance; (24) recreational trails administrative costs; and (25) railway-highway crossing hazard elimination in high speed rail corridors. Extends through June 30, 2005, the authorization of appropriations for skills training and on-the-job training to implement a specified non-discrimination program. (Sec. 5) Extends through June 30, 2005, the authorization of appropriations for highway safety programs, including: (1) seat belt safety incentive grants; (2) prevention of intoxicated driver incentive grants; (3) certain highway safety programs; (4) highway safety research and development (R&D); (5) occupant protection incentive grants; (6) alcohol-impaired driving countermeasures incentive grants; and (6) the National Driver Register. (Sec. 6) Amends the Surface Transportation Extension Act of 2004, Part V to extend through June 30, 2005, the authorization of appropriations for: (1) administrative expenses of the Federal Motor Carrier Safety Administration; (2) the motor carrier safety assistance program; (3) information systems and commercial driver's license grants; and (4) continuation of a crash causation study. (Sec. 7) Extends through June 30, 2005, the authorization of allocations and apportionments for federal transit programs, including: (1) specified capital projects; (2) formula grants; (3) capital programs; (4) planning; (5) research, including university transportation research; (6) the job access and reverse commute program; (7) the rural transportation accessibility incentive program; (8) urbanized area formula grants; (9) the fuel cell bus and bus facilities program; (10) the advanced technology pilot project; (11) projects for new fixed guideway systems and extensions to existing systems; and (12) the New Jersey urban core project. (Sec. 8) Amends the Dingell-Johnson Sport Fish Restoration Act to extend funding for the National Outreach and Communications Program through June 30, 2005. Extends through the same date the authorization of apportionments for qualified projects under the Clean Vessel Act of 1972. Amends federal maritime law to increase the authorization of appropriations for personnel and activities expenses of the Coast Guard directly related to the national recreational boating safety program. (Sec. 9) Amends the Internal Revenue Code to extend until July 1, 2005, the authorization of expenditures from the HTF (including the Mass Transit Account) and the Aquatic Resources Trust Fund, including the sport fish restoration account and the boat safety account. Extends until October 1, 2006, the imposition of tax on the use of certain heavy vehicles (including an exemption from such tax). Sets forth special rules for imposition of such tax in the case where the taxable period ends on September 30, 2006."
  }, 
  "titles": [
    {
      "as": null, 
      "title": "Highway and Transit Programs Extension bill", 
      "type": "popular"
    }, 
    {
      "as": "introduced", 
      "title": "Surface Transportation Extension Act of 2005", 
      "type": "short"
    }, 
    {
      "as": "passed house", 
      "title": "Surface Transportation Extension Act of 2005", 
      "type": "short"
    }, 
    {
      "as": "passed senate", 
      "title": "Surface Transportation Extension Act of 2005", 
      "type": "short"
    }, 
    {
      "as": "enacted", 
      "title": "Surface Transportation Extension Act of 2005", 
      "type": "short"
    }, 
    {
      "as": "introduced", 
      "title": "To provide an extension of highway, highway safety, motor carrier safety, transit, and other programs funded out of the Highway Trust Fund pending enactment of a law reauthorizing the Transportation Equity Act for the 21st Century.", 
      "type": "official"
    }
  ], 
  "updated_at": "2013-02-02T20:40:17-05:00"
}