{
  "actions": [
    {
      "acted_at": "2006-03-16", 
      "committee": "House Committee on Financial Services", 
      "references": [], 
      "status": "REFERRED", 
      "text": "Referred to the House Committee on Financial Services.", 
      "type": "referral"
    }, 
    {
      "acted_at": "2006-04-21", 
      "in_committee": "House Committee on Financial Services", 
      "references": [], 
      "subcommittee": "Domestic and International Monetary Policy, Trade, and Technology", 
      "text": "Referred to the Subcommittee on Domestic and International Monetary Policy, Trade, and Technology.", 
      "type": "referral"
    }
  ], 
  "amendments": [], 
  "bill_id": "hr5011-109", 
  "bill_type": "hr", 
  "committees": [
    {
      "activity": [
        "referral", 
        "in committee"
      ], 
      "committee": "House Financial Services", 
      "committee_id": "HSBA"
    }, 
    {
      "activity": [
        "referral"
      ], 
      "committee": "House Financial Services", 
      "committee_id": "HSBA", 
      "subcommittee": "Subcommittee on Domestic and International Monetary Policy, Trade, and Technology", 
      "subcommittee_id": "19"
    }
  ], 
  "congress": "109", 
  "cosponsors": [
    {
      "district": "2", 
      "name": "Bishop, Sanford D., Jr.", 
      "sponsored_at": "2006-06-16", 
      "state": "GA", 
      "thomas_id": "00091", 
      "title": "Rep", 
      "withdrawn_at": null
    }, 
    {
      "district": "14", 
      "name": "Conyers, John, Jr.", 
      "sponsored_at": "2006-06-16", 
      "state": "MI", 
      "thomas_id": "00229", 
      "title": "Rep", 
      "withdrawn_at": null
    }, 
    {
      "district": "20", 
      "name": "Gonzalez, Charles A.", 
      "sponsored_at": "2006-07-19", 
      "state": "TX", 
      "thomas_id": "01555", 
      "title": "Rep", 
      "withdrawn_at": null
    }, 
    {
      "district": "18", 
      "name": "Jackson-Lee, Sheila", 
      "sponsored_at": "2006-07-19", 
      "state": "TX", 
      "thomas_id": "00588", 
      "title": "Rep", 
      "withdrawn_at": null
    }, 
    {
      "district": "10", 
      "name": "Kucinich, Dennis J.", 
      "sponsored_at": "2006-09-27", 
      "state": "OH", 
      "thomas_id": "01499", 
      "title": "Rep", 
      "withdrawn_at": null
    }, 
    {
      "district": "12", 
      "name": "Lantos, Tom", 
      "sponsored_at": "2006-07-19", 
      "state": "CA", 
      "thomas_id": "00663", 
      "title": "Rep", 
      "withdrawn_at": null
    }, 
    {
      "district": "9", 
      "name": "Rothman, Steven R.", 
      "sponsored_at": "2006-07-19", 
      "state": "NJ", 
      "thomas_id": "01520", 
      "title": "Rep", 
      "withdrawn_at": null
    }, 
    {
      "district": "9", 
      "name": "Schakowsky, Janice D.", 
      "sponsored_at": "2006-06-16", 
      "state": "IL", 
      "thomas_id": "01588", 
      "title": "Rep", 
      "withdrawn_at": null
    }
  ], 
  "enacted_as": null, 
  "history": {
    "awaiting_signature": false, 
    "enacted": false, 
    "vetoed": false
  }, 
  "introduced_at": "2006-03-16", 
  "number": "5011", 
  "official_title": "To award posthumously a congressional gold medal to John Pehle in recognition of his contributions to the Nation in helping rescue Jews and other minorities from the Holocaust during World War II.", 
  "popular_title": null, 
  "related_bills": [], 
  "short_title": null, 
  "sponsor": {
    "district": "6", 
    "name": "Woolsey, Lynn C.", 
    "state": "CA", 
    "thomas_id": "01242", 
    "title": "Rep", 
    "type": "person"
  }, 
  "status": "REFERRED", 
  "status_at": "2006-03-16", 
  "subjects": [
    "Commemorations", 
    "Congress", 
    "Congressional gold medals", 
    "Emergency management", 
    "Federal officials", 
    "Government operations and politics", 
    "History", 
    "Immigration", 
    "Jewish holocaust (1939-1945)", 
    "Refugees", 
    "Rescue work"
  ], 
  "subjects_top_term": "Commemorations", 
  "summary": {
    "as": "Introduced", 
    "date": "2006-03-16", 
    "text": "Directs the Speaker of the House of Representatives and the President Pro Tempore of the Senate to make appropriate arrangements for the presentation, on behalf of Congress, of a gold medal to the family or personal representative of John Pehle in recognition of his service to the Nation in helping rescue Jews and other minorities from the Holocaust during World War II."
  }, 
  "titles": [
    {
      "as": "introduced", 
      "title": "To award posthumously a congressional gold medal to John Pehle in recognition of his contributions to the Nation in helping rescue Jews and other minorities from the Holocaust during World War II.", 
      "type": "official"
    }
  ], 
  "updated_at": "2013-02-02T20:41:24-05:00"
}