{
  "actions": [
    {
      "acted_at": "2006-07-20", 
      "committee": "House Committee on Agriculture", 
      "references": [], 
      "status": "REFERRED", 
      "text": "Referred to the House Committee on Agriculture.", 
      "type": "referral"
    }, 
    {
      "acted_at": "2006-08-03", 
      "in_committee": "House Committee on Agriculture", 
      "references": [], 
      "subcommittee": "Farm Commodities and Risk Management", 
      "text": "Referred to the Subcommittee on Farm Commodities and Risk Management.", 
      "type": "referral"
    }
  ], 
  "amendments": [], 
  "bill_id": "hr5853-109", 
  "bill_type": "hr", 
  "committees": [
    {
      "activity": [
        "referral", 
        "in committee"
      ], 
      "committee": "House Agriculture", 
      "committee_id": "HSAG"
    }, 
    {
      "activity": [
        "referral"
      ], 
      "committee": "House Agriculture", 
      "committee_id": "HSAG", 
      "subcommittee": "Subcommittee on General Farm Commodities and Risk Management", 
      "subcommittee_id": "16"
    }
  ], 
  "congress": "109", 
  "cosponsors": [
    {
      "district": "6", 
      "name": "Graves, Sam", 
      "sponsored_at": "2006-07-20", 
      "state": "MO", 
      "thomas_id": "01656", 
      "title": "Rep", 
      "withdrawn_at": null
    }, 
    {
      "district": "7", 
      "name": "Grijalva, Raul M.", 
      "sponsored_at": "2006-09-19", 
      "state": "AZ", 
      "thomas_id": "01708", 
      "title": "Rep", 
      "withdrawn_at": null
    }, 
    {
      "district": "23", 
      "name": "McHugh, John M.", 
      "sponsored_at": "2006-09-14", 
      "state": "NY", 
      "thomas_id": "00773", 
      "title": "Rep", 
      "withdrawn_at": null
    }, 
    {
      "district": "6", 
      "name": "Petri, Thomas E.", 
      "sponsored_at": "2006-07-27", 
      "state": "WI", 
      "thomas_id": "00912", 
      "title": "Rep", 
      "withdrawn_at": null
    }, 
    {
      "district": "13", 
      "name": "Stark, Fortney Pete", 
      "sponsored_at": "2006-07-28", 
      "state": "CA", 
      "thomas_id": "01101", 
      "title": "Rep", 
      "withdrawn_at": null
    }
  ], 
  "enacted_as": null, 
  "history": {
    "awaiting_signature": false, 
    "enacted": false, 
    "vetoed": false
  }, 
  "introduced_at": "2006-07-20", 
  "number": "5853", 
  "official_title": "To amend the Commodity Exchange Act to add a provision relating to reporting and recordkeeping for positions involving energy commodities.", 
  "popular_title": null, 
  "related_bills": [
    {
      "bill_id": "s2641-109", 
      "reason": "identical"
    }
  ], 
  "short_title": "Oil and Gas Traders Oversight Act of 2006", 
  "sponsor": {
    "district": "1", 
    "name": "Andrews, Robert E.", 
    "state": "NJ", 
    "thomas_id": "00021", 
    "title": "Rep", 
    "type": "person"
  }, 
  "status": "REFERRED", 
  "status_at": "2006-07-20", 
  "subjects": [
    "Administrative procedure", 
    "Business records", 
    "Coal", 
    "Commerce", 
    "Commodity Futures Trading Commission", 
    "Commodity exchanges", 
    "Diesel motor", 
    "Electric power production", 
    "Energy", 
    "Finance and financial sector", 
    "Futures trading", 
    "Gasoline", 
    "Government operations and politics", 
    "Government paperwork", 
    "Heating", 
    "Independent regulatory commissions", 
    "Law", 
    "Natural gas", 
    "Petroleum", 
    "Propane"
  ], 
  "subjects_top_term": "Energy", 
  "summary": {
    "as": "Introduced", 
    "date": "2006-07-20", 
    "text": "Oil and Gas Traders Oversight Act of 2006 - Amends the Commodity Exchange Act to prescribe reporting and recordkeeping requirements for positions involving energy commodities (a commodity or the derivatives of a commodity used primarily as a source of energy). Directs the Commodity Futures Trading Commission to subject to the requirements of this Act a contract, agreement, or transaction for future delivery in an energy commodity."
  }, 
  "titles": [
    {
      "as": "introduced", 
      "title": "Oil and Gas Traders Oversight Act of 2006", 
      "type": "short"
    }, 
    {
      "as": "introduced", 
      "title": "To amend the Commodity Exchange Act to add a provision relating to reporting and recordkeeping for positions involving energy commodities.", 
      "type": "official"
    }
  ], 
  "updated_at": "2013-02-02T20:41:48-05:00"
}