{
  "actions": [
    {
      "acted_at": "2005-09-15", 
      "committee": "Committee on Transportation and Infrastructure, and in addition to the Committee on the Budget, for a period to be subsequently determined by the Speaker, in each case for consideration of such provisions as fall within the jurisdiction of the committee concerned", 
      "references": [], 
      "status": "REFERRED", 
      "text": "Referred to the Committee on Transportation and Infrastructure, and in addition to the Committee on the Budget, for a period to be subsequently determined by the Speaker, in each case for consideration of such provisions as fall within the jurisdiction of the committee concerned.", 
      "type": "referral"
    }, 
    {
      "acted_at": "2005-09-15", 
      "committee": "House Transportation and Infrastructure", 
      "references": [], 
      "text": "Referred to House Transportation and Infrastructure", 
      "type": "referral"
    }, 
    {
      "acted_at": "2005-09-15", 
      "committee": "House Budget", 
      "references": [], 
      "text": "Referred to House Budget", 
      "type": "referral"
    }, 
    {
      "acted_at": "2005-09-16", 
      "in_committee": "House Transportation and Infrastructure", 
      "references": [], 
      "subcommittee": "Highways, Transit and Pipelines", 
      "text": "Referred to the Subcommittee on Highways, Transit and Pipelines.", 
      "type": "referral"
    }
  ], 
  "amendments": [], 
  "bill_id": "hr3786-109", 
  "bill_type": "hr", 
  "committees": [
    {
      "activity": [
        "referral", 
        "in committee"
      ], 
      "committee": "House Transportation and Infrastructure", 
      "committee_id": "HSPW"
    }, 
    {
      "activity": [
        "referral"
      ], 
      "committee": "House Transportation and Infrastructure", 
      "committee_id": "HSPW", 
      "subcommittee": "Subcommittee on Highways, Transit and Pipelines", 
      "subcommittee_id": "12"
    }, 
    {
      "activity": [
        "referral", 
        "in committee"
      ], 
      "committee": "House Budget", 
      "committee_id": "HSBU"
    }
  ], 
  "congress": "109", 
  "cosponsors": [
    {
      "district": "5", 
      "name": "Alexander, Rodney", 
      "sponsored_at": "2005-09-15", 
      "state": "LA", 
      "thomas_id": "01727", 
      "title": "Rep", 
      "withdrawn_at": null
    }, 
    {
      "district": "7", 
      "name": "Boustany, Charles W., Jr.", 
      "sponsored_at": "2005-09-15", 
      "state": "LA", 
      "thomas_id": "01787", 
      "title": "Rep", 
      "withdrawn_at": null
    }, 
    {
      "district": "2", 
      "name": "Jefferson, William J.", 
      "sponsored_at": "2005-09-15", 
      "state": "LA", 
      "thomas_id": "00592", 
      "title": "Rep", 
      "withdrawn_at": null
    }, 
    {
      "district": "1", 
      "name": "Jindal, Bobby", 
      "sponsored_at": "2005-09-15", 
      "state": "LA", 
      "thomas_id": "01785", 
      "title": "Rep", 
      "withdrawn_at": null
    }, 
    {
      "district": "4", 
      "name": "McCrery, Jim", 
      "sponsored_at": "2005-09-15", 
      "state": "LA", 
      "thomas_id": "00763", 
      "title": "Rep", 
      "withdrawn_at": null
    }, 
    {
      "district": "3", 
      "name": "Melancon, Charlie", 
      "sponsored_at": "2005-09-15", 
      "state": "LA", 
      "thomas_id": "01786", 
      "title": "Rep", 
      "withdrawn_at": null
    }, 
    {
      "district": "1", 
      "name": "Wicker, Roger F.", 
      "sponsored_at": "2005-09-15", 
      "state": "MS", 
      "thomas_id": "01226", 
      "title": "Rep", 
      "withdrawn_at": null
    }
  ], 
  "enacted_as": null, 
  "history": {
    "awaiting_signature": false, 
    "enacted": false, 
    "vetoed": false
  }, 
  "introduced_at": "2005-09-15", 
  "number": "3786", 
  "official_title": "To modify requirements under the emergency relief program under title 23, United States Code, with respect to projects for repair or reconstruction in response to damage caused by Hurricane Katrina.", 
  "popular_title": null, 
  "related_bills": [
    {
      "bill_id": "s1702-109", 
      "reason": "identical"
    }, 
    {
      "bill_id": "s1702-109", 
      "reason": "related"
    }, 
    {
      "bill_id": "s1714-109", 
      "reason": "identical"
    }, 
    {
      "bill_id": "s1714-109", 
      "reason": "related"
    }
  ], 
  "short_title": null, 
  "sponsor": {
    "district": "6", 
    "name": "Baker, Richard H.", 
    "state": "LA", 
    "thomas_id": "00047", 
    "title": "Rep", 
    "type": "person"
  }, 
  "status": "REFERRED", 
  "status_at": "2005-09-15", 
  "subjects": [
    "Alabama", 
    "Construction costs", 
    "Disaster relief", 
    "Economics and public finance", 
    "Emergency management", 
    "Federal aid to transportation", 
    "Floods", 
    "Highway finance", 
    "Highway maintenance", 
    "Hurricane aftermath legislation", 
    "Hurricanes", 
    "Infrastructure", 
    "Louisiana", 
    "Mississippi", 
    "Road construction", 
    "Sports and recreation", 
    "Trails", 
    "Transportation and public works"
  ], 
  "subjects_top_term": "Transportation and public works", 
  "summary": {
    "as": "Introduced", 
    "date": "2005-09-15", 
    "text": "Authorizes the Secretary of Transportation to obligate more than $100 million in a state for a fiscal year under the emergency relief program for projects for the repair or reconstruction of highways, roads, and trails in response to damage caused by Hurricane Katrina. (Effectively, modifies the $100 million limit that may be obligated from such program in any fiscal year for such projects). Sets the federal share of project costs at 100%. Authorizes appropriations in the amount of $2.9 billion for the emergency relief program."
  }, 
  "titles": [
    {
      "as": "introduced", 
      "title": "To modify requirements under the emergency relief program under title 23, United States Code, with respect to projects for repair or reconstruction in response to damage caused by Hurricane Katrina.", 
      "type": "official"
    }
  ], 
  "updated_at": "2013-02-02T20:40:50-05:00"
}