{
  "actions": [
    {
      "acted_at": "2005-06-08", 
      "committee": "House Committee on Ways and Means", 
      "references": [], 
      "status": "REFERRED", 
      "text": "Referred to the House Committee on Ways and Means.", 
      "type": "referral"
    }, 
    {
      "acted_at": "2005-06-13", 
      "in_committee": "House Committee on Ways and Means", 
      "references": [], 
      "subcommittee": "Trade", 
      "text": "Referred to the Subcommittee on Trade.", 
      "type": "referral"
    }
  ], 
  "amendments": [], 
  "bill_id": "hr2810-109", 
  "bill_type": "hr", 
  "committees": [
    {
      "activity": [
        "referral", 
        "in committee"
      ], 
      "committee": "House Ways and Means", 
      "committee_id": "HSWM"
    }, 
    {
      "activity": [
        "referral"
      ], 
      "committee": "House Ways and Means", 
      "committee_id": "HSWM", 
      "subcommittee": "Subcommittee on Trade", 
      "subcommittee_id": "04"
    }
  ], 
  "congress": "109", 
  "cosponsors": [], 
  "enacted_as": null, 
  "history": {
    "awaiting_signature": false, 
    "enacted": false, 
    "vetoed": false
  }, 
  "introduced_at": "2005-06-08", 
  "number": "2810", 
  "official_title": "To extend the temporary suspension of duty on 3-(Ethylsulfonly)-2-pyridinesulfonamide.", 
  "popular_title": null, 
  "related_bills": [], 
  "short_title": null, 
  "sponsor": {
    "district": "18", 
    "name": "LaHood, Ray", 
    "state": "IL", 
    "thomas_id": "00659", 
    "title": "Rep", 
    "type": "person"
  }, 
  "status": "REFERRED", 
  "status_at": "2005-06-08", 
  "subjects": [
    "Chemicals", 
    "Foreign trade and international finance", 
    "Tariff"
  ], 
  "subjects_top_term": "Foreign trade and international finance", 
  "summary": {
    "as": "Introduced", 
    "date": "2005-06-08", 
    "text": "Amends the Harmonized Tariff Schedule of the United States to extend the suspension, through December 31, 2009, of the duty on 3-(Ethylsulfonly)-2-pyridinesulfonamide."
  }, 
  "titles": [
    {
      "as": "introduced", 
      "title": "To extend the temporary suspension of duty on 3-(Ethylsulfonly)-2-pyridinesulfonamide.", 
      "type": "official"
    }
  ], 
  "updated_at": "2013-02-02T20:40:23-05:00"
}