{
  "actions": [
    {
      "acted_at": "2005-05-26", 
      "committee": "House Committee on Ways and Means", 
      "references": [], 
      "status": "REFERRED", 
      "text": "Referred to the House Committee on Ways and Means.", 
      "type": "referral"
    }
  ], 
  "amendments": [], 
  "bill_id": "hr2666-109", 
  "bill_type": "hr", 
  "committees": [
    {
      "activity": [
        "referral", 
        "in committee"
      ], 
      "committee": "House Ways and Means", 
      "committee_id": "HSWM"
    }
  ], 
  "congress": "109", 
  "cosponsors": [
    {
      "district": "2", 
      "name": "Lewis, Ron", 
      "sponsored_at": "2005-10-18", 
      "state": "KY", 
      "thomas_id": "00689", 
      "title": "Rep", 
      "withdrawn_at": null
    }, 
    {
      "district": "2", 
      "name": "Matheson, Jim", 
      "sponsored_at": "2006-06-29", 
      "state": "UT", 
      "thomas_id": "01671", 
      "title": "Rep", 
      "withdrawn_at": null
    }, 
    {
      "district": null, 
      "name": "Pomeroy, Earl", 
      "sponsored_at": "2005-10-18", 
      "state": "ND", 
      "thomas_id": "00922", 
      "title": "Rep", 
      "withdrawn_at": null
    }, 
    {
      "district": "3", 
      "name": "Ramstad, Jim", 
      "sponsored_at": "2006-04-06", 
      "state": "MN", 
      "thomas_id": "00942", 
      "title": "Rep", 
      "withdrawn_at": null
    }
  ], 
  "enacted_as": null, 
  "history": {
    "awaiting_signature": false, 
    "enacted": false, 
    "vetoed": false
  }, 
  "introduced_at": "2005-05-26", 
  "number": "2666", 
  "official_title": "To amend the Internal Revenue Code of 1986 to modify the determination and deduction of interest on qualified education loans.", 
  "popular_title": null, 
  "related_bills": [
    {
      "bill_id": "s1964-109", 
      "reason": "related"
    }
  ], 
  "short_title": null, 
  "sponsor": {
    "district": "3", 
    "name": "English, Phil", 
    "state": "PA", 
    "thomas_id": "00347", 
    "title": "Rep", 
    "type": "person"
  }, 
  "status": "REFERRED", 
  "status_at": "2005-05-26", 
  "subjects": [
    "Economics and public finance", 
    "Education", 
    "Federally-guaranteed loans", 
    "Fees", 
    "Finance and financial sector", 
    "Government lending", 
    "Higher education", 
    "Income tax", 
    "Interest", 
    "Student loan funds", 
    "Tax deductions", 
    "Tax returns", 
    "Taxation"
  ], 
  "subjects_top_term": "Taxation", 
  "summary": {
    "as": "Introduced", 
    "date": "2005-05-26", 
    "text": "Amends the Internal Revenue Code to determine interest amounts on education loans initially disbursed after December 31, 2004, and treat such interest, with certain adjustments and restrictions, as tax deductible."
  }, 
  "titles": [
    {
      "as": "introduced", 
      "title": "To amend the Internal Revenue Code of 1986 to modify the determination and deduction of interest on qualified education loans.", 
      "type": "official"
    }
  ], 
  "updated_at": "2013-02-02T20:40:19-05:00"
}