{
  "actions": [
    {
      "acted_at": "2006-09-12", 
      "committee": "House Committee on Resources", 
      "references": [], 
      "status": "REFERRED", 
      "text": "Referred to the House Committee on Resources.", 
      "type": "referral"
    }, 
    {
      "acted_at": "2006-09-19", 
      "in_committee": "House Committee on Resources", 
      "references": [], 
      "text": "Executive Comment Requested from Interior.", 
      "type": "action"
    }, 
    {
      "acted_at": "2006-09-19", 
      "in_committee": "House Committee on Resources", 
      "references": [], 
      "subcommittee": "Water and Power", 
      "text": "Referred to the Subcommittee on Water and Power.", 
      "type": "referral"
    }
  ], 
  "amendments": [], 
  "bill_id": "hr6059-109", 
  "bill_type": "hr", 
  "committees": [
    {
      "activity": [
        "referral", 
        "in committee"
      ], 
      "committee": "House Resources", 
      "committee_id": "HSII"
    }, 
    {
      "activity": [
        "referral"
      ], 
      "committee": "House Resources", 
      "committee_id": "HSII", 
      "subcommittee": "Subcommittee on Water and Power", 
      "subcommittee_id": "13"
    }
  ], 
  "congress": "109", 
  "cosponsors": [], 
  "enacted_as": null, 
  "history": {
    "awaiting_signature": false, 
    "enacted": false, 
    "vetoed": false
  }, 
  "introduced_at": "2006-09-12", 
  "number": "6059", 
  "official_title": "To amend the Reclamation Wastewater and Groundwater Study and Facilities Act to authorize the Secretary of the Interior to participate in the Santa Rosa Urban Water Reuse Plan.", 
  "popular_title": null, 
  "related_bills": [], 
  "short_title": "Santa Rosa Urban Water Reuse Plan Act", 
  "sponsor": {
    "district": "6", 
    "name": "Woolsey, Lynn C.", 
    "state": "CA", 
    "thomas_id": "01242", 
    "title": "Rep", 
    "type": "person"
  }, 
  "status": "REFERRED", 
  "status_at": "2006-09-12", 
  "subjects": [
    "California", 
    "Economics and public finance", 
    "Federal aid to water resources development", 
    "Urban affairs", 
    "Urban areas", 
    "Water conservation", 
    "Water resources development"
  ], 
  "subjects_top_term": "Water resources development", 
  "summary": {
    "as": "Introduced", 
    "date": "2006-09-12", 
    "text": "Santa Rosa Urban Water Reuse Plan Act - Amends the Reclamation Wastewater and Groundwater Study and Facilities Act to authorize the Secretary of the Interior, in cooperation with the city of Santa Rosa, California, to participate in design, planning, and construction of projects to implement the Santa Rosa Urban Water Reuse Plan."
  }, 
  "titles": [
    {
      "as": "introduced", 
      "title": "Santa Rosa Urban Water Reuse Plan Act", 
      "type": "short"
    }, 
    {
      "as": "introduced", 
      "title": "To amend the Reclamation Wastewater and Groundwater Study and Facilities Act to authorize the Secretary of the Interior to participate in the Santa Rosa Urban Water Reuse Plan.", 
      "type": "official"
    }
  ], 
  "updated_at": "2013-02-02T20:41:53-05:00"
}