{
  "actions": [
    {
      "acted_at": "2006-12-07", 
      "committee": "House Committee on Resources", 
      "references": [], 
      "status": "REFERRED", 
      "text": "Referred to the House Committee on Resources.", 
      "type": "referral"
    }, 
    {
      "acted_at": "2006-12-08", 
      "references": [
        {
          "reference": "CR E2168", 
          "type": null
        }
      ], 
      "text": "Sponsor introductory remarks on measure.", 
      "type": "action"
    }, 
    {
      "acted_at": "2006-12-14", 
      "in_committee": "House Committee on Resources", 
      "references": [], 
      "subcommittee": "Forests and Forest Health", 
      "text": "Referred to the Subcommittee on Forests and Forest Health.", 
      "type": "referral"
    }
  ], 
  "amendments": [], 
  "bill_id": "hr6413-109", 
  "bill_type": "hr", 
  "committees": [
    {
      "activity": [
        "referral", 
        "in committee"
      ], 
      "committee": "House Resources", 
      "committee_id": "HSII"
    }, 
    {
      "activity": [
        "referral"
      ], 
      "committee": "House Resources", 
      "committee_id": "HSII", 
      "subcommittee": "Subcommittee on Forests and Forest Health", 
      "subcommittee_id": "20"
    }
  ], 
  "congress": "109", 
  "cosponsors": [], 
  "enacted_as": null, 
  "history": {
    "awaiting_signature": false, 
    "enacted": false, 
    "vetoed": false
  }, 
  "introduced_at": "2006-12-07", 
  "number": "6413", 
  "official_title": "To establish the Sacramento River National Recreation Area consisting of certain public lands administered by the Bureau of Land Management in Tehama and Shasta Counties, California, and for other purposes.", 
  "popular_title": null, 
  "related_bills": [
    {
      "bill_id": "s3895-109", 
      "reason": "related"
    }
  ], 
  "short_title": "Sacramento River National Recreation Area Establishment Act of 2006", 
  "sponsor": {
    "district": "2", 
    "name": "Herger, Wally", 
    "state": "CA", 
    "thomas_id": "00533", 
    "title": "Rep", 
    "type": "person"
  }, 
  "status": "REFERRED", 
  "status_at": "2006-12-07", 
  "subjects": [
    "California", 
    "Citizen participation", 
    "Federal advisory bodies", 
    "Government operations and politics", 
    "National recreation areas", 
    "Public lands and natural resources", 
    "Rivers", 
    "Water resources development"
  ], 
  "subjects_top_term": "Public lands and natural resources", 
  "summary": {
    "as": "Introduced", 
    "date": "2006-12-07", 
    "text": "Sacramento River National Recreation Area Act of 2006 - Establishes the Sacramento River National Recreation Area in California, consisting of specified public land in Tehama and Shasta Counties. Requires the development of a a management plan for such Area to: (1) enhance managed recreational opportunities, including hiking, camping, mountain biking, picnicking, wildlife viewing hunting, fishing, swimming, and boating; and (2) promote local economic development through recreation."
  }, 
  "titles": [
    {
      "as": "introduced", 
      "title": "Sacramento River National Recreation Area Establishment Act of 2006", 
      "type": "short"
    }, 
    {
      "as": "introduced", 
      "title": "To establish the Sacramento River National Recreation Area consisting of certain public lands administered by the Bureau of Land Management in Tehama and Shasta Counties, California, and for other purposes.", 
      "type": "official"
    }
  ], 
  "updated_at": "2013-02-02T20:42:02-05:00"
}