{
  "actions": [
    {
      "acted_at": "2005-02-08", 
      "committee": "House Committee on Government Reform", 
      "references": [], 
      "status": "REFERRED", 
      "text": "Referred to the House Committee on Government Reform.", 
      "type": "referral"
    }
  ], 
  "amendments": [], 
  "bill_id": "hr633-109", 
  "bill_type": "hr", 
  "committees": [
    {
      "activity": [
        "referral", 
        "in committee"
      ], 
      "committee": "House Government Reform", 
      "committee_id": "HSGO"
    }
  ], 
  "congress": "109", 
  "cosponsors": [
    {
      "district": "5", 
      "name": "Ackerman, Gary L.", 
      "sponsored_at": "2005-02-08", 
      "state": "NY", 
      "thomas_id": "00004", 
      "title": "Rep", 
      "withdrawn_at": null
    }, 
    {
      "district": "1", 
      "name": "Allen, Thomas H.", 
      "sponsored_at": "2005-02-08", 
      "state": "ME", 
      "thomas_id": "01461", 
      "title": "Rep", 
      "withdrawn_at": null
    }, 
    {
      "district": "1", 
      "name": "Andrews, Robert E.", 
      "sponsored_at": "2005-04-26", 
      "state": "NJ", 
      "thomas_id": "00021", 
      "title": "Rep", 
      "withdrawn_at": null
    }, 
    {
      "district": "9", 
      "name": "Boucher, Rick", 
      "sponsored_at": "2005-07-13", 
      "state": "VA", 
      "thomas_id": "00113", 
      "title": "Rep", 
      "withdrawn_at": null
    }, 
    {
      "district": "1", 
      "name": "Brady, Robert A.", 
      "sponsored_at": "2005-02-08", 
      "state": "PA", 
      "thomas_id": "01469", 
      "title": "Rep", 
      "withdrawn_at": null
    }, 
    {
      "district": "3", 
      "name": "Brown, Corrine", 
      "sponsored_at": "2005-02-08", 
      "state": "FL", 
      "thomas_id": "00132", 
      "title": "Rep", 
      "withdrawn_at": null
    }, 
    {
      "district": "3", 
      "name": "Cardin, Benjamin L.", 
      "sponsored_at": "2005-04-06", 
      "state": "MD", 
      "thomas_id": "00174", 
      "title": "Rep", 
      "withdrawn_at": null
    }, 
    {
      "district": "1", 
      "name": "Clay, Wm. Lacy", 
      "sponsored_at": "2005-10-07", 
      "state": "MO", 
      "thomas_id": "01654", 
      "title": "Rep", 
      "withdrawn_at": null
    }, 
    {
      "district": "7", 
      "name": "Crowley, Joseph", 
      "sponsored_at": "2005-02-08", 
      "state": "NY", 
      "thomas_id": "01604", 
      "title": "Rep", 
      "withdrawn_at": null
    }, 
    {
      "district": "7", 
      "name": "Cummings, Elijah E.", 
      "sponsored_at": "2005-02-08", 
      "state": "MD", 
      "thomas_id": "00256", 
      "title": "Rep", 
      "withdrawn_at": null
    }, 
    {
      "district": "7", 
      "name": "Davis, Danny K.", 
      "sponsored_at": "2005-02-08", 
      "state": "IL", 
      "thomas_id": "01477", 
      "title": "Rep", 
      "withdrawn_at": null
    }, 
    {
      "district": "4", 
      "name": "Davis, Lincoln", 
      "sponsored_at": "2005-02-08", 
      "state": "TN", 
      "thomas_id": "01747", 
      "title": "Rep", 
      "withdrawn_at": null
    }, 
    {
      "district": "6", 
      "name": "Dicks, Norman D.", 
      "sponsored_at": "2006-05-02", 
      "state": "WA", 
      "thomas_id": "00297", 
      "title": "Rep", 
      "withdrawn_at": null
    }, 
    {
      "district": "17", 
      "name": "Farr, Sam", 
      "sponsored_at": "2005-02-08", 
      "state": "CA", 
      "thomas_id": "00368", 
      "title": "Rep", 
      "withdrawn_at": null
    }, 
    {
      "district": "51", 
      "name": "Filner, Bob", 
      "sponsored_at": "2005-02-08", 
      "state": "CA", 
      "thomas_id": "00381", 
      "title": "Rep", 
      "withdrawn_at": null
    }, 
    {
      "district": "9", 
      "name": "Ford, Harold E., Jr.", 
      "sponsored_at": "2005-02-08", 
      "state": "TN", 
      "thomas_id": "01483", 
      "title": "Rep", 
      "withdrawn_at": null
    }, 
    {
      "district": "4", 
      "name": "Frank, Barney", 
      "sponsored_at": "2005-02-08", 
      "state": "MA", 
      "thomas_id": "00407", 
      "title": "Rep", 
      "withdrawn_at": null
    }, 
    {
      "district": "6", 
      "name": "Gordon, Bart", 
      "sponsored_at": "2005-02-08", 
      "state": "TN", 
      "thomas_id": "00448", 
      "title": "Rep", 
      "withdrawn_at": null
    }, 
    {
      "district": "7", 
      "name": "Grijalva, Raul M.", 
      "sponsored_at": "2005-02-08", 
      "state": "AZ", 
      "thomas_id": "01708", 
      "title": "Rep", 
      "withdrawn_at": null
    }, 
    {
      "district": "23", 
      "name": "Hastings, Alcee L.", 
      "sponsored_at": "2005-02-08", 
      "state": "FL", 
      "thomas_id": "00511", 
      "title": "Rep", 
      "withdrawn_at": null
    }, 
    {
      "district": "27", 
      "name": "Higgins, Brian", 
      "sponsored_at": "2006-03-28", 
      "state": "NY", 
      "thomas_id": "01794", 
      "title": "Rep", 
      "withdrawn_at": null
    }, 
    {
      "district": "22", 
      "name": "Hinchey, Maurice D.", 
      "sponsored_at": "2005-02-08", 
      "state": "NY", 
      "thomas_id": "00541", 
      "title": "Rep", 
      "withdrawn_at": null
    }, 
    {
      "district": "17", 
      "name": "Holden, Tim", 
      "sponsored_at": "2005-02-08", 
      "state": "PA", 
      "thomas_id": "00550", 
      "title": "Rep", 
      "withdrawn_at": null
    }, 
    {
      "district": "18", 
      "name": "Jackson-Lee, Sheila", 
      "sponsored_at": "2005-02-08", 
      "state": "TX", 
      "thomas_id": "00588", 
      "title": "Rep", 
      "withdrawn_at": null
    }, 
    {
      "district": "11", 
      "name": "Kanjorski, Paul E.", 
      "sponsored_at": "2005-02-08", 
      "state": "PA", 
      "thomas_id": "00615", 
      "title": "Rep", 
      "withdrawn_at": null
    }, 
    {
      "district": "1", 
      "name": "Kennedy, Patrick J.", 
      "sponsored_at": "2005-11-15", 
      "state": "RI", 
      "thomas_id": "00627", 
      "title": "Rep", 
      "withdrawn_at": null
    }, 
    {
      "district": "5", 
      "name": "Kildee, Dale E.", 
      "sponsored_at": "2006-02-28", 
      "state": "MI", 
      "thomas_id": "00631", 
      "title": "Rep", 
      "withdrawn_at": null
    }, 
    {
      "district": "13", 
      "name": "Kilpatrick, Carolyn C.", 
      "sponsored_at": "2005-02-08", 
      "state": "MI", 
      "thomas_id": "01497", 
      "title": "Rep", 
      "withdrawn_at": null
    }, 
    {
      "district": "12", 
      "name": "Lantos, Tom", 
      "sponsored_at": "2005-02-08", 
      "state": "CA", 
      "thomas_id": "00663", 
      "title": "Rep", 
      "withdrawn_at": null
    }, 
    {
      "district": "3", 
      "name": "Lipinski, Daniel", 
      "sponsored_at": "2005-02-08", 
      "state": "IL", 
      "thomas_id": "01781", 
      "title": "Rep", 
      "withdrawn_at": null
    }, 
    {
      "district": "14", 
      "name": "Maloney, Carolyn B.", 
      "sponsored_at": "2005-02-08", 
      "state": "NY", 
      "thomas_id": "00729", 
      "title": "Rep", 
      "withdrawn_at": null
    }, 
    {
      "district": "7", 
      "name": "Markey, Edward J.", 
      "sponsored_at": "2005-02-08", 
      "state": "MA", 
      "thomas_id": "00735", 
      "title": "Rep", 
      "withdrawn_at": null
    }, 
    {
      "district": "4", 
      "name": "McCarthy, Carolyn", 
      "sponsored_at": "2005-02-08", 
      "state": "NY", 
      "thomas_id": "01503", 
      "title": "Rep", 
      "withdrawn_at": null
    }, 
    {
      "district": "3", 
      "name": "McGovern, James P.", 
      "sponsored_at": "2005-06-28", 
      "state": "MA", 
      "thomas_id": "01504", 
      "title": "Rep", 
      "withdrawn_at": null
    }, 
    {
      "district": "23", 
      "name": "McHugh, John M.", 
      "sponsored_at": "2005-02-08", 
      "state": "NY", 
      "thomas_id": "00773", 
      "title": "Rep", 
      "withdrawn_at": null
    }, 
    {
      "district": "2", 
      "name": "Michaud, Michael H.", 
      "sponsored_at": "2005-02-08", 
      "state": "ME", 
      "thomas_id": "01730", 
      "title": "Rep", 
      "withdrawn_at": null
    }, 
    {
      "district": "37", 
      "name": "Millender-McDonald, Juanita", 
      "sponsored_at": "2005-02-08", 
      "state": "CA", 
      "thomas_id": "00805", 
      "title": "Rep", 
      "withdrawn_at": null
    }, 
    {
      "district": "7", 
      "name": "Miller, George", 
      "sponsored_at": "2005-05-19", 
      "state": "CA", 
      "thomas_id": "00808", 
      "title": "Rep", 
      "withdrawn_at": null
    }, 
    {
      "district": "3", 
      "name": "Moore, Dennis", 
      "sponsored_at": "2005-02-08", 
      "state": "KS", 
      "thomas_id": "01561", 
      "title": "Rep", 
      "withdrawn_at": null
    }, 
    {
      "district": "4", 
      "name": "Moore, Gwen", 
      "sponsored_at": "2005-04-21", 
      "state": "WI", 
      "thomas_id": "01811", 
      "title": "Rep", 
      "withdrawn_at": null
    }, 
    {
      "district": "8", 
      "name": "Moran, James P.", 
      "sponsored_at": "2005-02-08", 
      "state": "VA", 
      "thomas_id": "00832", 
      "title": "Rep", 
      "withdrawn_at": null
    }, 
    {
      "district": "8", 
      "name": "Nadler, Jerrold", 
      "sponsored_at": "2005-02-08", 
      "state": "NY", 
      "thomas_id": "00850", 
      "title": "Rep", 
      "withdrawn_at": null
    }, 
    {
      "district": "8", 
      "name": "Oberstar, James L.", 
      "sponsored_at": "2006-03-01", 
      "state": "MN", 
      "thomas_id": "00876", 
      "title": "Rep", 
      "withdrawn_at": null
    }, 
    {
      "district": "1", 
      "name": "Olver, John W.", 
      "sponsored_at": "2005-02-08", 
      "state": "MA", 
      "thomas_id": "00879", 
      "title": "Rep", 
      "withdrawn_at": null
    }, 
    {
      "district": "11", 
      "name": "Owens, Major R.", 
      "sponsored_at": "2005-02-08", 
      "state": "NY", 
      "thomas_id": "00883", 
      "title": "Rep", 
      "withdrawn_at": null
    }, 
    {
      "district": "6", 
      "name": "Pallone, Frank, Jr.", 
      "sponsored_at": "2005-11-16", 
      "state": "NJ", 
      "thomas_id": "00887", 
      "title": "Rep", 
      "withdrawn_at": null
    }, 
    {
      "district": "4", 
      "name": "Pastor, Ed", 
      "sponsored_at": "2005-11-15", 
      "state": "AZ", 
      "thomas_id": "00893", 
      "title": "Rep", 
      "withdrawn_at": null
    }, 
    {
      "district": "4", 
      "name": "Price, David E.", 
      "sponsored_at": "2005-02-08", 
      "state": "NC", 
      "thomas_id": "00930", 
      "title": "Rep", 
      "withdrawn_at": null
    }, 
    {
      "district": "9", 
      "name": "Rothman, Steven R.", 
      "sponsored_at": "2005-09-06", 
      "state": "NJ", 
      "thomas_id": "01520", 
      "title": "Rep", 
      "withdrawn_at": null
    }, 
    {
      "district": "2", 
      "name": "Ruppersberger, C. A. Dutch", 
      "sponsored_at": "2005-02-08", 
      "state": "MD", 
      "thomas_id": "01728", 
      "title": "Rep", 
      "withdrawn_at": null
    }, 
    {
      "district": "39", 
      "name": "Sanchez, Linda T.", 
      "sponsored_at": "2005-02-08", 
      "state": "CA", 
      "thomas_id": "01757", 
      "title": "Rep", 
      "withdrawn_at": null
    }, 
    {
      "district": "9", 
      "name": "Schakowsky, Janice D.", 
      "sponsored_at": "2005-10-03", 
      "state": "IL", 
      "thomas_id": "01588", 
      "title": "Rep", 
      "withdrawn_at": null
    }, 
    {
      "district": "29", 
      "name": "Schiff, Adam B.", 
      "sponsored_at": "2005-02-08", 
      "state": "CA", 
      "thomas_id": "01635", 
      "title": "Rep", 
      "withdrawn_at": null
    }, 
    {
      "district": "16", 
      "name": "Serrano, Jose E.", 
      "sponsored_at": "2005-02-08", 
      "state": "NY", 
      "thomas_id": "01042", 
      "title": "Rep", 
      "withdrawn_at": null
    }, 
    {
      "district": "2", 
      "name": "Simmons, Rob", 
      "sponsored_at": "2005-02-08", 
      "state": "CT", 
      "thomas_id": "01642", 
      "title": "Rep", 
      "withdrawn_at": null
    }, 
    {
      "district": "6", 
      "name": "Strickland, Ted", 
      "sponsored_at": "2005-02-08", 
      "state": "OH", 
      "thomas_id": "01118", 
      "title": "Rep", 
      "withdrawn_at": null
    }, 
    {
      "district": "10", 
      "name": "Tauscher, Ellen O.", 
      "sponsored_at": "2005-02-08", 
      "state": "CA", 
      "thomas_id": "01533", 
      "title": "Rep", 
      "withdrawn_at": null
    }, 
    {
      "district": "2", 
      "name": "Udall, Mark", 
      "sponsored_at": "2006-05-10", 
      "state": "CO", 
      "thomas_id": "01595", 
      "title": "Rep", 
      "withdrawn_at": null
    }, 
    {
      "district": "8", 
      "name": "Van Hollen, Chris", 
      "sponsored_at": "2005-02-08", 
      "state": "MD", 
      "thomas_id": "01729", 
      "title": "Rep", 
      "withdrawn_at": null
    }, 
    {
      "district": "35", 
      "name": "Waters, Maxine", 
      "sponsored_at": "2005-02-08", 
      "state": "CA", 
      "thomas_id": "01205", 
      "title": "Rep", 
      "withdrawn_at": null
    }, 
    {
      "district": "30", 
      "name": "Waxman, Henry A.", 
      "sponsored_at": "2005-02-08", 
      "state": "CA", 
      "thomas_id": "01209", 
      "title": "Rep", 
      "withdrawn_at": null
    }, 
    {
      "district": "19", 
      "name": "Wexler, Robert", 
      "sponsored_at": "2005-03-15", 
      "state": "FL", 
      "thomas_id": "01537", 
      "title": "Rep", 
      "withdrawn_at": null
    }, 
    {
      "district": "10", 
      "name": "Wolf, Frank R.", 
      "sponsored_at": "2005-02-08", 
      "state": "VA", 
      "thomas_id": "01238", 
      "title": "Rep", 
      "withdrawn_at": null
    }, 
    {
      "district": "6", 
      "name": "Woolsey, Lynn C.", 
      "sponsored_at": "2005-02-08", 
      "state": "CA", 
      "thomas_id": "01242", 
      "title": "Rep", 
      "withdrawn_at": null
    }
  ], 
  "enacted_as": null, 
  "history": {
    "awaiting_signature": false, 
    "enacted": false, 
    "vetoed": false
  }, 
  "introduced_at": "2005-02-08", 
  "number": "633", 
  "official_title": "To amend title 5, United States Code, to increase the level of Government contributions under the Federal employees health benefits program.", 
  "popular_title": null, 
  "related_bills": [], 
  "short_title": null, 
  "sponsor": {
    "district": "5", 
    "name": "Hoyer, Steny H.", 
    "state": "MD", 
    "thomas_id": "00566", 
    "title": "Rep", 
    "type": "person"
  }, 
  "status": "REFERRED", 
  "status_at": "2005-02-08", 
  "subjects": [
    "Federal employees", 
    "Government employees' health insurance", 
    "Government operations and politics", 
    "Health"
  ], 
  "subjects_top_term": "Government operations and politics", 
  "summary": {
    "as": "Introduced", 
    "date": "2005-02-08", 
    "text": "Increases the biweekly contribution payable by the Government for a Federal employee or annuitant enrolled in a Federal employee health insurance plan."
  }, 
  "titles": [
    {
      "as": "introduced", 
      "title": "To amend title 5, United States Code, to increase the level of Government contributions under the Federal employees health benefits program.", 
      "type": "official"
    }
  ], 
  "updated_at": "2013-02-02T20:39:23-05:00"
}