{
  "actions": [
    {
      "acted_at": "2005-10-07", 
      "committee": "House Committee on Financial Services", 
      "references": [], 
      "status": "REFERRED", 
      "text": "Referred to the House Committee on Financial Services.", 
      "type": "referral"
    }
  ], 
  "amendments": [], 
  "bill_id": "hr4020-109", 
  "bill_type": "hr", 
  "committees": [
    {
      "activity": [
        "referral", 
        "in committee"
      ], 
      "committee": "House Financial Services", 
      "committee_id": "HSBA"
    }
  ], 
  "congress": "109", 
  "cosponsors": [
    {
      "district": "2", 
      "name": "Jefferson, William J.", 
      "sponsored_at": "2005-10-07", 
      "state": "LA", 
      "thomas_id": "00592", 
      "title": "Rep", 
      "withdrawn_at": null
    }, 
    {
      "district": "3", 
      "name": "Melancon, Charlie", 
      "sponsored_at": "2005-10-07", 
      "state": "LA", 
      "thomas_id": "01786", 
      "title": "Rep", 
      "withdrawn_at": null
    }, 
    {
      "district": null, 
      "name": "Sanders, Bernard", 
      "sponsored_at": "2005-10-07", 
      "state": "VT", 
      "thomas_id": "01010", 
      "title": "Rep", 
      "withdrawn_at": null
    }
  ], 
  "enacted_as": null, 
  "history": {
    "awaiting_signature": false, 
    "enacted": false, 
    "vetoed": false
  }, 
  "introduced_at": "2005-10-07", 
  "number": "4020", 
  "official_title": "To authorize the Community Development Financial Institutions Fund to conduct a special round of funding in fiscal year 2006 for assistance in areas affected by Hurricane Katrina, and for other purposes.", 
  "popular_title": null, 
  "related_bills": [], 
  "short_title": "Implementing Katrina Disaster Relief Through the CDFI Fund Act", 
  "sponsor": {
    "district": "4", 
    "name": "Frank, Barney", 
    "state": "MA", 
    "thomas_id": "00407", 
    "title": "Rep", 
    "type": "person"
  }, 
  "status": "REFERRED", 
  "status_at": "2005-10-07", 
  "subjects": [
    "Alabama", 
    "Authorization", 
    "Bank capital", 
    "Bank deposits", 
    "Bank loans", 
    "Community development banking", 
    "Disaster relief", 
    "Economics and public finance", 
    "Emergency management", 
    "Finance and financial sector", 
    "Financial services", 
    "Floods", 
    "Florida", 
    "Government trust funds", 
    "Hurricane aftermath legislation", 
    "Hurricanes", 
    "Louisiana", 
    "Mississippi", 
    "Water resources development"
  ], 
  "subjects_top_term": "Finance and financial sector", 
  "summary": {
    "as": "Introduced", 
    "date": "2005-10-07", 
    "text": "Implementing Katrina Disaster Relief Through the CDFI Fund Act - Authorizes appropriations for FY2006 to the Community Development Financial Institutions Fund (Fund) in order to provide assistance to community development financial institutions located in a Hurricane Katrina affected area. Requires the Fund to limit the selection of applicants for such assistance to any financial institution that: (1) is located in a Hurricane Katrina affected area; or (2) demonstrates to the satisfaction of the Fund that it has the ability to provide capital, credit, or financial services within the Hurricane Katrina affected area."
  }, 
  "titles": [
    {
      "as": "introduced", 
      "title": "Implementing Katrina Disaster Relief Through the CDFI Fund Act", 
      "type": "short"
    }, 
    {
      "as": "introduced", 
      "title": "To authorize the Community Development Financial Institutions Fund to conduct a special round of funding in fiscal year 2006 for assistance in areas affected by Hurricane Katrina, and for other purposes.", 
      "type": "official"
    }
  ], 
  "updated_at": "2013-02-02T20:40:56-05:00"
}