{
  "actions": [
    {
      "acted_at": "2006-04-06", 
      "committee": "House Committee on Agriculture", 
      "references": [], 
      "status": "REFERRED", 
      "text": "Referred to the House Committee on Agriculture.", 
      "type": "referral"
    }, 
    {
      "acted_at": "2006-04-27", 
      "in_committee": "House Committee on Agriculture", 
      "references": [], 
      "subcommittee": "Conservation, Credit, Rural Development, and Research", 
      "text": "Referred to the Subcommittee on Conservation, Credit, Rural Development, and Research.", 
      "type": "referral"
    }, 
    {
      "acted_at": "2006-05-02", 
      "in_committee": "House Committee on Agriculture", 
      "references": [], 
      "text": "Executive Comment Requested from USDA.", 
      "type": "action"
    }, 
    {
      "acted_at": "2006-06-16", 
      "in_committee": "House Committee on Agriculture", 
      "references": [], 
      "text": "Unfavorable Executive Comment Received from USDA.", 
      "type": "action"
    }
  ], 
  "amendments": [], 
  "bill_id": "hr5128-109", 
  "bill_type": "hr", 
  "committees": [
    {
      "activity": [
        "referral", 
        "in committee"
      ], 
      "committee": "House Agriculture", 
      "committee_id": "HSAG"
    }, 
    {
      "activity": [
        "referral"
      ], 
      "committee": "House Agriculture", 
      "committee_id": "HSAG", 
      "subcommittee": "Subcommittee on Conservation, Credit, Rural Development, and Research", 
      "subcommittee_id": "15"
    }
  ], 
  "congress": "109", 
  "cosponsors": [
    {
      "district": "20", 
      "name": "Costa, Jim", 
      "sponsored_at": "2006-07-19", 
      "state": "CA", 
      "thomas_id": "01774", 
      "title": "Rep", 
      "withdrawn_at": null
    }, 
    {
      "district": "5", 
      "name": "Matsui, Doris O.", 
      "sponsored_at": "2006-04-06", 
      "state": "CA", 
      "thomas_id": "01814", 
      "title": "Rep", 
      "withdrawn_at": null
    }, 
    {
      "district": "11", 
      "name": "Pombo, Richard W.", 
      "sponsored_at": "2006-06-27", 
      "state": "CA", 
      "thomas_id": "00921", 
      "title": "Rep", 
      "withdrawn_at": null
    }, 
    {
      "district": "19", 
      "name": "Radanovich, George", 
      "sponsored_at": "2006-04-06", 
      "state": "CA", 
      "thomas_id": "00939", 
      "title": "Rep", 
      "withdrawn_at": null
    }, 
    {
      "district": "19", 
      "name": "Shimkus, John", 
      "sponsored_at": "2006-07-24", 
      "state": "IL", 
      "thomas_id": "01527", 
      "title": "Rep", 
      "withdrawn_at": null
    }
  ], 
  "enacted_as": null, 
  "history": {
    "awaiting_signature": false, 
    "enacted": false, 
    "vetoed": false
  }, 
  "introduced_at": "2006-04-06", 
  "number": "5128", 
  "official_title": "To authorize the Secretary of the Interior and the Secretary of Agriculture to make grants to facilitate the establishment of the National Ag Science Center in Stanislaus County, California.", 
  "popular_title": null, 
  "related_bills": [
    {
      "bill_id": "s3746-109", 
      "reason": "related"
    }
  ], 
  "short_title": "National Ag Science Center Act of 2006", 
  "sponsor": {
    "district": "18", 
    "name": "Cardoza, Dennis A.", 
    "state": "CA", 
    "thomas_id": "01709", 
    "title": "Rep", 
    "type": "person"
  }, 
  "status": "REFERRED", 
  "status_at": "2006-04-06", 
  "subjects": [
    "Agricultural education", 
    "Agricultural research", 
    "Agriculture and food", 
    "Building construction", 
    "California", 
    "Economics and public finance", 
    "Education", 
    "Educational facilities", 
    "Federal aid to education", 
    "Higher education", 
    "Science, technology, communications"
  ], 
  "subjects_top_term": "Agriculture and food", 
  "summary": {
    "as": "Introduced", 
    "date": "2006-04-06", 
    "text": "National Ag Science Center Act of 2006 - Directs the Secretary of the Interior and the Secretary of Agriculture to make grants to the Ag Science Center, Inc., in Stanislaus County, California, to cover a portion of the costs of establishing the National Ag Science Center. Limits the portion of such costs covered by grants made under this Act to 33% of the total costs to establish the Center."
  }, 
  "titles": [
    {
      "as": "introduced", 
      "title": "National Ag Science Center Act of 2006", 
      "type": "short"
    }, 
    {
      "as": "introduced", 
      "title": "To authorize the Secretary of the Interior and the Secretary of Agriculture to make grants to facilitate the establishment of the National Ag Science Center in Stanislaus County, California.", 
      "type": "official"
    }
  ], 
  "updated_at": "2013-02-02T20:41:28-05:00"
}