{
  "actions": [
    {
      "acted_at": "2005-10-18", 
      "committee": "House Committee on the Judiciary", 
      "references": [], 
      "status": "REFERRED", 
      "text": "Referred to the House Committee on the Judiciary.", 
      "type": "referral"
    }, 
    {
      "acted_at": "2005-10-26", 
      "references": [
        {
          "reference": "CR H9106", 
          "type": null
        }
      ], 
      "text": "Sponsor introductory remarks on measure.", 
      "type": "action"
    }, 
    {
      "acted_at": "2006-02-06", 
      "in_committee": "House Committee on the Judiciary", 
      "references": [], 
      "subcommittee": "Immigration, Border Security, and Claims", 
      "text": "Referred to the Subcommittee on Immigration, Border Security, and Claims.", 
      "type": "referral"
    }
  ], 
  "amendments": [], 
  "bill_id": "hr4073-109", 
  "bill_type": "hr", 
  "committees": [
    {
      "activity": [
        "referral", 
        "in committee"
      ], 
      "committee": "House Judiciary", 
      "committee_id": "HSJU"
    }, 
    {
      "activity": [
        "referral"
      ], 
      "committee": "House Judiciary", 
      "committee_id": "HSJU", 
      "subcommittee": "Subcommittee on Immigration, Border Security, and Claims", 
      "subcommittee_id": "01"
    }
  ], 
  "congress": "109", 
  "cosponsors": [
    {
      "district": "1", 
      "name": "Abercrombie, Neil", 
      "sponsored_at": "2005-10-28", 
      "state": "HI", 
      "thomas_id": "00002", 
      "title": "Rep", 
      "withdrawn_at": null
    }, 
    {
      "district": "31", 
      "name": "Becerra, Xavier", 
      "sponsored_at": "2005-10-28", 
      "state": "CA", 
      "thomas_id": "00070", 
      "title": "Rep", 
      "withdrawn_at": null
    }, 
    {
      "district": "1", 
      "name": "Berkley, Shelley", 
      "sponsored_at": "2005-11-18", 
      "state": "NV", 
      "thomas_id": "01576", 
      "title": "Rep", 
      "withdrawn_at": null
    }, 
    {
      "district": null, 
      "name": "Bordallo, Madeleine Z.", 
      "sponsored_at": "2005-10-28", 
      "state": "GU", 
      "thomas_id": "01723", 
      "title": "Rep", 
      "withdrawn_at": null
    }, 
    {
      "district": "26", 
      "name": "Burgess, Michael C.", 
      "sponsored_at": "2005-10-26", 
      "state": "TX", 
      "thomas_id": "01751", 
      "title": "Rep", 
      "withdrawn_at": null
    }, 
    {
      "district": "5", 
      "name": "Cleaver, Emanuel", 
      "sponsored_at": "2005-10-28", 
      "state": "MO", 
      "thomas_id": "01790", 
      "title": "Rep", 
      "withdrawn_at": null
    }, 
    {
      "district": "14", 
      "name": "Conyers, John, Jr.", 
      "sponsored_at": "2005-11-03", 
      "state": "MI", 
      "thomas_id": "00229", 
      "title": "Rep", 
      "withdrawn_at": null
    }, 
    {
      "district": "7", 
      "name": "Crowley, Joseph", 
      "sponsored_at": "2005-10-18", 
      "state": "NY", 
      "thomas_id": "01604", 
      "title": "Rep", 
      "withdrawn_at": null
    }, 
    {
      "district": "7", 
      "name": "Davis, Artur", 
      "sponsored_at": "2005-10-28", 
      "state": "AL", 
      "thomas_id": "01705", 
      "title": "Rep", 
      "withdrawn_at": null
    }, 
    {
      "district": "7", 
      "name": "Davis, Danny K.", 
      "sponsored_at": "2005-10-28", 
      "state": "IL", 
      "thomas_id": "01477", 
      "title": "Rep", 
      "withdrawn_at": null
    }, 
    {
      "district": null, 
      "name": "Faleomavaega, Eni F.H.", 
      "sponsored_at": "2005-10-28", 
      "state": "AS", 
      "thomas_id": "00367", 
      "title": "Rep", 
      "withdrawn_at": null
    }, 
    {
      "district": "2", 
      "name": "Fattah, Chaka", 
      "sponsored_at": "2006-02-07", 
      "state": "PA", 
      "thomas_id": "00371", 
      "title": "Rep", 
      "withdrawn_at": null
    }, 
    {
      "district": "51", 
      "name": "Filner, Bob", 
      "sponsored_at": "2005-10-28", 
      "state": "CA", 
      "thomas_id": "00381", 
      "title": "Rep", 
      "withdrawn_at": null
    }, 
    {
      "district": "1", 
      "name": "Fortenberry, Jeff", 
      "sponsored_at": "2005-10-28", 
      "state": "NE", 
      "thomas_id": "01793", 
      "title": "Rep", 
      "withdrawn_at": null
    }, 
    {
      "district": "29", 
      "name": "Green, Gene", 
      "sponsored_at": "2005-11-18", 
      "state": "TX", 
      "thomas_id": "00462", 
      "title": "Rep", 
      "withdrawn_at": null
    }, 
    {
      "district": "7", 
      "name": "Grijalva, Raul M.", 
      "sponsored_at": "2005-10-18", 
      "state": "AZ", 
      "thomas_id": "01708", 
      "title": "Rep", 
      "withdrawn_at": null
    }, 
    {
      "district": "15", 
      "name": "Honda, Michael M.", 
      "sponsored_at": "2005-10-28", 
      "state": "CA", 
      "thomas_id": "01634", 
      "title": "Rep", 
      "withdrawn_at": null
    }, 
    {
      "district": "18", 
      "name": "Jackson-Lee, Sheila", 
      "sponsored_at": "2005-10-18", 
      "state": "TX", 
      "thomas_id": "00588", 
      "title": "Rep", 
      "withdrawn_at": null
    }, 
    {
      "district": "30", 
      "name": "Johnson, Eddie Bernice", 
      "sponsored_at": "2005-10-25", 
      "state": "TX", 
      "thomas_id": "00599", 
      "title": "Rep", 
      "withdrawn_at": null
    }, 
    {
      "district": "11", 
      "name": "Jones, Stephanie Tubbs", 
      "sponsored_at": "2005-11-18", 
      "state": "OH", 
      "thomas_id": "01581", 
      "title": "Rep", 
      "withdrawn_at": null
    }, 
    {
      "district": "13", 
      "name": "Kilpatrick, Carolyn C.", 
      "sponsored_at": "2005-10-18", 
      "state": "MI", 
      "thomas_id": "01497", 
      "title": "Rep", 
      "withdrawn_at": null
    }, 
    {
      "district": "10", 
      "name": "Kucinich, Dennis J.", 
      "sponsored_at": "2005-10-28", 
      "state": "OH", 
      "thomas_id": "01499", 
      "title": "Rep", 
      "withdrawn_at": null
    }, 
    {
      "district": "9", 
      "name": "Lee, Barbara", 
      "sponsored_at": "2005-11-18", 
      "state": "CA", 
      "thomas_id": "01501", 
      "title": "Rep", 
      "withdrawn_at": null
    }, 
    {
      "district": "5", 
      "name": "Lewis, John", 
      "sponsored_at": "2005-10-28", 
      "state": "GA", 
      "thomas_id": "00688", 
      "title": "Rep", 
      "withdrawn_at": null
    }, 
    {
      "district": "10", 
      "name": "McCaul, Michael T.", 
      "sponsored_at": "2005-10-26", 
      "state": "TX", 
      "thomas_id": "01804", 
      "title": "Rep", 
      "withdrawn_at": null
    }, 
    {
      "district": "6", 
      "name": "Meeks, Gregory W.", 
      "sponsored_at": "2005-10-18", 
      "state": "NY", 
      "thomas_id": "01506", 
      "title": "Rep", 
      "withdrawn_at": null
    }, 
    {
      "district": "8", 
      "name": "Moran, James P.", 
      "sponsored_at": "2005-10-25", 
      "state": "VA", 
      "thomas_id": "00832", 
      "title": "Rep", 
      "withdrawn_at": null
    }, 
    {
      "district": "8", 
      "name": "Nadler, Jerrold", 
      "sponsored_at": "2005-10-26", 
      "state": "NY", 
      "thomas_id": "00850", 
      "title": "Rep", 
      "withdrawn_at": null
    }, 
    {
      "district": "10", 
      "name": "Payne, Donald M.", 
      "sponsored_at": "2005-11-18", 
      "state": "NJ", 
      "thomas_id": "00902", 
      "title": "Rep", 
      "withdrawn_at": null
    }, 
    {
      "district": "2", 
      "name": "Poe, Ted", 
      "sponsored_at": "2005-10-18", 
      "state": "TX", 
      "thomas_id": "01802", 
      "title": "Rep", 
      "withdrawn_at": null
    }, 
    {
      "district": "1", 
      "name": "Rush, Bobby L.", 
      "sponsored_at": "2005-11-03", 
      "state": "IL", 
      "thomas_id": "01003", 
      "title": "Rep", 
      "withdrawn_at": null
    }, 
    {
      "district": "39", 
      "name": "Sanchez, Linda T.", 
      "sponsored_at": "2005-10-25", 
      "state": "CA", 
      "thomas_id": "01757", 
      "title": "Rep", 
      "withdrawn_at": null
    }, 
    {
      "district": "9", 
      "name": "Schakowsky, Janice D.", 
      "sponsored_at": "2005-10-18", 
      "state": "IL", 
      "thomas_id": "01588", 
      "title": "Rep", 
      "withdrawn_at": null
    }, 
    {
      "district": "13", 
      "name": "Scott, David", 
      "sponsored_at": "2005-10-28", 
      "state": "GA", 
      "thomas_id": "01722", 
      "title": "Rep", 
      "withdrawn_at": null
    }, 
    {
      "district": "2", 
      "name": "Simmons, Rob", 
      "sponsored_at": "2005-11-03", 
      "state": "CT", 
      "thomas_id": "01642", 
      "title": "Rep", 
      "withdrawn_at": null
    }, 
    {
      "district": "9", 
      "name": "Sodrel, Michael E.", 
      "sponsored_at": "2005-10-26", 
      "state": "IN", 
      "thomas_id": "01783", 
      "title": "Rep", 
      "withdrawn_at": null
    }, 
    {
      "district": "2", 
      "name": "Thompson, Bennie G.", 
      "sponsored_at": "2005-10-28", 
      "state": "MS", 
      "thomas_id": "01151", 
      "title": "Rep", 
      "withdrawn_at": null
    }, 
    {
      "district": "8", 
      "name": "Van Hollen, Chris", 
      "sponsored_at": "2005-11-03", 
      "state": "MD", 
      "thomas_id": "01729", 
      "title": "Rep", 
      "withdrawn_at": null
    }
  ], 
  "enacted_as": null, 
  "history": {
    "awaiting_signature": false, 
    "enacted": false, 
    "vetoed": false
  }, 
  "introduced_at": "2005-10-18", 
  "number": "4073", 
  "official_title": "To designate Pakistan under section 244 of the Immigration and Nationality Act to permit nationals of Pakistan to be eligible for temporary protected status under such section.", 
  "popular_title": null, 
  "related_bills": [], 
  "short_title": "Pakistani Temporary Protected Status Act of 2005", 
  "sponsor": {
    "district": "9", 
    "name": "Green, Al", 
    "state": "TX", 
    "thomas_id": "01803", 
    "title": "Rep", 
    "type": "person"
  }, 
  "status": "REFERRED", 
  "status_at": "2005-10-18", 
  "subjects": [
    "Admission of nonimmigrants", 
    "Aliens", 
    "Civil rights and liberties, minority issues", 
    "Earthquakes", 
    "Emergency management", 
    "Immigration", 
    "International affairs", 
    "Pakistan", 
    "Refugees", 
    "Residence requirements", 
    "Right to travel", 
    "South Asia"
  ], 
  "subjects_top_term": "Immigration", 
  "summary": {
    "as": "Introduced", 
    "date": "2005-10-18", 
    "text": "Pakistani Temporary Protected Status Act of 2005 - Expresses the sense of Congress that the extraordinary and temporary conditions caused by the earthquake in Pakistan qualifies Pakistan for designation under the Immigration and Nationality Act pursuant to which its nationals would be eligible for temporary protected status (TPS) in the United States (for an initial 12-month period). Sets forth related TPS eligibility requirements, including continuous U.S. presence since October 8, 2005. Requires the Secretary to give prior consent to such aliens for temporary trips abroad in emergency and extenuating circumstances."
  }, 
  "titles": [
    {
      "as": "introduced", 
      "title": "Pakistani Temporary Protected Status Act of 2005", 
      "type": "short"
    }, 
    {
      "as": "introduced", 
      "title": "To designate Pakistan under section 244 of the Immigration and Nationality Act to permit nationals of Pakistan to be eligible for temporary protected status under such section.", 
      "type": "official"
    }
  ], 
  "updated_at": "2013-02-02T20:40:58-05:00"
}