{
  "actions": [
    {
      "acted_at": "2005-06-24", 
      "committee": "House Committee on Ways and Means", 
      "references": [], 
      "status": "REFERRED", 
      "text": "Referred to the House Committee on Ways and Means.", 
      "type": "referral"
    }
  ], 
  "amendments": [], 
  "bill_id": "hr3059-109", 
  "bill_type": "hr", 
  "committees": [
    {
      "activity": [
        "referral", 
        "in committee"
      ], 
      "committee": "House Ways and Means", 
      "committee_id": "HSWM"
    }
  ], 
  "congress": "109", 
  "cosponsors": [
    {
      "district": "8", 
      "name": "Bean, Melissa L.", 
      "sponsored_at": "2005-11-17", 
      "state": "IL", 
      "thomas_id": "01782", 
      "title": "Rep", 
      "withdrawn_at": null
    }, 
    {
      "district": "3", 
      "name": "Carnahan, Russ", 
      "sponsored_at": "2005-07-21", 
      "state": "MO", 
      "thomas_id": "01789", 
      "title": "Rep", 
      "withdrawn_at": null
    }, 
    {
      "district": "12", 
      "name": "Costello, Jerry F.", 
      "sponsored_at": "2005-06-29", 
      "state": "IL", 
      "thomas_id": "00238", 
      "title": "Rep", 
      "withdrawn_at": null
    }, 
    {
      "district": "3", 
      "name": "Kind, Ron", 
      "sponsored_at": "2005-06-28", 
      "state": "WI", 
      "thomas_id": "01498", 
      "title": "Rep", 
      "withdrawn_at": null
    }, 
    {
      "district": "3", 
      "name": "Lipinski, Daniel", 
      "sponsored_at": "2005-07-18", 
      "state": "IL", 
      "thomas_id": "01781", 
      "title": "Rep", 
      "withdrawn_at": null
    }, 
    {
      "district": "11", 
      "name": "Owens, Major R.", 
      "sponsored_at": "2005-06-28", 
      "state": "NY", 
      "thomas_id": "00883", 
      "title": "Rep", 
      "withdrawn_at": null
    }, 
    {
      "district": "7", 
      "name": "Peterson, Collin C.", 
      "sponsored_at": "2005-06-29", 
      "state": "MN", 
      "thomas_id": "00910", 
      "title": "Rep", 
      "withdrawn_at": null
    }, 
    {
      "district": "4", 
      "name": "Ross, Mike", 
      "sponsored_at": "2006-01-31", 
      "state": "AR", 
      "thomas_id": "01632", 
      "title": "Rep", 
      "withdrawn_at": null
    }, 
    {
      "district": "19", 
      "name": "Shimkus, John", 
      "sponsored_at": "2005-06-24", 
      "state": "IL", 
      "thomas_id": "01527", 
      "title": "Rep", 
      "withdrawn_at": null
    }
  ], 
  "enacted_as": null, 
  "history": {
    "awaiting_signature": false, 
    "enacted": false, 
    "vetoed": false
  }, 
  "introduced_at": "2005-06-24", 
  "number": "3059", 
  "official_title": "To provide for Flexible Fuel Vehicle (FFV) refueling capability at new and existing refueling station facilities to promote energy security.", 
  "popular_title": null, 
  "related_bills": [
    {
      "bill_id": "s918-109", 
      "reason": "related"
    }
  ], 
  "short_title": "Alternative Fuel Utilization and Infrastructure Development Incentives Act of 2005", 
  "sponsor": {
    "district": "7", 
    "name": "Carson, Julia", 
    "state": "IN", 
    "thomas_id": "01473", 
    "title": "Rep", 
    "type": "person"
  }, 
  "status": "REFERRED", 
  "status_at": "2005-06-24", 
  "subjects": [
    "Alcohol as fuel", 
    "Energy", 
    "Income tax", 
    "Service stations", 
    "Tax credits", 
    "Tax-exempt organizations", 
    "Taxation", 
    "Transportation and public works"
  ], 
  "subjects_top_term": "Taxation", 
  "summary": {
    "as": "Introduced", 
    "date": "2005-06-24", 
    "text": "Alternative Fuel Utilization and Infrastructure Development Incentives Act of 2005 - Amends the Internal Revenue Code to allow tax credits for: (1) 50 percent of the cost of any residential or commercial alternative fuel vehicle refueling property to store or dispense E-85 fuel (alternative vehicle fuel consisting of at least 85 percent ethanol) that is placed in service; and (2) the retail sale of E-85 fuel for use in an alternative fuel motor vehicle."
  }, 
  "titles": [
    {
      "as": "introduced", 
      "title": "Alternative Fuel Utilization and Infrastructure Development Incentives Act of 2005", 
      "type": "short"
    }, 
    {
      "as": "introduced", 
      "title": "To provide for Flexible Fuel Vehicle (FFV) refueling capability at new and existing refueling station facilities to promote energy security.", 
      "type": "official"
    }
  ], 
  "updated_at": "2013-02-02T20:40:31-05:00"
}