{
  "actions": [
    {
      "acted_at": "2006-03-28", 
      "committee": "House Committee on Transportation and Infrastructure", 
      "references": [], 
      "status": "REFERRED", 
      "text": "Referred to the House Committee on Transportation and Infrastructure.", 
      "type": "referral"
    }, 
    {
      "acted_at": "2006-03-29", 
      "in_committee": "House Committee on Transportation and Infrastructure", 
      "references": [], 
      "subcommittee": "Highways, Transit and Pipelines", 
      "text": "Referred to the Subcommittee on Highways, Transit and Pipelines.", 
      "type": "referral"
    }
  ], 
  "amendments": [], 
  "bill_id": "hr5031-109", 
  "bill_type": "hr", 
  "committees": [
    {
      "activity": [
        "referral", 
        "in committee"
      ], 
      "committee": "House Transportation and Infrastructure", 
      "committee_id": "HSPW"
    }, 
    {
      "activity": [
        "referral"
      ], 
      "committee": "House Transportation and Infrastructure", 
      "committee_id": "HSPW", 
      "subcommittee": "Subcommittee on Highways, Transit and Pipelines", 
      "subcommittee_id": "12"
    }
  ], 
  "congress": "109", 
  "cosponsors": [], 
  "enacted_as": null, 
  "history": {
    "awaiting_signature": false, 
    "enacted": false, 
    "vetoed": false
  }, 
  "introduced_at": "2006-03-28", 
  "number": "5031", 
  "official_title": "To extend Corridor O of the Appalachian Development Highway System from its current southern terminus at I-68 near Cumberland to Corridor H, which stretches from Weston, West Virginia, to Strasburg, Virginia.", 
  "popular_title": null, 
  "related_bills": [
    {
      "bill_id": "s719-109", 
      "reason": "identical"
    }
  ], 
  "short_title": null, 
  "sponsor": {
    "district": "1", 
    "name": "Mollohan, Alan B.", 
    "state": "WV", 
    "thomas_id": "00824", 
    "title": "Rep", 
    "type": "person"
  }, 
  "status": "REFERRED", 
  "status_at": "2006-03-28", 
  "subjects": [
    "Appalachia", 
    "Economics and public finance", 
    "Federal aid to transportation", 
    "Highway finance", 
    "Infrastructure", 
    "Interstate highway system", 
    "Limited access highways", 
    "Maryland", 
    "Road construction", 
    "Transportation and public works", 
    "Virginia", 
    "West Virginia"
  ], 
  "subjects_top_term": "Transportation and public works", 
  "summary": {
    "as": "Introduced", 
    "date": "2006-03-28", 
    "text": "Amends the Appalachian Development Highway System program to revise the requirements for construction of an Appalachian Development Highway System and local access roads. Designates as an addition to Corridor O of the System a segment from Interstate Route 68 (near Cumberland, Maryland) to Corridor H (which stretches from Weston, West Virginia, to Strasburg, Virginia)."
  }, 
  "titles": [
    {
      "as": "introduced", 
      "title": "To extend Corridor O of the Appalachian Development Highway System from its current southern terminus at I-68 near Cumberland to Corridor H, which stretches from Weston, West Virginia, to Strasburg, Virginia.", 
      "type": "official"
    }
  ], 
  "updated_at": "2013-02-02T20:41:24-05:00"
}