{
  "actions": [
    {
      "acted_at": "2005-05-05", 
      "committee": "House Committee on Ways and Means", 
      "references": [], 
      "status": "REFERRED", 
      "text": "Referred to the House Committee on Ways and Means.", 
      "type": "referral"
    }, 
    {
      "acted_at": "2005-05-12", 
      "in_committee": "House Committee on Ways and Means", 
      "references": [], 
      "subcommittee": "Trade", 
      "text": "Referred to the Subcommittee on Trade.", 
      "type": "referral"
    }
  ], 
  "amendments": [], 
  "bill_id": "hr2140-109", 
  "bill_type": "hr", 
  "committees": [
    {
      "activity": [
        "referral", 
        "in committee"
      ], 
      "committee": "House Ways and Means", 
      "committee_id": "HSWM"
    }, 
    {
      "activity": [
        "referral"
      ], 
      "committee": "House Ways and Means", 
      "committee_id": "HSWM", 
      "subcommittee": "Subcommittee on Trade", 
      "subcommittee_id": "04"
    }
  ], 
  "congress": "109", 
  "cosponsors": [], 
  "enacted_as": null, 
  "history": {
    "awaiting_signature": false, 
    "enacted": false, 
    "vetoed": false
  }, 
  "introduced_at": "2005-05-05", 
  "number": "2140", 
  "official_title": "To suspend temporarily the duty on Mixtures of N,N-dimethyl-2[3-(4,6-dimethoxypyrimidin-2-yl)ureidosulfonyl ]-4-formylaminobenzamide (Foramsulfuron), methyl 4-iodo-2-[3-(4-methoxy-6-methyl-1,3,5-triazin-2-yl)ureidosul fonyl]benzoate, sodium salt (Iodosulfuron), and application adjuvants.", 
  "popular_title": null, 
  "related_bills": [], 
  "short_title": null, 
  "sponsor": {
    "district": "1", 
    "name": "Berry, Marion", 
    "state": "AR", 
    "thomas_id": "01462", 
    "title": "Rep", 
    "type": "person"
  }, 
  "status": "REFERRED", 
  "status_at": "2005-05-05", 
  "subjects": [
    "Agriculture and food", 
    "Environmental protection", 
    "Foreign trade and international finance", 
    "Herbicides", 
    "Tariff"
  ], 
  "subjects_top_term": "Foreign trade and international finance", 
  "summary": {
    "as": "Introduced", 
    "date": "2005-05-05", 
    "text": "Amends the Harmonized Tariff Schedule of the United States to suspend, through December 31, 2008, the duty on Mixtures of N,N-dimethyl-2[3-(4,6-dimethoxypyrimidin-2-yl)ureidosulfonyl ]-4-formylaminobenzamide (Foramsulfuron), methyl 4-iodo-2-[3-(4-methoxy-6-methyl-1,3,5-triazin-2-yl)ureidosul fonyl]benzoate, sodium salt (Iodosulfuron), and application adjuvants."
  }, 
  "titles": [
    {
      "as": "introduced", 
      "title": "To suspend temporarily the duty on Mixtures of N,N-dimethyl-2[3-(4,6-dimethoxypyrimidin-2-yl)ureidosulfonyl ]-4-formylaminobenzamide (Foramsulfuron), methyl 4-iodo-2-[3-(4-methoxy-6-methyl-1,3,5-triazin-2-yl)ureidosul fonyl]benzoate, sodium salt (Iodosulfuron), and application adjuvants.", 
      "type": "official"
    }
  ], 
  "updated_at": "2013-02-02T20:40:06-05:00"
}