{
  "actions": [
    {
      "acted_at": "2006-07-12", 
      "committee": "House Committee on Armed Services", 
      "references": [], 
      "status": "REFERRED", 
      "text": "Referred to the House Committee on Armed Services.", 
      "type": "referral"
    }, 
    {
      "acted_at": "2006-08-10", 
      "in_committee": "House Committee on Armed Services", 
      "references": [], 
      "subcommittee": "Military Personnel", 
      "text": "Referred to the Subcommittee on Military Personnel.", 
      "type": "referral"
    }
  ], 
  "amendments": [], 
  "bill_id": "hr5772-109", 
  "bill_type": "hr", 
  "committees": [
    {
      "activity": [
        "referral", 
        "in committee"
      ], 
      "committee": "House Armed Services", 
      "committee_id": "HSAS"
    }, 
    {
      "activity": [
        "referral"
      ], 
      "committee": "House Armed Services", 
      "committee_id": "HSAS", 
      "subcommittee": "Subcommittee on Military Personnel", 
      "subcommittee_id": "02"
    }
  ], 
  "congress": "109", 
  "cosponsors": [
    {
      "district": "5", 
      "name": "Alexander, Rodney", 
      "sponsored_at": "2006-07-13", 
      "state": "LA", 
      "thomas_id": "01727", 
      "title": "Rep", 
      "withdrawn_at": null
    }, 
    {
      "district": "6", 
      "name": "Bachus, Spencer", 
      "sponsored_at": "2006-07-17", 
      "state": "AL", 
      "thomas_id": "00038", 
      "title": "Rep", 
      "withdrawn_at": null
    }, 
    {
      "district": "6", 
      "name": "Baker, Richard H.", 
      "sponsored_at": "2006-07-13", 
      "state": "LA", 
      "thomas_id": "00047", 
      "title": "Rep", 
      "withdrawn_at": null
    }, 
    {
      "district": "6", 
      "name": "Bartlett, Roscoe G.", 
      "sponsored_at": "2006-09-27", 
      "state": "MD", 
      "thomas_id": "00060", 
      "title": "Rep", 
      "withdrawn_at": null
    }, 
    {
      "district": "3", 
      "name": "Boozman, John", 
      "sponsored_at": "2006-07-28", 
      "state": "AR", 
      "thomas_id": "01687", 
      "title": "Rep", 
      "withdrawn_at": null
    }, 
    {
      "district": "1", 
      "name": "Brown, Henry E., Jr.", 
      "sponsored_at": "2006-07-20", 
      "state": "SC", 
      "thomas_id": "01669", 
      "title": "Rep", 
      "withdrawn_at": null
    }, 
    {
      "district": "31", 
      "name": "Carter, John R.", 
      "sponsored_at": "2006-07-13", 
      "state": "TX", 
      "thomas_id": "01752", 
      "title": "Rep", 
      "withdrawn_at": null
    }, 
    {
      "district": "4", 
      "name": "Cole, Tom", 
      "sponsored_at": "2006-12-05", 
      "state": "OK", 
      "thomas_id": "01742", 
      "title": "Rep", 
      "withdrawn_at": null
    }, 
    {
      "district": "11", 
      "name": "Conaway, K. Michael", 
      "sponsored_at": "2006-07-24", 
      "state": "TX", 
      "thomas_id": "01805", 
      "title": "Rep", 
      "withdrawn_at": null
    }, 
    {
      "district": "4", 
      "name": "Davis, Geoff", 
      "sponsored_at": "2006-07-13", 
      "state": "KY", 
      "thomas_id": "01784", 
      "title": "Rep", 
      "withdrawn_at": null
    }, 
    {
      "district": "4", 
      "name": "Doolittle, John T.", 
      "sponsored_at": "2006-09-12", 
      "state": "CA", 
      "thomas_id": "00307", 
      "title": "Rep", 
      "withdrawn_at": null
    }, 
    {
      "district": "3", 
      "name": "Ehlers, Vernon J.", 
      "sponsored_at": "2006-09-06", 
      "state": "MI", 
      "thomas_id": "00339", 
      "title": "Rep", 
      "withdrawn_at": null
    }, 
    {
      "district": "8", 
      "name": "Emerson, Jo Ann", 
      "sponsored_at": "2006-07-26", 
      "state": "MO", 
      "thomas_id": "01481", 
      "title": "Rep", 
      "withdrawn_at": null
    }, 
    {
      "district": "24", 
      "name": "Feeney, Tom", 
      "sponsored_at": "2006-07-28", 
      "state": "FL", 
      "thomas_id": "01716", 
      "title": "Rep", 
      "withdrawn_at": null
    }, 
    {
      "district": "5", 
      "name": "Foxx, Virginia", 
      "sponsored_at": "2006-09-20", 
      "state": "NC", 
      "thomas_id": "01791", 
      "title": "Rep", 
      "withdrawn_at": null
    }, 
    {
      "district": "24", 
      "name": "Gallegly, Elton", 
      "sponsored_at": "2006-09-07", 
      "state": "CA", 
      "thomas_id": "00425", 
      "title": "Rep", 
      "withdrawn_at": null
    }, 
    {
      "district": "8", 
      "name": "Green, Mark", 
      "sponsored_at": "2006-07-13", 
      "state": "WI", 
      "thomas_id": "01559", 
      "title": "Rep", 
      "withdrawn_at": null
    }, 
    {
      "district": "4", 
      "name": "Hall, Ralph M.", 
      "sponsored_at": "2006-11-13", 
      "state": "TX", 
      "thomas_id": "00484", 
      "title": "Rep", 
      "withdrawn_at": null
    }, 
    {
      "district": "2", 
      "name": "Herger, Wally", 
      "sponsored_at": "2006-09-06", 
      "state": "CA", 
      "thomas_id": "00533", 
      "title": "Rep", 
      "withdrawn_at": null
    }, 
    {
      "district": "1", 
      "name": "Jindal, Bobby", 
      "sponsored_at": "2006-07-24", 
      "state": "LA", 
      "thomas_id": "01785", 
      "title": "Rep", 
      "withdrawn_at": null
    }, 
    {
      "district": "19", 
      "name": "Kelly, Sue W.", 
      "sponsored_at": "2006-09-06", 
      "state": "NY", 
      "thomas_id": "00624", 
      "title": "Rep", 
      "withdrawn_at": null
    }, 
    {
      "district": "1", 
      "name": "Kingston, Jack", 
      "sponsored_at": "2006-07-13", 
      "state": "GA", 
      "thomas_id": "00636", 
      "title": "Rep", 
      "withdrawn_at": null
    }, 
    {
      "district": "4", 
      "name": "Latham, Tom", 
      "sponsored_at": "2006-07-26", 
      "state": "IA", 
      "thomas_id": "00666", 
      "title": "Rep", 
      "withdrawn_at": null
    }, 
    {
      "district": "2", 
      "name": "Leach, James A.", 
      "sponsored_at": "2006-09-19", 
      "state": "IA", 
      "thomas_id": "00672", 
      "title": "Rep", 
      "withdrawn_at": null
    }, 
    {
      "district": "2", 
      "name": "LoBiondo, Frank A.", 
      "sponsored_at": "2006-09-07", 
      "state": "NJ", 
      "thomas_id": "00699", 
      "title": "Rep", 
      "withdrawn_at": null
    }, 
    {
      "district": "24", 
      "name": "Marchant, Kenny", 
      "sponsored_at": "2006-07-19", 
      "state": "TX", 
      "thomas_id": "01806", 
      "title": "Rep", 
      "withdrawn_at": null
    }, 
    {
      "district": "10", 
      "name": "McCaul, Michael T.", 
      "sponsored_at": "2006-09-06", 
      "state": "TX", 
      "thomas_id": "01804", 
      "title": "Rep", 
      "withdrawn_at": null
    }, 
    {
      "district": "4", 
      "name": "McCrery, Jim", 
      "sponsored_at": "2006-07-20", 
      "state": "LA", 
      "thomas_id": "00763", 
      "title": "Rep", 
      "withdrawn_at": null
    }, 
    {
      "district": "5", 
      "name": "McMorris Rodgers, Cathy", 
      "sponsored_at": "2006-09-06", 
      "state": "WA", 
      "thomas_id": "01809", 
      "title": "Rep", 
      "withdrawn_at": null
    }, 
    {
      "district": "3", 
      "name": "Melancon, Charlie", 
      "sponsored_at": "2006-07-17", 
      "state": "LA", 
      "thomas_id": "01786", 
      "title": "Rep", 
      "withdrawn_at": null
    }, 
    {
      "district": "1", 
      "name": "Moran, Jerry", 
      "sponsored_at": "2006-11-13", 
      "state": "KS", 
      "thomas_id": "01507", 
      "title": "Rep", 
      "withdrawn_at": null
    }, 
    {
      "district": "6", 
      "name": "Pence, Mike", 
      "sponsored_at": "2006-07-13", 
      "state": "IN", 
      "thomas_id": "01649", 
      "title": "Rep", 
      "withdrawn_at": null
    }, 
    {
      "district": "19", 
      "name": "Platts, Todd Russell", 
      "sponsored_at": "2006-09-06", 
      "state": "PA", 
      "thomas_id": "01667", 
      "title": "Rep", 
      "withdrawn_at": null
    }, 
    {
      "district": "3", 
      "name": "Rahall, Nick J., II", 
      "sponsored_at": "2006-09-14", 
      "state": "WV", 
      "thomas_id": "00940", 
      "title": "Rep", 
      "withdrawn_at": null
    }, 
    {
      "district": "3", 
      "name": "Ramstad, Jim", 
      "sponsored_at": "2006-09-06", 
      "state": "MN", 
      "thomas_id": "00942", 
      "title": "Rep", 
      "withdrawn_at": null
    }, 
    {
      "district": "3", 
      "name": "Saxton, Jim", 
      "sponsored_at": "2006-07-19", 
      "state": "NJ", 
      "thomas_id": "01023", 
      "title": "Rep", 
      "withdrawn_at": null
    }, 
    {
      "district": "10", 
      "name": "Sherwood, Don", 
      "sponsored_at": "2006-07-17", 
      "state": "PA", 
      "thomas_id": "01589", 
      "title": "Rep", 
      "withdrawn_at": null
    }, 
    {
      "district": "19", 
      "name": "Shimkus, John", 
      "sponsored_at": "2006-07-17", 
      "state": "IL", 
      "thomas_id": "01527", 
      "title": "Rep", 
      "withdrawn_at": null
    }, 
    {
      "district": "9", 
      "name": "Shuster, Bill", 
      "sponsored_at": "2006-07-13", 
      "state": "PA", 
      "thomas_id": "01681", 
      "title": "Rep", 
      "withdrawn_at": null
    }, 
    {
      "district": "1", 
      "name": "Whitfield, Ed", 
      "sponsored_at": "2006-09-12", 
      "state": "KY", 
      "thomas_id": "01222", 
      "title": "Rep", 
      "withdrawn_at": null
    }, 
    {
      "district": "2", 
      "name": "Wilson, Joe", 
      "sponsored_at": "2006-07-13", 
      "state": "SC", 
      "thomas_id": "01688", 
      "title": "Rep", 
      "withdrawn_at": null
    }, 
    {
      "district": "10", 
      "name": "Wolf, Frank R.", 
      "sponsored_at": "2006-09-06", 
      "state": "VA", 
      "thomas_id": "01238", 
      "title": "Rep", 
      "withdrawn_at": null
    }
  ], 
  "enacted_as": null, 
  "history": {
    "awaiting_signature": false, 
    "enacted": false, 
    "vetoed": false
  }, 
  "introduced_at": "2006-07-12", 
  "number": "5772", 
  "official_title": "To amend title 10, United States Code, to direct the Secretary of Defense to prohibit the unauthorized use of names, images and likenesses of members of the Armed Forces.", 
  "popular_title": null, 
  "related_bills": [
    {
      "bill_id": "hr5755-109", 
      "reason": "related"
    }
  ], 
  "short_title": "Military Fallen Heroes Protection Act of 2006", 
  "sponsor": {
    "district": "7", 
    "name": "Boustany, Charles W., Jr.", 
    "state": "LA", 
    "thomas_id": "01787", 
    "title": "Rep", 
    "type": "person"
  }, 
  "status": "REFERRED", 
  "status_at": "2006-07-12", 
  "subjects": [
    "Actions and defenses", 
    "Armed forces and national security", 
    "Commerce", 
    "Deceptive advertising", 
    "Families", 
    "Government operations and politics", 
    "Injunctions", 
    "Law", 
    "Military dependents", 
    "Military personnel", 
    "Names", 
    "Photography", 
    "Political advertising"
  ], 
  "subjects_top_term": "Armed forces and national security", 
  "summary": {
    "as": "Introduced", 
    "date": "2006-07-12", 
    "text": "Military Fallen Heroes Protection Act of 2006 - Prohibits any person, except with permission, from using the name, image, or likeness of a protected individual in connection with any merchandise, retail product, impersonation, solicitation, commercial, or political activity in a manner calculated to: (1) connect the protected individual with that individual's service in the Armed Forces; and (2) convey the impression that such use is approved, endorsed, or authorized by the protected individual. Defines as a \"protected individual\" any person who: (1) is a member of the Armed Forces; or (2) was a member at any time after April 5, 1917, and, if not living, has a surviving spouse, child, parent, grandparent, or sibling. Authorizes the Attorney General to bring actions to enjoin violations of this Act."
  }, 
  "titles": [
    {
      "as": "introduced", 
      "title": "Military Fallen Heroes Protection Act of 2006", 
      "type": "short"
    }, 
    {
      "as": "introduced", 
      "title": "To amend title 10, United States Code, to direct the Secretary of Defense to prohibit the unauthorized use of names, images and likenesses of members of the Armed Forces.", 
      "type": "official"
    }
  ], 
  "updated_at": "2013-02-02T20:41:46-05:00"
}