{
  "actions": [
    {
      "acted_at": "2005-05-10", 
      "committee": "House Committee on Energy and Commerce", 
      "references": [], 
      "status": "REFERRED", 
      "text": "Referred to the House Committee on Energy and Commerce.", 
      "type": "referral"
    }, 
    {
      "acted_at": "2005-05-23", 
      "in_committee": "House Committee on Energy and Commerce", 
      "references": [], 
      "subcommittee": "Health", 
      "text": "Referred to the Subcommittee on Health.", 
      "type": "referral"
    }
  ], 
  "amendments": [], 
  "bill_id": "hr2236-109", 
  "bill_type": "hr", 
  "committees": [
    {
      "activity": [
        "referral", 
        "in committee"
      ], 
      "committee": "House Energy and Commerce", 
      "committee_id": "HSIF"
    }, 
    {
      "activity": [
        "referral"
      ], 
      "committee": "House Energy and Commerce", 
      "committee_id": "HSIF", 
      "subcommittee": "Subcommittee on Health", 
      "subcommittee_id": "14"
    }
  ], 
  "congress": "109", 
  "cosponsors": [], 
  "enacted_as": null, 
  "history": {
    "awaiting_signature": false, 
    "enacted": false, 
    "vetoed": false
  }, 
  "introduced_at": "2005-05-10", 
  "number": "2236", 
  "official_title": "To establish a comprehensive program to ensure the safety of food products intended for human consumption which are regulated by the Food and Drug Administration.", 
  "popular_title": null, 
  "related_bills": [], 
  "short_title": "Consumer Food Safety Act of 2005", 
  "sponsor": {
    "district": "6", 
    "name": "Pallone, Frank, Jr.", 
    "state": "NJ", 
    "thomas_id": "00887", 
    "title": "Rep", 
    "type": "person"
  }, 
  "status": "REFERRED", 
  "status_at": "2005-05-10", 
  "subjects": [
    "Actions and defenses", 
    "Administrative procedure", 
    "Administrative remedies", 
    "Agriculture and food", 
    "Agriculture in foreign trade", 
    "Authorization", 
    "Business records", 
    "Citizen lawsuits", 
    "Civil rights and liberties, minority issues", 
    "Collection of accounts", 
    "Commerce", 
    "Congress", 
    "Congressional reporting requirements", 
    "Consumer complaints", 
    "Consumer education", 
    "Damages", 
    "Defective products", 
    "Department of Health and Human Services", 
    "Disciplining of employees", 
    "Discrimination in employment", 
    "District courts", 
    "Economics and public finance", 
    "Employee training", 
    "Evidence (Law)", 
    "Exports", 
    "Federal aid to research", 
    "Federal-state relations", 
    "Fines (Penalties)", 
    "Food industry", 
    "Food safety", 
    "Foodborne diseases", 
    "Foreign trade and international finance", 
    "Government operations and politics", 
    "Government paperwork", 
    "Government publicity", 
    "Governmental investigations", 
    "Grants-in-aid", 
    "Grocery trade", 
    "Health", 
    "Health education", 
    "Imports", 
    "International affairs", 
    "Judicial review", 
    "Jurisdiction", 
    "Labeling", 
    "Labor and employment", 
    "Law", 
    "Legal fees", 
    "Licenses", 
    "Medical research", 
    "Packaging", 
    "Public service advertising", 
    "Quality control", 
    "Reciprocity", 
    "Restaurants", 
    "Science, technology, communications", 
    "Signs and symbols", 
    "State employees", 
    "State laws", 
    "Trade agreements", 
    "Whistle blowing"
  ], 
  "subjects_top_term": "Agriculture and food", 
  "summary": {
    "as": "Introduced", 
    "date": "2005-05-10", 
    "text": "Consumer Food Safety Act of 2005 - Requires the Secretary of Health and Human Services to: (1) administer a national program to protect human health by ensuring that the food industry has effective programs to assure the safety of food; (2) prescribe regulations regarding harmful substances in food, registration of facilities, sanitary food processing, proper labeling, processing controls, and inspections of registered facilities; (3) establish tolerances to limit the quantity of contaminants in food; (4) establish a system to ensure the safety of imported food; (5) include food in an active surveillance system; (6) establish guidelines for a sampling system of food products; (7) rank food categories based on their health hazard and identify approaches to minimize such hazards; and (8) design and implement a food safety education program. Amends the Federal Food, Drug, and Cosmetic Act to require notification of the Secretary of any adulterated or misbranded food. Sets forth provisions regarding ceasing distribution of food, recalls, and civil penalties for violations of this Act. Prohibits any person from being discriminated against because that person participated in any way in carrying out the purpose of specified federal food laws or refused to violate any law, rule, or regulation. Allows the Secretary to impose traceability requirements on a type or class of food product as necessary to assure the protection of the public health. Allows civil actions against the Secretary for failing to perform any non-discretionary act or duty to ensure the safety of food products."
  }, 
  "titles": [
    {
      "as": "introduced", 
      "title": "Consumer Food Safety Act of 2005", 
      "type": "short"
    }, 
    {
      "as": "introduced", 
      "title": "To establish a comprehensive program to ensure the safety of food products intended for human consumption which are regulated by the Food and Drug Administration.", 
      "type": "official"
    }
  ], 
  "updated_at": "2013-02-02T20:40:08-05:00"
}