{
  "actions": [
    {
      "acted_at": "2005-04-05", 
      "committee": "House Committee on Resources", 
      "references": [], 
      "status": "REFERRED", 
      "text": "Referred to the House Committee on Resources.", 
      "type": "referral"
    }
  ], 
  "amendments": [], 
  "bill_id": "hr1467-109", 
  "bill_type": "hr", 
  "committees": [
    {
      "activity": [
        "referral", 
        "in committee"
      ], 
      "committee": "House Resources", 
      "committee_id": "HSII"
    }
  ], 
  "congress": "109", 
  "cosponsors": [
    {
      "district": "1", 
      "name": "Berkley, Shelley", 
      "sponsored_at": "2005-04-05", 
      "state": "NV", 
      "thomas_id": "01576", 
      "title": "Rep", 
      "withdrawn_at": null
    }, 
    {
      "district": "3", 
      "name": "Porter, Jon C.", 
      "sponsored_at": "2005-04-05", 
      "state": "NV", 
      "thomas_id": "01739", 
      "title": "Rep", 
      "withdrawn_at": null
    }
  ], 
  "enacted_as": null, 
  "history": {
    "awaiting_signature": false, 
    "enacted": false, 
    "vetoed": false
  }, 
  "introduced_at": "2005-04-05", 
  "number": "1467", 
  "official_title": "To provide for the conveyance of certain Bureau of Land Management land in the State of Nevada to the Las Vegas Motor Speedway, and for other purposes.", 
  "popular_title": null, 
  "related_bills": [
    {
      "bill_id": "s703-109", 
      "reason": "identical"
    }
  ], 
  "short_title": null, 
  "sponsor": {
    "district": "2", 
    "name": "Gibbons, Jim", 
    "state": "NV", 
    "thomas_id": "01485", 
    "title": "Rep", 
    "type": "person"
  }, 
  "status": "REFERRED", 
  "status_at": "2005-04-05", 
  "subjects": [
    "Land transfers", 
    "Nevada", 
    "Parking facilities", 
    "Public lands and natural resources", 
    "Sports and recreation", 
    "Sports facilities", 
    "Transportation and public works"
  ], 
  "subjects_top_term": "Public lands and natural resources", 
  "summary": {
    "as": "Introduced", 
    "date": "2005-04-05", 
    "text": "Provides for the conveyance of certain Bureau of Land Management (BLM) land in Nevada to the Nevada Speedway, LLC. Requires: (1) Nevada Speedway, LLC, to pay to the Secretary of the Interior the appraised value of such land; and (2) any costs of the conveyance to be paid by Nevada Speedway, LLC."
  }, 
  "titles": [
    {
      "as": "introduced", 
      "title": "To provide for the conveyance of certain Bureau of Land Management land in the State of Nevada to the Las Vegas Motor Speedway, and for other purposes.", 
      "type": "official"
    }
  ], 
  "updated_at": "2013-02-02T20:39:48-05:00"
}