{
  "actions": [
    {
      "acted_at": "2005-01-26", 
      "committee": "House Committee on Resources", 
      "references": [], 
      "status": "REFERRED", 
      "text": "Referred to the House Committee on Resources.", 
      "type": "referral"
    }, 
    {
      "acted_at": "2005-02-08", 
      "in_committee": "House Committee on Resources", 
      "references": [], 
      "subcommittee": "National Parks", 
      "text": "Referred to the Subcommittee on National Parks.", 
      "type": "referral"
    }, 
    {
      "acted_at": "2005-11-10", 
      "in_committee": "House Committee on Resources", 
      "in_subcommittee": "National Parks", 
      "references": [], 
      "text": "Subcommittee Hearings Held.", 
      "type": "action"
    }, 
    {
      "acted_at": "2006-03-29", 
      "in_committee": "House Committee on Resources", 
      "references": [], 
      "text": "Subcommittee on National Parks Discharged.", 
      "type": "action"
    }, 
    {
      "acted_at": "2006-03-29", 
      "in_committee": "House Committee on Resources", 
      "references": [], 
      "text": "Committee Consideration and Mark-up Session Held.", 
      "type": "action"
    }, 
    {
      "acted_at": "2006-03-29", 
      "in_committee": "House Committee on Resources", 
      "references": [], 
      "status": "REPORTED", 
      "text": "Ordered to be Reported (Amended) by Unanimous Consent.", 
      "type": "calendar"
    }, 
    {
      "acted_at": "2006-06-28T16:57:00-04:00", 
      "references": [], 
      "text": "Reported (Amended) by the Committee on Resources. H. Rept. 109-534.", 
      "type": "action"
    }, 
    {
      "acted_at": "2006-06-28T16:57:00-04:00", 
      "calendar": "Union", 
      "number": "298", 
      "references": [], 
      "text": "Placed on the Union Calendar, Calendar No. 298.", 
      "type": "calendar", 
      "under": null
    }
  ], 
  "amendments": [], 
  "bill_id": "hr413-109", 
  "bill_type": "hr", 
  "committees": [
    {
      "activity": [
        "referral", 
        "markup", 
        "reporting"
      ], 
      "committee": "House Resources", 
      "committee_id": "HSII"
    }, 
    {
      "activity": [
        "referral", 
        "hearings", 
        "discharged"
      ], 
      "committee": "House Resources", 
      "committee_id": "HSII", 
      "subcommittee": "Subcommittee on National Parks, Recreation, and Public Lands", 
      "subcommittee_id": "10"
    }
  ], 
  "congress": "109", 
  "cosponsors": [
    {
      "district": "3", 
      "name": "Moore, Dennis", 
      "sponsored_at": "2005-01-26", 
      "state": "KS", 
      "thomas_id": "01561", 
      "title": "Rep", 
      "withdrawn_at": null
    }, 
    {
      "district": "1", 
      "name": "Moran, Jerry", 
      "sponsored_at": "2005-01-26", 
      "state": "KS", 
      "thomas_id": "01507", 
      "title": "Rep", 
      "withdrawn_at": null
    }, 
    {
      "district": "4", 
      "name": "Tiahrt, Todd", 
      "sponsored_at": "2005-01-26", 
      "state": "KS", 
      "thomas_id": "01158", 
      "title": "Rep", 
      "withdrawn_at": null
    }
  ], 
  "enacted_as": null, 
  "history": {
    "awaiting_signature": false, 
    "enacted": false, 
    "vetoed": false
  }, 
  "introduced_at": "2005-01-26", 
  "number": "413", 
  "official_title": "To establish the Bleeding Kansas and the Enduring Struggle for Freedom National Heritage Area, and for other purposes.", 
  "popular_title": null, 
  "related_bills": [
    {
      "bill_id": "s175-109", 
      "reason": "identical"
    }, 
    {
      "bill_id": "s175-109", 
      "reason": "related"
    }, 
    {
      "bill_id": "s203-109", 
      "reason": "related"
    }
  ], 
  "short_title": "Bleeding Kansas National Heritage Area Act", 
  "sponsor": {
    "district": "2", 
    "name": "Ryun, Jim", 
    "state": "KS", 
    "thomas_id": "01521", 
    "title": "Rep", 
    "type": "person"
  }, 
  "status": "REPORTED", 
  "status_at": "2006-03-29", 
  "subjects": [
    "Arts, culture, religion", 
    "Auditing", 
    "Citizen participation", 
    "Civil rights and liberties, minority issues", 
    "Commemorations", 
    "Commerce", 
    "Cultural property", 
    "Economic development", 
    "Economics and public finance", 
    "Environmental protection", 
    "Exhibitions", 
    "Government operations and politics", 
    "Government paperwork", 
    "Grants-in-aid", 
    "Historic sites", 
    "History", 
    "Intergovernmental relations", 
    "Kansas", 
    "Land transfers", 
    "Land use", 
    "Landowners", 
    "Landscape protection", 
    "Nature conservation", 
    "Nonprofit organizations", 
    "Outdoor recreation", 
    "Planning", 
    "Public lands and natural resources", 
    "Public meetings", 
    "Public-private partnerships", 
    "Right of property", 
    "Signs and signboards", 
    "Social welfare", 
    "Sports and recreation", 
    "Tourism"
  ], 
  "subjects_top_term": "Public lands and natural resources", 
  "summary": {
    "as": "Reported to House amended", 
    "date": "2006-06-28", 
    "text": "Bleeding Kansas National Heritage Area Act - Establishes the Bleeding Kansas and the Enduring Struggle for Freedom National Heritage Area in the states of Kansas and Missouri. Designates the Territorial Kansas Heritage Alliance as the local coordinating entity for the Area. Requires the Alliance to develop and submit a management plan for the Area, which shall contain a comprehensive program for the conservation, interpretation, funding, management, and development of such Area. Prohibits the Alliance from using federal funds received under this Act to acquire real property or an interest in real property. Authorizes the Secretary of the Interior to provide technical and financial assistance for the development and implementation of the management plan. Specifies private property protections. Requires the Alliance to: (1) provide assistance and encouragement to state and local governments, private organizations, and persons to protect and promote the resources and values of the Area; and (2) be an advocate for land management practices consistent with the purposes of such Area. Authorizes appropriations. Limits to a maximum of 50% the federal share of the cost of any activity assisted under this Act. Terminates the authority of the Secretary to provide assistance under this Act 15 years after enactment of this Act."
  }, 
  "titles": [
    {
      "as": "introduced", 
      "title": "Bleeding Kansas National Heritage Area Act", 
      "type": "short"
    }, 
    {
      "as": "reported to house", 
      "title": "Bleeding Kansas National Heritage Area Act", 
      "type": "short"
    }, 
    {
      "as": "introduced", 
      "title": "To establish the Bleeding Kansas and the Enduring Struggle for Freedom National Heritage Area, and for other purposes.", 
      "type": "official"
    }
  ], 
  "updated_at": "2013-02-02T20:39:16-05:00"
}