{
  "actions": [
    {
      "acted_at": "2005-05-05", 
      "committee": "House Committee on Ways and Means", 
      "references": [], 
      "status": "REFERRED", 
      "text": "Referred to the House Committee on Ways and Means.", 
      "type": "referral"
    }
  ], 
  "amendments": [], 
  "bill_id": "hr2181-109", 
  "bill_type": "hr", 
  "committees": [
    {
      "activity": [
        "referral", 
        "in committee"
      ], 
      "committee": "House Ways and Means", 
      "committee_id": "HSWM"
    }
  ], 
  "congress": "109", 
  "cosponsors": [
    {
      "district": "3", 
      "name": "English, Phil", 
      "sponsored_at": "2005-07-20", 
      "state": "PA", 
      "thomas_id": "00347", 
      "title": "Rep", 
      "withdrawn_at": null
    }, 
    {
      "district": "7", 
      "name": "Linder, John", 
      "sponsored_at": "2005-09-14", 
      "state": "GA", 
      "thomas_id": "00693", 
      "title": "Rep", 
      "withdrawn_at": null
    }, 
    {
      "district": "11", 
      "name": "Weller, Jerry", 
      "sponsored_at": "2005-11-17", 
      "state": "IL", 
      "thomas_id": "01216", 
      "title": "Rep", 
      "withdrawn_at": null
    }
  ], 
  "enacted_as": null, 
  "history": {
    "awaiting_signature": false, 
    "enacted": false, 
    "vetoed": false
  }, 
  "introduced_at": "2005-05-05", 
  "number": "2181", 
  "official_title": "To amend the Internal Revenue Code of 1986 to allow the manufacturing deduction provided by the American Jobs Creation Act of 2004 with respect to income attributable to domestic production activities in Puerto Rico.", 
  "popular_title": null, 
  "related_bills": [
    {
      "bill_id": "s1816-109", 
      "reason": "related"
    }
  ], 
  "short_title": "Puerto Rico Inclusion Act of 2005", 
  "sponsor": {
    "district": null, 
    "name": "Fortuno, Luis G.", 
    "state": "PR", 
    "thomas_id": "01800", 
    "title": "Rep", 
    "type": "person"
  }, 
  "status": "REFERRED", 
  "status_at": "2005-05-05", 
  "subjects": [
    "Commerce", 
    "Corporation taxes", 
    "Federal-territorial relations", 
    "Government operations and politics", 
    "Income tax", 
    "Manufacturing industries", 
    "Puerto Rico", 
    "Tax deductions", 
    "Taxation"
  ], 
  "subjects_top_term": "Taxation", 
  "summary": {
    "as": "Introduced", 
    "date": "2005-05-05", 
    "text": "Puerto Rico Inclusion Act of 2005 - Amends the Internal Revenue Code to allow taxpayers engaged in domestic production activities in Puerto Rico the tax deduction for income attributable to domestic production activities."
  }, 
  "titles": [
    {
      "as": "introduced", 
      "title": "Puerto Rico Inclusion Act of 2005", 
      "type": "short"
    }, 
    {
      "as": "introduced", 
      "title": "To amend the Internal Revenue Code of 1986 to allow the manufacturing deduction provided by the American Jobs Creation Act of 2004 with respect to income attributable to domestic production activities in Puerto Rico.", 
      "type": "official"
    }
  ], 
  "updated_at": "2013-02-02T20:40:07-05:00"
}