{
  "actions": [
    {
      "acted_at": "2005-11-18", 
      "committee": "House Committee on Financial Services", 
      "references": [], 
      "status": "REFERRED", 
      "text": "Referred to the House Committee on Financial Services.", 
      "type": "referral"
    }, 
    {
      "acted_at": "2006-01-05", 
      "in_committee": "House Committee on Financial Services", 
      "references": [], 
      "subcommittee": "Housing and Community Opportunity", 
      "text": "Referred to the Subcommittee on Housing and Community Opportunity.", 
      "type": "referral"
    }
  ], 
  "amendments": [], 
  "bill_id": "hr4431-109", 
  "bill_type": "hr", 
  "committees": [
    {
      "activity": [
        "referral", 
        "in committee"
      ], 
      "committee": "House Financial Services", 
      "committee_id": "HSBA"
    }, 
    {
      "activity": [
        "referral"
      ], 
      "committee": "House Financial Services", 
      "committee_id": "HSBA", 
      "subcommittee": "Subcommittee on Housing and Community Opportunity", 
      "subcommittee_id": "04"
    }
  ], 
  "congress": "109", 
  "cosponsors": [
    {
      "district": "3", 
      "name": "Pickering, Charles W. \"Chip\"", 
      "sponsored_at": "2005-11-18", 
      "state": "MS", 
      "thomas_id": "01513", 
      "title": "Rep", 
      "withdrawn_at": null
    }
  ], 
  "enacted_as": null, 
  "history": {
    "awaiting_signature": false, 
    "enacted": false, 
    "vetoed": false
  }, 
  "introduced_at": "2005-11-18", 
  "number": "4431", 
  "official_title": "To authorize financial assistance under the community development block grant program for disaster relief and recovery for communities affected by Hurricane Katrina or Hurricane Rita.", 
  "popular_title": null, 
  "related_bills": [], 
  "short_title": null, 
  "sponsor": {
    "district": "1", 
    "name": "Wicker, Roger F.", 
    "state": "MS", 
    "thomas_id": "01226", 
    "title": "Rep", 
    "type": "person"
  }, 
  "status": "REFERRED", 
  "status_at": "2005-11-18", 
  "subjects": [
    "Administrative procedure", 
    "Block grants", 
    "Community development", 
    "Department of Housing and Urban Development", 
    "Disaster relief", 
    "Economics and public finance", 
    "Emergency management", 
    "Floods", 
    "Government operations and politics", 
    "Housing and community development", 
    "Hurricane aftermath legislation", 
    "Hurricanes", 
    "Infrastructure", 
    "Law", 
    "Louisiana", 
    "Mississippi", 
    "Urban affairs"
  ], 
  "subjects_top_term": "Emergency management", 
  "summary": {
    "as": "Introduced", 
    "date": "2005-11-18", 
    "text": "Authorizes additional FY2006 appropriations for Louisiana (60%) and Mississippi (40%) to be administered under their community development block grant programs for disaster and emergency relief for communities affected by Hurricane Katrina or Hurricane Rita. Prohibits fund use for projects in progress prior to the presidential disaster declaration in connection with such hurricanes, unless such projects were directly impacted by Hurricane Katrina or Hurricane Rita."
  }, 
  "titles": [
    {
      "as": "introduced", 
      "title": "To authorize financial assistance under the community development block grant program for disaster relief and recovery for communities affected by Hurricane Katrina or Hurricane Rita.", 
      "type": "official"
    }
  ], 
  "updated_at": "2013-02-02T20:41:07-05:00"
}