{
  "actions": [
    {
      "acted_at": "2005-04-19", 
      "committee": "Committee on Energy and Commerce, and in addition to the Committees on Education and the Workforce, and Ways and Means, for a period to be subsequently determined by the Speaker, in each case for consideration of such provisions as fall within the jurisdiction of the committee concerned", 
      "references": [], 
      "status": "REFERRED", 
      "text": "Referred to the Committee on Energy and Commerce, and in addition to the Committees on Education and the Workforce, and Ways and Means, for a period to be subsequently determined by the Speaker, in each case for consideration of such provisions as fall within the jurisdiction of the committee concerned.", 
      "type": "referral"
    }, 
    {
      "acted_at": "2005-04-19", 
      "committee": "House Energy and Commerce", 
      "references": [], 
      "text": "Referred to House Energy and Commerce", 
      "type": "referral"
    }, 
    {
      "acted_at": "2005-04-19", 
      "committee": "House Education and the Workforce", 
      "references": [], 
      "text": "Referred to House Education and the Workforce", 
      "type": "referral"
    }, 
    {
      "acted_at": "2005-04-19", 
      "committee": "House Ways and Means", 
      "references": [], 
      "text": "Referred to House Ways and Means", 
      "type": "referral"
    }, 
    {
      "acted_at": "2005-04-20", 
      "references": [
        {
          "reference": "CR E707-708", 
          "type": null
        }
      ], 
      "text": "Sponsor introductory remarks on measure.", 
      "type": "action"
    }, 
    {
      "acted_at": "2005-05-09", 
      "in_committee": "House Education and the Workforce", 
      "references": [], 
      "subcommittee": "Employer-Employee Relations", 
      "text": "Referred to the Subcommittee on Employer-Employee Relations.", 
      "type": "referral"
    }, 
    {
      "acted_at": "2005-05-09", 
      "in_committee": "House Education and the Workforce", 
      "references": [], 
      "subcommittee": "21st Century Competitiveness", 
      "text": "Referred to the Subcommittee on 21st Century Competitiveness.", 
      "type": "referral"
    }, 
    {
      "acted_at": "2005-05-13", 
      "in_committee": "House Energy and Commerce", 
      "references": [], 
      "subcommittee": "Health", 
      "text": "Referred to the Subcommittee on Health.", 
      "type": "referral"
    }
  ], 
  "amendments": [], 
  "bill_id": "hr1709-109", 
  "bill_type": "hr", 
  "committees": [
    {
      "activity": [
        "referral", 
        "in committee"
      ], 
      "committee": "House Energy and Commerce", 
      "committee_id": "HSIF"
    }, 
    {
      "activity": [
        "referral"
      ], 
      "committee": "House Energy and Commerce", 
      "committee_id": "HSIF", 
      "subcommittee": "Subcommittee on Health", 
      "subcommittee_id": "14"
    }, 
    {
      "activity": [
        "referral", 
        "in committee"
      ], 
      "committee": "House Education and the Workforce", 
      "committee_id": "HSED"
    }, 
    {
      "activity": [
        "referral"
      ], 
      "committee": "House Education and the Workforce", 
      "committee_id": "HSED", 
      "subcommittee": "Subcommittee on Employer-Employee Relations", 
      "subcommittee_id": "02"
    }, 
    {
      "activity": [
        "referral"
      ], 
      "committee": "House Education and the Workforce", 
      "committee_id": "HSED", 
      "subcommittee": "Subcommittee on 21st Century Competitiveness", 
      "subcommittee_id": "13"
    }, 
    {
      "activity": [
        "referral", 
        "in committee"
      ], 
      "committee": "House Ways and Means", 
      "committee_id": "HSWM"
    }
  ], 
  "congress": "109", 
  "cosponsors": [
    {
      "district": "1", 
      "name": "Abercrombie, Neil", 
      "sponsored_at": "2005-05-26", 
      "state": "HI", 
      "thomas_id": "00002", 
      "title": "Rep", 
      "withdrawn_at": null
    }, 
    {
      "district": "5", 
      "name": "Ackerman, Gary L.", 
      "sponsored_at": "2005-07-28", 
      "state": "NY", 
      "thomas_id": "00004", 
      "title": "Rep", 
      "withdrawn_at": null
    }, 
    {
      "district": "1", 
      "name": "Allen, Thomas H.", 
      "sponsored_at": "2005-04-26", 
      "state": "ME", 
      "thomas_id": "01461", 
      "title": "Rep", 
      "withdrawn_at": null
    }, 
    {
      "district": "43", 
      "name": "Baca, Joe", 
      "sponsored_at": "2005-06-08", 
      "state": "CA", 
      "thomas_id": "01614", 
      "title": "Rep", 
      "withdrawn_at": null
    }, 
    {
      "district": "3", 
      "name": "Baird, Brian", 
      "sponsored_at": "2005-09-20", 
      "state": "WA", 
      "thomas_id": "01557", 
      "title": "Rep", 
      "withdrawn_at": null
    }, 
    {
      "district": "2", 
      "name": "Baldwin, Tammy", 
      "sponsored_at": "2005-04-26", 
      "state": "WI", 
      "thomas_id": "01558", 
      "title": "Rep", 
      "withdrawn_at": null
    }, 
    {
      "district": "1", 
      "name": "Berkley, Shelley", 
      "sponsored_at": "2005-05-05", 
      "state": "NV", 
      "thomas_id": "01576", 
      "title": "Rep", 
      "withdrawn_at": null
    }, 
    {
      "district": "28", 
      "name": "Berman, Howard L.", 
      "sponsored_at": "2005-06-08", 
      "state": "CA", 
      "thomas_id": "00082", 
      "title": "Rep", 
      "withdrawn_at": null
    }, 
    {
      "district": "13", 
      "name": "Biggert, Judy", 
      "sponsored_at": "2006-04-27", 
      "state": "IL", 
      "thomas_id": "01577", 
      "title": "Rep", 
      "withdrawn_at": null
    }, 
    {
      "district": "1", 
      "name": "Bishop, Timothy H.", 
      "sponsored_at": "2006-04-04", 
      "state": "NY", 
      "thomas_id": "01740", 
      "title": "Rep", 
      "withdrawn_at": null
    }, 
    {
      "district": "3", 
      "name": "Blumenauer, Earl", 
      "sponsored_at": "2005-04-26", 
      "state": "OR", 
      "thomas_id": "00099", 
      "title": "Rep", 
      "withdrawn_at": null
    }, 
    {
      "district": "3", 
      "name": "Boswell, Leonard L.", 
      "sponsored_at": "2006-07-19", 
      "state": "IA", 
      "thomas_id": "01466", 
      "title": "Rep", 
      "withdrawn_at": null
    }, 
    {
      "district": "3", 
      "name": "Brown, Corrine", 
      "sponsored_at": "2005-06-23", 
      "state": "FL", 
      "thomas_id": "00132", 
      "title": "Rep", 
      "withdrawn_at": null
    }, 
    {
      "district": "13", 
      "name": "Brown, Sherrod", 
      "sponsored_at": "2005-06-08", 
      "state": "OH", 
      "thomas_id": "00136", 
      "title": "Rep", 
      "withdrawn_at": null
    }, 
    {
      "district": "23", 
      "name": "Capps, Lois", 
      "sponsored_at": "2005-04-26", 
      "state": "CA", 
      "thomas_id": "01471", 
      "title": "Rep", 
      "withdrawn_at": null
    }, 
    {
      "district": "8", 
      "name": "Capuano, Michael E.", 
      "sponsored_at": "2006-02-28", 
      "state": "MA", 
      "thomas_id": "01564", 
      "title": "Rep", 
      "withdrawn_at": null
    }, 
    {
      "district": "3", 
      "name": "Cardin, Benjamin L.", 
      "sponsored_at": "2005-06-15", 
      "state": "MD", 
      "thomas_id": "00174", 
      "title": "Rep", 
      "withdrawn_at": null
    }, 
    {
      "district": "18", 
      "name": "Cardoza, Dennis A.", 
      "sponsored_at": "2005-11-17", 
      "state": "CA", 
      "thomas_id": "01709", 
      "title": "Rep", 
      "withdrawn_at": null
    }, 
    {
      "district": "3", 
      "name": "Carnahan, Russ", 
      "sponsored_at": "2005-04-26", 
      "state": "MO", 
      "thomas_id": "01789", 
      "title": "Rep", 
      "withdrawn_at": null
    }, 
    {
      "district": "7", 
      "name": "Carson, Julia", 
      "sponsored_at": "2005-05-05", 
      "state": "IN", 
      "thomas_id": "01473", 
      "title": "Rep", 
      "withdrawn_at": null
    }, 
    {
      "district": null, 
      "name": "Christensen, Donna M.", 
      "sponsored_at": "2005-06-23", 
      "state": "VI", 
      "thomas_id": "01474", 
      "title": "Rep", 
      "withdrawn_at": null
    }, 
    {
      "district": "1", 
      "name": "Clay, Wm. Lacy", 
      "sponsored_at": "2005-05-05", 
      "state": "MO", 
      "thomas_id": "01654", 
      "title": "Rep", 
      "withdrawn_at": null
    }, 
    {
      "district": "14", 
      "name": "Conyers, John, Jr.", 
      "sponsored_at": "2005-06-15", 
      "state": "MI", 
      "thomas_id": "00229", 
      "title": "Rep", 
      "withdrawn_at": null
    }, 
    {
      "district": "20", 
      "name": "Costa, Jim", 
      "sponsored_at": "2005-06-15", 
      "state": "CA", 
      "thomas_id": "01774", 
      "title": "Rep", 
      "withdrawn_at": null
    }, 
    {
      "district": "7", 
      "name": "Crowley, Joseph", 
      "sponsored_at": "2005-04-26", 
      "state": "NY", 
      "thomas_id": "01604", 
      "title": "Rep", 
      "withdrawn_at": null
    }, 
    {
      "district": "7", 
      "name": "Cummings, Elijah E.", 
      "sponsored_at": "2005-09-07", 
      "state": "MD", 
      "thomas_id": "00256", 
      "title": "Rep", 
      "withdrawn_at": null
    }, 
    {
      "district": "7", 
      "name": "Davis, Danny K.", 
      "sponsored_at": "2005-06-23", 
      "state": "IL", 
      "thomas_id": "01477", 
      "title": "Rep", 
      "withdrawn_at": null
    }, 
    {
      "district": "11", 
      "name": "Davis, Jim", 
      "sponsored_at": "2005-05-26", 
      "state": "FL", 
      "thomas_id": "01478", 
      "title": "Rep", 
      "withdrawn_at": null
    }, 
    {
      "district": "53", 
      "name": "Davis, Susan A.", 
      "sponsored_at": "2005-05-05", 
      "state": "CA", 
      "thomas_id": "01641", 
      "title": "Rep", 
      "withdrawn_at": null
    }, 
    {
      "district": "4", 
      "name": "DeFazio, Peter A.", 
      "sponsored_at": "2005-06-08", 
      "state": "OR", 
      "thomas_id": "00279", 
      "title": "Rep", 
      "withdrawn_at": null
    }, 
    {
      "district": "1", 
      "name": "DeGette, Diana", 
      "sponsored_at": "2005-04-19", 
      "state": "CO", 
      "thomas_id": "01479", 
      "title": "Rep", 
      "withdrawn_at": null
    }, 
    {
      "district": "10", 
      "name": "Delahunt, William D.", 
      "sponsored_at": "2005-04-26", 
      "state": "MA", 
      "thomas_id": "01480", 
      "title": "Rep", 
      "withdrawn_at": null
    }, 
    {
      "district": "3", 
      "name": "DeLauro, Rosa L.", 
      "sponsored_at": "2005-04-26", 
      "state": "CT", 
      "thomas_id": "00281", 
      "title": "Rep", 
      "withdrawn_at": null
    }, 
    {
      "district": "6", 
      "name": "Dicks, Norman D.", 
      "sponsored_at": "2005-05-26", 
      "state": "WA", 
      "thomas_id": "00297", 
      "title": "Rep", 
      "withdrawn_at": null
    }, 
    {
      "district": "15", 
      "name": "Dingell, John D.", 
      "sponsored_at": "2005-07-28", 
      "state": "MI", 
      "thomas_id": "00299", 
      "title": "Rep", 
      "withdrawn_at": null
    }, 
    {
      "district": "25", 
      "name": "Doggett, Lloyd", 
      "sponsored_at": "2005-12-16", 
      "state": "TX", 
      "thomas_id": "00303", 
      "title": "Rep", 
      "withdrawn_at": null
    }, 
    {
      "district": "5", 
      "name": "Emanuel, Rahm", 
      "sponsored_at": "2005-05-05", 
      "state": "IL", 
      "thomas_id": "01725", 
      "title": "Rep", 
      "withdrawn_at": null
    }, 
    {
      "district": "17", 
      "name": "Engel, Eliot L.", 
      "sponsored_at": "2005-04-26", 
      "state": "NY", 
      "thomas_id": "00344", 
      "title": "Rep", 
      "withdrawn_at": null
    }, 
    {
      "district": "14", 
      "name": "Eshoo, Anna G.", 
      "sponsored_at": "2005-04-26", 
      "state": "CA", 
      "thomas_id": "00355", 
      "title": "Rep", 
      "withdrawn_at": null
    }, 
    {
      "district": "17", 
      "name": "Evans, Lane", 
      "sponsored_at": "2005-09-20", 
      "state": "IL", 
      "thomas_id": "00361", 
      "title": "Rep", 
      "withdrawn_at": null
    }, 
    {
      "district": "17", 
      "name": "Farr, Sam", 
      "sponsored_at": "2005-06-23", 
      "state": "CA", 
      "thomas_id": "00368", 
      "title": "Rep", 
      "withdrawn_at": null
    }, 
    {
      "district": "2", 
      "name": "Fattah, Chaka", 
      "sponsored_at": "2005-10-25", 
      "state": "PA", 
      "thomas_id": "00371", 
      "title": "Rep", 
      "withdrawn_at": null
    }, 
    {
      "district": "51", 
      "name": "Filner, Bob", 
      "sponsored_at": "2005-06-15", 
      "state": "CA", 
      "thomas_id": "00381", 
      "title": "Rep", 
      "withdrawn_at": null
    }, 
    {
      "district": "9", 
      "name": "Ford, Harold E., Jr.", 
      "sponsored_at": "2006-05-10", 
      "state": "TN", 
      "thomas_id": "01483", 
      "title": "Rep", 
      "withdrawn_at": null
    }, 
    {
      "district": "4", 
      "name": "Frank, Barney", 
      "sponsored_at": "2005-09-07", 
      "state": "MA", 
      "thomas_id": "00407", 
      "title": "Rep", 
      "withdrawn_at": null
    }, 
    {
      "district": "9", 
      "name": "Green, Al", 
      "sponsored_at": "2005-05-26", 
      "state": "TX", 
      "thomas_id": "01803", 
      "title": "Rep", 
      "withdrawn_at": null
    }, 
    {
      "district": "29", 
      "name": "Green, Gene", 
      "sponsored_at": "2005-04-26", 
      "state": "TX", 
      "thomas_id": "00462", 
      "title": "Rep", 
      "withdrawn_at": null
    }, 
    {
      "district": "7", 
      "name": "Grijalva, Raul M.", 
      "sponsored_at": "2005-06-08", 
      "state": "AZ", 
      "thomas_id": "01708", 
      "title": "Rep", 
      "withdrawn_at": null
    }, 
    {
      "district": "4", 
      "name": "Gutierrez, Luis V.", 
      "sponsored_at": "2005-05-26", 
      "state": "IL", 
      "thomas_id": "00478", 
      "title": "Rep", 
      "withdrawn_at": null
    }, 
    {
      "district": "36", 
      "name": "Harman, Jane", 
      "sponsored_at": "2005-04-26", 
      "state": "CA", 
      "thomas_id": "00502", 
      "title": "Rep", 
      "withdrawn_at": null
    }, 
    {
      "district": "27", 
      "name": "Higgins, Brian", 
      "sponsored_at": "2006-04-05", 
      "state": "NY", 
      "thomas_id": "01794", 
      "title": "Rep", 
      "withdrawn_at": null
    }, 
    {
      "district": "22", 
      "name": "Hinchey, Maurice D.", 
      "sponsored_at": "2005-06-08", 
      "state": "NY", 
      "thomas_id": "00541", 
      "title": "Rep", 
      "withdrawn_at": null
    }, 
    {
      "district": "12", 
      "name": "Holt, Rush D.", 
      "sponsored_at": "2005-05-05", 
      "state": "NJ", 
      "thomas_id": "01580", 
      "title": "Rep", 
      "withdrawn_at": null
    }, 
    {
      "district": "15", 
      "name": "Honda, Michael M.", 
      "sponsored_at": "2005-06-15", 
      "state": "CA", 
      "thomas_id": "01634", 
      "title": "Rep", 
      "withdrawn_at": null
    }, 
    {
      "district": "5", 
      "name": "Hooley, Darlene", 
      "sponsored_at": "2005-04-26", 
      "state": "OR", 
      "thomas_id": "01491", 
      "title": "Rep", 
      "withdrawn_at": null
    }, 
    {
      "district": "1", 
      "name": "Inslee, Jay", 
      "sponsored_at": "2005-04-26", 
      "state": "WA", 
      "thomas_id": "00584", 
      "title": "Rep", 
      "withdrawn_at": null
    }, 
    {
      "district": "2", 
      "name": "Israel, Steve", 
      "sponsored_at": "2005-05-05", 
      "state": "NY", 
      "thomas_id": "01663", 
      "title": "Rep", 
      "withdrawn_at": null
    }, 
    {
      "district": "2", 
      "name": "Jackson, Jesse L., Jr.", 
      "sponsored_at": "2005-07-28", 
      "state": "IL", 
      "thomas_id": "00587", 
      "title": "Rep", 
      "withdrawn_at": null
    }, 
    {
      "district": "18", 
      "name": "Jackson-Lee, Sheila", 
      "sponsored_at": "2005-06-08", 
      "state": "TX", 
      "thomas_id": "00588", 
      "title": "Rep", 
      "withdrawn_at": null
    }, 
    {
      "district": "2", 
      "name": "Jefferson, William J.", 
      "sponsored_at": "2005-05-05", 
      "state": "LA", 
      "thomas_id": "00592", 
      "title": "Rep", 
      "withdrawn_at": null
    }, 
    {
      "district": "30", 
      "name": "Johnson, Eddie Bernice", 
      "sponsored_at": "2005-07-22", 
      "state": "TX", 
      "thomas_id": "00599", 
      "title": "Rep", 
      "withdrawn_at": null
    }, 
    {
      "district": "5", 
      "name": "Johnson, Nancy L.", 
      "sponsored_at": "2005-04-19", 
      "state": "CT", 
      "thomas_id": "00602", 
      "title": "Rep", 
      "withdrawn_at": null
    }, 
    {
      "district": "11", 
      "name": "Jones, Stephanie Tubbs", 
      "sponsored_at": "2006-05-18", 
      "state": "OH", 
      "thomas_id": "01581", 
      "title": "Rep", 
      "withdrawn_at": null
    }, 
    {
      "district": "1", 
      "name": "Kennedy, Patrick J.", 
      "sponsored_at": "2006-02-01", 
      "state": "RI", 
      "thomas_id": "00627", 
      "title": "Rep", 
      "withdrawn_at": null
    }, 
    {
      "district": "13", 
      "name": "Kilpatrick, Carolyn C.", 
      "sponsored_at": "2006-12-05", 
      "state": "MI", 
      "thomas_id": "01497", 
      "title": "Rep", 
      "withdrawn_at": null
    }, 
    {
      "district": "3", 
      "name": "Kind, Ron", 
      "sponsored_at": "2005-04-26", 
      "state": "WI", 
      "thomas_id": "01498", 
      "title": "Rep", 
      "withdrawn_at": null
    }, 
    {
      "district": "10", 
      "name": "Kucinich, Dennis J.", 
      "sponsored_at": "2005-05-05", 
      "state": "OH", 
      "thomas_id": "01499", 
      "title": "Rep", 
      "withdrawn_at": null
    }, 
    {
      "district": "2", 
      "name": "Langevin, James R.", 
      "sponsored_at": "2006-05-18", 
      "state": "RI", 
      "thomas_id": "01668", 
      "title": "Rep", 
      "withdrawn_at": null
    }, 
    {
      "district": "12", 
      "name": "Lantos, Tom", 
      "sponsored_at": "2005-12-16", 
      "state": "CA", 
      "thomas_id": "00663", 
      "title": "Rep", 
      "withdrawn_at": null
    }, 
    {
      "district": "2", 
      "name": "Larsen, Rick", 
      "sponsored_at": "2005-04-26", 
      "state": "WA", 
      "thomas_id": "01675", 
      "title": "Rep", 
      "withdrawn_at": null
    }, 
    {
      "district": "9", 
      "name": "Lee, Barbara", 
      "sponsored_at": "2005-04-26", 
      "state": "CA", 
      "thomas_id": "01501", 
      "title": "Rep", 
      "withdrawn_at": null
    }, 
    {
      "district": "5", 
      "name": "Lewis, John", 
      "sponsored_at": "2005-09-20", 
      "state": "GA", 
      "thomas_id": "00688", 
      "title": "Rep", 
      "withdrawn_at": null
    }, 
    {
      "district": "16", 
      "name": "Lofgren, Zoe", 
      "sponsored_at": "2005-04-26", 
      "state": "CA", 
      "thomas_id": "00701", 
      "title": "Rep", 
      "withdrawn_at": null
    }, 
    {
      "district": "18", 
      "name": "Lowey, Nita M.", 
      "sponsored_at": "2005-06-08", 
      "state": "NY", 
      "thomas_id": "00709", 
      "title": "Rep", 
      "withdrawn_at": null
    }, 
    {
      "district": "14", 
      "name": "Maloney, Carolyn B.", 
      "sponsored_at": "2005-06-23", 
      "state": "NY", 
      "thomas_id": "00729", 
      "title": "Rep", 
      "withdrawn_at": null
    }, 
    {
      "district": "7", 
      "name": "Markey, Edward J.", 
      "sponsored_at": "2005-11-17", 
      "state": "MA", 
      "thomas_id": "00735", 
      "title": "Rep", 
      "withdrawn_at": null
    }, 
    {
      "district": "5", 
      "name": "Matsui, Doris O.", 
      "sponsored_at": "2006-05-09", 
      "state": "CA", 
      "thomas_id": "01814", 
      "title": "Rep", 
      "withdrawn_at": null
    }, 
    {
      "district": "4", 
      "name": "McCarthy, Carolyn", 
      "sponsored_at": "2005-06-08", 
      "state": "NY", 
      "thomas_id": "01503", 
      "title": "Rep", 
      "withdrawn_at": null
    }, 
    {
      "district": "4", 
      "name": "McCollum, Betty", 
      "sponsored_at": "2005-04-26", 
      "state": "MN", 
      "thomas_id": "01653", 
      "title": "Rep", 
      "withdrawn_at": null
    }, 
    {
      "district": "7", 
      "name": "McDermott, Jim", 
      "sponsored_at": "2005-04-26", 
      "state": "WA", 
      "thomas_id": "00766", 
      "title": "Rep", 
      "withdrawn_at": null
    }, 
    {
      "district": "3", 
      "name": "McGovern, James P.", 
      "sponsored_at": "2005-05-05", 
      "state": "MA", 
      "thomas_id": "01504", 
      "title": "Rep", 
      "withdrawn_at": null
    }, 
    {
      "district": "4", 
      "name": "McKinney, Cynthia A.", 
      "sponsored_at": "2005-09-07", 
      "state": "GA", 
      "thomas_id": "00780", 
      "title": "Rep", 
      "withdrawn_at": null
    }, 
    {
      "district": "21", 
      "name": "McNulty, Michael R.", 
      "sponsored_at": "2005-04-26", 
      "state": "NY", 
      "thomas_id": "00785", 
      "title": "Rep", 
      "withdrawn_at": null
    }, 
    {
      "district": "5", 
      "name": "Meehan, Martin T.", 
      "sponsored_at": "2006-02-01", 
      "state": "MA", 
      "thomas_id": "00788", 
      "title": "Rep", 
      "withdrawn_at": null
    }, 
    {
      "district": "6", 
      "name": "Meeks, Gregory W.", 
      "sponsored_at": "2005-09-07", 
      "state": "NY", 
      "thomas_id": "01506", 
      "title": "Rep", 
      "withdrawn_at": null
    }, 
    {
      "district": "13", 
      "name": "Menendez, Robert", 
      "sponsored_at": "2005-10-07", 
      "state": "NJ", 
      "thomas_id": "00791", 
      "title": "Rep", 
      "withdrawn_at": null
    }, 
    {
      "district": "37", 
      "name": "Millender-McDonald, Juanita", 
      "sponsored_at": "2005-09-20", 
      "state": "CA", 
      "thomas_id": "00805", 
      "title": "Rep", 
      "withdrawn_at": null
    }, 
    {
      "district": "7", 
      "name": "Miller, George", 
      "sponsored_at": "2005-04-26", 
      "state": "CA", 
      "thomas_id": "00808", 
      "title": "Rep", 
      "withdrawn_at": null
    }, 
    {
      "district": "3", 
      "name": "Moore, Dennis", 
      "sponsored_at": "2005-04-26", 
      "state": "KS", 
      "thomas_id": "01561", 
      "title": "Rep", 
      "withdrawn_at": null
    }, 
    {
      "district": "4", 
      "name": "Moore, Gwen", 
      "sponsored_at": "2005-05-05", 
      "state": "WI", 
      "thomas_id": "01811", 
      "title": "Rep", 
      "withdrawn_at": null
    }, 
    {
      "district": "8", 
      "name": "Moran, James P.", 
      "sponsored_at": "2005-04-26", 
      "state": "VA", 
      "thomas_id": "00832", 
      "title": "Rep", 
      "withdrawn_at": null
    }, 
    {
      "district": "8", 
      "name": "Nadler, Jerrold", 
      "sponsored_at": "2005-06-15", 
      "state": "NY", 
      "thomas_id": "00850", 
      "title": "Rep", 
      "withdrawn_at": null
    }, 
    {
      "district": "38", 
      "name": "Napolitano, Grace F.", 
      "sponsored_at": "2006-07-24", 
      "state": "CA", 
      "thomas_id": "01602", 
      "title": "Rep", 
      "withdrawn_at": null
    }, 
    {
      "district": "1", 
      "name": "Olver, John W.", 
      "sponsored_at": "2005-04-26", 
      "state": "MA", 
      "thomas_id": "00879", 
      "title": "Rep", 
      "withdrawn_at": null
    }, 
    {
      "district": "11", 
      "name": "Owens, Major R.", 
      "sponsored_at": "2005-06-08", 
      "state": "NY", 
      "thomas_id": "00883", 
      "title": "Rep", 
      "withdrawn_at": null
    }, 
    {
      "district": "6", 
      "name": "Pallone, Frank, Jr.", 
      "sponsored_at": "2005-09-07", 
      "state": "NJ", 
      "thomas_id": "00887", 
      "title": "Rep", 
      "withdrawn_at": null
    }, 
    {
      "district": "8", 
      "name": "Pascrell, Bill, Jr.", 
      "sponsored_at": "2005-04-26", 
      "state": "NJ", 
      "thomas_id": "01510", 
      "title": "Rep", 
      "withdrawn_at": null
    }, 
    {
      "district": "4", 
      "name": "Pastor, Ed", 
      "sponsored_at": "2005-07-22", 
      "state": "AZ", 
      "thomas_id": "00893", 
      "title": "Rep", 
      "withdrawn_at": null
    }, 
    {
      "district": "10", 
      "name": "Payne, Donald M.", 
      "sponsored_at": "2005-06-08", 
      "state": "NJ", 
      "thomas_id": "00902", 
      "title": "Rep", 
      "withdrawn_at": null
    }, 
    {
      "district": "8", 
      "name": "Pelosi, Nancy", 
      "sponsored_at": "2005-07-22", 
      "state": "CA", 
      "thomas_id": "00905", 
      "title": "Rep", 
      "withdrawn_at": null
    }, 
    {
      "district": "4", 
      "name": "Price, David E.", 
      "sponsored_at": "2005-05-05", 
      "state": "NC", 
      "thomas_id": "00930", 
      "title": "Rep", 
      "withdrawn_at": null
    }, 
    {
      "district": "15", 
      "name": "Rangel, Charles B.", 
      "sponsored_at": "2005-06-23", 
      "state": "NY", 
      "thomas_id": "00944", 
      "title": "Rep", 
      "withdrawn_at": null
    }, 
    {
      "district": "9", 
      "name": "Rothman, Steven R.", 
      "sponsored_at": "2005-09-20", 
      "state": "NJ", 
      "thomas_id": "01520", 
      "title": "Rep", 
      "withdrawn_at": null
    }, 
    {
      "district": "34", 
      "name": "Roybal-Allard, Lucille", 
      "sponsored_at": "2005-12-06", 
      "state": "CA", 
      "thomas_id": "00997", 
      "title": "Rep", 
      "withdrawn_at": null
    }, 
    {
      "district": "1", 
      "name": "Rush, Bobby L.", 
      "sponsored_at": "2005-10-25", 
      "state": "IL", 
      "thomas_id": "01003", 
      "title": "Rep", 
      "withdrawn_at": null
    }, 
    {
      "district": "17", 
      "name": "Ryan, Tim", 
      "sponsored_at": "2006-05-24", 
      "state": "OH", 
      "thomas_id": "01756", 
      "title": "Rep", 
      "withdrawn_at": null
    }, 
    {
      "district": "5", 
      "name": "Sabo, Martin Olav", 
      "sponsored_at": "2005-05-26", 
      "state": "MN", 
      "thomas_id": "01007", 
      "title": "Rep", 
      "withdrawn_at": null
    }, 
    {
      "district": "39", 
      "name": "Sanchez, Linda T.", 
      "sponsored_at": "2005-07-11", 
      "state": "CA", 
      "thomas_id": "01757", 
      "title": "Rep", 
      "withdrawn_at": null
    }, 
    {
      "district": "47", 
      "name": "Sanchez, Loretta", 
      "sponsored_at": "2005-12-06", 
      "state": "CA", 
      "thomas_id": "01522", 
      "title": "Rep", 
      "withdrawn_at": null
    }, 
    {
      "district": null, 
      "name": "Sanders, Bernard", 
      "sponsored_at": "2005-04-26", 
      "state": "VT", 
      "thomas_id": "01010", 
      "title": "Rep", 
      "withdrawn_at": null
    }, 
    {
      "district": "9", 
      "name": "Schakowsky, Janice D.", 
      "sponsored_at": "2005-04-26", 
      "state": "IL", 
      "thomas_id": "01588", 
      "title": "Rep", 
      "withdrawn_at": null
    }, 
    {
      "district": "29", 
      "name": "Schiff, Adam B.", 
      "sponsored_at": "2005-04-26", 
      "state": "CA", 
      "thomas_id": "01635", 
      "title": "Rep", 
      "withdrawn_at": null
    }, 
    {
      "district": "13", 
      "name": "Schwartz, Allyson Y.", 
      "sponsored_at": "2005-06-08", 
      "state": "PA", 
      "thomas_id": "01798", 
      "title": "Rep", 
      "withdrawn_at": null
    }, 
    {
      "district": "13", 
      "name": "Scott, David", 
      "sponsored_at": "2006-04-04", 
      "state": "GA", 
      "thomas_id": "01722", 
      "title": "Rep", 
      "withdrawn_at": null
    }, 
    {
      "district": "3", 
      "name": "Scott, Robert C. \"Bobby\"", 
      "sponsored_at": "2005-06-23", 
      "state": "VA", 
      "thomas_id": "01037", 
      "title": "Rep", 
      "withdrawn_at": null
    }, 
    {
      "district": "4", 
      "name": "Shays, Christopher", 
      "sponsored_at": "2005-06-15", 
      "state": "CT", 
      "thomas_id": "01048", 
      "title": "Rep", 
      "withdrawn_at": null
    }, 
    {
      "district": "27", 
      "name": "Sherman, Brad", 
      "sponsored_at": "2005-09-07", 
      "state": "CA", 
      "thomas_id": "01526", 
      "title": "Rep", 
      "withdrawn_at": null
    }, 
    {
      "district": "2", 
      "name": "Simmons, Rob", 
      "sponsored_at": "2005-04-19", 
      "state": "CT", 
      "thomas_id": "01642", 
      "title": "Rep", 
      "withdrawn_at": null
    }, 
    {
      "district": "9", 
      "name": "Smith, Adam", 
      "sponsored_at": "2005-04-26", 
      "state": "WA", 
      "thomas_id": "01528", 
      "title": "Rep", 
      "withdrawn_at": null
    }, 
    {
      "district": "32", 
      "name": "Solis, Hilda L.", 
      "sponsored_at": "2005-04-26", 
      "state": "CA", 
      "thomas_id": "01636", 
      "title": "Rep", 
      "withdrawn_at": null
    }, 
    {
      "district": "13", 
      "name": "Stark, Fortney Pete", 
      "sponsored_at": "2005-05-26", 
      "state": "CA", 
      "thomas_id": "01101", 
      "title": "Rep", 
      "withdrawn_at": null
    }, 
    {
      "district": "10", 
      "name": "Tauscher, Ellen O.", 
      "sponsored_at": "2005-07-28", 
      "state": "CA", 
      "thomas_id": "01533", 
      "title": "Rep", 
      "withdrawn_at": null
    }, 
    {
      "district": "6", 
      "name": "Tierney, John F.", 
      "sponsored_at": "2005-09-29", 
      "state": "MA", 
      "thomas_id": "01535", 
      "title": "Rep", 
      "withdrawn_at": null
    }, 
    {
      "district": "2", 
      "name": "Udall, Mark", 
      "sponsored_at": "2005-05-26", 
      "state": "CO", 
      "thomas_id": "01595", 
      "title": "Rep", 
      "withdrawn_at": null
    }, 
    {
      "district": "3", 
      "name": "Udall, Tom", 
      "sponsored_at": "2005-06-23", 
      "state": "NM", 
      "thomas_id": "01567", 
      "title": "Rep", 
      "withdrawn_at": null
    }, 
    {
      "district": "8", 
      "name": "Van Hollen, Chris", 
      "sponsored_at": "2005-10-07", 
      "state": "MD", 
      "thomas_id": "01729", 
      "title": "Rep", 
      "withdrawn_at": null
    }, 
    {
      "district": "12", 
      "name": "Velazquez, Nydia M.", 
      "sponsored_at": "2005-09-20", 
      "state": "NY", 
      "thomas_id": "01184", 
      "title": "Rep", 
      "withdrawn_at": null
    }, 
    {
      "district": "20", 
      "name": "Wasserman Schultz, Debbie", 
      "sponsored_at": "2005-06-23", 
      "state": "FL", 
      "thomas_id": "01777", 
      "title": "Rep", 
      "withdrawn_at": null
    }, 
    {
      "district": "35", 
      "name": "Waters, Maxine", 
      "sponsored_at": "2005-07-11", 
      "state": "CA", 
      "thomas_id": "01205", 
      "title": "Rep", 
      "withdrawn_at": null
    }, 
    {
      "district": "33", 
      "name": "Watson, Diane E.", 
      "sponsored_at": "2005-05-26", 
      "state": "CA", 
      "thomas_id": "01682", 
      "title": "Rep", 
      "withdrawn_at": null
    }, 
    {
      "district": "30", 
      "name": "Waxman, Henry A.", 
      "sponsored_at": "2005-04-26", 
      "state": "CA", 
      "thomas_id": "01209", 
      "title": "Rep", 
      "withdrawn_at": null
    }, 
    {
      "district": "9", 
      "name": "Weiner, Anthony D.", 
      "sponsored_at": "2005-06-08", 
      "state": "NY", 
      "thomas_id": "01597", 
      "title": "Rep", 
      "withdrawn_at": null
    }, 
    {
      "district": "19", 
      "name": "Wexler, Robert", 
      "sponsored_at": "2005-04-26", 
      "state": "FL", 
      "thomas_id": "01537", 
      "title": "Rep", 
      "withdrawn_at": null
    }, 
    {
      "district": "6", 
      "name": "Woolsey, Lynn C.", 
      "sponsored_at": "2005-04-26", 
      "state": "CA", 
      "thomas_id": "01242", 
      "title": "Rep", 
      "withdrawn_at": null
    }, 
    {
      "district": "1", 
      "name": "Wu, David", 
      "sponsored_at": "2005-06-15", 
      "state": "OR", 
      "thomas_id": "01598", 
      "title": "Rep", 
      "withdrawn_at": null
    }, 
    {
      "district": "4", 
      "name": "Wynn, Albert Russell", 
      "sponsored_at": "2005-12-16", 
      "state": "MD", 
      "thomas_id": "01251", 
      "title": "Rep", 
      "withdrawn_at": null
    }
  ], 
  "enacted_as": null, 
  "history": {
    "awaiting_signature": false, 
    "enacted": false, 
    "vetoed": false
  }, 
  "introduced_at": "2005-04-19", 
  "number": "1709", 
  "official_title": "To expand access to preventive health care services that help reduce unintended pregnancy, reduce the number of abortions, and improve access to women's health care.", 
  "popular_title": null, 
  "related_bills": [
    {
      "bill_id": "s20-109", 
      "reason": "related"
    }, 
    {
      "bill_id": "s844-109", 
      "reason": "related"
    }
  ], 
  "short_title": "Prevention First Act", 
  "sponsor": {
    "district": "28", 
    "name": "Slaughter, Louise McIntosh", 
    "state": "NY", 
    "thomas_id": "01069", 
    "title": "Rep", 
    "type": "person"
  }, 
  "status": "REFERRED", 
  "status_at": "2005-04-19", 
  "subjects": [
    "AIDS (Disease)", 
    "Access to health care", 
    "Ambulatory care", 
    "Birth control", 
    "Child development", 
    "Child health", 
    "Church and social problems", 
    "Citizenship education", 
    "Civil rights and liberties, minority issues", 
    "Coinsurance", 
    "Commerce", 
    "Community health services", 
    "Condoms", 
    "Congress", 
    "Congressional reporting requirements", 
    "Consumer discounts", 
    "Consumer education", 
    "Contraceptives", 
    "Crime and law enforcement", 
    "Discrimination in insurance", 
    "Discrimination in medical care", 
    "Drugs", 
    "Economics and public finance", 
    "Education", 
    "Elementary and secondary education", 
    "Emergency management", 
    "Emergency medicine", 
    "Employee health benefits", 
    "Evaluation research (Social action programs)", 
    "Families", 
    "Federal aid to health facilities", 
    "Finance and financial sector", 
    "Generic drugs", 
    "Government operations and politics", 
    "Government publicity", 
    "Grants-in-aid", 
    "Health", 
    "Health education", 
    "Health insurance", 
    "Hospital care", 
    "Hospitals", 
    "Human immunodeficiency viruses", 
    "Immigrant health", 
    "Immigration", 
    "Insurance companies", 
    "Labor and employment", 
    "Language and languages", 
    "Marriage", 
    "Medicaid", 
    "Medical fees", 
    "Medically uninsured", 
    "Nonprofit organizations", 
    "Prescription pricing", 
    "Preventive medicine", 
    "Public service advertising", 
    "Rebates", 
    "Religion", 
    "School health programs", 
    "School-age child care", 
    "Service learning", 
    "Sex", 
    "Sex education", 
    "Sexual abstinence", 
    "Social welfare", 
    "Teenage pregnancy", 
    "Victims of crimes", 
    "Welfare eligibility", 
    "Women", 
    "Women's health", 
    "Youth services"
  ], 
  "subjects_top_term": "Health", 
  "summary": {
    "as": "Introduced", 
    "date": "2005-04-19", 
    "text": "Prevention First Act - Title X Family Planning Services Act of 2005 - Authorizes appropriations for family planning services grants and contracts under the Public Health Service Act (PHSA). Family Planning State Empowerment Act - Amends title XIX (Medicaid) of the Social Security Act to allow States to provide family planning services and supplies to certain individuals not otherwise eligible for Medicaid. Equity in Prescription Insurance and Contraceptive Coverage Act - Amends the Employee Retirement Income Security Act of 1974 (ERISA) and PHSA to prohibit a group health plan, and a health insurance issuer providing group coverage, from excluding or restricting benefits in any way for prescription contraceptive drugs, devices, and outpatient services if the plan provides benefits for other outpatient prescription drugs, devices, or outpatient services. Amends PHSA to apply those prohibitions to coverage offered in the individual market. Emergency Contraception Education Act - Directs the Secretary of Health and Human Services to develop and disseminate information on emergency contraception to the public and to health care providers. Compassionate Assistance for Rape Emergencies Act - Requires hospitals, as a condition of receiving Federal funds, to offer and to provide, upon request, emergency contraception to victims of sexual assault. Preventing Teen Pregnancy Act - Amends PHSA to authorize the Secretary to award grants to public and private entities to establish or expand teenage pregnancy prevention programs. Truth in Contraception Act - Requires that any information concerning the use of a contraceptive provided through specified federally funded education programs be medically accurate and include health benefits and failure rates."
  }, 
  "titles": [
    {
      "as": "introduced", 
      "title": "Prevention First Act", 
      "type": "short"
    }, 
    {
      "as": "introduced", 
      "title": "Compassionate Assistance for Rape Emergencies Act", 
      "type": "short"
    }, 
    {
      "as": "introduced", 
      "title": "Emergency Contraception Education Act", 
      "type": "short"
    }, 
    {
      "as": "introduced", 
      "title": "Equity in Prescription Insurance and Contraceptive Coverage Act", 
      "type": "short"
    }, 
    {
      "as": "introduced", 
      "title": "Family Planning State Empowerment Act", 
      "type": "short"
    }, 
    {
      "as": "introduced", 
      "title": "Preventing Teen Pregnancy Act", 
      "type": "short"
    }, 
    {
      "as": "introduced", 
      "title": "Title X Family Planning Services Act of 2005", 
      "type": "short"
    }, 
    {
      "as": "introduced", 
      "title": "Truth in Contraception Act", 
      "type": "short"
    }, 
    {
      "as": "introduced", 
      "title": "To expand access to preventive health care services that help reduce unintended pregnancy, reduce the number of abortions, and improve access to women's health care.", 
      "type": "official"
    }
  ], 
  "updated_at": "2013-02-02T20:39:55-05:00"
}