{
  "actions": [
    {
      "acted_at": "2005-03-16", 
      "committee": "House Committee on Transportation and Infrastructure", 
      "references": [], 
      "status": "REFERRED", 
      "text": "Referred to the House Committee on Transportation and Infrastructure.", 
      "type": "referral"
    }, 
    {
      "acted_at": "2005-03-17", 
      "in_committee": "House Committee on Transportation and Infrastructure", 
      "references": [], 
      "subcommittee": "Highways, Transit and Pipelines", 
      "text": "Referred to the Subcommittee on Highways, Transit and Pipelines.", 
      "type": "referral"
    }, 
    {
      "acted_at": "2005-03-17", 
      "references": [
        {
          "reference": "CR E470-471", 
          "type": null
        }
      ], 
      "text": "Sponsor introductory remarks on measure.", 
      "type": "action"
    }
  ], 
  "amendments": [], 
  "bill_id": "hr1347-109", 
  "bill_type": "hr", 
  "committees": [
    {
      "activity": [
        "referral", 
        "in committee"
      ], 
      "committee": "House Transportation and Infrastructure", 
      "committee_id": "HSPW"
    }, 
    {
      "activity": [
        "referral"
      ], 
      "committee": "House Transportation and Infrastructure", 
      "committee_id": "HSPW", 
      "subcommittee": "Subcommittee on Highways, Transit and Pipelines", 
      "subcommittee_id": "12"
    }
  ], 
  "congress": "109", 
  "cosponsors": [
    {
      "district": "11", 
      "name": "Davis, Tom", 
      "sponsored_at": "2005-03-16", 
      "state": "VA", 
      "thomas_id": "00274", 
      "title": "Rep", 
      "withdrawn_at": null
    }, 
    {
      "district": null, 
      "name": "Norton, Eleanor Holmes", 
      "sponsored_at": "2005-03-16", 
      "state": "DC", 
      "thomas_id": "00868", 
      "title": "Rep", 
      "withdrawn_at": null
    }
  ], 
  "enacted_as": null, 
  "history": {
    "awaiting_signature": false, 
    "enacted": false, 
    "vetoed": false
  }, 
  "introduced_at": "2005-03-16", 
  "number": "1347", 
  "official_title": "To provide funding for projects to reduce traffic congestion and improve travel options in the metropolitan Washington region.", 
  "popular_title": null, 
  "related_bills": [], 
  "short_title": "End D.C. Regional Traffic Gridlock Act", 
  "sponsor": {
    "district": "8", 
    "name": "Moran, James P.", 
    "state": "VA", 
    "thomas_id": "00832", 
    "title": "Rep", 
    "type": "person"
  }, 
  "status": "REFERRED", 
  "status_at": "2005-03-16", 
  "subjects": [
    "District of Columbia", 
    "Economics and public finance", 
    "Federal aid to transportation", 
    "Highway finance", 
    "Highway planning", 
    "Infrastructure", 
    "Labor and employment", 
    "Land use", 
    "Maryland", 
    "Mass rapid transit", 
    "Metropolitan areas", 
    "Pedestrians", 
    "Planning", 
    "Road construction", 
    "Science, technology, communications", 
    "Sports and recreation", 
    "Telecommuting", 
    "Traffic accidents and safety", 
    "Traffic congestion", 
    "Traffic engineering", 
    "Trails", 
    "Transportation and public works", 
    "Transportation engineering", 
    "Transportation planning", 
    "Urban affairs", 
    "Virginia"
  ], 
  "subjects_top_term": "Transportation and public works", 
  "summary": {
    "as": "Introduced", 
    "date": "2005-03-16", 
    "text": "End D.C. Regional Traffic Gridlock Act - Directs the Secretary of Transportation to make grants to the National Capital Region Transportation Planning Board of the the Metropolitan Washington Council of Governments to carry out certain transportation projects to reduce traffic congestion and improve travel options in the metropolitan Washington region. Sets the Federal share of project costs at 75 percent. Authorizes appropriations."
  }, 
  "titles": [
    {
      "as": "introduced", 
      "title": "End D.C. Regional Traffic Gridlock Act", 
      "type": "short"
    }, 
    {
      "as": "introduced", 
      "title": "To provide funding for projects to reduce traffic congestion and improve travel options in the metropolitan Washington region.", 
      "type": "official"
    }
  ], 
  "updated_at": "2013-02-02T20:39:45-05:00"
}