{
  "actions": [
    {
      "acted_at": "2005-05-17", 
      "committee": "House Committee on Ways and Means", 
      "references": [], 
      "status": "REFERRED", 
      "text": "Referred to the House Committee on Ways and Means.", 
      "type": "referral"
    }, 
    {
      "acted_at": "2005-05-26", 
      "in_committee": "House Committee on Ways and Means", 
      "references": [], 
      "subcommittee": "Trade", 
      "text": "Referred to the Subcommittee on Trade.", 
      "type": "referral"
    }
  ], 
  "amendments": [], 
  "bill_id": "hr2404-109", 
  "bill_type": "hr", 
  "committees": [
    {
      "activity": [
        "referral", 
        "in committee"
      ], 
      "committee": "House Ways and Means", 
      "committee_id": "HSWM"
    }, 
    {
      "activity": [
        "referral"
      ], 
      "committee": "House Ways and Means", 
      "committee_id": "HSWM", 
      "subcommittee": "Subcommittee on Trade", 
      "subcommittee_id": "04"
    }
  ], 
  "congress": "109", 
  "cosponsors": [], 
  "enacted_as": null, 
  "history": {
    "awaiting_signature": false, 
    "enacted": false, 
    "vetoed": false
  }, 
  "introduced_at": "2005-05-17", 
  "number": "2404", 
  "official_title": "To reduce temporarily the duty on IPN (Isophthalonitrile).", 
  "popular_title": null, 
  "related_bills": [], 
  "short_title": null, 
  "sponsor": {
    "district": "29", 
    "name": "Green, Gene", 
    "state": "TX", 
    "thomas_id": "00462", 
    "title": "Rep", 
    "type": "person"
  }, 
  "status": "REFERRED", 
  "status_at": "2005-05-17", 
  "subjects": [
    "Chemicals", 
    "Foreign trade and international finance", 
    "Tariff"
  ], 
  "subjects_top_term": "Foreign trade and international finance", 
  "summary": {
    "as": "Introduced", 
    "date": "2005-05-17", 
    "text": "Amends the Harmonized Tariff Schedule of the United States to reduce, through December 31, 2006, the duty on 1,3-Benzenedicarbonitrile (IPN (Isophthalonitrile)). Provides for: (1) an increase in such duty from January 1, 2007, through December 31, 2007; and (2) a decrease in it from January 1, 2008, through December 31, 2008."
  }, 
  "titles": [
    {
      "as": "introduced", 
      "title": "To reduce temporarily the duty on IPN (Isophthalonitrile).", 
      "type": "official"
    }
  ], 
  "updated_at": "2013-02-02T20:40:13-05:00"
}