{
  "actions": [
    {
      "acted_at": "2005-01-25", 
      "references": [
        {
          "reference": "CR E60", 
          "type": null
        }
      ], 
      "text": "Sponsor introductory remarks on measure.", 
      "type": "action"
    }, 
    {
      "acted_at": "2005-01-25", 
      "committee": "House Committee on Resources", 
      "references": [], 
      "status": "REFERRED", 
      "text": "Referred to the House Committee on Resources.", 
      "type": "referral"
    }, 
    {
      "acted_at": "2005-02-07", 
      "in_committee": "House Committee on Resources", 
      "references": [], 
      "subcommittee": "Forests and Forest Health", 
      "text": "Referred to the Subcommittee on Forests and Forest Health.", 
      "type": "referral"
    }
  ], 
  "amendments": [], 
  "bill_id": "hr297-109", 
  "bill_type": "hr", 
  "committees": [
    {
      "activity": [
        "referral", 
        "in committee"
      ], 
      "committee": "House Resources", 
      "committee_id": "HSII"
    }, 
    {
      "activity": [
        "referral"
      ], 
      "committee": "House Resources", 
      "committee_id": "HSII", 
      "subcommittee": "Subcommittee on Forests and Forest Health", 
      "subcommittee_id": "20"
    }
  ], 
  "congress": "109", 
  "cosponsors": [
    {
      "district": "1", 
      "name": "Abercrombie, Neil", 
      "sponsored_at": "2005-04-06", 
      "state": "HI", 
      "thomas_id": "00002", 
      "title": "Rep", 
      "withdrawn_at": null
    }, 
    {
      "district": "1", 
      "name": "Andrews, Robert E.", 
      "sponsored_at": "2005-09-06", 
      "state": "NJ", 
      "thomas_id": "00021", 
      "title": "Rep", 
      "withdrawn_at": null
    }, 
    {
      "district": "3", 
      "name": "Baird, Brian", 
      "sponsored_at": "2005-05-19", 
      "state": "WA", 
      "thomas_id": "01557", 
      "title": "Rep", 
      "withdrawn_at": null
    }, 
    {
      "district": "1", 
      "name": "Berkley, Shelley", 
      "sponsored_at": "2005-03-17", 
      "state": "NV", 
      "thomas_id": "01576", 
      "title": "Rep", 
      "withdrawn_at": null
    }, 
    {
      "district": "9", 
      "name": "Bilirakis, Michael", 
      "sponsored_at": "2005-05-19", 
      "state": "FL", 
      "thomas_id": "00089", 
      "title": "Rep", 
      "withdrawn_at": null
    }, 
    {
      "district": "1", 
      "name": "Bishop, Timothy H.", 
      "sponsored_at": "2005-05-05", 
      "state": "NY", 
      "thomas_id": "01740", 
      "title": "Rep", 
      "withdrawn_at": null
    }, 
    {
      "district": "3", 
      "name": "Blumenauer, Earl", 
      "sponsored_at": "2005-04-06", 
      "state": "OR", 
      "thomas_id": "00099", 
      "title": "Rep", 
      "withdrawn_at": null
    }, 
    {
      "district": "23", 
      "name": "Capps, Lois", 
      "sponsored_at": "2005-03-07", 
      "state": "CA", 
      "thomas_id": "01471", 
      "title": "Rep", 
      "withdrawn_at": null
    }, 
    {
      "district": "3", 
      "name": "Cardin, Benjamin L.", 
      "sponsored_at": "2005-04-21", 
      "state": "MD", 
      "thomas_id": "00174", 
      "title": "Rep", 
      "withdrawn_at": null
    }, 
    {
      "district": "7", 
      "name": "Carson, Julia", 
      "sponsored_at": "2005-10-06", 
      "state": "IN", 
      "thomas_id": "01473", 
      "title": "Rep", 
      "withdrawn_at": null
    }, 
    {
      "district": "2", 
      "name": "Case, Ed", 
      "sponsored_at": "2005-02-09", 
      "state": "HI", 
      "thomas_id": "01693", 
      "title": "Rep", 
      "withdrawn_at": null
    }, 
    {
      "district": "1", 
      "name": "Clay, Wm. Lacy", 
      "sponsored_at": "2005-03-07", 
      "state": "MO", 
      "thomas_id": "01654", 
      "title": "Rep", 
      "withdrawn_at": null
    }, 
    {
      "district": "7", 
      "name": "Cummings, Elijah E.", 
      "sponsored_at": "2005-03-07", 
      "state": "MD", 
      "thomas_id": "00256", 
      "title": "Rep", 
      "withdrawn_at": null
    }, 
    {
      "district": "7", 
      "name": "Davis, Danny K.", 
      "sponsored_at": "2006-05-23", 
      "state": "IL", 
      "thomas_id": "01477", 
      "title": "Rep", 
      "withdrawn_at": null
    }, 
    {
      "district": "53", 
      "name": "Davis, Susan A.", 
      "sponsored_at": "2005-11-03", 
      "state": "CA", 
      "thomas_id": "01641", 
      "title": "Rep", 
      "withdrawn_at": null
    }, 
    {
      "district": "11", 
      "name": "Davis, Tom", 
      "sponsored_at": "2005-03-17", 
      "state": "VA", 
      "thomas_id": "00274", 
      "title": "Rep", 
      "withdrawn_at": null
    }, 
    {
      "district": "4", 
      "name": "DeFazio, Peter A.", 
      "sponsored_at": "2005-03-07", 
      "state": "OR", 
      "thomas_id": "00279", 
      "title": "Rep", 
      "withdrawn_at": null
    }, 
    {
      "district": "3", 
      "name": "DeLauro, Rosa L.", 
      "sponsored_at": "2005-04-28", 
      "state": "CT", 
      "thomas_id": "00281", 
      "title": "Rep", 
      "withdrawn_at": null
    }, 
    {
      "district": "6", 
      "name": "Dicks, Norman D.", 
      "sponsored_at": "2005-05-16", 
      "state": "WA", 
      "thomas_id": "00297", 
      "title": "Rep", 
      "withdrawn_at": null
    }, 
    {
      "district": "17", 
      "name": "Engel, Eliot L.", 
      "sponsored_at": "2005-03-09", 
      "state": "NY", 
      "thomas_id": "00344", 
      "title": "Rep", 
      "withdrawn_at": null
    }, 
    {
      "district": "14", 
      "name": "Eshoo, Anna G.", 
      "sponsored_at": "2006-05-23", 
      "state": "CA", 
      "thomas_id": "00355", 
      "title": "Rep", 
      "withdrawn_at": null
    }, 
    {
      "district": "2", 
      "name": "Etheridge, Bob", 
      "sponsored_at": "2005-03-07", 
      "state": "NC", 
      "thomas_id": "01482", 
      "title": "Rep", 
      "withdrawn_at": null
    }, 
    {
      "district": "17", 
      "name": "Evans, Lane", 
      "sponsored_at": "2005-04-28", 
      "state": "IL", 
      "thomas_id": "00361", 
      "title": "Rep", 
      "withdrawn_at": null
    }, 
    {
      "district": "17", 
      "name": "Farr, Sam", 
      "sponsored_at": "2005-04-06", 
      "state": "CA", 
      "thomas_id": "00368", 
      "title": "Rep", 
      "withdrawn_at": null
    }, 
    {
      "district": "51", 
      "name": "Filner, Bob", 
      "sponsored_at": "2005-04-06", 
      "state": "CA", 
      "thomas_id": "00381", 
      "title": "Rep", 
      "withdrawn_at": null
    }, 
    {
      "district": "4", 
      "name": "Frank, Barney", 
      "sponsored_at": "2005-04-06", 
      "state": "MA", 
      "thomas_id": "00407", 
      "title": "Rep", 
      "withdrawn_at": null
    }, 
    {
      "district": "5", 
      "name": "Goode, Virgil H., Jr.", 
      "sponsored_at": "2005-02-09", 
      "state": "VA", 
      "thomas_id": "01486", 
      "title": "Rep", 
      "withdrawn_at": null
    }, 
    {
      "district": "7", 
      "name": "Grijalva, Raul M.", 
      "sponsored_at": "2005-03-09", 
      "state": "AZ", 
      "thomas_id": "01708", 
      "title": "Rep", 
      "withdrawn_at": null
    }, 
    {
      "district": "4", 
      "name": "Gutierrez, Luis V.", 
      "sponsored_at": "2005-06-23", 
      "state": "IL", 
      "thomas_id": "00478", 
      "title": "Rep", 
      "withdrawn_at": null
    }, 
    {
      "district": "22", 
      "name": "Hinchey, Maurice D.", 
      "sponsored_at": "2005-03-09", 
      "state": "NY", 
      "thomas_id": "00541", 
      "title": "Rep", 
      "withdrawn_at": null
    }, 
    {
      "district": "1", 
      "name": "Inslee, Jay", 
      "sponsored_at": "2005-02-01", 
      "state": "WA", 
      "thomas_id": "00584", 
      "title": "Rep", 
      "withdrawn_at": null
    }, 
    {
      "district": "2", 
      "name": "Jackson, Jesse L., Jr.", 
      "sponsored_at": "2005-06-09", 
      "state": "IL", 
      "thomas_id": "00587", 
      "title": "Rep", 
      "withdrawn_at": null
    }, 
    {
      "district": "3", 
      "name": "Jones, Walter B., Jr.", 
      "sponsored_at": "2005-02-01", 
      "state": "NC", 
      "thomas_id": "00612", 
      "title": "Rep", 
      "withdrawn_at": null
    }, 
    {
      "district": "1", 
      "name": "Kennedy, Patrick J.", 
      "sponsored_at": "2005-03-17", 
      "state": "RI", 
      "thomas_id": "00627", 
      "title": "Rep", 
      "withdrawn_at": null
    }, 
    {
      "district": "5", 
      "name": "Kildee, Dale E.", 
      "sponsored_at": "2005-02-09", 
      "state": "MI", 
      "thomas_id": "00631", 
      "title": "Rep", 
      "withdrawn_at": null
    }, 
    {
      "district": "10", 
      "name": "Kucinich, Dennis J.", 
      "sponsored_at": "2005-02-15", 
      "state": "OH", 
      "thomas_id": "01499", 
      "title": "Rep", 
      "withdrawn_at": null
    }, 
    {
      "district": "2", 
      "name": "Larsen, Rick", 
      "sponsored_at": "2005-03-09", 
      "state": "WA", 
      "thomas_id": "01675", 
      "title": "Rep", 
      "withdrawn_at": null
    }, 
    {
      "district": "1", 
      "name": "Larson, John B.", 
      "sponsored_at": "2005-07-20", 
      "state": "CT", 
      "thomas_id": "01583", 
      "title": "Rep", 
      "withdrawn_at": null
    }, 
    {
      "district": "9", 
      "name": "Lee, Barbara", 
      "sponsored_at": "2005-03-17", 
      "state": "CA", 
      "thomas_id": "01501", 
      "title": "Rep", 
      "withdrawn_at": null
    }, 
    {
      "district": "16", 
      "name": "Lofgren, Zoe", 
      "sponsored_at": "2005-05-05", 
      "state": "CA", 
      "thomas_id": "00701", 
      "title": "Rep", 
      "withdrawn_at": null
    }, 
    {
      "district": "18", 
      "name": "Lowey, Nita M.", 
      "sponsored_at": "2005-02-15", 
      "state": "NY", 
      "thomas_id": "00709", 
      "title": "Rep", 
      "withdrawn_at": null
    }, 
    {
      "district": "14", 
      "name": "Maloney, Carolyn B.", 
      "sponsored_at": "2005-02-15", 
      "state": "NY", 
      "thomas_id": "00729", 
      "title": "Rep", 
      "withdrawn_at": null
    }, 
    {
      "district": "7", 
      "name": "Markey, Edward J.", 
      "sponsored_at": "2005-05-16", 
      "state": "MA", 
      "thomas_id": "00735", 
      "title": "Rep", 
      "withdrawn_at": null
    }, 
    {
      "district": "7", 
      "name": "McDermott, Jim", 
      "sponsored_at": "2005-02-01", 
      "state": "WA", 
      "thomas_id": "00766", 
      "title": "Rep", 
      "withdrawn_at": null
    }, 
    {
      "district": "3", 
      "name": "McGovern, James P.", 
      "sponsored_at": "2005-03-07", 
      "state": "MA", 
      "thomas_id": "01504", 
      "title": "Rep", 
      "withdrawn_at": null
    }, 
    {
      "district": "21", 
      "name": "McNulty, Michael R.", 
      "sponsored_at": "2005-03-07", 
      "state": "NY", 
      "thomas_id": "00785", 
      "title": "Rep", 
      "withdrawn_at": null
    }, 
    {
      "district": "5", 
      "name": "Meehan, Martin T.", 
      "sponsored_at": "2005-12-16", 
      "state": "MA", 
      "thomas_id": "00788", 
      "title": "Rep", 
      "withdrawn_at": null
    }, 
    {
      "district": "13", 
      "name": "Menendez, Robert", 
      "sponsored_at": "2005-03-07", 
      "state": "NJ", 
      "thomas_id": "00791", 
      "title": "Rep", 
      "withdrawn_at": null
    }, 
    {
      "district": "7", 
      "name": "Miller, George", 
      "sponsored_at": "2005-02-15", 
      "state": "CA", 
      "thomas_id": "00808", 
      "title": "Rep", 
      "withdrawn_at": null
    }, 
    {
      "district": "4", 
      "name": "Moore, Gwen", 
      "sponsored_at": "2005-04-06", 
      "state": "WI", 
      "thomas_id": "01811", 
      "title": "Rep", 
      "withdrawn_at": null
    }, 
    {
      "district": "8", 
      "name": "Moran, James P.", 
      "sponsored_at": "2005-03-07", 
      "state": "VA", 
      "thomas_id": "00832", 
      "title": "Rep", 
      "withdrawn_at": null
    }, 
    {
      "district": "8", 
      "name": "Nadler, Jerrold", 
      "sponsored_at": "2005-03-09", 
      "state": "NY", 
      "thomas_id": "00850", 
      "title": "Rep", 
      "withdrawn_at": null
    }, 
    {
      "district": "1", 
      "name": "Olver, John W.", 
      "sponsored_at": "2005-03-09", 
      "state": "MA", 
      "thomas_id": "00879", 
      "title": "Rep", 
      "withdrawn_at": null
    }, 
    {
      "district": "19", 
      "name": "Platts, Todd Russell", 
      "sponsored_at": "2005-06-09", 
      "state": "PA", 
      "thomas_id": "01667", 
      "title": "Rep", 
      "withdrawn_at": null
    }, 
    {
      "district": "4", 
      "name": "Price, David E.", 
      "sponsored_at": "2005-03-17", 
      "state": "NC", 
      "thomas_id": "00930", 
      "title": "Rep", 
      "withdrawn_at": null
    }, 
    {
      "district": "15", 
      "name": "Rangel, Charles B.", 
      "sponsored_at": "2005-02-09", 
      "state": "NY", 
      "thomas_id": "00944", 
      "title": "Rep", 
      "withdrawn_at": null
    }, 
    {
      "district": "9", 
      "name": "Rothman, Steven R.", 
      "sponsored_at": "2005-03-07", 
      "state": "NJ", 
      "thomas_id": "01520", 
      "title": "Rep", 
      "withdrawn_at": null
    }, 
    {
      "district": "16", 
      "name": "Serrano, Jose E.", 
      "sponsored_at": "2005-03-07", 
      "state": "NY", 
      "thomas_id": "01042", 
      "title": "Rep", 
      "withdrawn_at": null
    }, 
    {
      "district": "27", 
      "name": "Sherman, Brad", 
      "sponsored_at": "2005-05-16", 
      "state": "CA", 
      "thomas_id": "01526", 
      "title": "Rep", 
      "withdrawn_at": null
    }, 
    {
      "district": "5", 
      "name": "Spratt, John M., Jr.", 
      "sponsored_at": "2005-04-28", 
      "state": "SC", 
      "thomas_id": "01092", 
      "title": "Rep", 
      "withdrawn_at": null
    }, 
    {
      "district": "13", 
      "name": "Stark, Fortney Pete", 
      "sponsored_at": "2005-03-07", 
      "state": "CA", 
      "thomas_id": "01101", 
      "title": "Rep", 
      "withdrawn_at": null
    }, 
    {
      "district": "6", 
      "name": "Strickland, Ted", 
      "sponsored_at": "2005-05-16", 
      "state": "OH", 
      "thomas_id": "01118", 
      "title": "Rep", 
      "withdrawn_at": null
    }, 
    {
      "district": "20", 
      "name": "Sweeney, John E.", 
      "sponsored_at": "2005-03-09", 
      "state": "NY", 
      "thomas_id": "01591", 
      "title": "Rep", 
      "withdrawn_at": null
    }, 
    {
      "district": "10", 
      "name": "Tauscher, Ellen O.", 
      "sponsored_at": "2005-02-09", 
      "state": "CA", 
      "thomas_id": "01533", 
      "title": "Rep", 
      "withdrawn_at": null
    }, 
    {
      "district": "6", 
      "name": "Tierney, John F.", 
      "sponsored_at": "2005-03-17", 
      "state": "MA", 
      "thomas_id": "01535", 
      "title": "Rep", 
      "withdrawn_at": null
    }, 
    {
      "district": "2", 
      "name": "Udall, Mark", 
      "sponsored_at": "2005-04-21", 
      "state": "CO", 
      "thomas_id": "01595", 
      "title": "Rep", 
      "withdrawn_at": null
    }, 
    {
      "district": "8", 
      "name": "Van Hollen, Chris", 
      "sponsored_at": "2005-02-09", 
      "state": "MD", 
      "thomas_id": "01729", 
      "title": "Rep", 
      "withdrawn_at": null
    }, 
    {
      "district": "30", 
      "name": "Waxman, Henry A.", 
      "sponsored_at": "2005-05-05", 
      "state": "CA", 
      "thomas_id": "01209", 
      "title": "Rep", 
      "withdrawn_at": null
    }, 
    {
      "district": "9", 
      "name": "Weiner, Anthony D.", 
      "sponsored_at": "2005-05-05", 
      "state": "NY", 
      "thomas_id": "01597", 
      "title": "Rep", 
      "withdrawn_at": null
    }, 
    {
      "district": "1", 
      "name": "Whitfield, Ed", 
      "sponsored_at": "2005-01-25", 
      "state": "KY", 
      "thomas_id": "01222", 
      "title": "Rep", 
      "withdrawn_at": null
    }, 
    {
      "district": "6", 
      "name": "Woolsey, Lynn C.", 
      "sponsored_at": "2005-02-09", 
      "state": "CA", 
      "thomas_id": "01242", 
      "title": "Rep", 
      "withdrawn_at": null
    }, 
    {
      "district": "1", 
      "name": "Wu, David", 
      "sponsored_at": "2005-03-17", 
      "state": "OR", 
      "thomas_id": "01598", 
      "title": "Rep", 
      "withdrawn_at": null
    }, 
    {
      "district": "4", 
      "name": "Wynn, Albert Russell", 
      "sponsored_at": "2005-12-07", 
      "state": "MD", 
      "thomas_id": "01251", 
      "title": "Rep", 
      "withdrawn_at": null
    }
  ], 
  "enacted_as": null, 
  "history": {
    "awaiting_signature": false, 
    "enacted": false, 
    "vetoed": false
  }, 
  "introduced_at": "2005-01-25", 
  "number": "297", 
  "official_title": "To restore the prohibition on the commercial sale and slaughter of wild free-roaming horses and burros.", 
  "popular_title": null, 
  "related_bills": [
    {
      "bill_id": "s576-109", 
      "reason": "related"
    }
  ], 
  "short_title": null, 
  "sponsor": {
    "district": "3", 
    "name": "Rahall, Nick J., II", 
    "state": "WV", 
    "thomas_id": "00940", 
    "title": "Rep", 
    "type": "person"
  }, 
  "status": "REFERRED", 
  "status_at": "2005-01-25", 
  "subjects": [
    "Agriculture and food", 
    "Animals", 
    "Commerce", 
    "Crime and law enforcement", 
    "Environmental protection", 
    "Fines (Penalties)", 
    "Horses", 
    "Meat packing industry", 
    "Public lands and natural resources", 
    "Wild animal trade", 
    "Wildlife conservation", 
    "Wildlife management"
  ], 
  "subjects_top_term": "Animals", 
  "summary": {
    "as": "Introduced", 
    "date": "2005-01-25", 
    "text": "Amends the Wild Free-Roaming Horses and Burros Act to: (1) prohibit the sale or transfer for commercial product processing of any free-roaming horse or burro on U.S. public lands; and (2) repeal the provisions permitting the sale of certain excess animals or their remains, and excluding from criminal fine or imprisonment a person who processes or permits the processing of such animals' remains."
  }, 
  "titles": [
    {
      "as": "introduced", 
      "title": "To restore the prohibition on the commercial sale and slaughter of wild free-roaming horses and burros.", 
      "type": "official"
    }
  ], 
  "updated_at": "2013-02-02T20:39:13-05:00"
}