{
  "actions": [
    {
      "acted_at": "2005-11-04", 
      "committee": "House Committee on Small Business", 
      "references": [], 
      "status": "REFERRED", 
      "text": "Referred to the House Committee on Small Business.", 
      "type": "referral"
    }
  ], 
  "amendments": [], 
  "bill_id": "hr4234-109", 
  "bill_type": "hr", 
  "committees": [
    {
      "activity": [
        "referral", 
        "in committee"
      ], 
      "committee": "House Small Business", 
      "committee_id": "HSSM"
    }
  ], 
  "congress": "109", 
  "cosponsors": [], 
  "enacted_as": null, 
  "history": {
    "awaiting_signature": false, 
    "enacted": false, 
    "vetoed": false
  }, 
  "introduced_at": "2005-11-04", 
  "number": "4234", 
  "official_title": "To provide for the relief, recovery, and expansion of small business concerns affected by Hurricane Katrina through technical assistance, access to capital, and expanded Federal contracting opportunities, and for other purposes.", 
  "popular_title": null, 
  "related_bills": [], 
  "short_title": "Small Business Gulf Coast Revitalization Act of 2005", 
  "sponsor": {
    "district": "12", 
    "name": "Velazquez, Nydia M.", 
    "state": "NY", 
    "thomas_id": "01184", 
    "title": "Rep", 
    "type": "person"
  }, 
  "status": "REFERRED", 
  "status_at": "2005-11-04", 
  "subjects": [
    "Administrative fees", 
    "Alabama", 
    "Bank loans", 
    "Bonds", 
    "Building construction", 
    "Business education", 
    "Chambers of commerce", 
    "Colleges", 
    "Commerce", 
    "Congress", 
    "Congressional reporting requirements", 
    "Construction costs", 
    "Construction industries", 
    "Counseling", 
    "Data banks", 
    "Depressed areas", 
    "Disaster loans", 
    "Disaster relief", 
    "Dislocated workers", 
    "Economics and public finance", 
    "Education", 
    "Emergency management", 
    "Entrepreneurs", 
    "Federally-guaranteed loans", 
    "Fees", 
    "Finance and financial sector", 
    "Fines (Penalties)", 
    "Floods", 
    "Government contractors", 
    "Government lending", 
    "Government operations and politics", 
    "Government paperwork", 
    "Government publicity", 
    "Government travel", 
    "Government trust funds", 
    "Grants-in-aid", 
    "Higher education", 
    "Hurricane aftermath legislation", 
    "Hurricanes", 
    "Interest", 
    "Interest rates", 
    "Intergovernmental fiscal relations", 
    "Job creation", 
    "Labor and employment", 
    "Law", 
    "Louisiana", 
    "Manufacturing industries", 
    "Marketing", 
    "Mentoring", 
    "Minorities", 
    "Minority business enterprises", 
    "Mississippi", 
    "Office buildings", 
    "Office equipment and supplies", 
    "Recruiting of employees", 
    "Regional economic development", 
    "Science, technology, communications", 
    "Small business", 
    "Social welfare", 
    "Subcontractors", 
    "Tax-exempt organizations", 
    "Taxation", 
    "Transportation and public works", 
    "Travel costs", 
    "Women", 
    "Women in business"
  ], 
  "subjects_top_term": "Commerce", 
  "summary": {
    "as": "Introduced", 
    "date": "2005-11-04", 
    "text": "Small Business Gulf Coast Revitalization Act of 2005 - Authorizes the Administrator of the Small Business Administration (SBA) to: (1) make grants of up to $100,000 to Hurricane Katrina-affected small businesses (such businesses); (2) refinance existing SBA debts and suspend payments on SBA disaster loans with respect to such businesses; (3) enter into agreements with SBA preferred lenders to participate on a deferred basis in loans made to such businesses; and (4) guarantee non-SBA bank loans made to such businesses. Directs the Administrator to: (1) select a Gulf Region New Markets Venture Capital Company; and (2) make grants to such businesses under the microenterprise technical assistance and capacity building grant program. Requires not less than 30 percent of all prime contracts awarded by federal agencies for recovery or reconstruction activities related to Hurricane Katrina to be awarded to small businesses located in Alabama, Mississippi, or Louisiana. Authorizes restricted competition in federal prime contracts and other preferences for such businesses. Provides increased small business access to federal subcontracts for hurricane relief and recovery. Authorizes small business development centers to send counselors to centers located in Katrina-affected areas. Authorizes the Administrator to make five-year grants to eligible organizations to establish and operate small business incubator programs in Katrina-affected areas."
  }, 
  "titles": [
    {
      "as": "introduced", 
      "title": "Small Business Gulf Coast Revitalization Act of 2005", 
      "type": "short"
    }, 
    {
      "as": "introduced", 
      "title": "To provide for the relief, recovery, and expansion of small business concerns affected by Hurricane Katrina through technical assistance, access to capital, and expanded Federal contracting opportunities, and for other purposes.", 
      "type": "official"
    }
  ], 
  "updated_at": "2013-02-02T20:41:02-05:00"
}