{
  "actions": [
    {
      "acted_at": "2006-02-16", 
      "committee": "House Committee on Resources", 
      "references": [], 
      "status": "REFERRED", 
      "text": "Referred to the House Committee on Resources.", 
      "type": "referral"
    }, 
    {
      "acted_at": "2006-02-24", 
      "in_committee": "House Committee on Resources", 
      "references": [], 
      "subcommittee": "Energy and Mineral Resources", 
      "text": "Referred to the Subcommittee on Energy and Mineral Resources.", 
      "type": "referral"
    }, 
    {
      "acted_at": "2006-02-24", 
      "in_committee": "House Committee on Resources", 
      "references": [], 
      "text": "Executive Comment Requested from Interior.", 
      "type": "action"
    }
  ], 
  "amendments": [], 
  "bill_id": "hr4782-109", 
  "bill_type": "hr", 
  "committees": [
    {
      "activity": [
        "referral", 
        "in committee"
      ], 
      "committee": "House Resources", 
      "committee_id": "HSII"
    }, 
    {
      "activity": [
        "referral"
      ], 
      "committee": "House Resources", 
      "committee_id": "HSII", 
      "subcommittee": "Subcommittee on Energy and Mineral Resources", 
      "subcommittee_id": "06"
    }
  ], 
  "congress": "109", 
  "cosponsors": [
    {
      "district": "43", 
      "name": "Baca, Joe", 
      "sponsored_at": "2006-02-16", 
      "state": "CA", 
      "thomas_id": "01614", 
      "title": "Rep", 
      "withdrawn_at": null
    }, 
    {
      "district": "31", 
      "name": "Becerra, Xavier", 
      "sponsored_at": "2006-02-16", 
      "state": "CA", 
      "thomas_id": "00070", 
      "title": "Rep", 
      "withdrawn_at": null
    }, 
    {
      "district": "28", 
      "name": "Berman, Howard L.", 
      "sponsored_at": "2006-02-16", 
      "state": "CA", 
      "thomas_id": "00082", 
      "title": "Rep", 
      "withdrawn_at": null
    }, 
    {
      "district": "18", 
      "name": "Cardoza, Dennis A.", 
      "sponsored_at": "2006-02-16", 
      "state": "CA", 
      "thomas_id": "01709", 
      "title": "Rep", 
      "withdrawn_at": null
    }, 
    {
      "district": "53", 
      "name": "Davis, Susan A.", 
      "sponsored_at": "2006-02-16", 
      "state": "CA", 
      "thomas_id": "01641", 
      "title": "Rep", 
      "withdrawn_at": null
    }, 
    {
      "district": "14", 
      "name": "Eshoo, Anna G.", 
      "sponsored_at": "2006-02-16", 
      "state": "CA", 
      "thomas_id": "00355", 
      "title": "Rep", 
      "withdrawn_at": null
    }, 
    {
      "district": "17", 
      "name": "Farr, Sam", 
      "sponsored_at": "2006-02-16", 
      "state": "CA", 
      "thomas_id": "00368", 
      "title": "Rep", 
      "withdrawn_at": null
    }, 
    {
      "district": "51", 
      "name": "Filner, Bob", 
      "sponsored_at": "2006-02-16", 
      "state": "CA", 
      "thomas_id": "00381", 
      "title": "Rep", 
      "withdrawn_at": null
    }, 
    {
      "district": "36", 
      "name": "Harman, Jane", 
      "sponsored_at": "2006-02-16", 
      "state": "CA", 
      "thomas_id": "00502", 
      "title": "Rep", 
      "withdrawn_at": null
    }, 
    {
      "district": "15", 
      "name": "Honda, Michael M.", 
      "sponsored_at": "2006-02-16", 
      "state": "CA", 
      "thomas_id": "01634", 
      "title": "Rep", 
      "withdrawn_at": null
    }, 
    {
      "district": "12", 
      "name": "Lantos, Tom", 
      "sponsored_at": "2006-02-16", 
      "state": "CA", 
      "thomas_id": "00663", 
      "title": "Rep", 
      "withdrawn_at": null
    }, 
    {
      "district": "9", 
      "name": "Lee, Barbara", 
      "sponsored_at": "2006-02-16", 
      "state": "CA", 
      "thomas_id": "01501", 
      "title": "Rep", 
      "withdrawn_at": null
    }, 
    {
      "district": "16", 
      "name": "Lofgren, Zoe", 
      "sponsored_at": "2006-02-16", 
      "state": "CA", 
      "thomas_id": "00701", 
      "title": "Rep", 
      "withdrawn_at": null
    }, 
    {
      "district": "5", 
      "name": "Matsui, Doris O.", 
      "sponsored_at": "2006-02-16", 
      "state": "CA", 
      "thomas_id": "01814", 
      "title": "Rep", 
      "withdrawn_at": null
    }, 
    {
      "district": "37", 
      "name": "Millender-McDonald, Juanita", 
      "sponsored_at": "2006-02-16", 
      "state": "CA", 
      "thomas_id": "00805", 
      "title": "Rep", 
      "withdrawn_at": null
    }, 
    {
      "district": "7", 
      "name": "Miller, George", 
      "sponsored_at": "2006-02-16", 
      "state": "CA", 
      "thomas_id": "00808", 
      "title": "Rep", 
      "withdrawn_at": null
    }, 
    {
      "district": "38", 
      "name": "Napolitano, Grace F.", 
      "sponsored_at": "2006-02-16", 
      "state": "CA", 
      "thomas_id": "01602", 
      "title": "Rep", 
      "withdrawn_at": null
    }, 
    {
      "district": "8", 
      "name": "Pelosi, Nancy", 
      "sponsored_at": "2006-02-16", 
      "state": "CA", 
      "thomas_id": "00905", 
      "title": "Rep", 
      "withdrawn_at": null
    }, 
    {
      "district": "34", 
      "name": "Roybal-Allard, Lucille", 
      "sponsored_at": "2006-02-16", 
      "state": "CA", 
      "thomas_id": "00997", 
      "title": "Rep", 
      "withdrawn_at": null
    }, 
    {
      "district": "39", 
      "name": "Sanchez, Linda T.", 
      "sponsored_at": "2006-02-16", 
      "state": "CA", 
      "thomas_id": "01757", 
      "title": "Rep", 
      "withdrawn_at": null
    }, 
    {
      "district": "47", 
      "name": "Sanchez, Loretta", 
      "sponsored_at": "2006-02-16", 
      "state": "CA", 
      "thomas_id": "01522", 
      "title": "Rep", 
      "withdrawn_at": null
    }, 
    {
      "district": "29", 
      "name": "Schiff, Adam B.", 
      "sponsored_at": "2006-02-16", 
      "state": "CA", 
      "thomas_id": "01635", 
      "title": "Rep", 
      "withdrawn_at": null
    }, 
    {
      "district": "27", 
      "name": "Sherman, Brad", 
      "sponsored_at": "2006-02-16", 
      "state": "CA", 
      "thomas_id": "01526", 
      "title": "Rep", 
      "withdrawn_at": null
    }, 
    {
      "district": "32", 
      "name": "Solis, Hilda L.", 
      "sponsored_at": "2006-02-16", 
      "state": "CA", 
      "thomas_id": "01636", 
      "title": "Rep", 
      "withdrawn_at": null
    }, 
    {
      "district": "13", 
      "name": "Stark, Fortney Pete", 
      "sponsored_at": "2006-02-16", 
      "state": "CA", 
      "thomas_id": "01101", 
      "title": "Rep", 
      "withdrawn_at": null
    }, 
    {
      "district": "10", 
      "name": "Tauscher, Ellen O.", 
      "sponsored_at": "2006-02-16", 
      "state": "CA", 
      "thomas_id": "01533", 
      "title": "Rep", 
      "withdrawn_at": null
    }, 
    {
      "district": "1", 
      "name": "Thompson, Mike", 
      "sponsored_at": "2006-02-16", 
      "state": "CA", 
      "thomas_id": "01593", 
      "title": "Rep", 
      "withdrawn_at": null
    }, 
    {
      "district": "35", 
      "name": "Waters, Maxine", 
      "sponsored_at": "2006-02-16", 
      "state": "CA", 
      "thomas_id": "01205", 
      "title": "Rep", 
      "withdrawn_at": null
    }, 
    {
      "district": "33", 
      "name": "Watson, Diane E.", 
      "sponsored_at": "2006-02-16", 
      "state": "CA", 
      "thomas_id": "01682", 
      "title": "Rep", 
      "withdrawn_at": null
    }, 
    {
      "district": "30", 
      "name": "Waxman, Henry A.", 
      "sponsored_at": "2006-02-16", 
      "state": "CA", 
      "thomas_id": "01209", 
      "title": "Rep", 
      "withdrawn_at": null
    }, 
    {
      "district": "6", 
      "name": "Woolsey, Lynn C.", 
      "sponsored_at": "2006-02-16", 
      "state": "CA", 
      "thomas_id": "01242", 
      "title": "Rep", 
      "withdrawn_at": null
    }
  ], 
  "enacted_as": null, 
  "history": {
    "awaiting_signature": false, 
    "enacted": false, 
    "vetoed": false
  }, 
  "introduced_at": "2006-02-16", 
  "number": "4782", 
  "official_title": "To permanently prohibit oil and gas leasing off the coast of the State of California, and for other purposes.", 
  "popular_title": null, 
  "related_bills": [
    {
      "bill_id": "s2294-109", 
      "reason": "identical"
    }
  ], 
  "short_title": "California Ocean and Coastal Protection Act", 
  "sponsor": {
    "district": "23", 
    "name": "Capps, Lois", 
    "state": "CA", 
    "thomas_id": "01471", 
    "title": "Rep", 
    "type": "person"
  }, 
  "status": "REFERRED", 
  "status_at": "2006-02-16", 
  "subjects": [
    "California", 
    "Continental shelf", 
    "Energy", 
    "Gas in submerged lands", 
    "Marine and coastal resources, fisheries", 
    "Oil and gas leases", 
    "Pacific Ocean", 
    "Petroleum in submerged lands", 
    "Prospecting", 
    "Submarine oil well drilling"
  ], 
  "subjects_top_term": "Energy", 
  "summary": {
    "as": "Introduced", 
    "date": "2006-02-16", 
    "text": "California Ocean and Coastal Protection Act - Amends the Outer Continental Shelf Lands Act to prohibit oil and gas preleasing, leasing, and related activities in areas of the Outer Continental Shelf located off the coast of California. Amends the Energy Policy Act of 2005 to exclude such areas from the waters of the U.S. Outer Continental Shelf whose oil and natural gas resources the Secretary of Energy is required to inventory and analyze."
  }, 
  "titles": [
    {
      "as": "introduced", 
      "title": "California Ocean and Coastal Protection Act", 
      "type": "short"
    }, 
    {
      "as": "introduced", 
      "title": "To permanently prohibit oil and gas leasing off the coast of the State of California, and for other purposes.", 
      "type": "official"
    }
  ], 
  "updated_at": "2013-02-02T20:41:17-05:00"
}