{
  "actions": [
    {
      "acted_at": "2005-02-01", 
      "committee": "House Committee on Armed Services", 
      "references": [], 
      "status": "REFERRED", 
      "text": "Referred to the House Committee on Armed Services.", 
      "type": "referral"
    }, 
    {
      "acted_at": "2005-02-18", 
      "in_committee": "House Committee on Armed Services", 
      "references": [], 
      "text": "Executive Comment Requested from DOD.", 
      "type": "action"
    }, 
    {
      "acted_at": "2005-02-18", 
      "in_committee": "House Committee on Armed Services", 
      "references": [], 
      "subcommittee": "Military Personnel", 
      "text": "Referred to the Subcommittee on Military Personnel.", 
      "type": "referral"
    }
  ], 
  "amendments": [], 
  "bill_id": "hr463-109", 
  "bill_type": "hr", 
  "committees": [
    {
      "activity": [
        "referral", 
        "in committee"
      ], 
      "committee": "House Armed Services", 
      "committee_id": "HSAS"
    }, 
    {
      "activity": [
        "referral"
      ], 
      "committee": "House Armed Services", 
      "committee_id": "HSAS", 
      "subcommittee": "Subcommittee on Military Personnel", 
      "subcommittee_id": "02"
    }
  ], 
  "congress": "109", 
  "cosponsors": [
    {
      "district": "2", 
      "name": "Bishop, Sanford D., Jr.", 
      "sponsored_at": "2005-04-05", 
      "state": "GA", 
      "thomas_id": "00091", 
      "title": "Rep", 
      "withdrawn_at": null
    }, 
    {
      "district": "18", 
      "name": "Cardoza, Dennis A.", 
      "sponsored_at": "2005-04-14", 
      "state": "CA", 
      "thomas_id": "01709", 
      "title": "Rep", 
      "withdrawn_at": null
    }, 
    {
      "district": "51", 
      "name": "Filner, Bob", 
      "sponsored_at": "2005-06-07", 
      "state": "CA", 
      "thomas_id": "00381", 
      "title": "Rep", 
      "withdrawn_at": null
    }, 
    {
      "district": "4", 
      "name": "Gutierrez, Luis V.", 
      "sponsored_at": "2005-05-23", 
      "state": "IL", 
      "thomas_id": "00478", 
      "title": "Rep", 
      "withdrawn_at": null
    }, 
    {
      "district": "3", 
      "name": "McGovern, James P.", 
      "sponsored_at": "2005-05-26", 
      "state": "MA", 
      "thomas_id": "01504", 
      "title": "Rep", 
      "withdrawn_at": null
    }
  ], 
  "enacted_as": null, 
  "history": {
    "awaiting_signature": false, 
    "enacted": false, 
    "vetoed": false
  }, 
  "introduced_at": "2005-02-01", 
  "number": "463", 
  "official_title": "To amend title 10, United States Code, to permit the use of education benefits under the Reserve Montgomery GI Bill for licensing or certification tests.", 
  "popular_title": null, 
  "related_bills": [], 
  "short_title": null, 
  "sponsor": {
    "district": "17", 
    "name": "Evans, Lane", 
    "state": "IL", 
    "thomas_id": "00361", 
    "title": "Rep", 
    "type": "person"
  }, 
  "status": "REFERRED", 
  "status_at": "2005-02-01", 
  "subjects": [
    "Armed forces and national security", 
    "Education", 
    "Educational tests", 
    "Employment tests", 
    "Fees", 
    "Higher education", 
    "Labor and employment", 
    "Law", 
    "Licenses", 
    "Veterans' benefits", 
    "Veterans' education"
  ], 
  "subjects_top_term": "Armed forces and national security", 
  "summary": {
    "as": "Introduced", 
    "date": "2005-02-01", 
    "text": "Permits members of the Selected Reserve to use up to $2,000 of Reserve Montgomery GI Bill educational assistance benefits for payment for licensing or certification tests."
  }, 
  "titles": [
    {
      "as": "introduced", 
      "title": "To amend title 10, United States Code, to permit the use of education benefits under the Reserve Montgomery GI Bill for licensing or certification tests.", 
      "type": "official"
    }
  ], 
  "updated_at": "2013-02-02T20:39:17-05:00"
}