{
  "actions": [
    {
      "acted_at": "2005-04-28", 
      "committee": "House Committee on Ways and Means", 
      "references": [], 
      "status": "REFERRED", 
      "text": "Referred to the House Committee on Ways and Means.", 
      "type": "referral"
    }, 
    {
      "acted_at": "2005-05-16", 
      "in_committee": "House Committee on Ways and Means", 
      "references": [], 
      "subcommittee": "Trade", 
      "text": "Referred to the Subcommittee on Trade.", 
      "type": "referral"
    }
  ], 
  "amendments": [], 
  "bill_id": "hr2016-109", 
  "bill_type": "hr", 
  "committees": [
    {
      "activity": [
        "referral", 
        "in committee"
      ], 
      "committee": "House Ways and Means", 
      "committee_id": "HSWM"
    }, 
    {
      "activity": [
        "referral"
      ], 
      "committee": "House Ways and Means", 
      "committee_id": "HSWM", 
      "subcommittee": "Subcommittee on Trade", 
      "subcommittee_id": "04"
    }
  ], 
  "congress": "109", 
  "cosponsors": [], 
  "enacted_as": null, 
  "history": {
    "awaiting_signature": false, 
    "enacted": false, 
    "vetoed": false
  }, 
  "introduced_at": "2005-04-28", 
  "number": "2016", 
  "official_title": "To suspend temporarily the duty on glass bulbs, designed for sprinkler systems and other release devices, filled with liquid that expands and breaks the bulb at a release temperature predetermined by the manufacturer.", 
  "popular_title": null, 
  "related_bills": [], 
  "short_title": null, 
  "sponsor": {
    "district": "22", 
    "name": "Shaw, E. Clay, Jr.", 
    "state": "FL", 
    "thomas_id": "01047", 
    "title": "Rep", 
    "type": "person"
  }, 
  "status": "REFERRED", 
  "status_at": "2005-04-28", 
  "subjects": [
    "Commerce", 
    "Emergency management", 
    "Equipment and supplies", 
    "Fire prevention", 
    "Foreign trade and international finance", 
    "Glass and glass industry", 
    "Tariff"
  ], 
  "subjects_top_term": "Foreign trade and international finance", 
  "summary": {
    "as": "Introduced", 
    "date": "2005-04-28", 
    "text": "Amends the Harmonized Tariff Schedule of the United States to suspend, through December 31, 2008, the duty on glass bulbs, designed for sprinkler systems and other release devices, filled with liquid that expands and breaks the bulb at a release temperature predetermined by the manufacturer."
  }, 
  "titles": [
    {
      "as": "introduced", 
      "title": "To suspend temporarily the duty on glass bulbs, designed for sprinkler systems and other release devices, filled with liquid that expands and breaks the bulb at a release temperature predetermined by the manufacturer.", 
      "type": "official"
    }
  ], 
  "updated_at": "2013-02-02T20:40:03-05:00"
}