{
  "actions": [
    {
      "acted_at": "2005-01-04", 
      "committee": "Committee on the Judiciary, and in addition to the Committees on Transportation and Infrastructure, Ways and Means, and Homeland Security (Select), for a period to be subsequently determined by the Speaker, in each case for consideration of such provisions as fall within the jurisdiction of the committee concerned", 
      "references": [], 
      "status": "REFERRED", 
      "text": "Referred to the Committee on the Judiciary, and in addition to the Committees on Transportation and Infrastructure, Ways and Means, and Homeland Security (Select), for a period to be subsequently determined by the Speaker, in each case for consideration of such provisions as fall within the jurisdiction of the committee concerned.", 
      "type": "referral"
    }, 
    {
      "acted_at": "2005-01-04", 
      "committee": "House Judiciary", 
      "references": [], 
      "text": "Referred to House Judiciary", 
      "type": "referral"
    }, 
    {
      "acted_at": "2005-01-04", 
      "committee": "House Transportation and Infrastructure", 
      "references": [], 
      "text": "Referred to House Transportation and Infrastructure", 
      "type": "referral"
    }, 
    {
      "acted_at": "2005-01-04", 
      "committee": "House Ways and Means", 
      "references": [], 
      "text": "Referred to House Ways and Means", 
      "type": "referral"
    }, 
    {
      "acted_at": "2005-01-04", 
      "committee": "House Homeland Security", 
      "references": [], 
      "text": "Referred to House Homeland Security", 
      "type": "referral"
    }, 
    {
      "acted_at": "2005-01-05", 
      "in_committee": "House Transportation and Infrastructure", 
      "references": [], 
      "subcommittee": "Coast Guard and Maritime Transportation", 
      "text": "Referred to the Subcommittee on Coast Guard and Maritime Transportation.", 
      "type": "referral"
    }, 
    {
      "acted_at": "2005-01-31", 
      "in_committee": "House Ways and Means", 
      "references": [], 
      "subcommittee": "Trade", 
      "text": "Referred to the Subcommittee on Trade.", 
      "type": "referral"
    }, 
    {
      "acted_at": "2005-02-18", 
      "in_committee": "House Homeland Security", 
      "references": [], 
      "subcommittee": "Economic Security, infrastructure Protection, and Cybersecurity", 
      "text": "Referred to the Subcommittee on Economic Security, infrastructure Protection, and Cybersecurity.", 
      "type": "referral"
    }, 
    {
      "acted_at": "2005-03-02", 
      "in_committee": "House Judiciary", 
      "references": [], 
      "subcommittee": "Crime, Terrorism, and Homeland Security", 
      "text": "Referred to the Subcommittee on Crime, Terrorism, and Homeland Security.", 
      "type": "referral"
    }
  ], 
  "amendments": [], 
  "bill_id": "hr173-109", 
  "bill_type": "hr", 
  "committees": [
    {
      "activity": [
        "referral", 
        "in committee"
      ], 
      "committee": "House Judiciary", 
      "committee_id": "HSJU"
    }, 
    {
      "activity": [
        "referral"
      ], 
      "committee": "House Judiciary", 
      "committee_id": "HSJU", 
      "subcommittee": "Subcommittee on Crime, Terrorism, and Homeland Security", 
      "subcommittee_id": "08"
    }, 
    {
      "activity": [
        "referral", 
        "in committee"
      ], 
      "committee": "House Transportation and Infrastructure", 
      "committee_id": "HSPW"
    }, 
    {
      "activity": [
        "referral"
      ], 
      "committee": "House Transportation and Infrastructure", 
      "committee_id": "HSPW", 
      "subcommittee": "Subcommittee on Coast Guard and Maritime Transportation", 
      "subcommittee_id": "07"
    }, 
    {
      "activity": [
        "referral", 
        "in committee"
      ], 
      "committee": "House Ways and Means", 
      "committee_id": "HSWM"
    }, 
    {
      "activity": [
        "referral"
      ], 
      "committee": "House Ways and Means", 
      "committee_id": "HSWM", 
      "subcommittee": "Subcommittee on Trade", 
      "subcommittee_id": "04"
    }, 
    {
      "activity": [
        "referral", 
        "in committee"
      ], 
      "committee": "House Homeland Security", 
      "committee_id": "HSHM"
    }, 
    {
      "activity": [
        "referral"
      ], 
      "committee": "House Homeland Security", 
      "committee_id": "HSHM", 
      "subcommittee": "Subcommittee on Economic Security, Infrastructure Protection, and Cybersecurity", 
      "subcommittee_id": "07"
    }
  ], 
  "congress": "109", 
  "cosponsors": [], 
  "enacted_as": null, 
  "history": {
    "awaiting_signature": false, 
    "enacted": false, 
    "vetoed": false
  }, 
  "introduced_at": "2005-01-04", 
  "number": "173", 
  "official_title": "To prevent and respond to terrorism and crime at or through ports.", 
  "popular_title": null, 
  "related_bills": [], 
  "short_title": "Anti-Terrorism and Port Security Act of 2005", 
  "sponsor": {
    "district": "37", 
    "name": "Millender-McDonald, Juanita", 
    "state": "CA", 
    "thomas_id": "00805", 
    "title": "Rep", 
    "type": "person"
  }, 
  "status": "REFERRED", 
  "status_at": "2005-01-04", 
  "subjects": [
    "Administrative procedure", 
    "Alien labor", 
    "Armed forces and national security", 
    "Arrest", 
    "Arson", 
    "Assault", 
    "Bombings", 
    "Business records", 
    "Canals", 
    "Capital punishment", 
    "Coast guard", 
    "Commerce", 
    "Common carriers", 
    "Congress", 
    "Congressional reporting requirements", 
    "Conspiracy", 
    "Containerization", 
    "Crime and law enforcement", 
    "Criminal justice information", 
    "Criminal negligence", 
    "Customs administration", 
    "Data banks", 
    "Department of Homeland Security", 
    "Department of Justice", 
    "Department of Transportation", 
    "Destruction of property", 
    "Driver licenses", 
    "Electronic data interchange", 
    "Embezzlement", 
    "Emergency management", 
    "Energy", 
    "Environmental protection", 
    "Evidence (Law)", 
    "Explosives", 
    "Federal aid to transportation", 
    "Federal law enforcement officers", 
    "Federal-local relations", 
    "Federal-state relations", 
    "Finance and financial sector", 
    "Fines (Penalties)", 
    "Foreign trade and international finance", 
    "Fraud", 
    "Freight", 
    "Government operations and politics", 
    "Government paperwork", 
    "Harbors", 
    "Identification devices", 
    "Immigration", 
    "Informers", 
    "International affairs", 
    "Labor and employment", 
    "Larceny", 
    "Law", 
    "Liability for environmental damages", 
    "Licenses", 
    "Liens", 
    "Lighting", 
    "Maps", 
    "Marine and coastal resources, fisheries", 
    "Marine pollution", 
    "Marine safety", 
    "Marine terminals", 
    "Merchant seamen", 
    "Merchant ships", 
    "Motor vehicle registration", 
    "Nuclear fuels", 
    "Nuclear terrorism", 
    "Obstruction of justice", 
    "Oil pollution", 
    "Passenger ships", 
    "Prosecution", 
    "Radiation", 
    "Radioactive wastes", 
    "Receiving stolen goods", 
    "Rescue work", 
    "Sabotage", 
    "Science, technology, communications", 
    "Searches and seizures", 
    "Security measures", 
    "Sentences (Criminal procedure)", 
    "Sentencing guidelines", 
    "Ships", 
    "St. Lawrence Seaway", 
    "Standards", 
    "Territorial waters", 
    "Terrorism", 
    "Transportation and public works", 
    "Transportation of hazardous substances", 
    "U.S. Sentencing Commission", 
    "Violence", 
    "Waste disposal in the ocean", 
    "Weapons"
  ], 
  "subjects_top_term": "Transportation and public works", 
  "summary": {
    "as": "Introduced", 
    "date": "2005-01-04", 
    "text": "Anti-Terrorism and Port Security Act of 2005 - Amends the Federal criminal code to make it unlawful to: (1) destroy or interfere with vessels or maritime facilities; (2) put destructive devices in U.S. waters; (3) use a dangerous weapon or explosive to try to kill someone on board a passenger vessel; (4) fail to heave to a vessel at the direction of an authorized Federal law enforcement official; (5) destroy an aid to maritime navigation maintained by the Saint Lawrence Seaway Development Corporation or the Coast Guard if this would endanger safe navigation; or (6) knowingly discharge or release a hazardous substance into U.S. navigable waters or the adjoining shoreline with intent to endanger human life, health, or welfare. Revises piracy and privateering laws, increasing penalties. Requires the Attorney General to coordinate port-related crime data collection. Designates the Captain-of-the-Port as the primary authority for seaport security at each port. Amends the Tariff Act of 1930 to establish criminal penalties for violations of prohibitions against falsity or lack of a cargo manifest, and increases civil penalties. Directs the Secretary of Homeland Security to: (1) develop a shipment profiling plan to track containers and shipments of merchandise to be imported; (2) submit to Congress a plan for inspecting merchandise and their transportation containers at foreign facilities before importation; (3) issue final regulations prescribing seaport security requirements; and (4) approve minimum standards for high security container seals and award grants to seal developers. Requires Captains-of-the-Port to secure and protect all sensitive information."
  }, 
  "titles": [
    {
      "as": "introduced", 
      "title": "Anti-Terrorism and Port Security Act of 2005", 
      "type": "short"
    }, 
    {
      "as": "introduced", 
      "title": "To prevent and respond to terrorism and crime at or through ports.", 
      "type": "official"
    }
  ], 
  "updated_at": "2013-02-02T20:39:09-05:00"
}