{
  "actions": [
    {
      "acted_at": "2006-09-26", 
      "committee": "House Committee on Rules", 
      "references": [], 
      "status": "REFERRED", 
      "text": "Referred to the House Committee on Rules.", 
      "type": "referral"
    }
  ], 
  "amendments": [], 
  "bill_id": "hr6176-109", 
  "bill_type": "hr", 
  "committees": [
    {
      "activity": [
        "referral", 
        "in committee"
      ], 
      "committee": "House Rules", 
      "committee_id": "HSRU"
    }
  ], 
  "congress": "109", 
  "cosponsors": [
    {
      "district": "2", 
      "name": "Akin, W. Todd", 
      "sponsored_at": "2006-09-26", 
      "state": "MO", 
      "thomas_id": "01655", 
      "title": "Rep", 
      "withdrawn_at": null
    }, 
    {
      "district": "3", 
      "name": "Barrett, J. Gresham", 
      "sponsored_at": "2006-09-26", 
      "state": "SC", 
      "thomas_id": "01745", 
      "title": "Rep", 
      "withdrawn_at": null
    }, 
    {
      "district": "48", 
      "name": "Campbell, John", 
      "sponsored_at": "2006-09-26", 
      "state": "CA", 
      "thomas_id": "01816", 
      "title": "Rep", 
      "withdrawn_at": null
    }, 
    {
      "district": "2", 
      "name": "Chocola, Chris", 
      "sponsored_at": "2006-09-26", 
      "state": "IN", 
      "thomas_id": "01726", 
      "title": "Rep", 
      "withdrawn_at": null
    }, 
    {
      "district": null, 
      "name": "Cubin, Barbara", 
      "sponsored_at": "2006-09-26", 
      "state": "WY", 
      "thomas_id": "00254", 
      "title": "Rep", 
      "withdrawn_at": null
    }, 
    {
      "district": "24", 
      "name": "Feeney, Tom", 
      "sponsored_at": "2006-09-26", 
      "state": "FL", 
      "thomas_id": "01716", 
      "title": "Rep", 
      "withdrawn_at": null
    }, 
    {
      "district": "6", 
      "name": "Flake, Jeff", 
      "sponsored_at": "2006-09-26", 
      "state": "AZ", 
      "thomas_id": "01633", 
      "title": "Rep", 
      "withdrawn_at": null
    }, 
    {
      "district": null, 
      "name": "Fortuno, Luis G.", 
      "sponsored_at": "2006-09-26", 
      "state": "PR", 
      "thomas_id": "01800", 
      "title": "Rep", 
      "withdrawn_at": null
    }, 
    {
      "district": "5", 
      "name": "Foxx, Virginia", 
      "sponsored_at": "2006-09-26", 
      "state": "NC", 
      "thomas_id": "01791", 
      "title": "Rep", 
      "withdrawn_at": null
    }, 
    {
      "district": "5", 
      "name": "Garrett, Scott", 
      "sponsored_at": "2006-09-26", 
      "state": "NJ", 
      "thomas_id": "01737", 
      "title": "Rep", 
      "withdrawn_at": null
    }, 
    {
      "district": "11", 
      "name": "Gingrey, Phil", 
      "sponsored_at": "2006-09-26", 
      "state": "GA", 
      "thomas_id": "01720", 
      "title": "Rep", 
      "withdrawn_at": null
    }, 
    {
      "district": "1", 
      "name": "Gutknecht, Gil", 
      "sponsored_at": "2006-09-26", 
      "state": "MN", 
      "thomas_id": "00479", 
      "title": "Rep", 
      "withdrawn_at": null
    }, 
    {
      "district": "4", 
      "name": "Hart, Melissa A.", 
      "sponsored_at": "2006-09-26", 
      "state": "PA", 
      "thomas_id": "01666", 
      "title": "Rep", 
      "withdrawn_at": null
    }, 
    {
      "district": "5", 
      "name": "Hensarling, Jeb", 
      "sponsored_at": "2006-09-26", 
      "state": "TX", 
      "thomas_id": "01749", 
      "title": "Rep", 
      "withdrawn_at": null
    }, 
    {
      "district": "3", 
      "name": "Johnson, Sam", 
      "sponsored_at": "2006-09-26", 
      "state": "TX", 
      "thomas_id": "00603", 
      "title": "Rep", 
      "withdrawn_at": null
    }, 
    {
      "district": "29", 
      "name": "Kuhl, John R. \"Randy\", Jr.", 
      "sponsored_at": "2006-09-26", 
      "state": "NY", 
      "thomas_id": "01795", 
      "title": "Rep", 
      "withdrawn_at": null
    }, 
    {
      "district": "24", 
      "name": "Marchant, Kenny", 
      "sponsored_at": "2006-09-26", 
      "state": "TX", 
      "thomas_id": "01806", 
      "title": "Rep", 
      "withdrawn_at": null
    }, 
    {
      "district": "10", 
      "name": "McHenry, Patrick T.", 
      "sponsored_at": "2006-09-26", 
      "state": "NC", 
      "thomas_id": "01792", 
      "title": "Rep", 
      "withdrawn_at": null
    }, 
    {
      "district": "1", 
      "name": "Miller, Jeff", 
      "sponsored_at": "2006-09-28", 
      "state": "FL", 
      "thomas_id": "01685", 
      "title": "Rep", 
      "withdrawn_at": null
    }, 
    {
      "district": "4", 
      "name": "Musgrave, Marilyn N.", 
      "sponsored_at": "2006-09-26", 
      "state": "CO", 
      "thomas_id": "01711", 
      "title": "Rep", 
      "withdrawn_at": null
    }, 
    {
      "district": "16", 
      "name": "Pitts, Joseph R.", 
      "sponsored_at": "2006-09-26", 
      "state": "PA", 
      "thomas_id": "01514", 
      "title": "Rep", 
      "withdrawn_at": null
    }, 
    {
      "district": "2", 
      "name": "Poe, Ted", 
      "sponsored_at": "2006-09-26", 
      "state": "TX", 
      "thomas_id": "01802", 
      "title": "Rep", 
      "withdrawn_at": null
    }, 
    {
      "district": "46", 
      "name": "Rohrabacher, Dana", 
      "sponsored_at": "2006-09-26", 
      "state": "CA", 
      "thomas_id": "00979", 
      "title": "Rep", 
      "withdrawn_at": null
    }, 
    {
      "district": "1", 
      "name": "Ryan, Paul", 
      "sponsored_at": "2006-09-26", 
      "state": "WI", 
      "thomas_id": "01560", 
      "title": "Rep", 
      "withdrawn_at": null
    }, 
    {
      "district": "2", 
      "name": "Ryun, Jim", 
      "sponsored_at": "2006-09-26", 
      "state": "KS", 
      "thomas_id": "01521", 
      "title": "Rep", 
      "withdrawn_at": null
    }, 
    {
      "district": "9", 
      "name": "Sodrel, Michael E.", 
      "sponsored_at": "2006-09-26", 
      "state": "IN", 
      "thomas_id": "01783", 
      "title": "Rep", 
      "withdrawn_at": null
    }, 
    {
      "district": "8", 
      "name": "Westmoreland, Lynn A.", 
      "sponsored_at": "2006-09-26", 
      "state": "GA", 
      "thomas_id": "01779", 
      "title": "Rep", 
      "withdrawn_at": null
    }
  ], 
  "enacted_as": null, 
  "history": {
    "awaiting_signature": false, 
    "enacted": false, 
    "vetoed": false
  }, 
  "introduced_at": "2006-09-26", 
  "number": "6176", 
  "official_title": "To establish requirements for the consideration of supplemental appropriation bills.", 
  "popular_title": null, 
  "related_bills": [], 
  "short_title": null, 
  "sponsor": {
    "district": "19", 
    "name": "Neugebauer, Randy", 
    "state": "TX", 
    "thomas_id": "01758", 
    "title": "Rep", 
    "type": "person"
  }, 
  "status": "REFERRED", 
  "status_at": "2006-09-26", 
  "subjects": [
    "Authorization", 
    "Congress", 
    "Congressional reporting requirements", 
    "Economics and public finance", 
    "Emergency management", 
    "House rules and procedure", 
    "Legislation", 
    "Legislative resolutions", 
    "Senate rules and procedure", 
    "Supplemental appropriations"
  ], 
  "subjects_top_term": "Congress", 
  "summary": {
    "as": "Introduced", 
    "date": "2006-09-26", 
    "text": "Makes it out of order in the House of Representatives or the Senate to consider any measure making supplemental appropriations for two or more unrelated emergencies. Prohibits any provisions containing spending that is not designated as emergency spending from being reported in a measure making supplemental appropriations. Makes it out of order in the House or the Senate to consider: (1) the conference report on a measure making supplemental appropriations if such measure contains such spending; or (2) any bill, joint resolution, or conference report if the accompanying report or joint statement of managers does not comply with this Act. Requires the Committee on Appropriations or any other House or Senate committee that reports any bill or joint resolution that provides budget authority for any emergency, the accompanying report, or the joint explanatory statement accompanying the conference report on the measure to: (1) identify all provisions that provide budget authority and the resulting outlays for such emergency; (2) state the reasons why such budget authority meets the definition of an emergency; and (3) justify why such funding is in a supplemental appropriation and not the regular appropriation for the next fiscal year. Prohibits a provision containing an earmark from being reported in a measure making supplemental appropriations. Makes it out of order in the House or the Senate to consider the conference report on any measure making supplemental appropriations containing earmarks."
  }, 
  "titles": [
    {
      "as": "introduced", 
      "title": "To establish requirements for the consideration of supplemental appropriation bills.", 
      "type": "official"
    }
  ], 
  "updated_at": "2013-02-02T20:41:57-05:00"
}