{
  "actions": [
    {
      "acted_at": "2005-02-15", 
      "committee": "House Committee on Financial Services", 
      "references": [], 
      "status": "REFERRED", 
      "text": "Referred to the House Committee on Financial Services.", 
      "type": "referral"
    }, 
    {
      "acted_at": "2005-04-07", 
      "in_committee": "House Committee on Financial Services", 
      "references": [], 
      "subcommittee": "Financial Institutions and Consumer Credit", 
      "text": "Referred to the Subcommittee on Financial Institutions and Consumer Credit.", 
      "type": "referral"
    }
  ], 
  "amendments": [], 
  "bill_id": "hr833-109", 
  "bill_type": "hr", 
  "committees": [
    {
      "activity": [
        "referral", 
        "in committee"
      ], 
      "committee": "House Financial Services", 
      "committee_id": "HSBA"
    }, 
    {
      "activity": [
        "referral"
      ], 
      "committee": "House Financial Services", 
      "committee_id": "HSBA", 
      "subcommittee": "Subcommittee on Financial Institutions and Consumer Credit", 
      "subcommittee_id": "15"
    }
  ], 
  "congress": "109", 
  "cosponsors": [], 
  "enacted_as": null, 
  "history": {
    "awaiting_signature": false, 
    "enacted": false, 
    "vetoed": false
  }, 
  "introduced_at": "2005-02-15", 
  "number": "833", 
  "official_title": "To amend the Truth in Lending Act to require a store in which a consumer may apply to open a credit or charge card account to display a sign, at each location where the application may be made, containing the same information required by such Act to be prominently placed in a tabular format on the application.", 
  "popular_title": null, 
  "related_bills": [], 
  "short_title": null, 
  "sponsor": {
    "district": "9", 
    "name": "Weiner, Anthony D.", 
    "state": "NY", 
    "thomas_id": "01597", 
    "title": "Rep", 
    "type": "person"
  }, 
  "status": "REFERRED", 
  "status_at": "2005-02-15", 
  "subjects": [
    "Commerce", 
    "Consumer credit", 
    "Consumer education", 
    "Credit cards", 
    "Federal preemption", 
    "Finance and financial sector", 
    "Finance charges", 
    "Government operations and politics", 
    "Graphs and charts", 
    "Interest rates", 
    "Retail trade", 
    "Signs and signboards", 
    "State laws"
  ], 
  "subjects_top_term": "Finance and financial sector", 
  "summary": {
    "as": "Introduced", 
    "date": "2005-02-15", 
    "text": "Amends the Truth in Lending Act to require any person selling personal property to consumers on a business premises to display conspicuously, at each location on the premises where a credit or charge card account may be submitted by a consumer, a sign that contains the same information required by the Act to be prominently placed in tabular format on the account application itself."
  }, 
  "titles": [
    {
      "as": "introduced", 
      "title": "To amend the Truth in Lending Act to require a store in which a consumer may apply to open a credit or charge card account to display a sign, at each location where the application may be made, containing the same information required by such Act to be prominently placed in a tabular format on the application.", 
      "type": "official"
    }
  ], 
  "updated_at": "2013-02-02T20:39:29-05:00"
}