{
  "actions": [
    {
      "acted_at": "2005-11-18", 
      "committee": "Committee on the Judiciary, and in addition to the Committee on Agriculture, for a period to be subsequently determined by the Speaker, in each case for consideration of such provisions as fall within the jurisdiction of the committee concerned", 
      "references": [], 
      "status": "REFERRED", 
      "text": "Referred to the Committee on the Judiciary, and in addition to the Committee on Agriculture, for a period to be subsequently determined by the Speaker, in each case for consideration of such provisions as fall within the jurisdiction of the committee concerned.", 
      "type": "referral"
    }, 
    {
      "acted_at": "2005-11-18", 
      "committee": "House Judiciary", 
      "references": [], 
      "text": "Referred to House Judiciary", 
      "type": "referral"
    }, 
    {
      "acted_at": "2005-11-18", 
      "committee": "House Agriculture", 
      "references": [], 
      "text": "Referred to House Agriculture", 
      "type": "referral"
    }, 
    {
      "acted_at": "2005-11-30", 
      "in_committee": "House Agriculture", 
      "references": [], 
      "subcommittee": "Department Operations, Oversight, Nutrition and Forestry", 
      "text": "Referred to the Subcommittee on Department Operations, Oversight, Nutrition and Forestry.", 
      "type": "referral"
    }, 
    {
      "acted_at": "2006-02-06", 
      "in_committee": "House Judiciary", 
      "references": [], 
      "subcommittee": "Immigration, Border Security, and Claims", 
      "text": "Referred to the Subcommittee on Immigration, Border Security, and Claims.", 
      "type": "referral"
    }
  ], 
  "amendments": [], 
  "bill_id": "hr4398-109", 
  "bill_type": "hr", 
  "committees": [
    {
      "activity": [
        "referral", 
        "in committee"
      ], 
      "committee": "House Judiciary", 
      "committee_id": "HSJU"
    }, 
    {
      "activity": [
        "referral"
      ], 
      "committee": "House Judiciary", 
      "committee_id": "HSJU", 
      "subcommittee": "Subcommittee on Immigration, Border Security, and Claims", 
      "subcommittee_id": "01"
    }, 
    {
      "activity": [
        "referral", 
        "in committee"
      ], 
      "committee": "House Agriculture", 
      "committee_id": "HSAG"
    }, 
    {
      "activity": [
        "referral"
      ], 
      "committee": "House Agriculture", 
      "committee_id": "HSAG", 
      "subcommittee": "Subcommittee on Department Operations, Oversight, Dairy, Nutrition, and Forestry", 
      "subcommittee_id": "22"
    }
  ], 
  "congress": "109", 
  "cosponsors": [
    {
      "district": "43", 
      "name": "Baca, Joe", 
      "sponsored_at": "2005-12-06", 
      "state": "CA", 
      "thomas_id": "01614", 
      "title": "Rep", 
      "withdrawn_at": null
    }, 
    {
      "district": "6", 
      "name": "Bachus, Spencer", 
      "sponsored_at": "2006-05-16", 
      "state": "AL", 
      "thomas_id": "00038", 
      "title": "Rep", 
      "withdrawn_at": null
    }, 
    {
      "district": "2", 
      "name": "Bishop, Sanford D., Jr.", 
      "sponsored_at": "2005-11-18", 
      "state": "GA", 
      "thomas_id": "00091", 
      "title": "Rep", 
      "withdrawn_at": null
    }, 
    {
      "district": "1", 
      "name": "Butterfield, G. K.", 
      "sponsored_at": "2005-11-18", 
      "state": "NC", 
      "thomas_id": "01761", 
      "title": "Rep", 
      "withdrawn_at": null
    }, 
    {
      "district": "1", 
      "name": "Clay, Wm. Lacy", 
      "sponsored_at": "2006-02-28", 
      "state": "MO", 
      "thomas_id": "01654", 
      "title": "Rep", 
      "withdrawn_at": null
    }, 
    {
      "district": "14", 
      "name": "Conyers, John, Jr.", 
      "sponsored_at": "2006-11-14", 
      "state": "MI", 
      "thomas_id": "00229", 
      "title": "Rep", 
      "withdrawn_at": null
    }, 
    {
      "district": "9", 
      "name": "Ford, Harold E., Jr.", 
      "sponsored_at": "2006-04-04", 
      "state": "TN", 
      "thomas_id": "01483", 
      "title": "Rep", 
      "withdrawn_at": null
    }, 
    {
      "district": "3", 
      "name": "Moore, Dennis", 
      "sponsored_at": "2006-04-25", 
      "state": "KS", 
      "thomas_id": "01561", 
      "title": "Rep", 
      "withdrawn_at": null
    }, 
    {
      "district": "4", 
      "name": "Ross, Mike", 
      "sponsored_at": "2006-09-06", 
      "state": "AR", 
      "thomas_id": "01632", 
      "title": "Rep", 
      "withdrawn_at": null
    }, 
    {
      "district": "13", 
      "name": "Scott, David", 
      "sponsored_at": "2005-12-06", 
      "state": "GA", 
      "thomas_id": "01722", 
      "title": "Rep", 
      "withdrawn_at": null
    }, 
    {
      "district": "2", 
      "name": "Thompson, Bennie G.", 
      "sponsored_at": "2005-12-06", 
      "state": "MS", 
      "thomas_id": "01151", 
      "title": "Rep", 
      "withdrawn_at": null
    }, 
    {
      "district": "8", 
      "name": "Van Hollen, Chris", 
      "sponsored_at": "2006-02-01", 
      "state": "MD", 
      "thomas_id": "01729", 
      "title": "Rep", 
      "withdrawn_at": null
    }
  ], 
  "enacted_as": null, 
  "history": {
    "awaiting_signature": false, 
    "enacted": false, 
    "vetoed": false
  }, 
  "introduced_at": "2005-11-18", 
  "number": "4398", 
  "official_title": "To provide relief for African-American farmers filing claims in the cases of Pigford v. Veneman and Brewington v. Veneman.", 
  "popular_title": null, 
  "related_bills": [
    {
      "bill_id": "hr3998-109", 
      "reason": "related"
    }, 
    {
      "bill_id": "hr5575-109", 
      "reason": "related"
    }
  ], 
  "short_title": "African-American Farmers Benefits Relief Act of 2005", 
  "sponsor": {
    "district": "7", 
    "name": "Davis, Artur", 
    "state": "AL", 
    "thomas_id": "01705", 
    "title": "Rep", 
    "type": "person"
  }, 
  "status": "REFERRED", 
  "status_at": "2005-11-18", 
  "subjects": [
    "Agricultural credit", 
    "Agriculture and food", 
    "Blacks", 
    "Civil rights and liberties, minority issues", 
    "Claims", 
    "Class actions (Civil procedure)", 
    "Commercial arbitration", 
    "Consent decrees", 
    "Electronic government information", 
    "Farmers", 
    "Finance and financial sector", 
    "Foreclosure", 
    "Government operations and politics", 
    "Government paperwork", 
    "Government publicity", 
    "Law", 
    "Limitation of actions", 
    "Minorities", 
    "Public service advertising", 
    "Racial discrimination", 
    "Science, technology, communications"
  ], 
  "subjects_top_term": "Agriculture and food", 
  "summary": {
    "as": "Introduced", 
    "date": "2005-11-18", 
    "text": "African-American Farmers Benefits Relief Act of 2005 - Provides de novo review for qualifying claims filed under the consolidated class action action lawsuits of Pigford v. Veneman and Brewington v. Veneman."
  }, 
  "titles": [
    {
      "as": "introduced", 
      "title": "African-American Farmers Benefits Relief Act of 2005", 
      "type": "short"
    }, 
    {
      "as": "introduced", 
      "title": "To provide relief for African-American farmers filing claims in the cases of Pigford v. Veneman and Brewington v. Veneman.", 
      "type": "official"
    }
  ], 
  "updated_at": "2013-02-02T20:41:06-05:00"
}