{
  "actions": [
    {
      "acted_at": "2005-09-07", 
      "committee": "House Committee on Financial Services", 
      "references": [], 
      "status": "REFERRED", 
      "text": "Referred to the House Committee on Financial Services.", 
      "type": "referral"
    }, 
    {
      "acted_at": "2005-09-08T11:56:00-04:00", 
      "references": [], 
      "text": "Mr. Ney moved to suspend the rules and pass the bill.", 
      "type": "action"
    }, 
    {
      "acted_at": "2005-09-08T11:56:00-04:00", 
      "references": [
        {
          "reference": "CR H7759-7763", 
          "type": "consideration"
        }
      ], 
      "text": "Considered under suspension of the rules.", 
      "type": "action"
    }, 
    {
      "acted_at": "2005-09-08T11:56:00-04:00", 
      "references": [], 
      "text": "DEBATE - The House proceeded with forty minutes of debate on H.R. 3669.", 
      "type": "action"
    }, 
    {
      "acted_at": "2005-09-08T12:25:00-04:00", 
      "references": [], 
      "text": "At the conclusion of debate, the Yeas and Nays were demanded and ordered. Pursuant to the provisions of clause 8, rule XX, the Chair announced that further proceedings on the motion would be postponed.", 
      "type": "action"
    }, 
    {
      "acted_at": "2005-09-08T15:46:00-04:00", 
      "references": [
        {
          "reference": "CR H7786", 
          "type": "consideration"
        }
      ], 
      "text": "Considered as unfinished business.", 
      "type": "action"
    }, 
    {
      "acted_at": "2005-09-08T15:55:00-04:00", 
      "how": "roll", 
      "references": [
        {
          "reference": "CR H7759", 
          "type": "text"
        }
      ], 
      "result": "pass", 
      "roll": "461", 
      "status": "PASS_OVER:HOUSE", 
      "suspension": true, 
      "text": "On motion to suspend the rules and pass the bill Agreed to by the Yeas and Nays: (2/3 required): 416 - 0 (Roll no. 461).", 
      "type": "vote", 
      "vote_type": "vote", 
      "where": "h"
    }, 
    {
      "acted_at": "2005-09-08T15:55:00-04:00", 
      "references": [], 
      "text": "Motion to reconsider laid on the table Agreed to without objection.", 
      "type": "action"
    }, 
    {
      "acted_at": "2005-09-08", 
      "references": [], 
      "text": "Received in the Senate, read twice.", 
      "type": "action"
    }, 
    {
      "acted_at": "2005-09-12", 
      "how": "by Unanimous Consent", 
      "references": [
        {
          "reference": "CR S9941-9942", 
          "type": "consideration"
        }
      ], 
      "result": "pass", 
      "status": "PASSED:BILL", 
      "text": "Passed Senate without amendment by Unanimous Consent.", 
      "type": "vote", 
      "vote_type": "vote2", 
      "where": "s"
    }, 
    {
      "acted_at": "2005-09-12", 
      "references": [], 
      "text": "Cleared for White House.", 
      "type": "topresident"
    }, 
    {
      "acted_at": "2005-09-13", 
      "references": [], 
      "text": "Message on Senate action sent to the House.", 
      "type": "action"
    }, 
    {
      "acted_at": "2005-09-15", 
      "references": [], 
      "text": "Presented to President.", 
      "type": "topresident"
    }, 
    {
      "acted_at": "2005-09-20", 
      "references": [], 
      "text": "Signed by President.", 
      "type": "signed"
    }, 
    {
      "acted_at": "2005-09-20", 
      "congress": "109", 
      "law": "public", 
      "number": "65", 
      "references": [], 
      "status": "ENACTED:SIGNED", 
      "text": "Became Public Law No: 109-65.", 
      "type": "enacted"
    }, 
    {
      "acted_at": "2006-02-15", 
      "references": [
        {
          "reference": "CR H290", 
          "type": null
        }
      ], 
      "text": "Sponsor introductory remarks on measure.", 
      "type": "action"
    }
  ], 
  "amendments": [], 
  "bill_id": "hr3669-109", 
  "bill_type": "hr", 
  "committees": [
    {
      "activity": [
        "referral"
      ], 
      "committee": "House Financial Services", 
      "committee_id": "HSBA"
    }
  ], 
  "congress": "109", 
  "cosponsors": [
    {
      "district": "6", 
      "name": "Baker, Richard H.", 
      "sponsored_at": "2005-09-07", 
      "state": "LA", 
      "thomas_id": "00047", 
      "title": "Rep", 
      "withdrawn_at": null
    }, 
    {
      "district": "5", 
      "name": "Brown-Waite, Ginny", 
      "sponsored_at": "2005-09-07", 
      "state": "FL", 
      "thomas_id": "01713", 
      "title": "Rep", 
      "withdrawn_at": null
    }, 
    {
      "district": "7", 
      "name": "Davis, Artur", 
      "sponsored_at": "2005-09-07", 
      "state": "AL", 
      "thomas_id": "01705", 
      "title": "Rep", 
      "withdrawn_at": null
    }, 
    {
      "district": "35", 
      "name": "Waters, Maxine", 
      "sponsored_at": "2005-09-07", 
      "state": "CA", 
      "thomas_id": "01205", 
      "title": "Rep", 
      "withdrawn_at": null
    }
  ], 
  "enacted_as": {
    "congress": "109", 
    "law_type": "public", 
    "number": "65"
  }, 
  "history": {
    "awaiting_signature": false, 
    "enacted": true, 
    "enacted_at": "2006-02-15", 
    "house_passage_result": "pass", 
    "house_passage_result_at": "2005-09-08T15:55:00-04:00", 
    "senate_passage_result": "pass", 
    "senate_passage_result_at": "2005-09-12", 
    "vetoed": false
  }, 
  "introduced_at": "2005-09-07", 
  "number": "3669", 
  "official_title": "To temporarily increase the borrowing authority of the Federal Emergency Management Agency for carrying out the national flood insurance program.", 
  "popular_title": null, 
  "related_bills": [
    {
      "bill_id": "hr4133-109", 
      "reason": "related"
    }, 
    {
      "bill_id": "s2275-109", 
      "reason": "related"
    }
  ], 
  "short_title": "National Flood Insurance Program Enhanced Borrowing Authority Act of 2005", 
  "sponsor": {
    "district": "18", 
    "name": "Ney, Robert W.", 
    "state": "OH", 
    "thomas_id": "00862", 
    "title": "Rep", 
    "type": "person"
  }, 
  "status": "ENACTED:SIGNED", 
  "status_at": "2005-09-20", 
  "subjects": [
    "Department of Homeland Security", 
    "Disaster insurance", 
    "Economics and public finance", 
    "Emergency management", 
    "Federal Emergency Management Agency", 
    "Finance and financial sector", 
    "Floods", 
    "Government operations and politics", 
    "Government securities", 
    "Hurricane aftermath legislation"
  ], 
  "subjects_top_term": "Emergency management", 
  "summary": {
    "as": "Public Law", 
    "date": "2005-09-20", 
    "text": "National Flood Insurance Program Enhanced Borrowing Authority Act of 2005 - Amends the National Flood Insurance Act of 1968 to increase from $1.5 billion to $3.5 billion, through FY2008, the total amount which the Director of the Federal Emergency Management Agency (FEMA) may borrow from the Secretary of the Treasury with the President's approval to carry out the flood insurance program."
  }, 
  "titles": [
    {
      "as": "introduced", 
      "title": "National Flood Insurance Program Enhanced Borrowing Authority Act of 2005", 
      "type": "short"
    }, 
    {
      "as": "passed house", 
      "title": "National Flood Insurance Program Enhanced Borrowing Authority Act of 2005", 
      "type": "short"
    }, 
    {
      "as": "passed senate", 
      "title": "National Flood Insurance Program Enhanced Borrowing Authority Act of 2005", 
      "type": "short"
    }, 
    {
      "as": "enacted", 
      "title": "National Flood Insurance Program Enhanced Borrowing Authority Act of 2005", 
      "type": "short"
    }, 
    {
      "as": "introduced", 
      "title": "To temporarily increase the borrowing authority of the Federal Emergency Management Agency for carrying out the national flood insurance program.", 
      "type": "official"
    }
  ], 
  "updated_at": "2013-02-02T20:40:47-05:00"
}