{
  "actions": [
    {
      "acted_at": "2005-05-24", 
      "committee": "House Committee on Ways and Means", 
      "references": [], 
      "status": "REFERRED", 
      "text": "Referred to the House Committee on Ways and Means.", 
      "type": "referral"
    }, 
    {
      "acted_at": "2005-06-01", 
      "in_committee": "House Committee on Ways and Means", 
      "references": [], 
      "subcommittee": "Trade", 
      "text": "Referred to the Subcommittee on Trade.", 
      "type": "referral"
    }
  ], 
  "amendments": [], 
  "bill_id": "hr2603-109", 
  "bill_type": "hr", 
  "committees": [
    {
      "activity": [
        "referral", 
        "in committee"
      ], 
      "committee": "House Ways and Means", 
      "committee_id": "HSWM"
    }, 
    {
      "activity": [
        "referral"
      ], 
      "committee": "House Ways and Means", 
      "committee_id": "HSWM", 
      "subcommittee": "Subcommittee on Trade", 
      "subcommittee_id": "04"
    }
  ], 
  "congress": "109", 
  "cosponsors": [], 
  "enacted_as": null, 
  "history": {
    "awaiting_signature": false, 
    "enacted": false, 
    "vetoed": false
  }, 
  "introduced_at": "2005-05-24", 
  "number": "2603", 
  "official_title": "To reduce temporarily the duty on Cypermethrin Technical.", 
  "popular_title": null, 
  "related_bills": [], 
  "short_title": null, 
  "sponsor": {
    "district": "2", 
    "name": "Terry, Lee", 
    "state": "NE", 
    "thomas_id": "01566", 
    "title": "Rep", 
    "type": "person"
  }, 
  "status": "REFERRED", 
  "status_at": "2005-05-24", 
  "subjects": [
    "Agriculture and food", 
    "Environmental protection", 
    "Foreign trade and international finance", 
    "Pesticides", 
    "Tariff"
  ], 
  "subjects_top_term": "Foreign trade and international finance", 
  "summary": {
    "as": "Introduced", 
    "date": "2005-05-24", 
    "text": "Amends the Harmonized Tariff Schedule of the United States to eliminate the duty, through December 31, 2006, on A-cyano-(3-phenoxyphenyl)methyl-cis, trans-3-(2,2-dichloroethenyl)-2,2-dimethylcyclopropanecarboxylate (Cypermethrin Technical). Imposes a duty on such chemical on January 1, 2007, through December 31, 2007, and an increase in such duty on January 1, 2008, through December 31, 2008."
  }, 
  "titles": [
    {
      "as": "introduced", 
      "title": "To reduce temporarily the duty on Cypermethrin Technical.", 
      "type": "official"
    }
  ], 
  "updated_at": "2013-02-02T20:40:18-05:00"
}