{
  "actions": [
    {
      "acted_at": "2005-07-25", 
      "committee": "Committee on Resources, and in addition to the Committees on Agriculture, and Education and the Workforce, for a period to be subsequently determined by the Speaker, in each case for consideration of such provisions as fall within the jurisdiction of the committee concerned", 
      "references": [], 
      "status": "REFERRED", 
      "text": "Referred to the Committee on Resources, and in addition to the Committees on Agriculture, and Education and the Workforce, for a period to be subsequently determined by the Speaker, in each case for consideration of such provisions as fall within the jurisdiction of the committee concerned.", 
      "type": "referral"
    }, 
    {
      "acted_at": "2005-07-25", 
      "committee": "House Resources", 
      "references": [], 
      "text": "Referred to House Resources", 
      "type": "referral"
    }, 
    {
      "acted_at": "2005-07-25", 
      "committee": "House Agriculture", 
      "references": [], 
      "text": "Referred to House Agriculture", 
      "type": "referral"
    }, 
    {
      "acted_at": "2005-07-25", 
      "committee": "House Education and the Workforce", 
      "references": [], 
      "text": "Referred to House Education and the Workforce", 
      "type": "referral"
    }, 
    {
      "acted_at": "2005-08-04", 
      "in_committee": "House Agriculture", 
      "references": [], 
      "subcommittee": "Department Operations, Oversight, Nutrition and Forestry", 
      "text": "Referred to the Subcommittee on Department Operations, Oversight, Nutrition and Forestry.", 
      "type": "referral"
    }, 
    {
      "acted_at": "2005-08-08", 
      "in_committee": "House Resources", 
      "references": [], 
      "subcommittee": "Forests and Forest Health", 
      "text": "Referred to the Subcommittee on Forests and Forest Health.", 
      "type": "referral"
    }, 
    {
      "acted_at": "2005-08-08", 
      "in_committee": "House Resources", 
      "references": [], 
      "subcommittee": "National Parks", 
      "text": "Referred to the Subcommittee on National Parks.", 
      "type": "referral"
    }, 
    {
      "acted_at": "2005-08-08", 
      "in_committee": "House Resources", 
      "references": [], 
      "subcommittee": "Fisheries and Oceans", 
      "text": "Referred to the Subcommittee on Fisheries and Oceans.", 
      "type": "referral"
    }, 
    {
      "acted_at": "2005-10-12", 
      "in_committee": "House Education and the Workforce", 
      "references": [], 
      "subcommittee": "21st Century Competitiveness", 
      "text": "Referred to the Subcommittee on 21st Century Competitiveness.", 
      "type": "referral"
    }
  ], 
  "amendments": [], 
  "bill_id": "hr3420-109", 
  "bill_type": "hr", 
  "committees": [
    {
      "activity": [
        "referral", 
        "in committee"
      ], 
      "committee": "House Resources", 
      "committee_id": "HSII"
    }, 
    {
      "activity": [
        "referral"
      ], 
      "committee": "House Resources", 
      "committee_id": "HSII", 
      "subcommittee": "Subcommittee on Forests and Forest Health", 
      "subcommittee_id": "20"
    }, 
    {
      "activity": [
        "referral"
      ], 
      "committee": "House Resources", 
      "committee_id": "HSII", 
      "subcommittee": "Subcommittee on National Parks, Recreation, and Public Lands", 
      "subcommittee_id": "10"
    }, 
    {
      "activity": [
        "referral"
      ], 
      "committee": "House Resources", 
      "committee_id": "HSII", 
      "subcommittee": "Subcommittee on Fisheries Conservation, Wildlife, and Oceans", 
      "subcommittee_id": "15"
    }, 
    {
      "activity": [
        "referral", 
        "in committee"
      ], 
      "committee": "House Agriculture", 
      "committee_id": "HSAG"
    }, 
    {
      "activity": [
        "referral"
      ], 
      "committee": "House Agriculture", 
      "committee_id": "HSAG", 
      "subcommittee": "Subcommittee on Department Operations, Oversight, Dairy, Nutrition, and Forestry", 
      "subcommittee_id": "22"
    }, 
    {
      "activity": [
        "referral", 
        "in committee"
      ], 
      "committee": "House Education and the Workforce", 
      "committee_id": "HSED"
    }, 
    {
      "activity": [
        "referral"
      ], 
      "committee": "House Education and the Workforce", 
      "committee_id": "HSED", 
      "subcommittee": "Subcommittee on 21st Century Competitiveness", 
      "subcommittee_id": "13"
    }
  ], 
  "congress": "109", 
  "cosponsors": [
    {
      "district": "5", 
      "name": "Ackerman, Gary L.", 
      "sponsored_at": "2005-07-25", 
      "state": "NY", 
      "thomas_id": "00004", 
      "title": "Rep", 
      "withdrawn_at": null
    }, 
    {
      "district": "1", 
      "name": "Andrews, Robert E.", 
      "sponsored_at": "2005-07-25", 
      "state": "NJ", 
      "thomas_id": "00021", 
      "title": "Rep", 
      "withdrawn_at": null
    }, 
    {
      "district": "2", 
      "name": "Baldwin, Tammy", 
      "sponsored_at": "2005-07-25", 
      "state": "WI", 
      "thomas_id": "01558", 
      "title": "Rep", 
      "withdrawn_at": null
    }, 
    {
      "district": "28", 
      "name": "Berman, Howard L.", 
      "sponsored_at": "2005-07-25", 
      "state": "CA", 
      "thomas_id": "00082", 
      "title": "Rep", 
      "withdrawn_at": null
    }, 
    {
      "district": "13", 
      "name": "Brown, Sherrod", 
      "sponsored_at": "2005-07-25", 
      "state": "OH", 
      "thomas_id": "00136", 
      "title": "Rep", 
      "withdrawn_at": null
    }, 
    {
      "district": "23", 
      "name": "Capps, Lois", 
      "sponsored_at": "2005-07-25", 
      "state": "CA", 
      "thomas_id": "01471", 
      "title": "Rep", 
      "withdrawn_at": null
    }, 
    {
      "district": "2", 
      "name": "Case, Ed", 
      "sponsored_at": "2006-01-31", 
      "state": "HI", 
      "thomas_id": "01693", 
      "title": "Rep", 
      "withdrawn_at": null
    }, 
    {
      "district": "6", 
      "name": "Chandler, Ben", 
      "sponsored_at": "2005-10-28", 
      "state": "KY", 
      "thomas_id": "01759", 
      "title": "Rep", 
      "withdrawn_at": null
    }, 
    {
      "district": "1", 
      "name": "Clay, Wm. Lacy", 
      "sponsored_at": "2005-09-08", 
      "state": "MO", 
      "thomas_id": "01654", 
      "title": "Rep", 
      "withdrawn_at": null
    }, 
    {
      "district": "5", 
      "name": "Cleaver, Emanuel", 
      "sponsored_at": "2005-09-20", 
      "state": "MO", 
      "thomas_id": "01790", 
      "title": "Rep", 
      "withdrawn_at": null
    }, 
    {
      "district": "14", 
      "name": "Conyers, John, Jr.", 
      "sponsored_at": "2005-07-25", 
      "state": "MI", 
      "thomas_id": "00229", 
      "title": "Rep", 
      "withdrawn_at": null
    }, 
    {
      "district": "7", 
      "name": "Crowley, Joseph", 
      "sponsored_at": "2006-05-09", 
      "state": "NY", 
      "thomas_id": "01604", 
      "title": "Rep", 
      "withdrawn_at": null
    }, 
    {
      "district": "53", 
      "name": "Davis, Susan A.", 
      "sponsored_at": "2005-07-25", 
      "state": "CA", 
      "thomas_id": "01641", 
      "title": "Rep", 
      "withdrawn_at": null
    }, 
    {
      "district": "3", 
      "name": "DeLauro, Rosa L.", 
      "sponsored_at": "2005-07-25", 
      "state": "CT", 
      "thomas_id": "00281", 
      "title": "Rep", 
      "withdrawn_at": null
    }, 
    {
      "district": "17", 
      "name": "Engel, Eliot L.", 
      "sponsored_at": "2005-10-18", 
      "state": "NY", 
      "thomas_id": "00344", 
      "title": "Rep", 
      "withdrawn_at": null
    }, 
    {
      "district": "51", 
      "name": "Filner, Bob", 
      "sponsored_at": "2005-07-25", 
      "state": "CA", 
      "thomas_id": "00381", 
      "title": "Rep", 
      "withdrawn_at": null
    }, 
    {
      "district": "4", 
      "name": "Frank, Barney", 
      "sponsored_at": "2005-07-25", 
      "state": "MA", 
      "thomas_id": "00407", 
      "title": "Rep", 
      "withdrawn_at": null
    }, 
    {
      "district": "7", 
      "name": "Grijalva, Raul M.", 
      "sponsored_at": "2005-07-25", 
      "state": "AZ", 
      "thomas_id": "01708", 
      "title": "Rep", 
      "withdrawn_at": null
    }, 
    {
      "district": "4", 
      "name": "Gutierrez, Luis V.", 
      "sponsored_at": "2005-07-25", 
      "state": "IL", 
      "thomas_id": "00478", 
      "title": "Rep", 
      "withdrawn_at": null
    }, 
    {
      "district": "22", 
      "name": "Hinchey, Maurice D.", 
      "sponsored_at": "2005-07-25", 
      "state": "NY", 
      "thomas_id": "00541", 
      "title": "Rep", 
      "withdrawn_at": null
    }, 
    {
      "district": "12", 
      "name": "Holt, Rush D.", 
      "sponsored_at": "2005-07-25", 
      "state": "NJ", 
      "thomas_id": "01580", 
      "title": "Rep", 
      "withdrawn_at": null
    }, 
    {
      "district": "15", 
      "name": "Honda, Michael M.", 
      "sponsored_at": "2005-07-25", 
      "state": "CA", 
      "thomas_id": "01634", 
      "title": "Rep", 
      "withdrawn_at": null
    }, 
    {
      "district": "18", 
      "name": "Jackson-Lee, Sheila", 
      "sponsored_at": "2005-07-25", 
      "state": "TX", 
      "thomas_id": "00588", 
      "title": "Rep", 
      "withdrawn_at": null
    }, 
    {
      "district": "30", 
      "name": "Johnson, Eddie Bernice", 
      "sponsored_at": "2005-07-25", 
      "state": "TX", 
      "thomas_id": "00599", 
      "title": "Rep", 
      "withdrawn_at": null
    }, 
    {
      "district": "9", 
      "name": "Kaptur, Marcy", 
      "sponsored_at": "2005-09-08", 
      "state": "OH", 
      "thomas_id": "00616", 
      "title": "Rep", 
      "withdrawn_at": null
    }, 
    {
      "district": "10", 
      "name": "Kucinich, Dennis J.", 
      "sponsored_at": "2005-07-25", 
      "state": "OH", 
      "thomas_id": "01499", 
      "title": "Rep", 
      "withdrawn_at": null
    }, 
    {
      "district": "12", 
      "name": "Lantos, Tom", 
      "sponsored_at": "2005-07-25", 
      "state": "CA", 
      "thomas_id": "00663", 
      "title": "Rep", 
      "withdrawn_at": null
    }, 
    {
      "district": "1", 
      "name": "Larson, John B.", 
      "sponsored_at": "2005-07-25", 
      "state": "CT", 
      "thomas_id": "01583", 
      "title": "Rep", 
      "withdrawn_at": null
    }, 
    {
      "district": "9", 
      "name": "Lee, Barbara", 
      "sponsored_at": "2005-07-25", 
      "state": "CA", 
      "thomas_id": "01501", 
      "title": "Rep", 
      "withdrawn_at": null
    }, 
    {
      "district": "5", 
      "name": "Lewis, John", 
      "sponsored_at": "2005-07-25", 
      "state": "GA", 
      "thomas_id": "00688", 
      "title": "Rep", 
      "withdrawn_at": null
    }, 
    {
      "district": "9", 
      "name": "Lynch, Stephen F.", 
      "sponsored_at": "2005-07-25", 
      "state": "MA", 
      "thomas_id": "01686", 
      "title": "Rep", 
      "withdrawn_at": null
    }, 
    {
      "district": "14", 
      "name": "Maloney, Carolyn B.", 
      "sponsored_at": "2005-07-25", 
      "state": "NY", 
      "thomas_id": "00729", 
      "title": "Rep", 
      "withdrawn_at": null
    }, 
    {
      "district": "4", 
      "name": "McCarthy, Carolyn", 
      "sponsored_at": "2005-07-25", 
      "state": "NY", 
      "thomas_id": "01503", 
      "title": "Rep", 
      "withdrawn_at": null
    }, 
    {
      "district": "7", 
      "name": "McDermott, Jim", 
      "sponsored_at": "2005-07-25", 
      "state": "WA", 
      "thomas_id": "00766", 
      "title": "Rep", 
      "withdrawn_at": null
    }, 
    {
      "district": "3", 
      "name": "McGovern, James P.", 
      "sponsored_at": "2005-07-25", 
      "state": "MA", 
      "thomas_id": "01504", 
      "title": "Rep", 
      "withdrawn_at": null
    }, 
    {
      "district": "21", 
      "name": "McNulty, Michael R.", 
      "sponsored_at": "2005-07-25", 
      "state": "NY", 
      "thomas_id": "00785", 
      "title": "Rep", 
      "withdrawn_at": null
    }, 
    {
      "district": "5", 
      "name": "Meehan, Martin T.", 
      "sponsored_at": "2006-01-31", 
      "state": "MA", 
      "thomas_id": "00788", 
      "title": "Rep", 
      "withdrawn_at": null
    }, 
    {
      "district": "6", 
      "name": "Meeks, Gregory W.", 
      "sponsored_at": "2005-07-25", 
      "state": "NY", 
      "thomas_id": "01506", 
      "title": "Rep", 
      "withdrawn_at": null
    }, 
    {
      "district": "3", 
      "name": "Moore, Dennis", 
      "sponsored_at": "2005-07-25", 
      "state": "KS", 
      "thomas_id": "01561", 
      "title": "Rep", 
      "withdrawn_at": null
    }, 
    {
      "district": "8", 
      "name": "Nadler, Jerrold", 
      "sponsored_at": "2005-07-25", 
      "state": "NY", 
      "thomas_id": "00850", 
      "title": "Rep", 
      "withdrawn_at": null
    }, 
    {
      "district": "38", 
      "name": "Napolitano, Grace F.", 
      "sponsored_at": "2005-07-25", 
      "state": "CA", 
      "thomas_id": "01602", 
      "title": "Rep", 
      "withdrawn_at": null
    }, 
    {
      "district": "2", 
      "name": "Neal, Richard E.", 
      "sponsored_at": "2005-07-25", 
      "state": "MA", 
      "thomas_id": "00854", 
      "title": "Rep", 
      "withdrawn_at": null
    }, 
    {
      "district": "1", 
      "name": "Olver, John W.", 
      "sponsored_at": "2005-07-25", 
      "state": "MA", 
      "thomas_id": "00879", 
      "title": "Rep", 
      "withdrawn_at": null
    }, 
    {
      "district": "11", 
      "name": "Owens, Major R.", 
      "sponsored_at": "2005-07-25", 
      "state": "NY", 
      "thomas_id": "00883", 
      "title": "Rep", 
      "withdrawn_at": null
    }, 
    {
      "district": "6", 
      "name": "Pallone, Frank, Jr.", 
      "sponsored_at": "2005-07-25", 
      "state": "NJ", 
      "thomas_id": "00887", 
      "title": "Rep", 
      "withdrawn_at": null
    }, 
    {
      "district": "10", 
      "name": "Payne, Donald M.", 
      "sponsored_at": "2005-07-25", 
      "state": "NJ", 
      "thomas_id": "00902", 
      "title": "Rep", 
      "withdrawn_at": null
    }, 
    {
      "district": "15", 
      "name": "Rangel, Charles B.", 
      "sponsored_at": "2005-07-25", 
      "state": "NY", 
      "thomas_id": "00944", 
      "title": "Rep", 
      "withdrawn_at": null
    }, 
    {
      "district": "9", 
      "name": "Schakowsky, Janice D.", 
      "sponsored_at": "2005-07-25", 
      "state": "IL", 
      "thomas_id": "01588", 
      "title": "Rep", 
      "withdrawn_at": null
    }, 
    {
      "district": "16", 
      "name": "Serrano, Jose E.", 
      "sponsored_at": "2005-07-25", 
      "state": "NY", 
      "thomas_id": "01042", 
      "title": "Rep", 
      "withdrawn_at": null
    }, 
    {
      "district": "4", 
      "name": "Shays, Christopher", 
      "sponsored_at": "2005-07-25", 
      "state": "CT", 
      "thomas_id": "01048", 
      "title": "Rep", 
      "withdrawn_at": null
    }, 
    {
      "district": "27", 
      "name": "Sherman, Brad", 
      "sponsored_at": "2005-07-25", 
      "state": "CA", 
      "thomas_id": "01526", 
      "title": "Rep", 
      "withdrawn_at": null
    }, 
    {
      "district": "28", 
      "name": "Slaughter, Louise McIntosh", 
      "sponsored_at": "2005-07-25", 
      "state": "NY", 
      "thomas_id": "01069", 
      "title": "Rep", 
      "withdrawn_at": null
    }, 
    {
      "district": "13", 
      "name": "Stark, Fortney Pete", 
      "sponsored_at": "2005-09-20", 
      "state": "CA", 
      "thomas_id": "01101", 
      "title": "Rep", 
      "withdrawn_at": null
    }, 
    {
      "district": "10", 
      "name": "Tauscher, Ellen O.", 
      "sponsored_at": "2005-07-25", 
      "state": "CA", 
      "thomas_id": "01533", 
      "title": "Rep", 
      "withdrawn_at": null
    }, 
    {
      "district": "6", 
      "name": "Tierney, John F.", 
      "sponsored_at": "2005-09-13", 
      "state": "MA", 
      "thomas_id": "01535", 
      "title": "Rep", 
      "withdrawn_at": null
    }, 
    {
      "district": "8", 
      "name": "Van Hollen, Chris", 
      "sponsored_at": "2005-07-25", 
      "state": "MD", 
      "thomas_id": "01729", 
      "title": "Rep", 
      "withdrawn_at": null
    }, 
    {
      "district": "30", 
      "name": "Waxman, Henry A.", 
      "sponsored_at": "2005-09-27", 
      "state": "CA", 
      "thomas_id": "01209", 
      "title": "Rep", 
      "withdrawn_at": null
    }, 
    {
      "district": "9", 
      "name": "Weiner, Anthony D.", 
      "sponsored_at": "2005-07-25", 
      "state": "NY", 
      "thomas_id": "01597", 
      "title": "Rep", 
      "withdrawn_at": null
    }, 
    {
      "district": "6", 
      "name": "Woolsey, Lynn C.", 
      "sponsored_at": "2005-07-25", 
      "state": "CA", 
      "thomas_id": "01242", 
      "title": "Rep", 
      "withdrawn_at": null
    }, 
    {
      "district": "4", 
      "name": "Wynn, Albert Russell", 
      "sponsored_at": "2005-07-25", 
      "state": "MD", 
      "thomas_id": "01251", 
      "title": "Rep", 
      "withdrawn_at": null
    }
  ], 
  "enacted_as": null, 
  "history": {
    "awaiting_signature": false, 
    "enacted": false, 
    "vetoed": false
  }, 
  "introduced_at": "2005-07-25", 
  "number": "3420", 
  "official_title": "To save taxpayers money, reduce the deficit, cut corporate welfare, protect communities from wildfires, encourage Federal land management agency reform and accountability, and protect and restore America's natural heritage by eliminating the fiscally wasteful and ecologically destructive commercial logging program on Federal public lands, restoring native biodiversity in our Federal public forests, and facilitating the economic recovery and diversification of communities affected by the Federal logging program.", 
  "popular_title": null, 
  "related_bills": [], 
  "short_title": "National Forest Protection and Restoration Act", 
  "sponsor": {
    "district": "2", 
    "name": "Leach, James A.", 
    "state": "IA", 
    "thomas_id": "00672", 
    "title": "Rep", 
    "type": "person"
  }, 
  "status": "REFERRED", 
  "status_at": "2005-07-25", 
  "subjects": [
    "Agriculture and food", 
    "Air pollution control", 
    "Animals", 
    "Biological diversity", 
    "Building materials", 
    "Citizen lawsuits", 
    "Claims", 
    "Commerce", 
    "Congress", 
    "Congressional reporting requirements", 
    "Crime and law enforcement", 
    "Damages", 
    "Dams", 
    "Department of Agriculture", 
    "Department of the Interior", 
    "Dislocated workers", 
    "District courts", 
    "Economics and public finance", 
    "Ecosystem management", 
    "Education", 
    "Elementary and secondary education", 
    "Emergency management", 
    "Employee selection", 
    "Endangered species", 
    "Energy", 
    "Environmental law enforcement", 
    "Environmental monitoring", 
    "Environmental protection", 
    "Evidence (Law)", 
    "Executive reorganization", 
    "Exotic animals", 
    "Exotic plants", 
    "Federal advisory bodies", 
    "Fire prevention", 
    "Fishery management", 
    "Forest conservation", 
    "Forest fires", 
    "Forest roads", 
    "Government liability", 
    "Government operations and politics", 
    "Government trust funds", 
    "Grants-in-aid", 
    "Housing and community development", 
    "Impact aid", 
    "Injunctions", 
    "Job hunting", 
    "Jurisdiction", 
    "Labor and employment", 
    "Landslides", 
    "Larceny", 
    "Law", 
    "Legal fees", 
    "Logging", 
    "Low-income housing", 
    "Lumber trade", 
    "Marine and coastal resources, fisheries", 
    "National forests", 
    "Nonprofit organizations", 
    "Occupational retraining", 
    "Old growth forests", 
    "Paper and paper products", 
    "Pest control", 
    "Pests", 
    "Planning", 
    "Poaching", 
    "Public lands and natural resources", 
    "Reforestation", 
    "Regional planning", 
    "Relocation", 
    "Restoration ecology", 
    "Revegetation", 
    "Revenue sharing", 
    "Road construction", 
    "Roads and highways", 
    "Rural education", 
    "Science, technology, communications", 
    "Scientists", 
    "Social welfare", 
    "Soil conservation", 
    "Soil erosion", 
    "Subsidies", 
    "Timber sales", 
    "Transportation and public works", 
    "Water resources development", 
    "Wildlife refuges", 
    "Wildlife reintroduction", 
    "Wood"
  ], 
  "subjects_top_term": "Public lands and natural resources", 
  "summary": {
    "as": "Introduced", 
    "date": "2005-07-25", 
    "text": "National Forest Protection and Restoration Act - Prohibits commercial logging and timber sales (with specified exceptions) on Federal public lands, with a two-year phase-out for existing contracts. Provides for payment of relinquished contracts.Directs the Secretaries of Agriculture and the Interior to each: (1) establish a National Heritage Restoration Corps to restore (and monitor) such lands to their natural pre-logging condition; and (2) develop National Heritage Restoration Plans and related standards for regional ecological restoration and monitoring.Sets forth provisions respecting forest fire and hazardous fuel reduction.Provides for worker retraining of eligible persons whose jobs have been lost due to terminated timber and logging contracts. Authorizes the Secretary of Labor to make training grants, including grants for job search and relocation.Sets forth fund allocation provisions, including amounts for an Environmental Protection Agency investigation of non-wood paper and construction alternatives.Amends the Secure Rural Schools and Community Self-Determination Act of 2000 to make permanent certain education, transportation, and public purpose payments to States and counties containing Federal land.Authorizes a private right of action for violations of this Act."
  }, 
  "titles": [
    {
      "as": "introduced", 
      "title": "National Forest Protection and Restoration Act", 
      "type": "short"
    }, 
    {
      "as": "introduced", 
      "title": "To save taxpayers money, reduce the deficit, cut corporate welfare, protect communities from wildfires, encourage Federal land management agency reform and accountability, and protect and restore America's natural heritage by eliminating the fiscally wasteful and ecologically destructive commercial logging program on Federal public lands, restoring native biodiversity in our Federal public forests, and facilitating the economic recovery and diversification of communities affected by the Federal logging program.", 
      "type": "official"
    }
  ], 
  "updated_at": "2013-02-02T20:40:41-05:00"
}