{
  "actions": [
    {
      "acted_at": "2005-05-05", 
      "committee": "House Committee on Ways and Means", 
      "references": [], 
      "status": "REFERRED", 
      "text": "Referred to the House Committee on Ways and Means.", 
      "type": "referral"
    }
  ], 
  "amendments": [], 
  "bill_id": "hr2176-109", 
  "bill_type": "hr", 
  "committees": [
    {
      "activity": [
        "referral", 
        "in committee"
      ], 
      "committee": "House Ways and Means", 
      "committee_id": "HSWM"
    }
  ], 
  "congress": "109", 
  "cosponsors": [
    {
      "district": "48", 
      "name": "Cox, Christopher", 
      "sponsored_at": "2005-05-05", 
      "state": "CA", 
      "thomas_id": "00242", 
      "title": "Rep", 
      "withdrawn_at": null
    }, 
    {
      "district": "5", 
      "name": "Goode, Virgil H., Jr.", 
      "sponsored_at": "2005-05-05", 
      "state": "VA", 
      "thomas_id": "01486", 
      "title": "Rep", 
      "withdrawn_at": null
    }, 
    {
      "district": "23", 
      "name": "McHugh, John M.", 
      "sponsored_at": "2005-10-18", 
      "state": "NY", 
      "thomas_id": "00773", 
      "title": "Rep", 
      "withdrawn_at": null
    }, 
    {
      "district": "14", 
      "name": "Paul, Ron", 
      "sponsored_at": "2005-05-05", 
      "state": "TX", 
      "thomas_id": "00900", 
      "title": "Rep", 
      "withdrawn_at": null
    }, 
    {
      "district": "6", 
      "name": "Price, Tom", 
      "sponsored_at": "2005-05-05", 
      "state": "GA", 
      "thomas_id": "01778", 
      "title": "Rep", 
      "withdrawn_at": null
    }
  ], 
  "enacted_as": null, 
  "history": {
    "awaiting_signature": false, 
    "enacted": false, 
    "vetoed": false
  }, 
  "introduced_at": "2005-05-05", 
  "number": "2176", 
  "official_title": "To amend the Internal Revenue Code of 1986 to provide a 100 percent deduction for the health insurance costs of individuals.", 
  "popular_title": null, 
  "related_bills": [
    {
      "bill_id": "hr4218-109", 
      "reason": "related"
    }
  ], 
  "short_title": "Health Insurance Affordability Act of 2005", 
  "sponsor": {
    "district": "1", 
    "name": "Chabot, Steve", 
    "state": "OH", 
    "thomas_id": "00186", 
    "title": "Rep", 
    "type": "person"
  }, 
  "status": "REFERRED", 
  "status_at": "2005-05-05", 
  "subjects": [
    "Finance and financial sector", 
    "Health", 
    "Health insurance", 
    "Income tax", 
    "Insurance premiums", 
    "Labor and employment", 
    "Medical economics", 
    "Tax deductions", 
    "Taxation"
  ], 
  "subjects_top_term": "Taxation", 
  "summary": {
    "as": "Introduced", 
    "date": "2005-05-05", 
    "text": "Health Insurance Affordability Act of 2005 - Amends the Internal Revenue Code to allow a tax deduction from gross income for the health insurance costs of an individual taxpayer, the taxpayer's spouse, and dependents (available whether or not a taxpayer itemizes deductions)."
  }, 
  "titles": [
    {
      "as": "introduced", 
      "title": "Health Insurance Affordability Act of 2005", 
      "type": "short"
    }, 
    {
      "as": "introduced", 
      "title": "To amend the Internal Revenue Code of 1986 to provide a 100 percent deduction for the health insurance costs of individuals.", 
      "type": "official"
    }
  ], 
  "updated_at": "2013-02-02T20:40:07-05:00"
}