{
  "actions": [
    {
      "acted_at": "2005-12-08", 
      "committee": "House Committee on the Judiciary", 
      "references": [], 
      "status": "REFERRED", 
      "text": "Referred to the House Committee on the Judiciary.", 
      "type": "referral"
    }
  ], 
  "amendments": [], 
  "bill_id": "hr4499-109", 
  "bill_type": "hr", 
  "committees": [
    {
      "activity": [
        "referral", 
        "in committee"
      ], 
      "committee": "House Judiciary", 
      "committee_id": "HSJU"
    }
  ], 
  "congress": "109", 
  "cosponsors": [], 
  "enacted_as": null, 
  "history": {
    "awaiting_signature": false, 
    "enacted": false, 
    "vetoed": false
  }, 
  "introduced_at": "2005-12-08", 
  "number": "4499", 
  "official_title": "For the relief of Juanita Jimenez.", 
  "popular_title": null, 
  "related_bills": [], 
  "short_title": null, 
  "sponsor": {
    "district": "3", 
    "name": "Baird, Brian", 
    "state": "WA", 
    "thomas_id": "01557", 
    "title": "Rep", 
    "type": "person"
  }, 
  "status": "REFERRED", 
  "status_at": "2005-12-08", 
  "subjects": [
    "Claims", 
    "Federal employees", 
    "Private legislation"
  ], 
  "subjects_top_term": "Private legislation", 
  "summary": {
    "as": "Introduced", 
    "date": "2005-12-08", 
    "text": "Relieves Juanita Jimenez of Vancouver, Washington, of liability to the United States concerning duplicate payments certified by Juanita Jimenez, as certifying officer for the Gifford Pinchot National Forest, in 2001. Directs the Secretary of the Treasury to pay to Juanita Jimenez an amount equal to the aggregate of any amounts paid by her to, or withheld from any sums otherwise due her by, the United States with respect to such liability to the United States."
  }, 
  "titles": [
    {
      "as": "introduced", 
      "title": "For the relief of Juanita Jimenez.", 
      "type": "official"
    }
  ], 
  "updated_at": "2013-02-02T20:41:09-05:00"
}