{
  "actions": [
    {
      "acted_at": "2006-07-19", 
      "committee": "Committee on Veterans' Affairs, and in addition to the Committee on Government Reform, for a period to be subsequently determined by the Speaker, in each case for consideration of such provisions as fall within the jurisdiction of the committee concerned", 
      "references": [], 
      "status": "REFERRED", 
      "text": "Referred to the Committee on Veterans' Affairs, and in addition to the Committee on Government Reform, for a period to be subsequently determined by the Speaker, in each case for consideration of such provisions as fall within the jurisdiction of the committee concerned.", 
      "type": "referral"
    }, 
    {
      "acted_at": "2006-07-19", 
      "committee": "House Veterans' Affairs", 
      "references": [], 
      "text": "Referred to House Veterans' Affairs", 
      "type": "referral"
    }, 
    {
      "acted_at": "2006-07-19", 
      "in_committee": "House Veterans' Affairs", 
      "references": [], 
      "text": "Committee Hearings Held Prior to Introduction and Referral (Jul 18, 2006).", 
      "type": "action"
    }, 
    {
      "acted_at": "2006-07-19", 
      "committee": "House Government Reform", 
      "references": [], 
      "text": "Referred to House Government Reform", 
      "type": "referral"
    }, 
    {
      "acted_at": "2006-07-20", 
      "in_committee": "House Veterans' Affairs", 
      "references": [], 
      "text": "Committee Consideration and Mark-up Session Held.", 
      "type": "action"
    }, 
    {
      "acted_at": "2006-07-20", 
      "in_committee": "House Veterans' Affairs", 
      "references": [], 
      "status": "REPORTED", 
      "text": "Ordered to be Reported in the Nature of a Substitute by Voice Vote.", 
      "type": "calendar"
    }, 
    {
      "acted_at": "2006-09-13T19:09:00-04:00", 
      "references": [], 
      "text": "Reported (Amended) by the Committee on Veterans' Affairs. H. Rept. 109-651, Part I.", 
      "type": "action"
    }, 
    {
      "acted_at": "2006-09-13T19:09:00-04:00", 
      "references": [], 
      "text": "Committee on Government Reform discharged.", 
      "type": "action"
    }, 
    {
      "acted_at": "2006-09-13T19:09:00-04:00", 
      "calendar": "Union", 
      "number": "387", 
      "references": [], 
      "text": "Placed on the Union Calendar, Calendar No. 387.", 
      "type": "calendar", 
      "under": null
    }, 
    {
      "acted_at": "2006-09-18", 
      "in_committee": "House Veterans' Affairs", 
      "references": [], 
      "text": "Unfavorable Executive Comment Received from Veterans' Affairs.", 
      "type": "action"
    }, 
    {
      "acted_at": "2006-09-26T21:46:00-04:00", 
      "references": [], 
      "text": "Mr. Buyer moved to suspend the rules and pass the bill, as amended.", 
      "type": "action"
    }, 
    {
      "acted_at": "2006-09-26T21:46:00-04:00", 
      "references": [
        {
          "reference": "CR H7468-7478", 
          "type": "consideration"
        }
      ], 
      "text": "Considered under suspension of the rules.", 
      "type": "action"
    }, 
    {
      "acted_at": "2006-09-26T21:46:00-04:00", 
      "references": [], 
      "text": "DEBATE - The House proceeded with forty minutes of debate on H.R. 5835.", 
      "type": "action"
    }, 
    {
      "acted_at": "2006-09-26T22:21:00-04:00", 
      "how": "by voice vote", 
      "references": [
        {
          "reference": "CR H7468-7472", 
          "type": "text"
        }
      ], 
      "result": "pass", 
      "status": "PASS_OVER:HOUSE", 
      "suspension": null, 
      "text": "On motion to suspend the rules and pass the bill, as amended Agreed to by voice vote.", 
      "type": "vote", 
      "vote_type": "vote", 
      "where": "h"
    }, 
    {
      "acted_at": "2006-09-26T22:21:00-04:00", 
      "references": [], 
      "text": "Motion to reconsider laid on the table Agreed to without objection.", 
      "type": "action"
    }, 
    {
      "acted_at": "2006-09-27", 
      "references": [], 
      "text": "Received in the Senate.", 
      "type": "action"
    }, 
    {
      "acted_at": "2006-11-13", 
      "committee": "Committee on Veterans' Affairs", 
      "references": [], 
      "text": "Read twice and referred to the Committee on Veterans' Affairs.", 
      "type": "referral"
    }
  ], 
  "amendments": [], 
  "bill_id": "hr5835-109", 
  "bill_type": "hr", 
  "committees": [
    {
      "activity": [
        "referral", 
        "hearings", 
        "markup", 
        "reporting"
      ], 
      "committee": "House Veterans' Affairs", 
      "committee_id": "HSVR"
    }, 
    {
      "activity": [
        "referral", 
        "discharged"
      ], 
      "committee": "House Government Reform", 
      "committee_id": "HSGO"
    }, 
    {
      "activity": [
        "referral", 
        "in committee"
      ], 
      "committee": "Senate Veterans' Affairs", 
      "committee_id": "SSVA"
    }
  ], 
  "congress": "109", 
  "cosponsors": [
    {
      "district": "1", 
      "name": "Abercrombie, Neil", 
      "sponsored_at": "2006-07-25", 
      "state": "HI", 
      "thomas_id": "00002", 
      "title": "Rep", 
      "withdrawn_at": null
    }, 
    {
      "district": "12", 
      "name": "Barrow, John", 
      "sponsored_at": "2006-09-06", 
      "state": "GA", 
      "thomas_id": "01780", 
      "title": "Rep", 
      "withdrawn_at": null
    }, 
    {
      "district": "6", 
      "name": "Bartlett, Roscoe G.", 
      "sponsored_at": "2006-09-06", 
      "state": "MD", 
      "thomas_id": "00060", 
      "title": "Rep", 
      "withdrawn_at": null
    }, 
    {
      "district": "1", 
      "name": "Berkley, Shelley", 
      "sponsored_at": "2006-07-19", 
      "state": "NV", 
      "thomas_id": "01576", 
      "title": "Rep", 
      "withdrawn_at": null
    }, 
    {
      "district": "50", 
      "name": "Bilbray, Brian P.", 
      "sponsored_at": "2006-07-19", 
      "state": "CA", 
      "thomas_id": "00087", 
      "title": "Rep", 
      "withdrawn_at": null
    }, 
    {
      "district": "9", 
      "name": "Bilirakis, Michael", 
      "sponsored_at": "2006-07-19", 
      "state": "FL", 
      "thomas_id": "00089", 
      "title": "Rep", 
      "withdrawn_at": null
    }, 
    {
      "district": "2", 
      "name": "Bishop, Sanford D., Jr.", 
      "sponsored_at": "2006-07-25", 
      "state": "GA", 
      "thomas_id": "00091", 
      "title": "Rep", 
      "withdrawn_at": null
    }, 
    {
      "district": "7", 
      "name": "Blackburn, Marsha", 
      "sponsored_at": "2006-09-06", 
      "state": "TN", 
      "thomas_id": "01748", 
      "title": "Rep", 
      "withdrawn_at": null
    }, 
    {
      "district": "45", 
      "name": "Bono Mack, Mary", 
      "sponsored_at": "2006-07-24", 
      "state": "CA", 
      "thomas_id": "01465", 
      "title": "Rep", 
      "withdrawn_at": null
    }, 
    {
      "district": "3", 
      "name": "Boozman, John", 
      "sponsored_at": "2006-07-19", 
      "state": "AR", 
      "thomas_id": "01687", 
      "title": "Rep", 
      "withdrawn_at": null
    }, 
    {
      "district": "3", 
      "name": "Boswell, Leonard L.", 
      "sponsored_at": "2006-07-20", 
      "state": "IA", 
      "thomas_id": "01466", 
      "title": "Rep", 
      "withdrawn_at": null
    }, 
    {
      "district": "1", 
      "name": "Bradley, Jeb", 
      "sponsored_at": "2006-07-19", 
      "state": "NH", 
      "thomas_id": "01736", 
      "title": "Rep", 
      "withdrawn_at": null
    }, 
    {
      "district": "3", 
      "name": "Brown, Corrine", 
      "sponsored_at": "2006-07-19", 
      "state": "FL", 
      "thomas_id": "00132", 
      "title": "Rep", 
      "withdrawn_at": null
    }, 
    {
      "district": "1", 
      "name": "Brown, Henry E., Jr.", 
      "sponsored_at": "2006-07-19", 
      "state": "SC", 
      "thomas_id": "01669", 
      "title": "Rep", 
      "withdrawn_at": null
    }, 
    {
      "district": "13", 
      "name": "Brown, Sherrod", 
      "sponsored_at": "2006-07-24", 
      "state": "OH", 
      "thomas_id": "00136", 
      "title": "Rep", 
      "withdrawn_at": null
    }, 
    {
      "district": "5", 
      "name": "Brown-Waite, Ginny", 
      "sponsored_at": "2006-07-19", 
      "state": "FL", 
      "thomas_id": "01713", 
      "title": "Rep", 
      "withdrawn_at": null
    }, 
    {
      "district": "5", 
      "name": "Burton, Dan", 
      "sponsored_at": "2006-07-19", 
      "state": "IN", 
      "thomas_id": "00154", 
      "title": "Rep", 
      "withdrawn_at": null
    }, 
    {
      "district": "44", 
      "name": "Calvert, Ken", 
      "sponsored_at": "2006-07-27", 
      "state": "CA", 
      "thomas_id": "00165", 
      "title": "Rep", 
      "withdrawn_at": null
    }, 
    {
      "district": "4", 
      "name": "Camp, Dave", 
      "sponsored_at": "2006-07-26", 
      "state": "MI", 
      "thomas_id": "00166", 
      "title": "Rep", 
      "withdrawn_at": null
    }, 
    {
      "district": "2", 
      "name": "Capito, Shelley Moore", 
      "sponsored_at": "2006-07-25", 
      "state": "WV", 
      "thomas_id": "01676", 
      "title": "Rep", 
      "withdrawn_at": null
    }, 
    {
      "district": "31", 
      "name": "Carter, John R.", 
      "sponsored_at": "2006-07-24", 
      "state": "TX", 
      "thomas_id": "01752", 
      "title": "Rep", 
      "withdrawn_at": null
    }, 
    {
      "district": "2", 
      "name": "Case, Ed", 
      "sponsored_at": "2006-07-24", 
      "state": "HI", 
      "thomas_id": "01693", 
      "title": "Rep", 
      "withdrawn_at": null
    }, 
    {
      "district": "20", 
      "name": "Costa, Jim", 
      "sponsored_at": "2006-07-24", 
      "state": "CA", 
      "thomas_id": "01774", 
      "title": "Rep", 
      "withdrawn_at": null
    }, 
    {
      "district": "7", 
      "name": "Cummings, Elijah E.", 
      "sponsored_at": "2006-07-28", 
      "state": "MD", 
      "thomas_id": "00256", 
      "title": "Rep", 
      "withdrawn_at": null
    }, 
    {
      "district": "11", 
      "name": "Davis, Jim", 
      "sponsored_at": "2006-07-24", 
      "state": "FL", 
      "thomas_id": "01478", 
      "title": "Rep", 
      "withdrawn_at": null
    }, 
    {
      "district": "53", 
      "name": "Davis, Susan A.", 
      "sponsored_at": "2006-09-06", 
      "state": "CA", 
      "thomas_id": "01641", 
      "title": "Rep", 
      "withdrawn_at": null
    }, 
    {
      "district": "11", 
      "name": "Davis, Tom", 
      "sponsored_at": "2006-07-19", 
      "state": "VA", 
      "thomas_id": "00274", 
      "title": "Rep", 
      "withdrawn_at": null
    }, 
    {
      "district": "15", 
      "name": "Dingell, John D.", 
      "sponsored_at": "2006-07-19", 
      "state": "MI", 
      "thomas_id": "00299", 
      "title": "Rep", 
      "withdrawn_at": null
    }, 
    {
      "district": "25", 
      "name": "Doggett, Lloyd", 
      "sponsored_at": "2006-07-25", 
      "state": "TX", 
      "thomas_id": "00303", 
      "title": "Rep", 
      "withdrawn_at": null
    }, 
    {
      "district": "2", 
      "name": "Drake, Thelma D.", 
      "sponsored_at": "2006-07-25", 
      "state": "VA", 
      "thomas_id": "01808", 
      "title": "Rep", 
      "withdrawn_at": null
    }, 
    {
      "district": "17", 
      "name": "Edwards, Chet", 
      "sponsored_at": "2006-07-19", 
      "state": "TX", 
      "thomas_id": "00335", 
      "title": "Rep", 
      "withdrawn_at": null
    }, 
    {
      "district": "3", 
      "name": "English, Phil", 
      "sponsored_at": "2006-07-26", 
      "state": "PA", 
      "thomas_id": "00347", 
      "title": "Rep", 
      "withdrawn_at": null
    }, 
    {
      "district": "17", 
      "name": "Evans, Lane", 
      "sponsored_at": "2006-07-19", 
      "state": "IL", 
      "thomas_id": "00361", 
      "title": "Rep", 
      "withdrawn_at": null
    }, 
    {
      "district": "2", 
      "name": "Everett, Terry", 
      "sponsored_at": "2006-09-13", 
      "state": "AL", 
      "thomas_id": "00364", 
      "title": "Rep", 
      "withdrawn_at": null
    }, 
    {
      "district": "51", 
      "name": "Filner, Bob", 
      "sponsored_at": "2006-07-19", 
      "state": "CA", 
      "thomas_id": "00381", 
      "title": "Rep", 
      "withdrawn_at": null
    }, 
    {
      "district": null, 
      "name": "Fortuno, Luis G.", 
      "sponsored_at": "2006-07-25", 
      "state": "PR", 
      "thomas_id": "01800", 
      "title": "Rep", 
      "withdrawn_at": null
    }, 
    {
      "district": "6", 
      "name": "Gerlach, Jim", 
      "sponsored_at": "2006-07-24", 
      "state": "PA", 
      "thomas_id": "01743", 
      "title": "Rep", 
      "withdrawn_at": null
    }, 
    {
      "district": "20", 
      "name": "Gonzalez, Charles A.", 
      "sponsored_at": "2006-07-25", 
      "state": "TX", 
      "thomas_id": "01555", 
      "title": "Rep", 
      "withdrawn_at": null
    }, 
    {
      "district": "4", 
      "name": "Gutierrez, Luis V.", 
      "sponsored_at": "2006-07-19", 
      "state": "IL", 
      "thomas_id": "00478", 
      "title": "Rep", 
      "withdrawn_at": null
    }, 
    {
      "district": "8", 
      "name": "Hayes, Robin", 
      "sponsored_at": "2006-07-24", 
      "state": "NC", 
      "thomas_id": "01600", 
      "title": "Rep", 
      "withdrawn_at": null
    }, 
    {
      "district": null, 
      "name": "Herseth, Stephanie", 
      "sponsored_at": "2006-07-19", 
      "state": "SD", 
      "thomas_id": "01760", 
      "title": "Rep", 
      "withdrawn_at": null
    }, 
    {
      "district": "27", 
      "name": "Higgins, Brian", 
      "sponsored_at": "2006-07-26", 
      "state": "NY", 
      "thomas_id": "01794", 
      "title": "Rep", 
      "withdrawn_at": null
    }, 
    {
      "district": "18", 
      "name": "Jackson-Lee, Sheila", 
      "sponsored_at": "2006-07-24", 
      "state": "TX", 
      "thomas_id": "00588", 
      "title": "Rep", 
      "withdrawn_at": null
    }, 
    {
      "district": "15", 
      "name": "Johnson, Timothy V.", 
      "sponsored_at": "2006-07-24", 
      "state": "IL", 
      "thomas_id": "01648", 
      "title": "Rep", 
      "withdrawn_at": null
    }, 
    {
      "district": "29", 
      "name": "Kuhl, John R. \"Randy\", Jr.", 
      "sponsored_at": "2006-07-27", 
      "state": "NY", 
      "thomas_id": "01795", 
      "title": "Rep", 
      "withdrawn_at": null
    }, 
    {
      "district": "16", 
      "name": "Manzullo, Donald A.", 
      "sponsored_at": "2006-07-25", 
      "state": "IL", 
      "thomas_id": "00733", 
      "title": "Rep", 
      "withdrawn_at": null
    }, 
    {
      "district": "7", 
      "name": "McDermott, Jim", 
      "sponsored_at": "2006-07-28", 
      "state": "WA", 
      "thomas_id": "00766", 
      "title": "Rep", 
      "withdrawn_at": null
    }, 
    {
      "district": "2", 
      "name": "Michaud, Michael H.", 
      "sponsored_at": "2006-07-19", 
      "state": "ME", 
      "thomas_id": "01730", 
      "title": "Rep", 
      "withdrawn_at": null
    }, 
    {
      "district": "1", 
      "name": "Miller, Jeff", 
      "sponsored_at": "2006-07-19", 
      "state": "FL", 
      "thomas_id": "01685", 
      "title": "Rep", 
      "withdrawn_at": null
    }, 
    {
      "district": "1", 
      "name": "Moran, Jerry", 
      "sponsored_at": "2006-07-20", 
      "state": "KS", 
      "thomas_id": "01507", 
      "title": "Rep", 
      "withdrawn_at": null
    }, 
    {
      "district": "4", 
      "name": "Pastor, Ed", 
      "sponsored_at": "2006-09-06", 
      "state": "AZ", 
      "thomas_id": "00893", 
      "title": "Rep", 
      "withdrawn_at": null
    }, 
    {
      "district": "1", 
      "name": "Renzi, Rick", 
      "sponsored_at": "2006-09-13", 
      "state": "AZ", 
      "thomas_id": "01706", 
      "title": "Rep", 
      "withdrawn_at": null
    }, 
    {
      "district": "16", 
      "name": "Reyes, Silvestre", 
      "sponsored_at": "2006-07-19", 
      "state": "TX", 
      "thomas_id": "01516", 
      "title": "Rep", 
      "withdrawn_at": null
    }, 
    {
      "district": "3", 
      "name": "Salazar, John T.", 
      "sponsored_at": "2006-07-19", 
      "state": "CO", 
      "thomas_id": "01775", 
      "title": "Rep", 
      "withdrawn_at": null
    }, 
    {
      "district": "9", 
      "name": "Schakowsky, Janice D.", 
      "sponsored_at": "2006-07-19", 
      "state": "IL", 
      "thomas_id": "01588", 
      "title": "Rep", 
      "withdrawn_at": null
    }, 
    {
      "district": "7", 
      "name": "Schwarz, John J.H. \"Joe\"", 
      "sponsored_at": "2006-07-27", 
      "state": "MI", 
      "thomas_id": "01788", 
      "title": "Rep", 
      "withdrawn_at": null
    }, 
    {
      "district": "9", 
      "name": "Smith, Adam", 
      "sponsored_at": "2006-07-27", 
      "state": "WA", 
      "thomas_id": "01528", 
      "title": "Rep", 
      "withdrawn_at": null
    }, 
    {
      "district": "3", 
      "name": "Souder, Mark E.", 
      "sponsored_at": "2006-07-26", 
      "state": "IN", 
      "thomas_id": "01089", 
      "title": "Rep", 
      "withdrawn_at": null
    }, 
    {
      "district": "6", 
      "name": "Stearns, Cliff", 
      "sponsored_at": "2006-07-19", 
      "state": "FL", 
      "thomas_id": "01103", 
      "title": "Rep", 
      "withdrawn_at": null
    }, 
    {
      "district": "6", 
      "name": "Strickland, Ted", 
      "sponsored_at": "2006-07-19", 
      "state": "OH", 
      "thomas_id": "01118", 
      "title": "Rep", 
      "withdrawn_at": null
    }, 
    {
      "district": "25", 
      "name": "Walsh, James T.", 
      "sponsored_at": "2006-07-19", 
      "state": "NY", 
      "thomas_id": "01197", 
      "title": "Rep", 
      "withdrawn_at": null
    }, 
    {
      "district": "33", 
      "name": "Watson, Diane E.", 
      "sponsored_at": "2006-07-24", 
      "state": "CA", 
      "thomas_id": "01682", 
      "title": "Rep", 
      "withdrawn_at": null
    }, 
    {
      "district": "30", 
      "name": "Waxman, Henry A.", 
      "sponsored_at": "2006-07-19", 
      "state": "CA", 
      "thomas_id": "01209", 
      "title": "Rep", 
      "withdrawn_at": null
    }, 
    {
      "district": "7", 
      "name": "Weldon, Curt", 
      "sponsored_at": "2006-07-24", 
      "state": "PA", 
      "thomas_id": "01214", 
      "title": "Rep", 
      "withdrawn_at": null
    }, 
    {
      "district": "10", 
      "name": "Wolf, Frank R.", 
      "sponsored_at": "2006-07-24", 
      "state": "VA", 
      "thomas_id": "01238", 
      "title": "Rep", 
      "withdrawn_at": null
    }, 
    {
      "district": "10", 
      "name": "Young, C.W. Bill", 
      "sponsored_at": "2006-07-26", 
      "state": "FL", 
      "thomas_id": "01255", 
      "title": "Rep", 
      "withdrawn_at": null
    }
  ], 
  "enacted_as": null, 
  "history": {
    "awaiting_signature": false, 
    "enacted": false, 
    "house_passage_result": "pass", 
    "house_passage_result_at": "2006-09-26T22:21:00-04:00", 
    "vetoed": false
  }, 
  "introduced_at": "2006-07-19", 
  "number": "5835", 
  "official_title": "To amend title 38, United States Code, to improve information management within the Department of Veterans Affairs, and for other purposes.", 
  "popular_title": null, 
  "related_bills": [], 
  "short_title": "Veterans Identity and Credit Security Act of 2006", 
  "sponsor": {
    "district": "4", 
    "name": "Buyer, Steve", 
    "state": "IN", 
    "thomas_id": "00160", 
    "title": "Rep", 
    "type": "person"
  }, 
  "status": "PASS_OVER:HOUSE", 
  "status_at": "2006-09-26T22:21:00-04:00", 
  "subjects": [
    "Administrative procedure", 
    "Advice and consent of the Senate", 
    "Armed forces and national security", 
    "Civil rights and liberties, minority issues", 
    "College costs", 
    "Commerce", 
    "Computer security measures", 
    "Congress", 
    "Congressional investigations", 
    "Congressional reporting requirements", 
    "Consumer credit", 
    "Crime and law enforcement", 
    "Damages", 
    "Data banks", 
    "Department of Veterans Affairs", 
    "Disabled", 
    "Driver licenses", 
    "Education", 
    "Executive reorganization", 
    "Federal aid to education", 
    "Federal employees", 
    "Finance and financial sector", 
    "Financial services", 
    "Financial statements", 
    "Fraud", 
    "Government contractors", 
    "Government internships", 
    "Government operations and politics", 
    "Government paperwork", 
    "Government publicity", 
    "Graduate education", 
    "Higher education", 
    "Identification devices", 
    "Identity theft", 
    "Insurance", 
    "Law", 
    "Military discharges", 
    "Office of Management and Budget", 
    "Presidential appointments", 
    "Public records", 
    "Right of privacy", 
    "Risk", 
    "Scholarships", 
    "Science, technology, communications", 
    "Security measures", 
    "Social security numbers", 
    "Social welfare", 
    "Standards", 
    "Student loan funds", 
    "Subcontractors", 
    "Veterans' education"
  ], 
  "subjects_top_term": "Armed forces and national security", 
  "summary": {
    "as": "Passed House amended", 
    "date": "2006-09-26", 
    "text": "Veterans Identity and Credit Security Act of 2006 - (Sec. 2) Requires: (1) the Director of the Office of Management and Budget (OMB) to establish policies and standards for federal agencies to follow in the event of a breach of data security involving the disclosure of sensitive personal information (SPI) for which harm to an individual could reasonably be expected to result; (2) the head of each federal agency to delegate to that agency's Chief Information Officer the authority to develop and maintain an inventory of all employee personal computers, laptops, or other hardware containing SPI; (3) each federal agency to establish procedures for notifying individuals whose SPI is compromised; and (4) each agency's Chief Human Capital Officer to prescribe policies and procedures for exit interviews of employees, including an accounting of federal property that was assigned to the employee. (Sec. 3) Establishes in the Department of Veterans Affairs (VA): (1) an Under Secretary for Information Services, who shall also serve as the VA's Chief Information Officer; and (2) three Deputy Under Secretaries. (Sec. 4) Outlines responsibilities of the VA's Chief Information Officer with respect to personal information security management. Requires an annual report from the Secretary of Veterans Affairs to specified congressional committees on VA compliance with federal information security requirements. Directs the VA's Chief Information Officer to report: (1) at least monthly to the Secretary any deficiency with such compliance; and (2) immediately any significant compliance deficiency or any data breach. Requires the Secretary, upon notification of a data breach, to notify the OMB Director, the VA Inspector General, and, if appropriate, the Federal Trade Commission (FTC) and U.S. Secret Service. Directs the Secretary, at the time of each annual budget submission, to report to Congress on amounts requested by the VA for implementation and remediation of, and compliance with, federal personal information security requirements. Requires the Secretary to: (1) report quarterly to the veterans' committees on any SPI data breach during the previous quarter; and (2) notify such committees of significant data breaches. Directs the Secretary to ensure that, in the event of a data breach, a non-VA entity conducts an independent risk analysis of potential misuse of SPI in the data breach. Requires the Secretary, if a potential for misuse is determined, to provide to affected individuals credit protection services, fraud alerts, and credit security freezes through credit reporting agencies. Requires the Secretary to promptly notify all individuals whose SPI is involved in a data breach. Provides confidentiality requirements for VA contractors who perform any function that requires access to SPI. Authorizes appropriations. (Sec. 5) Requires a report from the Secretary to Congress on the feasibility of using personal identification numbers instead of Social Security numbers for identifying individuals whose SPI is processed or maintained by the VA. (Sec. 6) Requires, within 180 days after the enactment of this Act, the: (1) President to nominate an individual to serve as the Under Secretary for Information Services; and (2) the Secretary to appoint each of the Deputy Under Secretaries. Requires monthly reports from the Secretary to Congress until such appointments are made. (Sec. 7) Directs the Secretary, in order to ensure appropriate information security skills for VA employees, to carry out programs to provide financial support for the education of such personnel at institutions of higher education. Directs the Secretary to establish a scholarship program under which the Secretary provides assistance to up to five individuals (one of whom may be a VA employee) pursuing a doctoral degree in computer science or computer engineering. Limits assistance to $50,000 per year and $200,000 over a five-year period for each individual. Requires, in return for the scholarship assistance, a period of obligated of service to be determined by the Secretary, but no less than two times the total period of pursuit of the degree for which the scholarship was awarded. Makes such service period in addition to any period of active duty or civil service for which the individual is already obligated. Requires pro rata scholarship repayment for any unserved period of obligated service. Directs the Secretary to establish a debt reduction program under which the Secretary makes payments on loans taken by up to five individuals (one of whom may be a VA employee) who have completed a doctoral degree in computer science or electrical or computer engineering during the five-year period preceding the date on which the individual is hired. Limits payments to $16,500 per year and $82,500 over a five-year period for each individual. Provides a first and second priority, in the provision of both the scholarship and debt reduction assistance, to: (1) veterans with service-connected disabilities; and (2) other veterans. Requires any veteran receiving assistance to have been discharged from the Armed Forces under honorable conditions. Terminates assistance authority on July 31, 2017. Requires a report from the CG to Congress on the scholarship and debt reduction programs."
  }, 
  "titles": [
    {
      "as": "introduced", 
      "title": "Veterans Identity and Credit Security Act of 2006", 
      "type": "short"
    }, 
    {
      "as": "reported to house", 
      "title": "Veterans Identity and Credit Security Act of 2006", 
      "type": "short"
    }, 
    {
      "as": "passed house", 
      "title": "Veterans Identity and Credit Security Act of 2006", 
      "type": "short"
    }, 
    {
      "as": "introduced", 
      "title": "To amend title 38, United States Code, to improve information management within the Department of Veterans Affairs, and for other purposes.", 
      "type": "official"
    }
  ], 
  "updated_at": "2013-02-02T20:41:48-05:00"
}