{
  "actions": [
    {
      "acted_at": "2005-02-02", 
      "committee": "House Committee on Energy and Commerce", 
      "references": [], 
      "status": "REFERRED", 
      "text": "Referred to the House Committee on Energy and Commerce.", 
      "type": "referral"
    }, 
    {
      "acted_at": "2005-02-25", 
      "in_committee": "House Committee on Energy and Commerce", 
      "references": [], 
      "subcommittee": "Environment and Hazardous Materials", 
      "text": "Referred to the Subcommittee on Environment and Hazardous Materials.", 
      "type": "referral"
    }
  ], 
  "amendments": [], 
  "bill_id": "hr553-109", 
  "bill_type": "hr", 
  "committees": [
    {
      "activity": [
        "referral", 
        "in committee"
      ], 
      "committee": "House Energy and Commerce", 
      "committee_id": "HSIF"
    }, 
    {
      "activity": [
        "referral"
      ], 
      "committee": "House Energy and Commerce", 
      "committee_id": "HSIF", 
      "subcommittee": "Subcommittee on Environment and Hazardous Materials", 
      "subcommittee_id": "15"
    }
  ], 
  "congress": "109", 
  "cosponsors": [], 
  "enacted_as": null, 
  "history": {
    "awaiting_signature": false, 
    "enacted": false, 
    "vetoed": false
  }, 
  "introduced_at": "2005-02-02", 
  "number": "553", 
  "official_title": "To authorize certain States to prohibit the importation of solid waste from other States, and for other purposes.", 
  "popular_title": null, 
  "related_bills": [], 
  "short_title": "Solid Waste Compact Act", 
  "sponsor": {
    "district": "11", 
    "name": "Kanjorski, Paul E.", 
    "state": "PA", 
    "thomas_id": "00615", 
    "title": "Rep", 
    "type": "person"
  }, 
  "status": "REFERRED", 
  "status_at": "2005-02-02", 
  "subjects": [
    "Commerce", 
    "Congress", 
    "Congressional reporting requirements", 
    "Environmental protection", 
    "Government operations and politics", 
    "Government publicity", 
    "Interstate commerce", 
    "Interstate relations", 
    "Refuse and refuse disposal", 
    "Transboundary pollution", 
    "Transportation and public works"
  ], 
  "subjects_top_term": "Environmental protection", 
  "summary": {
    "as": "Introduced", 
    "date": "2005-02-02", 
    "text": "Solid Waste Compact Act - Amends the Solid Waste Disposal Act to allow States with approved State solid waste management plans to prohibit the importation of solid waste from outside the State. Directs the Administrator of the Environmental Protection Agency (EPA) to identify alternative solid waste disposal methods and establish and publish technical guidance regarding their implementation."
  }, 
  "titles": [
    {
      "as": "introduced", 
      "title": "Solid Waste Compact Act", 
      "type": "short"
    }, 
    {
      "as": "introduced", 
      "title": "To authorize certain States to prohibit the importation of solid waste from other States, and for other purposes.", 
      "type": "official"
    }
  ], 
  "updated_at": "2013-02-02T20:39:20-05:00"
}