{
  "actions": [
    {
      "acted_at": "2006-06-07", 
      "committee": "House Committee on the Judiciary", 
      "references": [], 
      "status": "REFERRED", 
      "text": "Referred to the House Committee on the Judiciary.", 
      "type": "referral"
    }
  ], 
  "amendments": [], 
  "bill_id": "hr5551-109", 
  "bill_type": "hr", 
  "committees": [
    {
      "activity": [
        "referral", 
        "in committee"
      ], 
      "committee": "House Judiciary", 
      "committee_id": "HSJU"
    }
  ], 
  "congress": "109", 
  "cosponsors": [
    {
      "district": "5", 
      "name": "Alexander, Rodney", 
      "sponsored_at": "2006-06-07", 
      "state": "LA", 
      "thomas_id": "01727", 
      "title": "Rep", 
      "withdrawn_at": null
    }, 
    {
      "district": "1", 
      "name": "Bradley, Jeb", 
      "sponsored_at": "2006-06-07", 
      "state": "NH", 
      "thomas_id": "01736", 
      "title": "Rep", 
      "withdrawn_at": null
    }, 
    {
      "district": "11", 
      "name": "Conaway, K. Michael", 
      "sponsored_at": "2006-06-07", 
      "state": "TX", 
      "thomas_id": "01805", 
      "title": "Rep", 
      "withdrawn_at": null
    }, 
    {
      "district": "4", 
      "name": "Davis, Geoff", 
      "sponsored_at": "2006-06-07", 
      "state": "KY", 
      "thomas_id": "01784", 
      "title": "Rep", 
      "withdrawn_at": null
    }, 
    {
      "district": "5", 
      "name": "Goode, Virgil H., Jr.", 
      "sponsored_at": "2006-06-07", 
      "state": "VA", 
      "thomas_id": "01486", 
      "title": "Rep", 
      "withdrawn_at": null
    }, 
    {
      "district": "5", 
      "name": "King, Steve", 
      "sponsored_at": "2006-06-07", 
      "state": "IA", 
      "thomas_id": "01724", 
      "title": "Rep", 
      "withdrawn_at": null
    }, 
    {
      "district": "11", 
      "name": "McCotter, Thaddeus G.", 
      "sponsored_at": "2006-06-21", 
      "state": "MI", 
      "thomas_id": "01732", 
      "title": "Rep", 
      "withdrawn_at": null
    }, 
    {
      "district": "1", 
      "name": "Miller, Jeff", 
      "sponsored_at": "2006-06-07", 
      "state": "FL", 
      "thomas_id": "01685", 
      "title": "Rep", 
      "withdrawn_at": null
    }, 
    {
      "district": "4", 
      "name": "Musgrave, Marilyn N.", 
      "sponsored_at": "2006-06-07", 
      "state": "CO", 
      "thomas_id": "01711", 
      "title": "Rep", 
      "withdrawn_at": null
    }, 
    {
      "district": "2", 
      "name": "Pearce, Stevan", 
      "sponsored_at": "2006-06-28", 
      "state": "NM", 
      "thomas_id": "01738", 
      "title": "Rep", 
      "withdrawn_at": null
    }, 
    {
      "district": "7", 
      "name": "Peterson, Collin C.", 
      "sponsored_at": "2006-06-07", 
      "state": "MN", 
      "thomas_id": "00910", 
      "title": "Rep", 
      "withdrawn_at": null
    }, 
    {
      "district": "2", 
      "name": "Poe, Ted", 
      "sponsored_at": "2006-06-07", 
      "state": "TX", 
      "thomas_id": "01802", 
      "title": "Rep", 
      "withdrawn_at": null
    }, 
    {
      "district": "3", 
      "name": "Rogers, Mike D.", 
      "sponsored_at": "2006-06-28", 
      "state": "AL", 
      "thomas_id": "01704", 
      "title": "Rep", 
      "withdrawn_at": null
    }, 
    {
      "district": "8", 
      "name": "Rogers, Mike J.", 
      "sponsored_at": "2006-07-11", 
      "state": "MI", 
      "thomas_id": "01651", 
      "title": "Rep", 
      "withdrawn_at": null
    }, 
    {
      "district": "3", 
      "name": "Shadegg, John B.", 
      "sponsored_at": "2006-06-07", 
      "state": "AZ", 
      "thomas_id": "01043", 
      "title": "Rep", 
      "withdrawn_at": null
    }, 
    {
      "district": "3", 
      "name": "Wamp, Zach", 
      "sponsored_at": "2006-06-20", 
      "state": "TN", 
      "thomas_id": "01199", 
      "title": "Rep", 
      "withdrawn_at": null
    }
  ], 
  "enacted_as": null, 
  "history": {
    "awaiting_signature": false, 
    "enacted": false, 
    "vetoed": false
  }, 
  "introduced_at": "2006-06-07", 
  "number": "5551", 
  "official_title": "To amend chapter 44 of title 18, United States Code, to amend the requirement that interstate firearms sales by Federal firearms licensees be made in accordance with the State law of the purchaser.", 
  "popular_title": null, 
  "related_bills": [], 
  "short_title": "Firearms Transfer Improvement Act", 
  "sponsor": {
    "district": "1", 
    "name": "Renzi, Rick", 
    "state": "AZ", 
    "thomas_id": "01706", 
    "title": "Rep", 
    "type": "person"
  }, 
  "status": "REFERRED", 
  "status_at": "2006-06-07", 
  "subjects": [
    "Commerce", 
    "Crime and law enforcement", 
    "Firearms", 
    "Firearms control", 
    "Government operations and politics", 
    "Interstate commerce", 
    "State laws"
  ], 
  "subjects_top_term": "Crime and law enforcement", 
  "summary": {
    "as": "Introduced", 
    "date": "2006-06-07", 
    "text": "Firearms Transfer Improvement Act - Amends the federal criminal code to provide that in-person interstate firearms sales between a federal firearms licensee and a nonresident purchaser shall be governed only by the state law of the licensee (currently, such sales must comply with the state laws of both the licensee and the purchaser)."
  }, 
  "titles": [
    {
      "as": "introduced", 
      "title": "Firearms Transfer Improvement Act", 
      "type": "short"
    }, 
    {
      "as": "introduced", 
      "title": "To amend chapter 44 of title 18, United States Code, to amend the requirement that interstate firearms sales by Federal firearms licensees be made in accordance with the State law of the purchaser.", 
      "type": "official"
    }
  ], 
  "updated_at": "2013-02-02T20:41:40-05:00"
}