{
  "actions": [
    {
      "acted_at": "2006-05-12T14:12:00-04:00", 
      "references": [], 
      "text": "The House Committee on Appropriations reported an original measure, H. Rept. 109-463, by Mr. Bonilla.", 
      "type": "action"
    }, 
    {
      "acted_at": "2006-05-12T14:13:00-04:00", 
      "calendar": "Union", 
      "number": "255", 
      "references": [], 
      "status": "REPORTED", 
      "text": "Placed on the Union Calendar, Calendar No. 255.", 
      "type": "calendar", 
      "under": null
    }, 
    {
      "acted_at": "2006-05-16T14:15:00-04:00", 
      "references": [], 
      "text": "Supplemental report filed by the Committee on Appropriations, H. Rept. 109-463, Part II.", 
      "type": "action"
    }, 
    {
      "acted_at": "2006-05-22T19:59:00-04:00", 
      "bill_ids": [
        "hres830-109"
      ], 
      "references": [], 
      "text": "Rules Committee Resolution H. Res. 830 Reported to House. Rule provides for consideration of H.R. 5384 with 1 hour of general debate. Previous question shall be considered as ordered without intervening motions except motion to recommit with or without instructions.", 
      "type": "action"
    }, 
    {
      "acted_at": "2006-05-23T11:49:00-04:00", 
      "bill_ids": [
        "hres830-109"
      ], 
      "references": [], 
      "text": "Rule H. Res. 830 passed House.", 
      "type": "action"
    }, 
    {
      "acted_at": "2006-05-23T11:59:00-04:00", 
      "bill_ids": [
        "hres830-109"
      ], 
      "references": [
        {
          "reference": "CR H3039-3079", 
          "type": "consideration"
        }, 
        {
          "reference": "CR H3054, H3055, H3058, H3061, H3062-3063, H3065-3066, H3068-3069, H3069-3070", 
          "type": "text of Title I as reported in House"
        }, 
        {
          "reference": "CR H3070, H3070-3071", 
          "type": "text of Title II as reported in House"
        }, 
        {
          "reference": "CR H3071, H3072-3073", 
          "type": "text of Title III as reported in House"
        }, 
        {
          "reference": "CR H3073-3074", 
          "type": "text of Title IV as reported in House"
        }, 
        {
          "reference": "CR H3074", 
          "type": "text of Title V as reported in House"
        }, 
        {
          "reference": "CR H3074-3075", 
          "type": "text of Title VI as reported in House"
        }, 
        {
          "reference": "CR H3075-3077", 
          "type": "text of Title VII as reported in House"
        }, 
        {
          "reference": "CR 5/24/2006 CR H3223", 
          "type": "Text omission from Title VII"
        }
      ], 
      "text": "Considered under the provisions of rule H. Res. 830.", 
      "type": "action"
    }, 
    {
      "acted_at": "2006-05-23T11:59:00-04:00", 
      "references": [], 
      "text": "Rule provides for consideration of H.R. 5384 with 1 hour of general debate. Previous question shall be considered as ordered without intervening motions except motion to recommit with or without instructions.", 
      "type": "action"
    }, 
    {
      "acted_at": "2006-05-23T12:00:00-04:00", 
      "references": [], 
      "text": "The Speaker designated the Honorable Paul Ryan to act as Chairman of the Committee.", 
      "type": "action"
    }, 
    {
      "acted_at": "2006-05-23T12:00:00-04:00", 
      "bill_ids": [
        "hres830-109"
      ], 
      "references": [], 
      "text": "House resolved itself into the Committee of the Whole House on the state of the Union pursuant to H. Res. 830 and Rule XVIII.", 
      "type": "action"
    }, 
    {
      "acted_at": "2006-05-23T12:00:00-04:00", 
      "references": [], 
      "text": "GENERAL DEBATE - The Committee of the Whole proceeded with one hour of general debate on H.R. 5384.", 
      "type": "action"
    }, 
    {
      "acted_at": "2006-05-23T12:33:00-04:00", 
      "references": [], 
      "text": "DEBATE - The Committee of the Whole proceeded with debate on the Kucinich amendment under the five-minute rule.", 
      "type": "action"
    }, 
    {
      "acted_at": "2006-05-23T12:42:00-04:00", 
      "references": [], 
      "text": "DEBATE - The Committee of the Whole proceeded with debate on the Weiner amendment under the five-minute rule.", 
      "type": "action"
    }, 
    {
      "acted_at": "2006-05-23T13:05:00-04:00", 
      "references": [], 
      "text": "POSTPONED PROCEEDINGS - At the conclusion of debate on the Weiner amendment, the Chair put the question on adoption of the amendment and by voice vote, announced that the noes had prevailed. Mr. Weiner demanded a recorded vote and the Chair postponed further proceedings on the question of adoption of the amendment until later in the legislative day.", 
      "type": "action"
    }, 
    {
      "acted_at": "2006-05-23T13:05:00-04:00", 
      "references": [], 
      "text": "DEBATE - The Committee of the Whole proceeded with debate on the Butterfield amendment under the five-minute rule.", 
      "type": "action"
    }, 
    {
      "acted_at": "2006-05-23T13:15:00-04:00", 
      "references": [], 
      "text": "DEBATE - The Committee of the Whole proceeded with debate on the Kennedy (MN) amendment under the five-minute rule.", 
      "type": "action"
    }, 
    {
      "acted_at": "2006-05-23T13:20:00-04:00", 
      "references": [], 
      "text": "DEBATE - The Committee of the Whole proceeded with debate on the Holt amendment under the five-minute rule.", 
      "type": "action"
    }, 
    {
      "acted_at": "2006-05-23T13:34:00-04:00", 
      "references": [], 
      "text": "DEBATE - The Committee of the Whole proceeded with debate on the Kennedy (MN) amendment under the five-minute rule.", 
      "type": "action"
    }, 
    {
      "acted_at": "2006-05-23T13:41:00-04:00", 
      "references": [], 
      "text": "POSTPONED PROCEEDINGS - At the conclusion of debate on the Kennedy (M) amendment, the Chair put the question on adoption of the amendment and by voice vote, announced that the noes had prevailed. Mr. Kennedy (MN) demanded a recorded vote and the Chair postponed further proceedings on the question of adoption of the amendment until later in the legislative day.", 
      "type": "action"
    }, 
    {
      "acted_at": "2006-05-23T13:42:00-04:00", 
      "references": [], 
      "text": "DEBATE - The Committee of the Whole proceeded with debate on the DeLauro amendment under the five-minute rule, pending reservation of a point of order.", 
      "type": "action"
    }, 
    {
      "acted_at": "2006-05-23T13:48:00-04:00", 
      "references": [], 
      "text": "DEBATE - The Committee of the Whole proceeded with debate on the Baca amendment under the five-minute rule.", 
      "type": "action"
    }, 
    {
      "acted_at": "2006-05-23T13:53:00-04:00", 
      "references": [], 
      "text": "DEBATE - The Committee of the Whole proceeded with debate on the Faleomavaega amendment under the five-minute rule.", 
      "type": "action"
    }, 
    {
      "acted_at": "2006-05-23T13:56:00-04:00", 
      "references": [], 
      "text": "DEBATE - The Committee of the Whole proceeded with debate on the Kucinich amendment under the five-minute rule.", 
      "type": "action"
    }, 
    {
      "acted_at": "2006-05-23T14:16:00-04:00", 
      "references": [], 
      "text": "DEBATE - The Committee of the Whole proceeded with debate on the Ryan (OH) amendment under the five-minute rule.", 
      "type": "action"
    }, 
    {
      "acted_at": "2006-05-23T14:19:00-04:00", 
      "references": [], 
      "text": "DEBATE - The Committee of the Whole proceeded with debate on the Lucas amendment under the five-minute rule.", 
      "type": "action"
    }, 
    {
      "acted_at": "2006-05-23T14:24:00-04:00", 
      "references": [], 
      "text": "DEBATE - The Committee of the Whole proceeded with debate on the Sanders amendment under the five-minute rule.", 
      "type": "action"
    }, 
    {
      "acted_at": "2006-05-23T14:40:00-04:00", 
      "references": [], 
      "text": "Mr. Goodlatte raised a point of order against the content of the measure. Mr. Goodlatte stated that section 749 sought to change existing law and constituted legislation in an appropriations bill. The Chair sustained the point of order.", 
      "type": "action"
    }, 
    {
      "acted_at": "2006-05-23T14:42:00-04:00", 
      "references": [], 
      "text": "Mr. Deal (GA) raised a point of order against the content of the measure. Mr. Deal stated that the language on p. 81 line 16, through p. 82 line 5, sought to change existing law and constituted legislation in an appropriations bill. The Chair sustained the point of order.", 
      "type": "action"
    }, 
    {
      "acted_at": "2006-05-23T14:45:00-04:00", 
      "references": [], 
      "text": "Mr. Goodlatte raised a point of order against the content of the measure. Mr. Goodlatte stated that section 752 sought to change existing law and constituted legislation in an appropriations bill. The Chair sustained the point of order.", 
      "type": "action"
    }, 
    {
      "acted_at": "2006-05-23T15:03:00-04:00", 
      "references": [], 
      "text": "Committee of the Whole House on the state of the Union rises leaving H.R. 5384 as unfinished business.", 
      "type": "action"
    }, 
    {
      "acted_at": "2006-05-23T15:11:00-04:00", 
      "references": [], 
      "text": "The House resolved into Committee of the Whole House on the state of the Union for further consideration.", 
      "type": "action"
    }, 
    {
      "acted_at": "2006-05-23T15:13:00-04:00", 
      "references": [], 
      "text": "DEBATE - Pursuant to a previous order of the House, the Committee of the Whole proceeded with 10 minutes of debate on the Bonilla amendment.", 
      "type": "action"
    }, 
    {
      "acted_at": "2006-05-23T15:14:00-04:00", 
      "references": [], 
      "text": "DEBATE - Pursuant to a previous order of the House, the Committee of the Whole proceeded with 10 minutes of debate on the Paul amendment.", 
      "type": "action"
    }, 
    {
      "acted_at": "2006-05-23T15:30:00-04:00", 
      "references": [], 
      "text": "POSTPONED PROCEEDINGS - At the conclusion of debate on the Paul amendment, the Chair put the question on adoption of the amendment and by voice vote, announced that the noes had prevailed. Mr. Paul demanded a recorded vote and the Chair postponed further proceedings on the question of adoption of the amendment until later in the legislative day.", 
      "type": "action"
    }, 
    {
      "acted_at": "2006-05-23T15:31:00-04:00", 
      "references": [], 
      "text": "DEBATE - Pursuant to a previous order of the House, the Committee of the Whole proceeded with 10 minutes of debate on the Boren amendment.", 
      "type": "action"
    }, 
    {
      "acted_at": "2006-05-23T15:33:00-04:00", 
      "references": [], 
      "text": "DEBATE - Pursuant to a previous order of the House, the Committee of the Whole proceeded with 10 minutes of debate on the Tiahrt amendment, pending reservation of a point of order.", 
      "type": "action"
    }, 
    {
      "acted_at": "2006-05-23T15:39:00-04:00", 
      "references": [], 
      "text": "DEBATE - Pursuant to a previous order of the House, the Committee of the Whole proceeded with 10 minutes of debate on the King (IA) amendment, pending reservation of a point of order.", 
      "type": "action"
    }, 
    {
      "acted_at": "2006-05-23T15:46:00-04:00", 
      "references": [], 
      "text": "DEBATE - Pursuant to a previous order of the House, the Committee of the Whole proceeded with 10 minutes of debate on the Chabot amendment.", 
      "type": "action"
    }, 
    {
      "acted_at": "2006-05-23T15:55:00-04:00", 
      "references": [], 
      "text": "POSTPONED PROCEEDINGS - At the conclusion of debate on the Chabot amendment, the Chair put the question on adoption of the amendment and by voice vote, announced that the noes had prevailed. Mr. Chabot demanded a recorded vote and the Chair postponed further proceedings on the question of adoption of the amendment until later in the legislative day.", 
      "type": "action"
    }, 
    {
      "acted_at": "2006-05-23T15:57:00-04:00", 
      "references": [], 
      "text": "DEBATE - Pursuant to a previous order of the House, the Committee of the Whole proceeded with 10 minutes of debate on the Gordon amendment.", 
      "type": "action"
    }, 
    {
      "acted_at": "2006-05-23T16:00:00-04:00", 
      "references": [], 
      "text": "DEBATE - Pursuant to a previous order of the House, the Committee of the Whole proceeded with 10 minutes of debate on the Carter amendment.", 
      "type": "action"
    }, 
    {
      "acted_at": "2006-05-23T16:01:00-04:00", 
      "references": [], 
      "text": "DEBATE - Pursuant to a previous order of the House, the Committee of the Whole proceeded with 10 minutes of debate on the Engel amendment.", 
      "type": "action"
    }, 
    {
      "acted_at": "2006-05-23T16:03:00-04:00", 
      "references": [], 
      "text": "DEBATE - Pursuant to a previous order of the House, the Committee of the Whole proceeded with 10 minutes of debate on the Hefley amendment.", 
      "type": "action"
    }, 
    {
      "acted_at": "2006-05-23T16:04:00-04:00", 
      "references": [], 
      "text": "POSTPONED PROCEEDINGS - At the conclusion of debate on the Hefley amendment, the Chair put the question on adoption of the amendment and by voice vote, announced that the ayes had prevailed. Mr. Bonilla demanded a recorded vote and the Chair postponed further proceedings on the question of adoption of the amendment until later in the legislative day.", 
      "type": "action"
    }, 
    {
      "acted_at": "2006-05-23T16:05:00-04:00", 
      "references": [], 
      "text": "DEBATE - Pursuant to a previous order of the House, the Committee of the Whole proceeded with 10 minutes of debate on the Latham amendment, pending reservation of a point of order.", 
      "type": "action"
    }, 
    {
      "acted_at": "2006-05-23T16:12:00-04:00", 
      "references": [], 
      "text": "DEBATE - Pursuant to a previous order of the House, the Committee of the Whole proceeded with 20 minutes of debate on the Blumenauer amendment.", 
      "type": "action"
    }, 
    {
      "acted_at": "2006-05-23T16:34:00-04:00", 
      "references": [], 
      "text": "Postponed Proceedings - At the conclusion of debate on the Blumenauer amendment, the Chair put the question on adoption of the amendment and by voice vote, announced that the noes had prevailed. Mr. Blumenauer demanded a recorded vote and the Chair postponed further proceedings on the question of adoption of the amendment until later in the legislative day.", 
      "type": "action"
    }, 
    {
      "acted_at": "2006-05-23T16:36:00-04:00", 
      "references": [], 
      "text": "DEBATE - Pursuant to a previous order of the House, the Committee of the Whole proceeded with 10 minutes of debate on the Slaughter amendment.", 
      "type": "action"
    }, 
    {
      "acted_at": "2006-05-23T16:39:00-04:00", 
      "references": [], 
      "text": "DEBATE - Pursuant to a previous order of the House, the Committee of the Whole proceeded with 10 minutes of debate on the Gutknecht amendment.", 
      "type": "action"
    }, 
    {
      "acted_at": "2006-05-23T16:42:00-04:00", 
      "references": [], 
      "text": "POSTPONED PROCEEDINGS - At the conclusion of debate on the Gutknecht amendment, the Chair put the question on adoption of the amendment and by voice vote, announced that the noes had prevailed. Mr. Gutknecht demanded a recorded vote and the Chair postponed further proceedings on the question of adoption of the amendment until later in the legislative day.", 
      "type": "action"
    }, 
    {
      "acted_at": "2006-05-23T16:48:00-04:00", 
      "references": [], 
      "text": "UNFINISHED BUSINESS - The Chair announced that the unfinished business was the question of adoption of specified amendments which were debated earlier and on which further proceedings had been postponed.", 
      "type": "action"
    }, 
    {
      "acted_at": "2006-05-23T17:36:00-04:00", 
      "references": [], 
      "text": "Mr. Boehner moved that the Committee rise.", 
      "type": "action"
    }, 
    {
      "acted_at": "2006-05-23T17:36:00-04:00", 
      "references": [], 
      "text": "On motion that the Committee rise Agreed to by voice vote.", 
      "type": "action"
    }, 
    {
      "acted_at": "2006-05-23T17:36:00-04:00", 
      "references": [], 
      "text": "Committee of the Whole House on the state of the Union rises leaving H.R. 5384 as unfinished business.", 
      "type": "action"
    }, 
    {
      "acted_at": "2006-05-23T17:38:00-04:00", 
      "references": [
        {
          "reference": "CR H3080-3097, H3097-3118", 
          "type": "consideration"
        }
      ], 
      "text": "Considered as unfinished business.", 
      "type": "action"
    }, 
    {
      "acted_at": "2006-05-23T17:39:00-04:00", 
      "references": [], 
      "text": "The House resolved into Committee of the Whole House on the state of the Union for further consideration.", 
      "type": "action"
    }, 
    {
      "acted_at": "2006-05-23T17:40:00-04:00", 
      "references": [], 
      "text": "UNFINISHED BUSINESS - The Chair announced that the unfinished business was the question of adoption of specified amendments which had been debated earlier and on which further proceedings had been postponed.", 
      "type": "action"
    }, 
    {
      "acted_at": "2006-05-23T18:12:00-04:00", 
      "references": [], 
      "text": "DEBATE - Pursuant to a previous order of the House, the Committee of the Whole proceeded with 10 minutes of debate on the Reichert amendment, pending reservation of a point of order.", 
      "type": "action"
    }, 
    {
      "acted_at": "2006-05-23T18:14:00-04:00", 
      "references": [], 
      "text": "DEBATE - Pursuant to a previous order of the House, the Committee of the Whole proceeded with 10 minutes of debate on the Jackson-Lee amendment, pending reservation of a point of order.", 
      "type": "action"
    }, 
    {
      "acted_at": "2006-05-23T18:24:00-04:00", 
      "references": [], 
      "text": "DEBATE - Pursuant to a previous order of the House, the Committee of the Whole proceeded with 10 minutes of debate on the Garrett amendment.", 
      "type": "action"
    }, 
    {
      "acted_at": "2006-05-23T18:24:00-04:00", 
      "references": [], 
      "text": "DEBATE - Pursuant to a previous order of the House, the Committee of the Whole proceeded with 10 minutes of debate on the Weiner amendment, pending reservation of a point of order.", 
      "type": "action"
    }, 
    {
      "acted_at": "2006-05-23T18:32:00-04:00", 
      "references": [], 
      "text": "DEBATE - Pursuant to a previous order of the House, the Committee of the Whole proceeded with 10 minutes of debate on the Garrett amendment.", 
      "type": "action"
    }, 
    {
      "acted_at": "2006-05-23T18:33:00-04:00", 
      "references": [], 
      "text": "POSTPONED PROCEEDINGS - At the conclusion of debate on the Garrett amendment, the Chair put the question on adoption of the amendment and by voice vote, announced that the ayes had prevailed. Ms. Delauro demanded a recorded vote and the Chair postponed further proceedings on the question of adoption of the amendment until later in the legislative day.", 
      "type": "action"
    }, 
    {
      "acted_at": "2006-05-23T18:34:00-04:00", 
      "references": [], 
      "text": "DEBATE - Pursuant to a previous order of the House, the Committee of the Whole proceeded with 10 minutes of debate on the Baca amendment.", 
      "type": "action"
    }, 
    {
      "acted_at": "2006-05-23T18:42:00-04:00", 
      "references": [], 
      "text": "DEBATE - Pursuant to a previous order of the House, the Committee of the Whole proceeded with 10 minutes of debate on the Flake amendment.", 
      "type": "action"
    }, 
    {
      "acted_at": "2006-05-23T18:52:00-04:00", 
      "references": [], 
      "text": "At the conclusion of debate on the Flake amendment, the Chair put the question on adoption of the amendment and by voice vote, announced that the noes had prevailed. Mr. Flake demanded a recorded vote and the Chair postponed further proceedings on the question of adoption of the amendment until later in the legislative day.", 
      "type": "action"
    }, 
    {
      "acted_at": "2006-05-23T18:53:00-04:00", 
      "references": [], 
      "text": "DEBATE - Pursuant to a previous order of the House, the Committee of the Whole proceeded with 10 minutes of debate on the Flake amendment.", 
      "type": "action"
    }, 
    {
      "acted_at": "2006-05-23T19:02:00-04:00", 
      "references": [], 
      "text": "DEBATE - Pursuant to a previous order of the House, the Committee of the Whole proceeded with 10 minutes of debate on the Flake amendment.", 
      "type": "action"
    }, 
    {
      "acted_at": "2006-05-23T19:19:00-04:00", 
      "references": [], 
      "text": "DEBATE - Pursuant to a previous order of the House, the Committee of the Whole proceeded with 10 minutes of debate on the Flake amendment.", 
      "type": "action"
    }, 
    {
      "acted_at": "2006-05-23T19:30:00-04:00", 
      "references": [], 
      "text": "DEBATE - Pursuant to a previous order of the House, the Committee of the Whole proceeded with 10 minutes of debate on the Flake amendment.", 
      "type": "action"
    }, 
    {
      "acted_at": "2006-05-23T19:39:00-04:00", 
      "references": [], 
      "text": "DEBATE - Pursuant to a previous order of the House, the Committee of the Whole proceeded with 10 minutes of debate on the Flake amendment.", 
      "type": "action"
    }, 
    {
      "acted_at": "2006-05-23T19:51:00-04:00", 
      "references": [], 
      "text": "POSTPONED PROCEEDINGS - At the conclusion of debate on the Flake amendment, the Chair put the question on adoption of the amendment and by voice vote, announced that the noes had prevailed. Mr. Flake demanded a recorded vote and the Chair postponed further proceedings on the question of adoption of the amendment until later in the legislative day.", 
      "type": "action"
    }, 
    {
      "acted_at": "2006-05-23T19:52:00-04:00", 
      "references": [], 
      "text": "DEBATE - Pursuant to a previous order of the House, the Committee of the Whole proceeded with 10 minutes of debate on the Flake amendment.", 
      "type": "action"
    }, 
    {
      "acted_at": "2006-05-23T20:10:00-04:00", 
      "references": [], 
      "text": "DEBATE - Pursuant to a previous order of the House, the Committee of the Whole proceeded with 10 minutes of debate on the Flake amendment.", 
      "type": "action"
    }, 
    {
      "acted_at": "2006-05-23T20:19:00-04:00", 
      "references": [], 
      "text": "POSTPONED PROCEEDINGS - At the conclusion of debate on the Flake amendment, the Chair put the question on adoption of the amendment and by voice vote, announced that the ayes had prevailed. Mr. Flake demanded a recorded vote and the Chair postponed further proceedings on the question of adoption of the amendment until later in the legislative day.", 
      "type": "action"
    }, 
    {
      "acted_at": "2006-05-23T20:19:00-04:00", 
      "references": [], 
      "text": "UNFINISHED BUSINESS - The Chair announced that the unfinished business was the question of adoption of amendments which had been debated earlier and on which further proceedings had been postponed.", 
      "type": "action"
    }, 
    {
      "acted_at": "2006-05-23T20:58:00-04:00", 
      "references": [], 
      "text": "Mr. Bonilla moved for the Committee of the Whole to rise and report.", 
      "type": "action"
    }, 
    {
      "acted_at": "2006-05-23T20:59:00-04:00", 
      "references": [], 
      "text": "On motion to rise and report Agreed to by voice vote.", 
      "type": "action"
    }, 
    {
      "acted_at": "2006-05-23T20:59:00-04:00", 
      "references": [], 
      "text": "The House rose from the Committee of the Whole House on the state of the Union to report H.R. 5384.", 
      "type": "action"
    }, 
    {
      "acted_at": "2006-05-23T20:59:00-04:00", 
      "references": [], 
      "text": "The previous question was ordered pursuant to the rule.", 
      "type": "action"
    }, 
    {
      "acted_at": "2006-05-23T21:00:00-04:00", 
      "references": [], 
      "text": "MODIFICATION OF AMENDMENT - Mr. Bonilla asked unanimous consent that the amendment by Mr. Engel be considered to have been adopted in the Committee of the Whole with modifications placed at the desk. Agreed to without objection.", 
      "type": "action"
    }, 
    {
      "acted_at": "2006-05-23T21:00:00-04:00", 
      "references": [], 
      "text": "The House adopted the amendments en gross as agreed to by the Committee of the Whole House on the state of the Union.", 
      "type": "action"
    }, 
    {
      "acted_at": "2006-05-23T21:17:00-04:00", 
      "how": "roll", 
      "references": [], 
      "result": "pass", 
      "roll": "193", 
      "status": "PASS_OVER:HOUSE", 
      "suspension": null, 
      "text": "On passage Passed by the Yeas and Nays: 378 - 46 (Roll no. 193).", 
      "type": "vote", 
      "vote_type": "vote", 
      "where": "h"
    }, 
    {
      "acted_at": "2006-05-23T21:17:00-04:00", 
      "references": [], 
      "text": "Motion to reconsider laid on the table Agreed to without objection.", 
      "type": "action"
    }, 
    {
      "acted_at": "2006-05-23T21:17:00-04:00", 
      "references": [], 
      "text": "The Clerk was authorized to correct section numbers, punctuation, and cross references, and to make other necessary technical and conforming corrections in the engrossment of H.R. 5384.", 
      "type": "action"
    }, 
    {
      "acted_at": "2006-05-24", 
      "committee": "Committee on Appropriations", 
      "references": [], 
      "text": "Received in the Senate and Read twice and referred to the Committee on Appropriations.", 
      "type": "referral"
    }, 
    {
      "acted_at": "2006-06-20", 
      "in_committee": "Committee on Appropriations", 
      "references": [], 
      "text": "Committee on Appropriations Subcommittee on Agriculture, Rural Development, and Related Agencies. Approved for full committee consideration with an amendment in the nature of a substitute favorably.", 
      "type": "action"
    }, 
    {
      "acted_at": "2006-06-22", 
      "in_committee": "Committee on Appropriations", 
      "references": [], 
      "text": "Committee on Appropriations. Ordered to be reported with an amendment in the nature of a substitute favorably.", 
      "type": "calendar"
    }, 
    {
      "acted_at": "2006-06-22", 
      "committee": "Appropriations", 
      "references": [], 
      "text": "Committee on Appropriations. Reported by Senator Bennett with an amendment in the nature of a substitute. With written report No. 109-266.", 
      "type": "reported"
    }, 
    {
      "acted_at": "2006-06-22", 
      "calendar": "Senate Legislative", 
      "number": "477", 
      "references": [], 
      "text": "Placed on Senate Legislative Calendar under General Orders. Calendar No. 477.", 
      "type": "calendar", 
      "under": "General Orders"
    }, 
    {
      "acted_at": "2006-12-05", 
      "references": [
        {
          "reference": "CR S11127-11159", 
          "type": "consideration"
        }, 
        {
          "reference": "CR S11127-11140", 
          "type": "text of measure as reported in House"
        }
      ], 
      "text": "Measure laid before Senate by unanimous consent.", 
      "type": "action"
    }
  ], 
  "amendments": [
    {
      "amendment_id": "h871-109", 
      "amendment_type": "h", 
      "chamber": "h", 
      "number": "871"
    }, 
    {
      "amendment_id": "h872-109", 
      "amendment_type": "h", 
      "chamber": "h", 
      "number": "872"
    }, 
    {
      "amendment_id": "h873-109", 
      "amendment_type": "h", 
      "chamber": "h", 
      "number": "873"
    }, 
    {
      "amendment_id": "h874-109", 
      "amendment_type": "h", 
      "chamber": "h", 
      "number": "874"
    }, 
    {
      "amendment_id": "h875-109", 
      "amendment_type": "h", 
      "chamber": "h", 
      "number": "875"
    }, 
    {
      "amendment_id": "h876-109", 
      "amendment_type": "h", 
      "chamber": "h", 
      "number": "876"
    }, 
    {
      "amendment_id": "h877-109", 
      "amendment_type": "h", 
      "chamber": "h", 
      "number": "877"
    }, 
    {
      "amendment_id": "h878-109", 
      "amendment_type": "h", 
      "chamber": "h", 
      "number": "878"
    }, 
    {
      "amendment_id": "h879-109", 
      "amendment_type": "h", 
      "chamber": "h", 
      "number": "879"
    }, 
    {
      "amendment_id": "h880-109", 
      "amendment_type": "h", 
      "chamber": "h", 
      "number": "880"
    }, 
    {
      "amendment_id": "h881-109", 
      "amendment_type": "h", 
      "chamber": "h", 
      "number": "881"
    }, 
    {
      "amendment_id": "h882-109", 
      "amendment_type": "h", 
      "chamber": "h", 
      "number": "882"
    }, 
    {
      "amendment_id": "h883-109", 
      "amendment_type": "h", 
      "chamber": "h", 
      "number": "883"
    }, 
    {
      "amendment_id": "h884-109", 
      "amendment_type": "h", 
      "chamber": "h", 
      "number": "884"
    }, 
    {
      "amendment_id": "h885-109", 
      "amendment_type": "h", 
      "chamber": "h", 
      "number": "885"
    }, 
    {
      "amendment_id": "h886-109", 
      "amendment_type": "h", 
      "chamber": "h", 
      "number": "886"
    }, 
    {
      "amendment_id": "h887-109", 
      "amendment_type": "h", 
      "chamber": "h", 
      "number": "887"
    }, 
    {
      "amendment_id": "h888-109", 
      "amendment_type": "h", 
      "chamber": "h", 
      "number": "888"
    }, 
    {
      "amendment_id": "h889-109", 
      "amendment_type": "h", 
      "chamber": "h", 
      "number": "889"
    }, 
    {
      "amendment_id": "h890-109", 
      "amendment_type": "h", 
      "chamber": "h", 
      "number": "890"
    }, 
    {
      "amendment_id": "h891-109", 
      "amendment_type": "h", 
      "chamber": "h", 
      "number": "891"
    }, 
    {
      "amendment_id": "h892-109", 
      "amendment_type": "h", 
      "chamber": "h", 
      "number": "892"
    }, 
    {
      "amendment_id": "h893-109", 
      "amendment_type": "h", 
      "chamber": "h", 
      "number": "893"
    }, 
    {
      "amendment_id": "h894-109", 
      "amendment_type": "h", 
      "chamber": "h", 
      "number": "894"
    }, 
    {
      "amendment_id": "h895-109", 
      "amendment_type": "h", 
      "chamber": "h", 
      "number": "895"
    }, 
    {
      "amendment_id": "h896-109", 
      "amendment_type": "h", 
      "chamber": "h", 
      "number": "896"
    }, 
    {
      "amendment_id": "h897-109", 
      "amendment_type": "h", 
      "chamber": "h", 
      "number": "897"
    }, 
    {
      "amendment_id": "h898-109", 
      "amendment_type": "h", 
      "chamber": "h", 
      "number": "898"
    }, 
    {
      "amendment_id": "h899-109", 
      "amendment_type": "h", 
      "chamber": "h", 
      "number": "899"
    }, 
    {
      "amendment_id": "h900-109", 
      "amendment_type": "h", 
      "chamber": "h", 
      "number": "900"
    }, 
    {
      "amendment_id": "h901-109", 
      "amendment_type": "h", 
      "chamber": "h", 
      "number": "901"
    }, 
    {
      "amendment_id": "h902-109", 
      "amendment_type": "h", 
      "chamber": "h", 
      "number": "902"
    }, 
    {
      "amendment_id": "h903-109", 
      "amendment_type": "h", 
      "chamber": "h", 
      "number": "903"
    }, 
    {
      "amendment_id": "h904-109", 
      "amendment_type": "h", 
      "chamber": "h", 
      "number": "904"
    }, 
    {
      "amendment_id": "h905-109", 
      "amendment_type": "h", 
      "chamber": "h", 
      "number": "905"
    }, 
    {
      "amendment_id": "h906-109", 
      "amendment_type": "h", 
      "chamber": "h", 
      "number": "906"
    }, 
    {
      "amendment_id": "h907-109", 
      "amendment_type": "h", 
      "chamber": "h", 
      "number": "907"
    }, 
    {
      "amendment_id": "h908-109", 
      "amendment_type": "h", 
      "chamber": "h", 
      "number": "908"
    }, 
    {
      "amendment_id": "h909-109", 
      "amendment_type": "h", 
      "chamber": "h", 
      "number": "909"
    }, 
    {
      "amendment_id": "h910-109", 
      "amendment_type": "h", 
      "chamber": "h", 
      "number": "910"
    }, 
    {
      "amendment_id": "h911-109", 
      "amendment_type": "h", 
      "chamber": "h", 
      "number": "911"
    }, 
    {
      "amendment_id": "s5149-109", 
      "amendment_type": "s", 
      "chamber": "s", 
      "number": "5149"
    }, 
    {
      "amendment_id": "s5150-109", 
      "amendment_type": "s", 
      "chamber": "s", 
      "number": "5150"
    }, 
    {
      "amendment_id": "s5151-109", 
      "amendment_type": "s", 
      "chamber": "s", 
      "number": "5151"
    }, 
    {
      "amendment_id": "s5152-109", 
      "amendment_type": "s", 
      "chamber": "s", 
      "number": "5152"
    }, 
    {
      "amendment_id": "s5153-109", 
      "amendment_type": "s", 
      "chamber": "s", 
      "number": "5153"
    }, 
    {
      "amendment_id": "s5154-109", 
      "amendment_type": "s", 
      "chamber": "s", 
      "number": "5154"
    }, 
    {
      "amendment_id": "s5155-109", 
      "amendment_type": "s", 
      "chamber": "s", 
      "number": "5155"
    }, 
    {
      "amendment_id": "s5156-109", 
      "amendment_type": "s", 
      "chamber": "s", 
      "number": "5156"
    }, 
    {
      "amendment_id": "s5157-109", 
      "amendment_type": "s", 
      "chamber": "s", 
      "number": "5157"
    }, 
    {
      "amendment_id": "s5158-109", 
      "amendment_type": "s", 
      "chamber": "s", 
      "number": "5158"
    }, 
    {
      "amendment_id": "s5159-109", 
      "amendment_type": "s", 
      "chamber": "s", 
      "number": "5159"
    }, 
    {
      "amendment_id": "s5160-109", 
      "amendment_type": "s", 
      "chamber": "s", 
      "number": "5160"
    }, 
    {
      "amendment_id": "s5161-109", 
      "amendment_type": "s", 
      "chamber": "s", 
      "number": "5161"
    }, 
    {
      "amendment_id": "s5162-109", 
      "amendment_type": "s", 
      "chamber": "s", 
      "number": "5162"
    }, 
    {
      "amendment_id": "s5163-109", 
      "amendment_type": "s", 
      "chamber": "s", 
      "number": "5163"
    }, 
    {
      "amendment_id": "s5164-109", 
      "amendment_type": "s", 
      "chamber": "s", 
      "number": "5164"
    }, 
    {
      "amendment_id": "s5165-109", 
      "amendment_type": "s", 
      "chamber": "s", 
      "number": "5165"
    }, 
    {
      "amendment_id": "s5166-109", 
      "amendment_type": "s", 
      "chamber": "s", 
      "number": "5166"
    }, 
    {
      "amendment_id": "s5167-109", 
      "amendment_type": "s", 
      "chamber": "s", 
      "number": "5167"
    }, 
    {
      "amendment_id": "s5171-109", 
      "amendment_type": "s", 
      "chamber": "s", 
      "number": "5171"
    }, 
    {
      "amendment_id": "s5175-109", 
      "amendment_type": "s", 
      "chamber": "s", 
      "number": "5175"
    }, 
    {
      "amendment_id": "s5176-109", 
      "amendment_type": "s", 
      "chamber": "s", 
      "number": "5176"
    }, 
    {
      "amendment_id": "s5177-109", 
      "amendment_type": "s", 
      "chamber": "s", 
      "number": "5177"
    }, 
    {
      "amendment_id": "s5184-109", 
      "amendment_type": "s", 
      "chamber": "s", 
      "number": "5184"
    }, 
    {
      "amendment_id": "s5185-109", 
      "amendment_type": "s", 
      "chamber": "s", 
      "number": "5185"
    }, 
    {
      "amendment_id": "s5186-109", 
      "amendment_type": "s", 
      "chamber": "s", 
      "number": "5186"
    }, 
    {
      "amendment_id": "s5188-109", 
      "amendment_type": "s", 
      "chamber": "s", 
      "number": "5188"
    }, 
    {
      "amendment_id": "s5189-109", 
      "amendment_type": "s", 
      "chamber": "s", 
      "number": "5189"
    }, 
    {
      "amendment_id": "s5190-109", 
      "amendment_type": "s", 
      "chamber": "s", 
      "number": "5190"
    }, 
    {
      "amendment_id": "s5191-109", 
      "amendment_type": "s", 
      "chamber": "s", 
      "number": "5191"
    }, 
    {
      "amendment_id": "s5194-109", 
      "amendment_type": "s", 
      "chamber": "s", 
      "number": "5194"
    }, 
    {
      "amendment_id": "s5195-109", 
      "amendment_type": "s", 
      "chamber": "s", 
      "number": "5195"
    }, 
    {
      "amendment_id": "s5196-109", 
      "amendment_type": "s", 
      "chamber": "s", 
      "number": "5196"
    }, 
    {
      "amendment_id": "s5197-109", 
      "amendment_type": "s", 
      "chamber": "s", 
      "number": "5197"
    }, 
    {
      "amendment_id": "s5198-109", 
      "amendment_type": "s", 
      "chamber": "s", 
      "number": "5198"
    }, 
    {
      "amendment_id": "s5199-109", 
      "amendment_type": "s", 
      "chamber": "s", 
      "number": "5199"
    }, 
    {
      "amendment_id": "s5200-109", 
      "amendment_type": "s", 
      "chamber": "s", 
      "number": "5200"
    }, 
    {
      "amendment_id": "s5201-109", 
      "amendment_type": "s", 
      "chamber": "s", 
      "number": "5201"
    }, 
    {
      "amendment_id": "s5202-109", 
      "amendment_type": "s", 
      "chamber": "s", 
      "number": "5202"
    }, 
    {
      "amendment_id": "s5203-109", 
      "amendment_type": "s", 
      "chamber": "s", 
      "number": "5203"
    }, 
    {
      "amendment_id": "s5204-109", 
      "amendment_type": "s", 
      "chamber": "s", 
      "number": "5204"
    }, 
    {
      "amendment_id": "s5205-109", 
      "amendment_type": "s", 
      "chamber": "s", 
      "number": "5205"
    }, 
    {
      "amendment_id": "s5206-109", 
      "amendment_type": "s", 
      "chamber": "s", 
      "number": "5206"
    }, 
    {
      "amendment_id": "s5207-109", 
      "amendment_type": "s", 
      "chamber": "s", 
      "number": "5207"
    }, 
    {
      "amendment_id": "s5208-109", 
      "amendment_type": "s", 
      "chamber": "s", 
      "number": "5208"
    }, 
    {
      "amendment_id": "s5209-109", 
      "amendment_type": "s", 
      "chamber": "s", 
      "number": "5209"
    }
  ], 
  "bill_id": "hr5384-109", 
  "bill_type": "hr", 
  "committees": [
    {
      "activity": [
        "origin", 
        "reporting", 
        "reporting"
      ], 
      "committee": "House Appropriations", 
      "committee_id": "HSAP"
    }, 
    {
      "activity": [
        "referral", 
        "markup", 
        "reporting"
      ], 
      "committee": "Senate Appropriations", 
      "committee_id": "SSAP"
    }, 
    {
      "activity": [
        "markup", 
        "reporting"
      ], 
      "committee": "Senate Appropriations", 
      "committee_id": "SSAP", 
      "subcommittee": "Subcommittee on Agriculture, Rural Development, and Related Agencies", 
      "subcommittee_id": "01"
    }
  ], 
  "congress": "109", 
  "cosponsors": [], 
  "enacted_as": null, 
  "history": {
    "awaiting_signature": false, 
    "enacted": false, 
    "house_passage_result": "pass", 
    "house_passage_result_at": "2006-05-23T21:17:00-04:00", 
    "vetoed": false
  }, 
  "introduced_at": "2006-05-12", 
  "number": "5384", 
  "official_title": "Making appropriations for Agriculture, Rural Development, Food and Drug Administration, and Related Agencies for the fiscal year ending September 30, 2007, and for other purposes.", 
  "popular_title": null, 
  "related_bills": [
    {
      "bill_id": "hres830-109", 
      "reason": "rule"
    }, 
    {
      "bill_id": "hres830-109", 
      "reason": "related"
    }
  ], 
  "short_title": "Agriculture, Rural Development, Food and Drug Administration, and Related Agencies Appropriations Act, 2007", 
  "sponsor": {
    "district": "23", 
    "name": "Bonilla, Henry", 
    "state": "TX", 
    "thomas_id": "00107", 
    "title": "Rep", 
    "type": "person"
  }, 
  "status": "PASS_OVER:HOUSE", 
  "status_at": "2006-05-23T21:17:00-04:00", 
  "subjects": [
    "Agricultural assistance", 
    "Agricultural colleges", 
    "Agricultural conservation", 
    "Agricultural credit", 
    "Agricultural education", 
    "Agricultural estimating and reporting", 
    "Agricultural experiment stations", 
    "Agricultural extension work", 
    "Agricultural labor", 
    "Agricultural research", 
    "Agricultural statistics", 
    "Agricultural subsidies", 
    "Agriculture and food", 
    "Agriculture in foreign trade", 
    "Alabama", 
    "Alternative energy sources", 
    "Animal diseases", 
    "Animals", 
    "Apartment houses", 
    "Appropriations", 
    "Aquaculture", 
    "Arizona", 
    "Armed forces abroad", 
    "Armed forces and national security", 
    "Birds", 
    "Block grants", 
    "Boundaries", 
    "Breast feeding", 
    "Broadband", 
    "California", 
    "Child nutrition", 
    "China", 
    "Colonias", 
    "Colorado", 
    "Commerce", 
    "Commodity Credit Corporation", 
    "Commodity Futures Trading Commission", 
    "Conflict of interests", 
    "Congress", 
    "Congressional oversight", 
    "Congressional reporting requirements", 
    "Consumer protection", 
    "Cooperative societies", 
    "Cost effectiveness", 
    "Crop insurance", 
    "Dairy industry", 
    "Dairy products", 
    "Department of Agriculture", 
    "Department of Health and Human Services", 
    "Disaster relief", 
    "Distance education", 
    "Drainage", 
    "Drugs", 
    "Easements", 
    "East Asia", 
    "Economic research", 
    "Economics and public finance", 
    "Education", 
    "Electricity", 
    "Elementary and secondary education", 
    "Emergency management", 
    "Endangered species", 
    "Energy", 
    "Enterprise zones", 
    "Environmental protection", 
    "Executive reorganization", 
    "Export finance", 
    "Families", 
    "Farm Credit Administration", 
    "Federal advisory bodies", 
    "Federal aid to education", 
    "Federal aid to housing", 
    "Federal aid to research", 
    "Federal employees", 
    "Federally-guaranteed loans", 
    "Finance and financial sector", 
    "Flood control", 
    "Floods", 
    "Food and Drug Administration (FDA)", 
    "Food relief", 
    "Food safety", 
    "Food stamps", 
    "Forestry", 
    "Forestry research", 
    "Futures trading", 
    "Georgia", 
    "Government aircraft", 
    "Government and the press", 
    "Government corporations", 
    "Government ethics", 
    "Government lending", 
    "Government operations and politics", 
    "Government publicity", 
    "Government travel", 
    "Government vehicles", 
    "Governmental investigations", 
    "Graduate education", 
    "Grain", 
    "Grazing", 
    "Groundwater", 
    "Health", 
    "Higher education", 
    "Hispanic Americans", 
    "Home repair and improvement", 
    "Housing and community development", 
    "Housing subsidies", 
    "Hunger", 
    "Hurricane aftermath legislation", 
    "Hurricanes", 
    "Identification devices", 
    "Illinois", 
    "Import restrictions", 
    "Imports", 
    "Independent regulatory commissions", 
    "Indian education", 
    "Influenza", 
    "Information technology", 
    "Insect control", 
    "International affairs", 
    "Irrigation", 
    "Labor and employment", 
    "Laboratories", 
    "Land transfers", 
    "Latin America", 
    "Law", 
    "Leases", 
    "Louisiana", 
    "Low-income housing", 
    "Mammography", 
    "Marketing of farm produce", 
    "Marshall Islands", 
    "Maryland", 
    "Meat inspection", 
    "Mediation", 
    "Methyl bromide", 
    "Mexico", 
    "Military pay", 
    "Minorities", 
    "Minority education", 
    "Mississippi", 
    "Native Americans", 
    "New Mexico", 
    "Nonprofit organizations", 
    "Ohio", 
    "Organic farming", 
    "Overhead costs", 
    "Peanuts", 
    "Pest control", 
    "Pesticides", 
    "Pests", 
    "Pharmaceutical research", 
    "Plant diseases", 
    "Potable water", 
    "Poultry", 
    "Public lands and natural resources", 
    "Public utilities", 
    "Relocation", 
    "Rental housing", 
    "Reprogramming of appropriated funds", 
    "Research centers", 
    "Research grants", 
    "Residential rehabilitation", 
    "Revolving funds", 
    "Rural economic development", 
    "Rural housing", 
    "Salaries", 
    "School lunch program", 
    "Science, technology, communications", 
    "Sewage disposal", 
    "Sewerage", 
    "Sheep", 
    "Social welfare", 
    "Soil conservation", 
    "South Carolina", 
    "Surveys", 
    "Telemedicine", 
    "Texas", 
    "Tobacco", 
    "Toxicology", 
    "Transfer of employees", 
    "Transportation and public works", 
    "Travel costs", 
    "User charges", 
    "Veterinary medicine", 
    "WIC program", 
    "Washington State", 
    "Waste water treatment", 
    "Water conservation", 
    "Water pollution control", 
    "Water quality", 
    "Water resources development", 
    "Watersheds", 
    "West Virginia", 
    "Women"
  ], 
  "subjects_top_term": "Economics and public finance", 
  "summary": {
    "as": "Reported to Senate amended", 
    "date": "2006-06-22", 
    "text": "Agriculture, Rural Development, Food and Drug Administration, and Related Agencies Appropriations Act, 2007 - Title I: Agricultural Programs - Appropriates FY2007 funds for the following Department of Agriculture (USDA) programs and services: (1) Office of the Secretary of Agriculture (Secretary); (2) Chief Economist; (3) National Appeals Division; (4) Office of Budget and Program Analysis; (5) Homeland Security Staff; (6) Office of the Chief Information Officer; (7) Office of the Chief Financial Officer; (8) Office of the Assistant Secretary for Civil Rights; (9) Office of Civil Rights; (10) Office of the Assistant Secretary for Administration; (11) agriculture buildings and facilities and rental payments; (12) hazardous materials management; (13) departmental administration; (14) Office of the Assistant Secretary for Congressional Relations; (15) Office of Communications; (16) Office of the Inspector General; (17) Office of the General Counsel; (18) Office of the Under Secretary for Research, Education, and Economics; (19) Economic Research Service; (20) National Agricultural Statistics Service; (21) Agricultural Research Service; (22) Cooperative State Research, Education, and Extension Service; (23) Office of the Under Secretary for Marketing and Regulatory Programs; (24) Animal and Plant Health Inspection Service; (25) Agricultural Marketing Service; (26) Grain Inspection, Packers and Stockyards Administration; (27) Office of the Under Secretary for Food Safety; (28) Food Safety and Inspection Service; (29) Office of the Under Secretary for Farm and Foreign Agricultural Services; (30) Farm Service Agency; (31) Risk Management Agency; (32) Federal Crop Insurance Corporation Fund; and (33) Commodity Credit Corporation Fund. Title II: Conservation Programs - Appropriates funds for the following: (1) Office of the Under Secretary for Natural Resources and Environment; and (2) Natural Resources Conservation Service. Title III: Rural Development Programs - Appropriates funds for the following: (1) Office of the Under Secretary for Rural Development; (2) Rural Community Advancement Program; (3) rural development salaries and expenses; (4) Rural Housing Service; (5) Rural Business-Cooperative Service; and (6) Rural Utilities Service. Title IV: Domestic Food Programs - Appropriates funds for the following: (1) Office of the Under Secretary for Food, Nutrition and Consumer Services; and (2) Food and Nutrition Service. Title V: Foreign Assistance and Related Programs - Appropriates funds for the following: (1) Foreign Agricultural Service; (2) Agricultural Trade Development and Assistance Act of 1954 (P.L. 480) program account, title I ocean freight differential grants, and title II grants; (3) Commodity Credit Corporation export loans program account; and (4) McGovern-Dole international food for education and child nutrition program grants. Title VI: Related Agencies and Food and Drug Administration - Appropriates funds for the following: (1) Food and Drug Administration (FDA); (2) Commodity Futures Trading Commission; and (3) Farm Credit Administration. Title VII: General Provisions - Specifies certain uses and limits on or prohibitions against the use of funds appropriated by this Act. (Sec. 706) Prohibits funds under this Act from being used to pay indirect costs charged against competitive agricultural research, education, or extension grant awards issued by the Cooperative State Research, Education, and Extension Service that exceed 20% of total federal funds provided under each award. (Sec. 709) Prohibits the use of funds under this Act for the Safe Meat and Poultry Inspection Panel. (Sec. 715) Prohibits funds made available by this Act from being used to close or relocate the FDA Division of Pharmaceutical Analysis in St. Louis, Missouri, outside the city or county limits. (Sec. 716) Makes additional appropriations for Bill Emerson and Mickey Leland Hunger Fellowships. (Sec. 717) Appropriates funds for the National Sheep Industry Improvement Center. (Sec. 718) Authorizes the Secretary to use up to 30% of competitive research funds under this Act for a competitive grants program similar to the initiative for future agriculture and food systems. (Sec. 719) Prohibits fund use for Commodity Credit Corporation (CCC)-funded rehabilitation of certain dams. (Sec. 720) Prohibits fund use in FY2007 for renewable energy systems and energy efficiency improvements under provisions of the Farm Security and Rural Investment Act of 2002. (Sec. 721) Limits funds for the environmental quality incentives program. (Sec. 722) Prohibits fund use for broadband telecommunications access in rural areas. (Sec. 723) Limits funds made available in FY2007 or preceding fiscal years under P.L. 480 to reimburse CCC for the release of certain commodities under the Bill Emerson Humanitarian Trust Act. (Sec. 724) Limits fund use for the value-added market development grant program. (Sec. 725) Directs the Secretary, with lender consent, to structure the annual fee payment schedule for rural electrification and telephone bond and loan guarantees so as not to exceed an average of 30 basis points per year for the term of the loan in order to ensure fund availability to pay related subsidy costs. (Sec. 726) Appropriates funds to the Denali Commission to address solid waste disposal problems which threaten to contaminate rural drinking water supplies. (Sec. 727) Limits fund use for the grazing, wildlife habitat incentive, source water protection, and Great Lakes Basin programs. (Sec. 728) Limits fund use for the farmland protection program. (Sec. 729) Limits fund use for the ground and surface water conservation program. (Sec. 730) Prohibits funds under this Act from being used to revise a proposed rule (July 8, 2003) respecting cost-sharing for animal and plant health emergency programs of the Animal and Plant Health Inspection Service. (Sec. 731) Requires that funds made available in the current fiscal year be used to cover only obligations made in such fiscal year for the following Food Security Act of 1985 programs: (1) ground and surface water conservation program; (2) conservation reserve program; (3) wetlands reserve program; (4) conservation security program; (5) farmland protection program; (6) grassland reserve program; (7) environmental quality incentives program; and (8) wildlife habitat incentives program. Requires that funds made available in FY2004-FY2007 for federal crop insurance education and management assistance under the Federal Crop Insurance Act be used to cover only obligations made in such fiscal years. Limits fund use for such assistance. (Sec. 732) Provides that Palmer, Alaska, shall be eligible for a water and waste disposal grant of not more than 75% of the cost of providing water and sewer service to the proposed hospital in the Matanuska-Susitna Borough, Alaska. Provides that the construction projects known as the Tri-Valley Community Center addition in Healy, Alaska, the Cold Climate Housing Research Center (to be designated an \"essential community facility\") in Fairbanks, Alaska, and the University of Alaska-Fairbanks Allied Health Learning Center skill labs/classrooms shall be eligible for community facilities grants in amounts that are equal to not more than 75% of the total facility costs. Provides, in the case of a high cost isolated rural area in Alaska that is not connected to a road system, that the maximum level for the single family housing assistance shall be 150% of the median household income level in the nonmetropolitan areas of the state and 115% of all other eligible areas of the state. Provides that any former Rural Utilities Service borrower that has repaid or prepaid an insured, direct or guaranteed loan under the Rural Electrification Act, or any not-for-profit utility that is eligible to receive an insured or direct loan under such Act, shall be eligible for economic development and job creation assistance under such Act in the same manner as a borrower (under such Act). (Sec. 733) Authorizes the Secretary to: (1) make funding and other assistance available through the emergency watershed protection program to repair and prevent damage to nonfederal land in watersheds that have been impaired by fires initiated by the federal government; and (2) waive related cost sharing requirements. (Sec. 734) Prohibits funds under this Act from being used to require rural status recertification for rural electrification and telecommunication loan program borrowers. (Sec. 735) Authorizes the Secretary to use any unobligated carryover funds (with an exception) from any Rural Utilities Service program to carry out 911 access improvements. (Sec. 736) Appropriates additional funds for specialty crop block grants, of which up to 5% may be used for administrative expenses. (Sec. 737) Authorizes and directs the Secretary to quitclaim to Elkhart, Kansas, all rights, title and interests to a specified tract of land in Morton County, Kansas. (Sec. 738) Amends the Richard B. Russell National School Lunch Act to revise the definition of \"eligible state\" for summer food program pilot projects, effective January 1, 2007. (Sec. 739) Prohibits, without specific congressional authorization, funds under this Act from being used to study or enter into a contract with a private party for competitive sourcing activities relating to rural development or farm loan programs. (Sec. 740) Rescinds specified amounts of unobligated balances under the Act of August 24, 1935 to encourage exportation and domestic consumption of agricultural products. (Sec. 741) Prohibits funds made available by this Act from being used to pay administrative costs of a state that authorizes any new for-profit vendor to transact food instruments under WIC if it is expected that more than 50% of the vendor's annual food sale revenues will be derived from supplemental food items obtained with WIC food instruments (except that the Secretary may approve such vendor's authorization if necessary to assure participant access to program benefits). (Sec. 742) Prohibits, with an exception, funds under this Act from being used to: (1) grant a waiver of a financial conflict of interest requirement under the Federal Food, Drug, and Cosmetic Act for any voting member of an FDA advisory committee or panel; or (2) make a certification that the need for an individual's services outweighs the potential for a conflict of interest for any such voting member. Prohibits funds under this Act from being used to make a new appointment to an FDA advisory committee or panel unless the Commissioner of Food and Drugs submits a semi-annual report to the Inspector General of the Department of Health and Human Services and the Committees on Appropriations of the House and Senate, the Energy and Commerce Committee of the House, and the Health, Education, Labor, and Pensions Committee of the Senate on the efforts made to identify qualified persons for such appointments with minimal or no potential conflicts of interest. (Sec. 743) Amends the Housing Act of 1949 to extend farm labor housing eligibility to agricultural (commodity) processing workers. (Sec. 744) Directs the Secretary, starting in FY2006 [sic], to administer the farm and ranchland protection program exclusively in accordance with specified regulations concerning such program. (Sec. 745) Considers, until receipt of the 2010 Census: (1) Lake City, Florida, and Parsons, Kansas, rural areas for Rural Utilities Service water and waste water loans and grants; (2) Lansing, Kansas, a rural area for Rural Housing Service programs, and Leavenworth, Kansas, and Lansing, Kansas, as separate geographic entities for Rural Development grants and loans; (3) Vineland, New Jersey, and Millville, New Jersey, and urbanized areas contiguous and adjacent to both cities, (including individuals and entities with projects within these cities and areas) as eligible for all Rural Business Program loans and grants except rural development (intermediary relending) loans authorized by the Food Security Act of 1985 and rural economic development loans and grants authorized by the Rural Electrification Act of 1936; (4) Celina, Ohio, and Ashtabula, Ohio, as eligible for Rural Development grants and loans; (5) the Gooseberry Lake Project, Iowa, as eligible for the Rural Utilities Service water and wastewater loans and grants, including the purchase of land and moving of utilities; and (6) Alamo, Texas, Mercedes, Texas, Weslaco, Texas, and Donna, Texas, as eligible for Rural Development grants and loans. (Sec. 746) Requires that payment allocations be adjusted as necessary to ensure that each institution participating in the food and education nutrition education program receives a payment of not less than $100,000. (Sec. 747) Appropriates funds for the National Center for Natural Products Research. (Sec. 748) Prohibits funds from being used to transfer funds or assess fees in excess of 5% from any Animal and Plant Health Inspection Service program or activity. (Sec. 749) Appropriates funds to continue the housing demonstration program for the Mississippi Band of Choctaw Indians. (Sec. 750) Considers the service areas being acquired by Mid-Kansas Electric Cooperative as eligible for Rural Electrification Act of 1936 financing. (Sec. 751) Extends authorization of appropriations through FY2011 for education grants to Native Hawaiian- and Alaska Native-serving institutions. (Sec. 752) Amends the Agricultural Trade Act of 1978 to revise specified export credit program provisions. (Sec. 753) Amends the Consolidated Farm and Rural Development Act to extend operating loan eligibility to commercial fishermen. (Sec. 754) Amends the Farm Security and and Rural Investment Act of 2002 to extend peanut storage and handling cost payments through crop year 2007. Terminates payment authority beginning with crop year 2008. (Sec. 755) Amends the Trade Sanctions Reform and Export Enhancement Act of 2000 with respect to certain travel-related transactions with Cuba to: (1) include medical goods (currently, limited to agricultural commodities); (2) replace the case-by-case authority with a general license authority; and (3) specify categories of export sale activities. (Sec. 756) Appropriates additional amounts to respond to the data theft at the Department of Veterans Affairs (VA) and to aid veterans whose personal data has been stolen. (Sec. 757) Expresses the sense of the Senate that if, by the date of enactment of this Act, Japan does not permit the importation of U.S. beef, additional tariffs on selected Japanese articles should be imposed until Japan permits the importation of U.S. beef. Title VIII: Emergency Agricultural Disaster Assistance - Emergency Farm Relief Act of 2006 - (Sec. 802) Defines specified terms. Subtitle A: Agricultural Production Losses - (Sec. 811) Emergency Agricultural Disaster Assistance Act of 2006 - Directs the Secretary to provide emergency financial assistance to eligible agricultural producers (other than sugar cane and sugar beet producers) who have incurred qualifying quantity or quality crop losses for: (1) the 2005 crop due to weather or related conditions (including crop disease, insects, and delayed harvest); and (2) the 2006 crop due to flooding in California, Hawaii, and Vermont that occurred prior to the date of enactment of this Act and for which a petition for a disaster designation petition has been filed with the Secretary not later than such date. Provides assistance at a lesser payment rate for producers who were eligible to acquire crop insurance but did not do so. (Sec. 812) Directs the Secretary to provide: (1) payments through the 2002 livestock compensation program to eligible livestock producers in 2005-2006 for losses that occurred prior to the date of enactment of this Act (including wildfire disaster losses in Texas and other states) due to a disaster; (2) livestock indemnity payments to producers who have incurred livestock losses in 2005-2006 for losses that occurred prior to the date of enactment of this Act (including wildfire disaster losses in Texas and other states) due to a disaster, including losses due to hurricanes, floods, anthrax, and wildfires; and (3) payments under the ewe lamb replacement and retention payment program for each qualifying ewe lamb retained or purchased in 2006. (Sec. 813) Directs the Secretary to provide compensation to eligible owners of flooded crop and grazing land in the Devils Lake basin, and the McHugh, Lake Laretta, and Rose Lake closed drainage areas of North Dakota. (Sec. 814) Directs the Secretary to provide assistance to: (1) sugar beet producers who suffered 2005 production losses (including quality losses); and (2) sugarcane growers in Hawaii by making a specified payment to a certain agricultural transportation cooperative in Hawaii. (Sec. 815) Directs the Secretary to indemnify producers who suffered 2005 cattle losses from bovine tuberculosis. (Sec. 816) States that producer payments under this subtitle shall be reduced by any amount received by the producer for the same loss or any similar loss under: (1) the Department of Defense, Emergency Supplemental Appropriations to Address Hurricanes in the Gulf of Mexico, and Pandemic Influenza Act, 2006; (2) an agricultural disaster assistance provision contained in the announcement of the Secretary on January 26, 2006; or (3) the Emergency Supplemental Appropriations Act for Defense, the Global War on Terror, and Hurricane Recovery, 2006. Subtitle B: Supplemental Nutrition and Agricultural Economic Disaster Assistance - (Sec. 821) Directs the Secretary to make grants to States for: (1) agricultural promotion; and (2) value of production based upon specialty crop and livestock production. Requires as a condition for grants that a state give fund use priority for specialty crop and livestock support. Authorizes a state to use grant funds: (1) to supplement state food bank programs or other nutrition assistance programs; (2) to promote the purchase, sale, or consumption of agricultural products; (3) to provide economic assistance to agricultural producers, with priority for specialty crop and livestock support; or (4) for other purposes as determined by the Secretary. (Sec. 822) Directs the Secretary to make supplemental economic loss payments to: (1) any producer on a farm that received a crop year 2005 direct payment under the Farm Security and Rural Investment Act of 2002; and (2) any dairy producer who was eligible to receive a 2005 dairy market loss payment under the Farm Security and Rural Investment Act of 2002. (Sec. 823) Directs the Secretary to use additional funds to carry out emergency measures identified by the Chief of the Natural Resources Conservation Service through the emergency watershed protection program. Subtitle C: Conservation - (Sec. 831) Authorizes the Secretary, through the Natural Resources Conservation Service, to: (1) provide financial and technical assistance to remove and dispose of debris and animal carcasses that could adversely affect health and safety on non-federal land in a hurricane-affected county; and (2) use direct check-writing practices and electronic transfers to provide financial and technical assistance under the emergency watershed protection program in a hurricane-affected county. (Sec. 832) Directs the Secretary to use additional funds to carry out emergency measures identified by the Administrator of the Farm Service Agency through the emergency conservation program. Subtitle D: Farm Service Agency - (Sec. 841) Directs the Secretary to use specified funds to hire additional Farm Service Agency personnel to carry out agricultural disaster and economic assistance programs under this title, and under other agriculture and disaster assistance programs as necessary. Subtitle E: Miscellaneous - (Sec. 851) Authorizes the Secretary of Defense to provide immunizations to USDA employees involved in direct recovery work in a hurricane-affected county. (Sec. 852) Authorizes the Secretary to provide assistance in a hurricane-affected county under the emergency conservation program without regard to certain wetland conservation provisions of the Food Security Act of 1985. (Sec. 853) Directs the Secretary to use CCC funds, facilities, and authorities to carry out this title, to remain available until expended. Subtitle F: Emergency Designation - (Sec. 861) Designates amounts provided in this title as an emergency requirement."
  }, 
  "titles": [
    {
      "as": "introduced", 
      "title": "Agriculture, Rural Development, Food and Drug Administration, and Related Agencies Appropriations Act, 2007", 
      "type": "short"
    }, 
    {
      "as": "reported to house", 
      "title": "Agriculture, Rural Development, Food and Drug Administration, and Related Agencies Appropriations Act, 2007", 
      "type": "short"
    }, 
    {
      "as": "passed house", 
      "title": "Agriculture, Rural Development, Food and Drug Administration, and Related Agencies Appropriations Act, 2007", 
      "type": "short"
    }, 
    {
      "as": "reported to senate", 
      "title": "Agriculture, Rural Development, Food and Drug Administration, and Related Agencies Appropriations Act, 2007", 
      "type": "short"
    }, 
    {
      "as": "reported to senate", 
      "title": "Emergency Farm Relief Act of 2006", 
      "type": "short"
    }, 
    {
      "as": "reported to senate", 
      "title": "Emergency Farm Relief Act of 2006", 
      "type": "short"
    }, 
    {
      "as": "introduced", 
      "title": "Making appropriations for Agriculture, Rural Development, Food and Drug Administration, and Related Agencies for the fiscal year ending September 30, 2007, and for other purposes.", 
      "type": "official"
    }
  ], 
  "updated_at": "2013-02-02T20:41:35-05:00"
}