{
  "actions": [
    {
      "acted_at": "2005-02-17", 
      "committee": "House Committee on Financial Services", 
      "references": [], 
      "status": "REFERRED", 
      "text": "Referred to the House Committee on Financial Services.", 
      "type": "referral"
    }, 
    {
      "acted_at": "2005-03-22", 
      "in_committee": "House Committee on Financial Services", 
      "references": [], 
      "subcommittee": "Domestic and International Monetary Policy, Trade, and Technology", 
      "text": "Referred to the Subcommittee on Domestic and International Monetary Policy, Trade, and Technology.", 
      "type": "referral"
    }
  ], 
  "amendments": [], 
  "bill_id": "hr932-109", 
  "bill_type": "hr", 
  "committees": [
    {
      "activity": [
        "referral", 
        "in committee"
      ], 
      "committee": "House Financial Services", 
      "committee_id": "HSBA"
    }, 
    {
      "activity": [
        "referral"
      ], 
      "committee": "House Financial Services", 
      "committee_id": "HSBA", 
      "subcommittee": "Subcommittee on Domestic and International Monetary Policy, Trade, and Technology", 
      "subcommittee_id": "19"
    }
  ], 
  "congress": "109", 
  "cosponsors": [
    {
      "district": "7", 
      "name": "Culberson, John Abney", 
      "sponsored_at": "2005-05-04", 
      "state": "TX", 
      "thomas_id": "01670", 
      "title": "Rep", 
      "withdrawn_at": null
    }, 
    {
      "district": "24", 
      "name": "Feeney, Tom", 
      "sponsored_at": "2005-05-04", 
      "state": "FL", 
      "thomas_id": "01716", 
      "title": "Rep", 
      "withdrawn_at": null
    }, 
    {
      "district": "3", 
      "name": "Lipinski, Daniel", 
      "sponsored_at": "2005-03-08", 
      "state": "IL", 
      "thomas_id": "01781", 
      "title": "Rep", 
      "withdrawn_at": null
    }, 
    {
      "district": "42", 
      "name": "Miller, Gary G.", 
      "sponsored_at": "2005-02-17", 
      "state": "CA", 
      "thomas_id": "01584", 
      "title": "Rep", 
      "withdrawn_at": null
    }, 
    {
      "district": "32", 
      "name": "Sessions, Pete", 
      "sponsored_at": "2005-02-17", 
      "state": "TX", 
      "thomas_id": "01525", 
      "title": "Rep", 
      "withdrawn_at": null
    }
  ], 
  "enacted_as": null, 
  "history": {
    "awaiting_signature": false, 
    "enacted": false, 
    "vetoed": false
  }, 
  "introduced_at": "2005-02-17", 
  "number": "932", 
  "official_title": "To require the Secretary of the Treasury to mint coins in commemoration of Ronald Wilson Reagan, the 40th President of the United States.", 
  "popular_title": null, 
  "related_bills": [], 
  "short_title": "Ronald Reagan Commemorative Coin Act of 2005", 
  "sponsor": {
    "district": "5", 
    "name": "Hefley, Joel", 
    "state": "CO", 
    "thomas_id": "00524", 
    "title": "Rep", 
    "type": "person"
  }, 
  "status": "REFERRED", 
  "status_at": "2005-02-17", 
  "subjects": [
    "Alzheimer's disease", 
    "Charities", 
    "Coins and coinage", 
    "Commemorations", 
    "Economics and public finance", 
    "Ex-presidents", 
    "Federal aid to health facilities", 
    "Finance and financial sector", 
    "Gold", 
    "Government operations and politics", 
    "Health", 
    "Health education", 
    "History", 
    "Home care services", 
    "Reagan Administration", 
    "Silver", 
    "Social welfare"
  ], 
  "subjects_top_term": "Commemorations", 
  "summary": {
    "as": "Introduced", 
    "date": "2005-02-17", 
    "text": "Ronald Reagan Commemorative Coin Act of 2005 - Directs the Secretary of the Treasury to mint and issue five-dollar gold coins, one-dollar silver coins, and ten-dollar bimetallic coins emblematic of the presidency and life of former President Ronald Wilson Reagan."
  }, 
  "titles": [
    {
      "as": "introduced", 
      "title": "Ronald Reagan Commemorative Coin Act of 2005", 
      "type": "short"
    }, 
    {
      "as": "introduced", 
      "title": "To require the Secretary of the Treasury to mint coins in commemoration of Ronald Wilson Reagan, the 40th President of the United States.", 
      "type": "official"
    }
  ], 
  "updated_at": "2013-02-02T20:39:32-05:00"
}