{
  "actions": [
    {
      "acted_at": "2005-05-26", 
      "committee": "House Committee on Armed Services", 
      "references": [], 
      "status": "REFERRED", 
      "text": "Referred to the House Committee on Armed Services.", 
      "type": "referral"
    }
  ], 
  "amendments": [], 
  "bill_id": "hr2733-109", 
  "bill_type": "hr", 
  "committees": [
    {
      "activity": [
        "referral", 
        "in committee"
      ], 
      "committee": "House Armed Services", 
      "committee_id": "HSAS"
    }
  ], 
  "congress": "109", 
  "cosponsors": [], 
  "enacted_as": null, 
  "history": {
    "awaiting_signature": false, 
    "enacted": false, 
    "vetoed": false
  }, 
  "introduced_at": "2005-05-26", 
  "number": "2733", 
  "official_title": "To prohibit the closure or adverse realignment of facilities of the reserve components that the Secretary of Homeland Security determines have a significant role in homeland defense.", 
  "popular_title": null, 
  "related_bills": [], 
  "short_title": null, 
  "sponsor": {
    "district": "28", 
    "name": "Slaughter, Louise McIntosh", 
    "state": "NY", 
    "thomas_id": "01069", 
    "title": "Rep", 
    "type": "person"
  }, 
  "status": "REFERRED", 
  "status_at": "2005-05-26", 
  "subjects": [
    "Armed forces and national security", 
    "Armed forces reserves", 
    "Congress", 
    "Congressional reporting requirements", 
    "Crime and law enforcement", 
    "Emergency management", 
    "Governmental investigations", 
    "International affairs", 
    "Military base closures", 
    "Military bases", 
    "National Guard", 
    "Terrorism"
  ], 
  "subjects_top_term": "Armed forces and national security", 
  "summary": {
    "as": "Introduced", 
    "date": "2005-05-26", 
    "text": "Directs the Secretary of Homeland Security to: (1) review the list of military installations recommended for closure or realignment by the Defense Base Closure and Realignment Commission in the report transmitted to Congress by the President; and (2) prepare a report to Congress specifying each armory, readiness center, and other facility used for the development, training, operation, or maintenance of the reserve components of the Armed Forces that, while identified for closure or adverse realignment on such list, has a significant role in homeland defense. Prohibits the Secretary of Defense from closing or realigning any armory, readiness center, or other facility of the reserve components identified in such report as an armory, readiness center, or other facility of the reserve components that has a significant role in homeland defense."
  }, 
  "titles": [
    {
      "as": "introduced", 
      "title": "To prohibit the closure or adverse realignment of facilities of the reserve components that the Secretary of Homeland Security determines have a significant role in homeland defense.", 
      "type": "official"
    }
  ], 
  "updated_at": "2013-02-02T20:40:21-05:00"
}