{
  "actions": [
    {
      "acted_at": "2006-01-31", 
      "committee": "House Committee on the Judiciary", 
      "references": [], 
      "status": "REFERRED", 
      "text": "Referred to the House Committee on the Judiciary.", 
      "type": "referral"
    }, 
    {
      "acted_at": "2006-02-16", 
      "in_committee": "House Committee on the Judiciary", 
      "references": [], 
      "subcommittee": "Crime, Terrorism, and Homeland Security", 
      "text": "Referred to the Subcommittee on Crime, Terrorism, and Homeland Security.", 
      "type": "referral"
    }, 
    {
      "acted_at": "2006-04-27", 
      "references": [
        {
          "reference": "CR H1882-1883", 
          "type": null
        }
      ], 
      "text": "Sponsor introductory remarks on measure.", 
      "type": "action"
    }
  ], 
  "amendments": [], 
  "bill_id": "hr4658-109", 
  "bill_type": "hr", 
  "committees": [
    {
      "activity": [
        "referral", 
        "in committee"
      ], 
      "committee": "House Judiciary", 
      "committee_id": "HSJU"
    }, 
    {
      "activity": [
        "referral"
      ], 
      "committee": "House Judiciary", 
      "committee_id": "HSJU", 
      "subcommittee": "Subcommittee on Crime, Terrorism, and Homeland Security", 
      "subcommittee_id": "08"
    }
  ], 
  "congress": "109", 
  "cosponsors": [], 
  "enacted_as": null, 
  "history": {
    "awaiting_signature": false, 
    "enacted": false, 
    "vetoed": false
  }, 
  "introduced_at": "2006-01-31", 
  "number": "4658", 
  "official_title": "To amend title 18, United States Code, to prohibit former Members of Congress from engaging in certain lobbying activities.", 
  "popular_title": "Lobbying Reform bill", 
  "related_bills": [], 
  "short_title": null, 
  "sponsor": {
    "district": "6", 
    "name": "Kennedy, Mark R.", 
    "state": "MN", 
    "thomas_id": "01652", 
    "title": "Rep", 
    "type": "person"
  }, 
  "status": "REFERRED", 
  "status_at": "2006-01-31", 
  "subjects": [
    "Congress", 
    "Congressional employees", 
    "Congressional ethics", 
    "Congressional officers", 
    "Crime and law enforcement", 
    "Ex-Members of Congress", 
    "Fines (Penalties)", 
    "Government operations and politics", 
    "Lobbying", 
    "Members of Congress"
  ], 
  "subjects_top_term": "Crime and law enforcement", 
  "summary": {
    "as": "Introduced", 
    "date": "2006-01-31", 
    "text": "Amends the federal criminal code to permanently bar former Members of Congress from lobbying current Members, officers, or employees of either house of Congress or any other legislative branch employee."
  }, 
  "titles": [
    {
      "as": null, 
      "title": "Lobbying Reform bill", 
      "type": "popular"
    }, 
    {
      "as": "introduced", 
      "title": "To amend title 18, United States Code, to prohibit former Members of Congress from engaging in certain lobbying activities.", 
      "type": "official"
    }
  ], 
  "updated_at": "2013-02-02T20:41:13-05:00"
}