{
  "actions": [
    {
      "acted_at": "2005-02-01", 
      "committee": "House Committee on Education and the Workforce", 
      "references": [], 
      "status": "REFERRED", 
      "text": "Referred to the House Committee on Education and the Workforce.", 
      "type": "referral"
    }, 
    {
      "acted_at": "2005-03-24", 
      "in_committee": "House Committee on Education and the Workforce", 
      "references": [], 
      "subcommittee": "Employer-Employee Relations", 
      "text": "Referred to the Subcommittee on Employer-Employee Relations.", 
      "type": "referral"
    }
  ], 
  "amendments": [], 
  "bill_id": "hr500-109", 
  "bill_type": "hr", 
  "committees": [
    {
      "activity": [
        "referral", 
        "in committee"
      ], 
      "committee": "House Education and the Workforce", 
      "committee_id": "HSED"
    }, 
    {
      "activity": [
        "referral"
      ], 
      "committee": "House Education and the Workforce", 
      "committee_id": "HSED", 
      "subcommittee": "Subcommittee on Employer-Employee Relations", 
      "subcommittee_id": "02"
    }
  ], 
  "congress": "109", 
  "cosponsors": [
    {
      "district": "2", 
      "name": "Akin, W. Todd", 
      "sponsored_at": "2006-04-06", 
      "state": "MO", 
      "thomas_id": "01655", 
      "title": "Rep", 
      "withdrawn_at": null
    }, 
    {
      "district": "6", 
      "name": "Bachus, Spencer", 
      "sponsored_at": "2005-02-15", 
      "state": "AL", 
      "thomas_id": "00038", 
      "title": "Rep", 
      "withdrawn_at": null
    }, 
    {
      "district": "3", 
      "name": "Barrett, J. Gresham", 
      "sponsored_at": "2005-03-02", 
      "state": "SC", 
      "thomas_id": "01745", 
      "title": "Rep", 
      "withdrawn_at": null
    }, 
    {
      "district": "6", 
      "name": "Bartlett, Roscoe G.", 
      "sponsored_at": "2005-02-09", 
      "state": "MD", 
      "thomas_id": "00060", 
      "title": "Rep", 
      "withdrawn_at": null
    }, 
    {
      "district": "6", 
      "name": "Barton, Joe", 
      "sponsored_at": "2006-03-15", 
      "state": "TX", 
      "thomas_id": "00062", 
      "title": "Rep", 
      "withdrawn_at": null
    }, 
    {
      "district": "7", 
      "name": "Beauprez, Bob", 
      "sponsored_at": "2005-02-01", 
      "state": "CO", 
      "thomas_id": "01712", 
      "title": "Rep", 
      "withdrawn_at": null
    }, 
    {
      "district": "9", 
      "name": "Bilirakis, Michael", 
      "sponsored_at": "2005-06-08", 
      "state": "FL", 
      "thomas_id": "00089", 
      "title": "Rep", 
      "withdrawn_at": null
    }, 
    {
      "district": "1", 
      "name": "Bishop, Rob", 
      "sponsored_at": "2005-05-11", 
      "state": "UT", 
      "thomas_id": "01753", 
      "title": "Rep", 
      "withdrawn_at": null
    }, 
    {
      "district": "7", 
      "name": "Blackburn, Marsha", 
      "sponsored_at": "2005-03-16", 
      "state": "TN", 
      "thomas_id": "01748", 
      "title": "Rep", 
      "withdrawn_at": null
    }, 
    {
      "district": "23", 
      "name": "Bonilla, Henry", 
      "sponsored_at": "2005-10-20", 
      "state": "TX", 
      "thomas_id": "00107", 
      "title": "Rep", 
      "withdrawn_at": null
    }, 
    {
      "district": "1", 
      "name": "Bonner, Jo", 
      "sponsored_at": "2005-03-16", 
      "state": "AL", 
      "thomas_id": "01703", 
      "title": "Rep", 
      "withdrawn_at": null
    }, 
    {
      "district": "45", 
      "name": "Bono Mack, Mary", 
      "sponsored_at": "2005-03-09", 
      "state": "CA", 
      "thomas_id": "01465", 
      "title": "Rep", 
      "withdrawn_at": null
    }, 
    {
      "district": "3", 
      "name": "Boozman, John", 
      "sponsored_at": "2005-02-09", 
      "state": "AR", 
      "thomas_id": "01687", 
      "title": "Rep", 
      "withdrawn_at": null
    }, 
    {
      "district": "7", 
      "name": "Boustany, Charles W., Jr.", 
      "sponsored_at": "2005-04-27", 
      "state": "LA", 
      "thomas_id": "01787", 
      "title": "Rep", 
      "withdrawn_at": null
    }, 
    {
      "district": "8", 
      "name": "Brady, Kevin", 
      "sponsored_at": "2005-04-21", 
      "state": "TX", 
      "thomas_id": "01468", 
      "title": "Rep", 
      "withdrawn_at": null
    }, 
    {
      "district": "1", 
      "name": "Brown, Henry E., Jr.", 
      "sponsored_at": "2005-03-16", 
      "state": "SC", 
      "thomas_id": "01669", 
      "title": "Rep", 
      "withdrawn_at": null
    }, 
    {
      "district": "5", 
      "name": "Brown-Waite, Ginny", 
      "sponsored_at": "2005-04-27", 
      "state": "FL", 
      "thomas_id": "01713", 
      "title": "Rep", 
      "withdrawn_at": null
    }, 
    {
      "district": "26", 
      "name": "Burgess, Michael C.", 
      "sponsored_at": "2006-07-13", 
      "state": "TX", 
      "thomas_id": "01751", 
      "title": "Rep", 
      "withdrawn_at": null
    }, 
    {
      "district": "5", 
      "name": "Burton, Dan", 
      "sponsored_at": "2005-04-27", 
      "state": "IN", 
      "thomas_id": "00154", 
      "title": "Rep", 
      "withdrawn_at": null
    }, 
    {
      "district": "44", 
      "name": "Calvert, Ken", 
      "sponsored_at": "2005-07-21", 
      "state": "CA", 
      "thomas_id": "00165", 
      "title": "Rep", 
      "withdrawn_at": null
    }, 
    {
      "district": "4", 
      "name": "Camp, Dave", 
      "sponsored_at": "2005-09-07", 
      "state": "MI", 
      "thomas_id": "00166", 
      "title": "Rep", 
      "withdrawn_at": null
    }, 
    {
      "district": "48", 
      "name": "Campbell, John", 
      "sponsored_at": "2006-03-15", 
      "state": "CA", 
      "thomas_id": "01816", 
      "title": "Rep", 
      "withdrawn_at": null
    }, 
    {
      "district": "3", 
      "name": "Cannon, Chris", 
      "sponsored_at": "2005-06-08", 
      "state": "UT", 
      "thomas_id": "01470", 
      "title": "Rep", 
      "withdrawn_at": null
    }, 
    {
      "district": "7", 
      "name": "Cantor, Eric", 
      "sponsored_at": "2005-03-16", 
      "state": "VA", 
      "thomas_id": "01674", 
      "title": "Rep", 
      "withdrawn_at": null
    }, 
    {
      "district": "31", 
      "name": "Carter, John R.", 
      "sponsored_at": "2005-03-09", 
      "state": "TX", 
      "thomas_id": "01752", 
      "title": "Rep", 
      "withdrawn_at": null
    }, 
    {
      "district": "1", 
      "name": "Chabot, Steve", 
      "sponsored_at": "2005-05-12", 
      "state": "OH", 
      "thomas_id": "00186", 
      "title": "Rep", 
      "withdrawn_at": null
    }, 
    {
      "district": "2", 
      "name": "Chocola, Chris", 
      "sponsored_at": "2005-04-21", 
      "state": "IN", 
      "thomas_id": "01726", 
      "title": "Rep", 
      "withdrawn_at": null
    }, 
    {
      "district": "6", 
      "name": "Coble, Howard", 
      "sponsored_at": "2005-03-09", 
      "state": "NC", 
      "thomas_id": "00211", 
      "title": "Rep", 
      "withdrawn_at": null
    }, 
    {
      "district": "4", 
      "name": "Cole, Tom", 
      "sponsored_at": "2006-07-13", 
      "state": "OK", 
      "thomas_id": "01742", 
      "title": "Rep", 
      "withdrawn_at": null
    }, 
    {
      "district": "11", 
      "name": "Conaway, K. Michael", 
      "sponsored_at": "2005-04-21", 
      "state": "TX", 
      "thomas_id": "01805", 
      "title": "Rep", 
      "withdrawn_at": null
    }, 
    {
      "district": "4", 
      "name": "Crenshaw, Ander", 
      "sponsored_at": "2005-03-09", 
      "state": "FL", 
      "thomas_id": "01643", 
      "title": "Rep", 
      "withdrawn_at": null
    }, 
    {
      "district": null, 
      "name": "Cubin, Barbara", 
      "sponsored_at": "2005-10-17", 
      "state": "WY", 
      "thomas_id": "00254", 
      "title": "Rep", 
      "withdrawn_at": null
    }, 
    {
      "district": "7", 
      "name": "Culberson, John Abney", 
      "sponsored_at": "2005-03-09", 
      "state": "TX", 
      "thomas_id": "01670", 
      "title": "Rep", 
      "withdrawn_at": null
    }, 
    {
      "district": "50", 
      "name": "Cunningham, Randy (Duke)", 
      "sponsored_at": "2005-02-01", 
      "state": "CA", 
      "thomas_id": "00258", 
      "title": "Rep", 
      "withdrawn_at": null
    }, 
    {
      "district": "11", 
      "name": "Davis, Tom", 
      "sponsored_at": "2005-06-08", 
      "state": "VA", 
      "thomas_id": "00274", 
      "title": "Rep", 
      "withdrawn_at": null
    }, 
    {
      "district": "10", 
      "name": "Deal, Nathan", 
      "sponsored_at": "2005-04-05", 
      "state": "GA", 
      "thomas_id": "00277", 
      "title": "Rep", 
      "withdrawn_at": null
    }, 
    {
      "district": "4", 
      "name": "Doolittle, John T.", 
      "sponsored_at": "2005-02-01", 
      "state": "CA", 
      "thomas_id": "00307", 
      "title": "Rep", 
      "withdrawn_at": null
    }, 
    {
      "district": "2", 
      "name": "Drake, Thelma D.", 
      "sponsored_at": "2005-02-09", 
      "state": "VA", 
      "thomas_id": "01808", 
      "title": "Rep", 
      "withdrawn_at": null
    }, 
    {
      "district": "26", 
      "name": "Dreier, David", 
      "sponsored_at": "2005-04-05", 
      "state": "CA", 
      "thomas_id": "00317", 
      "title": "Rep", 
      "withdrawn_at": null
    }, 
    {
      "district": "2", 
      "name": "Duncan, John J., Jr.", 
      "sponsored_at": "2005-02-01", 
      "state": "TN", 
      "thomas_id": "00322", 
      "title": "Rep", 
      "withdrawn_at": null
    }, 
    {
      "district": "24", 
      "name": "Feeney, Tom", 
      "sponsored_at": "2005-04-05", 
      "state": "FL", 
      "thomas_id": "01716", 
      "title": "Rep", 
      "withdrawn_at": null
    }, 
    {
      "district": "6", 
      "name": "Flake, Jeff", 
      "sponsored_at": "2005-02-09", 
      "state": "AZ", 
      "thomas_id": "01633", 
      "title": "Rep", 
      "withdrawn_at": null
    }, 
    {
      "district": "16", 
      "name": "Foley, Mark", 
      "sponsored_at": "2006-02-28", 
      "state": "FL", 
      "thomas_id": "00396", 
      "title": "Rep", 
      "withdrawn_at": null
    }, 
    {
      "district": "4", 
      "name": "Forbes, J. Randy", 
      "sponsored_at": "2005-03-09", 
      "state": "VA", 
      "thomas_id": "01683", 
      "title": "Rep", 
      "withdrawn_at": null
    }, 
    {
      "district": "5", 
      "name": "Foxx, Virginia", 
      "sponsored_at": "2005-03-09", 
      "state": "NC", 
      "thomas_id": "01791", 
      "title": "Rep", 
      "withdrawn_at": null
    }, 
    {
      "district": "2", 
      "name": "Franks, Trent", 
      "sponsored_at": "2005-03-02", 
      "state": "AZ", 
      "thomas_id": "01707", 
      "title": "Rep", 
      "withdrawn_at": null
    }, 
    {
      "district": "24", 
      "name": "Gallegly, Elton", 
      "sponsored_at": "2005-03-16", 
      "state": "CA", 
      "thomas_id": "00425", 
      "title": "Rep", 
      "withdrawn_at": null
    }, 
    {
      "district": "5", 
      "name": "Garrett, Scott", 
      "sponsored_at": "2005-02-01", 
      "state": "NJ", 
      "thomas_id": "01737", 
      "title": "Rep", 
      "withdrawn_at": null
    }, 
    {
      "district": "1", 
      "name": "Gilchrest, Wayne T.", 
      "sponsored_at": "2005-11-02", 
      "state": "MD", 
      "thomas_id": "00438", 
      "title": "Rep", 
      "withdrawn_at": null
    }, 
    {
      "district": "11", 
      "name": "Gingrey, Phil", 
      "sponsored_at": "2005-10-06", 
      "state": "GA", 
      "thomas_id": "01720", 
      "title": "Rep", 
      "withdrawn_at": null
    }, 
    {
      "district": "1", 
      "name": "Gohmert, Louie", 
      "sponsored_at": "2006-02-28", 
      "state": "TX", 
      "thomas_id": "01801", 
      "title": "Rep", 
      "withdrawn_at": null
    }, 
    {
      "district": "5", 
      "name": "Goode, Virgil H., Jr.", 
      "sponsored_at": "2005-02-01", 
      "state": "VA", 
      "thomas_id": "01486", 
      "title": "Rep", 
      "withdrawn_at": null
    }, 
    {
      "district": "6", 
      "name": "Goodlatte, Bob", 
      "sponsored_at": "2005-02-15", 
      "state": "VA", 
      "thomas_id": "00446", 
      "title": "Rep", 
      "withdrawn_at": null
    }, 
    {
      "district": "12", 
      "name": "Granger, Kay", 
      "sponsored_at": "2005-12-15", 
      "state": "TX", 
      "thomas_id": "01487", 
      "title": "Rep", 
      "withdrawn_at": null
    }, 
    {
      "district": "1", 
      "name": "Gutknecht, Gil", 
      "sponsored_at": "2005-02-15", 
      "state": "MN", 
      "thomas_id": "00479", 
      "title": "Rep", 
      "withdrawn_at": null
    }, 
    {
      "district": "4", 
      "name": "Hall, Ralph M.", 
      "sponsored_at": "2005-03-09", 
      "state": "TX", 
      "thomas_id": "00484", 
      "title": "Rep", 
      "withdrawn_at": null
    }, 
    {
      "district": "13", 
      "name": "Harris, Katherine", 
      "sponsored_at": "2005-03-17", 
      "state": "FL", 
      "thomas_id": "01714", 
      "title": "Rep", 
      "withdrawn_at": null
    }, 
    {
      "district": "4", 
      "name": "Hastings, Doc", 
      "sponsored_at": "2005-03-02", 
      "state": "WA", 
      "thomas_id": "00512", 
      "title": "Rep", 
      "withdrawn_at": null
    }, 
    {
      "district": "8", 
      "name": "Hayes, Robin", 
      "sponsored_at": "2005-04-21", 
      "state": "NC", 
      "thomas_id": "01600", 
      "title": "Rep", 
      "withdrawn_at": null
    }, 
    {
      "district": "5", 
      "name": "Hayworth, J. D.", 
      "sponsored_at": "2005-02-09", 
      "state": "AZ", 
      "thomas_id": "00520", 
      "title": "Rep", 
      "withdrawn_at": null
    }, 
    {
      "district": "5", 
      "name": "Hefley, Joel", 
      "sponsored_at": "2005-05-26", 
      "state": "CO", 
      "thomas_id": "00524", 
      "title": "Rep", 
      "withdrawn_at": null
    }, 
    {
      "district": "5", 
      "name": "Hensarling, Jeb", 
      "sponsored_at": "2005-03-16", 
      "state": "TX", 
      "thomas_id": "01749", 
      "title": "Rep", 
      "withdrawn_at": null
    }, 
    {
      "district": "2", 
      "name": "Herger, Wally", 
      "sponsored_at": "2005-03-02", 
      "state": "CA", 
      "thomas_id": "00533", 
      "title": "Rep", 
      "withdrawn_at": null
    }, 
    {
      "district": "52", 
      "name": "Hunter, Duncan", 
      "sponsored_at": "2006-02-16", 
      "state": "CA", 
      "thomas_id": "00575", 
      "title": "Rep", 
      "withdrawn_at": null
    }, 
    {
      "district": "4", 
      "name": "Inglis, Bob", 
      "sponsored_at": "2005-03-02", 
      "state": "SC", 
      "thomas_id": "00582", 
      "title": "Rep", 
      "withdrawn_at": null
    }, 
    {
      "district": "49", 
      "name": "Issa, Darrell E.", 
      "sponsored_at": "2005-02-01", 
      "state": "CA", 
      "thomas_id": "01640", 
      "title": "Rep", 
      "withdrawn_at": null
    }, 
    {
      "district": "5", 
      "name": "Istook, Ernest J., Jr.", 
      "sponsored_at": "2006-02-28", 
      "state": "OK", 
      "thomas_id": "00586", 
      "title": "Rep", 
      "withdrawn_at": null
    }, 
    {
      "district": "1", 
      "name": "Jindal, Bobby", 
      "sponsored_at": "2005-04-27", 
      "state": "LA", 
      "thomas_id": "01785", 
      "title": "Rep", 
      "withdrawn_at": null
    }, 
    {
      "district": "3", 
      "name": "Johnson, Sam", 
      "sponsored_at": "2006-07-18", 
      "state": "TX", 
      "thomas_id": "00603", 
      "title": "Rep", 
      "withdrawn_at": null
    }, 
    {
      "district": "3", 
      "name": "Jones, Walter B., Jr.", 
      "sponsored_at": "2005-02-09", 
      "state": "NC", 
      "thomas_id": "00612", 
      "title": "Rep", 
      "withdrawn_at": null
    }, 
    {
      "district": "8", 
      "name": "Keller, Ric", 
      "sponsored_at": "2005-04-21", 
      "state": "FL", 
      "thomas_id": "01644", 
      "title": "Rep", 
      "withdrawn_at": null
    }, 
    {
      "district": "5", 
      "name": "King, Steve", 
      "sponsored_at": "2005-02-15", 
      "state": "IA", 
      "thomas_id": "01724", 
      "title": "Rep", 
      "withdrawn_at": null
    }, 
    {
      "district": "1", 
      "name": "Kingston, Jack", 
      "sponsored_at": "2005-04-05", 
      "state": "GA", 
      "thomas_id": "00636", 
      "title": "Rep", 
      "withdrawn_at": null
    }, 
    {
      "district": "2", 
      "name": "Kline, John", 
      "sponsored_at": "2006-09-13", 
      "state": "MN", 
      "thomas_id": "01733", 
      "title": "Rep", 
      "withdrawn_at": null
    }, 
    {
      "district": "8", 
      "name": "Kolbe, Jim", 
      "sponsored_at": "2005-02-01", 
      "state": "AZ", 
      "thomas_id": "00645", 
      "title": "Rep", 
      "withdrawn_at": null
    }, 
    {
      "district": "4", 
      "name": "Latham, Tom", 
      "sponsored_at": "2005-04-27", 
      "state": "IA", 
      "thomas_id": "00666", 
      "title": "Rep", 
      "withdrawn_at": null
    }, 
    {
      "district": "2", 
      "name": "Lewis, Ron", 
      "sponsored_at": "2006-02-16", 
      "state": "KY", 
      "thomas_id": "00689", 
      "title": "Rep", 
      "withdrawn_at": null
    }, 
    {
      "district": "7", 
      "name": "Linder, John", 
      "sponsored_at": "2005-02-01", 
      "state": "GA", 
      "thomas_id": "00693", 
      "title": "Rep", 
      "withdrawn_at": null
    }, 
    {
      "district": "3", 
      "name": "Lucas, Frank D.", 
      "sponsored_at": "2006-07-24", 
      "state": "OK", 
      "thomas_id": "00711", 
      "title": "Rep", 
      "withdrawn_at": null
    }, 
    {
      "district": "16", 
      "name": "Manzullo, Donald A.", 
      "sponsored_at": "2005-02-01", 
      "state": "IL", 
      "thomas_id": "00733", 
      "title": "Rep", 
      "withdrawn_at": null
    }, 
    {
      "district": "24", 
      "name": "Marchant, Kenny", 
      "sponsored_at": "2005-03-16", 
      "state": "TX", 
      "thomas_id": "01806", 
      "title": "Rep", 
      "withdrawn_at": null
    }, 
    {
      "district": "10", 
      "name": "McCaul, Michael T.", 
      "sponsored_at": "2006-07-13", 
      "state": "TX", 
      "thomas_id": "01804", 
      "title": "Rep", 
      "withdrawn_at": null
    }, 
    {
      "district": "10", 
      "name": "McHenry, Patrick T.", 
      "sponsored_at": "2005-02-01", 
      "state": "NC", 
      "thomas_id": "01792", 
      "title": "Rep", 
      "withdrawn_at": null
    }, 
    {
      "district": "5", 
      "name": "McMorris Rodgers, Cathy", 
      "sponsored_at": "2006-03-08", 
      "state": "WA", 
      "thomas_id": "01809", 
      "title": "Rep", 
      "withdrawn_at": null
    }, 
    {
      "district": "42", 
      "name": "Miller, Gary G.", 
      "sponsored_at": "2005-02-09", 
      "state": "CA", 
      "thomas_id": "01584", 
      "title": "Rep", 
      "withdrawn_at": null
    }, 
    {
      "district": "1", 
      "name": "Miller, Jeff", 
      "sponsored_at": "2005-11-02", 
      "state": "FL", 
      "thomas_id": "01685", 
      "title": "Rep", 
      "withdrawn_at": null
    }, 
    {
      "district": "1", 
      "name": "Moran, Jerry", 
      "sponsored_at": "2005-06-17", 
      "state": "KS", 
      "thomas_id": "01507", 
      "title": "Rep", 
      "withdrawn_at": null
    }, 
    {
      "district": "4", 
      "name": "Musgrave, Marilyn N.", 
      "sponsored_at": "2005-02-01", 
      "state": "CO", 
      "thomas_id": "01711", 
      "title": "Rep", 
      "withdrawn_at": null
    }, 
    {
      "district": "9", 
      "name": "Myrick, Sue Wilkins", 
      "sponsored_at": "2005-04-21", 
      "state": "NC", 
      "thomas_id": "00849", 
      "title": "Rep", 
      "withdrawn_at": null
    }, 
    {
      "district": "19", 
      "name": "Neugebauer, Randy", 
      "sponsored_at": "2005-06-08", 
      "state": "TX", 
      "thomas_id": "01758", 
      "title": "Rep", 
      "withdrawn_at": null
    }, 
    {
      "district": "9", 
      "name": "Norwood, Charles W.", 
      "sponsored_at": "2005-02-01", 
      "state": "GA", 
      "thomas_id": "00869", 
      "title": "Rep", 
      "withdrawn_at": null
    }, 
    {
      "district": "3", 
      "name": "Osborne, Tom", 
      "sponsored_at": "2006-03-15", 
      "state": "NE", 
      "thomas_id": "01658", 
      "title": "Rep", 
      "withdrawn_at": null
    }, 
    {
      "district": "4", 
      "name": "Oxley, Michael G.", 
      "sponsored_at": "2006-03-15", 
      "state": "OH", 
      "thomas_id": "00885", 
      "title": "Rep", 
      "withdrawn_at": null
    }, 
    {
      "district": "14", 
      "name": "Paul, Ron", 
      "sponsored_at": "2005-02-01", 
      "state": "TX", 
      "thomas_id": "00900", 
      "title": "Rep", 
      "withdrawn_at": null
    }, 
    {
      "district": "2", 
      "name": "Pearce, Stevan", 
      "sponsored_at": "2006-04-06", 
      "state": "NM", 
      "thomas_id": "01738", 
      "title": "Rep", 
      "withdrawn_at": null
    }, 
    {
      "district": "6", 
      "name": "Pence, Mike", 
      "sponsored_at": "2005-03-09", 
      "state": "IN", 
      "thomas_id": "01649", 
      "title": "Rep", 
      "withdrawn_at": null
    }, 
    {
      "district": "3", 
      "name": "Pickering, Charles W. \"Chip\"", 
      "sponsored_at": "2006-05-11", 
      "state": "MS", 
      "thomas_id": "01513", 
      "title": "Rep", 
      "withdrawn_at": null
    }, 
    {
      "district": "16", 
      "name": "Pitts, Joseph R.", 
      "sponsored_at": "2005-03-02", 
      "state": "PA", 
      "thomas_id": "01514", 
      "title": "Rep", 
      "withdrawn_at": null
    }, 
    {
      "district": "2", 
      "name": "Poe, Ted", 
      "sponsored_at": "2005-02-01", 
      "state": "TX", 
      "thomas_id": "01802", 
      "title": "Rep", 
      "withdrawn_at": null
    }, 
    {
      "district": "6", 
      "name": "Price, Tom", 
      "sponsored_at": "2005-04-21", 
      "state": "GA", 
      "thomas_id": "01778", 
      "title": "Rep", 
      "withdrawn_at": null
    }, 
    {
      "district": "12", 
      "name": "Putnam, Adam H.", 
      "sponsored_at": "2005-04-21", 
      "state": "FL", 
      "thomas_id": "01645", 
      "title": "Rep", 
      "withdrawn_at": null
    }, 
    {
      "district": "19", 
      "name": "Radanovich, George", 
      "sponsored_at": "2005-02-09", 
      "state": "CA", 
      "thomas_id": "00939", 
      "title": "Rep", 
      "withdrawn_at": null
    }, 
    {
      "district": "40", 
      "name": "Royce, Edward R.", 
      "sponsored_at": "2005-11-15", 
      "state": "CA", 
      "thomas_id": "00998", 
      "title": "Rep", 
      "withdrawn_at": null
    }, 
    {
      "district": "2", 
      "name": "Ryun, Jim", 
      "sponsored_at": "2005-02-01", 
      "state": "KS", 
      "thomas_id": "01521", 
      "title": "Rep", 
      "withdrawn_at": null
    }, 
    {
      "district": "2", 
      "name": "Schmidt, Jean", 
      "sponsored_at": "2006-03-08", 
      "state": "OH", 
      "thomas_id": "01815", 
      "title": "Rep", 
      "withdrawn_at": null
    }, 
    {
      "district": "32", 
      "name": "Sessions, Pete", 
      "sponsored_at": "2005-02-01", 
      "state": "TX", 
      "thomas_id": "01525", 
      "title": "Rep", 
      "withdrawn_at": null
    }, 
    {
      "district": "3", 
      "name": "Shadegg, John B.", 
      "sponsored_at": "2005-04-21", 
      "state": "AZ", 
      "thomas_id": "01043", 
      "title": "Rep", 
      "withdrawn_at": null
    }, 
    {
      "district": "22", 
      "name": "Shaw, E. Clay, Jr.", 
      "sponsored_at": "2006-03-08", 
      "state": "FL", 
      "thomas_id": "01047", 
      "title": "Rep", 
      "withdrawn_at": null
    }, 
    {
      "district": "21", 
      "name": "Smith, Lamar", 
      "sponsored_at": "2006-06-19", 
      "state": "TX", 
      "thomas_id": "01075", 
      "title": "Rep", 
      "withdrawn_at": null
    }, 
    {
      "district": "9", 
      "name": "Sodrel, Michael E.", 
      "sponsored_at": "2005-04-21", 
      "state": "IN", 
      "thomas_id": "01783", 
      "title": "Rep", 
      "withdrawn_at": null
    }, 
    {
      "district": "3", 
      "name": "Souder, Mark E.", 
      "sponsored_at": "2005-03-09", 
      "state": "IN", 
      "thomas_id": "01089", 
      "title": "Rep", 
      "withdrawn_at": null
    }, 
    {
      "district": "6", 
      "name": "Stearns, Cliff", 
      "sponsored_at": "2005-06-20", 
      "state": "FL", 
      "thomas_id": "01103", 
      "title": "Rep", 
      "withdrawn_at": null
    }, 
    {
      "district": "1", 
      "name": "Sullivan, John", 
      "sponsored_at": "2005-04-21", 
      "state": "OK", 
      "thomas_id": "01689", 
      "title": "Rep", 
      "withdrawn_at": null
    }, 
    {
      "district": "6", 
      "name": "Tancredo, Thomas G.", 
      "sponsored_at": "2005-02-01", 
      "state": "CO", 
      "thomas_id": "01592", 
      "title": "Rep", 
      "withdrawn_at": null
    }, 
    {
      "district": "11", 
      "name": "Taylor, Charles H.", 
      "sponsored_at": "2006-06-29", 
      "state": "NC", 
      "thomas_id": "01141", 
      "title": "Rep", 
      "withdrawn_at": null
    }, 
    {
      "district": "4", 
      "name": "Tiahrt, Todd", 
      "sponsored_at": "2005-04-21", 
      "state": "KS", 
      "thomas_id": "01158", 
      "title": "Rep", 
      "withdrawn_at": null
    }, 
    {
      "district": "3", 
      "name": "Wamp, Zach", 
      "sponsored_at": "2005-02-09", 
      "state": "TN", 
      "thomas_id": "01199", 
      "title": "Rep", 
      "withdrawn_at": null
    }, 
    {
      "district": "15", 
      "name": "Weldon, Dave", 
      "sponsored_at": "2005-02-01", 
      "state": "FL", 
      "thomas_id": "01215", 
      "title": "Rep", 
      "withdrawn_at": null
    }, 
    {
      "district": "8", 
      "name": "Westmoreland, Lynn A.", 
      "sponsored_at": "2005-03-09", 
      "state": "GA", 
      "thomas_id": "01779", 
      "title": "Rep", 
      "withdrawn_at": null
    }, 
    {
      "district": "1", 
      "name": "Wicker, Roger F.", 
      "sponsored_at": "2005-02-01", 
      "state": "MS", 
      "thomas_id": "01226", 
      "title": "Rep", 
      "withdrawn_at": null
    }, 
    {
      "district": "1", 
      "name": "Wilson, Heather", 
      "sponsored_at": "2006-07-26", 
      "state": "NM", 
      "thomas_id": "01539", 
      "title": "Rep", 
      "withdrawn_at": null
    }, 
    {
      "district": "10", 
      "name": "Wolf, Frank R.", 
      "sponsored_at": "2005-11-18", 
      "state": "VA", 
      "thomas_id": "01238", 
      "title": "Rep", 
      "withdrawn_at": null
    }
  ], 
  "enacted_as": null, 
  "history": {
    "awaiting_signature": false, 
    "enacted": false, 
    "vetoed": false
  }, 
  "introduced_at": "2005-02-01", 
  "number": "500", 
  "official_title": "To preserve and protect the free choice of individual employees to form, join, or assist labor organizations, or to refrain from such activities.", 
  "popular_title": null, 
  "related_bills": [
    {
      "bill_id": "s370-109", 
      "reason": "related"
    }
  ], 
  "short_title": "National Right-to-Work Act", 
  "sponsor": {
    "district": "2", 
    "name": "Wilson, Joe", 
    "state": "SC", 
    "thomas_id": "01688", 
    "title": "Rep", 
    "type": "person"
  }, 
  "status": "REFERRED", 
  "status_at": "2005-02-01", 
  "subjects": [
    "Commerce", 
    "Construction industries", 
    "Construction workers", 
    "Employee rights", 
    "Labor and employment", 
    "Labor unions", 
    "Payroll deductions", 
    "Railroad employees", 
    "Railroads", 
    "Transportation and public works", 
    "Unfair labor practices", 
    "Union dues", 
    "Union security"
  ], 
  "subjects_top_term": "Labor and employment", 
  "summary": {
    "as": "Introduced", 
    "date": "2005-02-01", 
    "text": "National Right-to-Work Act - Amends the National Labor Relations Act and the Railway Labor Act to repeal those provisions that permit employers, pursuant to a collective bargaining agreement that is a union security agreement, to require employees to join a union as a condition of employment (including provisions permitting railroad carriers to require, pursuant to such an agreement, payroll deduction of union dues or fees as a condition of employment)."
  }, 
  "titles": [
    {
      "as": "introduced", 
      "title": "National Right-to-Work Act", 
      "type": "short"
    }, 
    {
      "as": "introduced", 
      "title": "To preserve and protect the free choice of individual employees to form, join, or assist labor organizations, or to refrain from such activities.", 
      "type": "official"
    }
  ], 
  "updated_at": "2013-02-02T20:39:18-05:00"
}