{
  "actions": [
    {
      "acted_at": "2006-11-15", 
      "committee": "House Committee on House Administration", 
      "references": [], 
      "status": "REFERRED", 
      "text": "Referred to the House Committee on House Administration.", 
      "type": "referral"
    }
  ], 
  "amendments": [], 
  "bill_id": "hr6335-109", 
  "bill_type": "hr", 
  "committees": [
    {
      "activity": [
        "referral", 
        "in committee"
      ], 
      "committee": "House Administration", 
      "committee_id": "HSHA"
    }
  ], 
  "congress": "109", 
  "cosponsors": [], 
  "enacted_as": null, 
  "history": {
    "awaiting_signature": false, 
    "enacted": false, 
    "vetoed": false
  }, 
  "introduced_at": "2006-11-15", 
  "number": "6335", 
  "official_title": "To prohibit the use of Federal funds for official travel after Election Day of members of Congress who will not serve as members during the next Congress.", 
  "popular_title": null, 
  "related_bills": [], 
  "short_title": null, 
  "sponsor": {
    "district": "1", 
    "name": "Stupak, Bart", 
    "state": "MI", 
    "thomas_id": "01123", 
    "title": "Rep", 
    "type": "person"
  }, 
  "status": "REFERRED", 
  "status_at": "2006-11-15", 
  "subjects": [
    "Congress", 
    "Congressional travel", 
    "Members of Congress", 
    "Transportation and public works", 
    "Travel costs"
  ], 
  "subjects_top_term": "Congress", 
  "summary": {
    "as": "Introduced", 
    "date": "2006-11-15", 
    "text": "Prohibits the use of federal funds for official travel of defeated or retiring Members of Congress. Excludes from such prohibition travel: (1) within a Member's district or state; (2) between a Member's district or state and the Washington, D.C. Metropolitan Area; or (3) within the Washington, D.C. Metropolitan Area."
  }, 
  "titles": [
    {
      "as": "introduced", 
      "title": "To prohibit the use of Federal funds for official travel after Election Day of members of Congress who will not serve as members during the next Congress.", 
      "type": "official"
    }
  ], 
  "updated_at": "2013-02-02T20:42:00-05:00"
}