{
  "actions": [
    {
      "acted_at": "2006-07-17", 
      "committee": "House Committee on Transportation and Infrastructure", 
      "references": [], 
      "status": "REFERRED", 
      "text": "Referred to the House Committee on Transportation and Infrastructure.", 
      "type": "referral"
    }, 
    {
      "acted_at": "2006-07-18", 
      "in_committee": "House Committee on Transportation and Infrastructure", 
      "references": [], 
      "subcommittee": "Economic Development, Public Buildings and Emergency Management", 
      "text": "Referred to the Subcommittee on Economic Development, Public Buildings and Emergency Management.", 
      "type": "referral"
    }
  ], 
  "amendments": [], 
  "bill_id": "hr5812-109", 
  "bill_type": "hr", 
  "committees": [
    {
      "activity": [
        "referral", 
        "in committee"
      ], 
      "committee": "House Transportation and Infrastructure", 
      "committee_id": "HSPW"
    }, 
    {
      "activity": [
        "referral"
      ], 
      "committee": "House Transportation and Infrastructure", 
      "committee_id": "HSPW", 
      "subcommittee": "Subcommittee on Economic Development, Public Buildings and Emergency Management", 
      "subcommittee_id": "13"
    }
  ], 
  "congress": "109", 
  "cosponsors": [
    {
      "district": "6", 
      "name": "Bachus, Spencer", 
      "sponsored_at": "2006-07-17", 
      "state": "AL", 
      "thomas_id": "00038", 
      "title": "Rep", 
      "withdrawn_at": null
    }, 
    {
      "district": "24", 
      "name": "Boehlert, Sherwood", 
      "sponsored_at": "2006-07-17", 
      "state": "NY", 
      "thomas_id": "00101", 
      "title": "Rep", 
      "withdrawn_at": null
    }, 
    {
      "district": "6", 
      "name": "Chandler, Ben", 
      "sponsored_at": "2006-07-17", 
      "state": "KY", 
      "thomas_id": "01759", 
      "title": "Rep", 
      "withdrawn_at": null
    }, 
    {
      "district": "4", 
      "name": "Davis, Lincoln", 
      "sponsored_at": "2006-07-17", 
      "state": "TN", 
      "thomas_id": "01747", 
      "title": "Rep", 
      "withdrawn_at": null
    }, 
    {
      "district": "2", 
      "name": "Duncan, John J., Jr.", 
      "sponsored_at": "2006-07-17", 
      "state": "TN", 
      "thomas_id": "00322", 
      "title": "Rep", 
      "withdrawn_at": null
    }, 
    {
      "district": "27", 
      "name": "Higgins, Brian", 
      "sponsored_at": "2006-07-17", 
      "state": "NY", 
      "thomas_id": "01794", 
      "title": "Rep", 
      "withdrawn_at": null
    }, 
    {
      "district": "17", 
      "name": "Holden, Tim", 
      "sponsored_at": "2006-07-17", 
      "state": "PA", 
      "thomas_id": "00550", 
      "title": "Rep", 
      "withdrawn_at": null
    }, 
    {
      "district": "29", 
      "name": "Kuhl, John R. \"Randy\", Jr.", 
      "sponsored_at": "2006-07-17", 
      "state": "NY", 
      "thomas_id": "01795", 
      "title": "Rep", 
      "withdrawn_at": null
    }, 
    {
      "district": null, 
      "name": "Norton, Eleanor Holmes", 
      "sponsored_at": "2006-07-17", 
      "state": "DC", 
      "thomas_id": "00868", 
      "title": "Rep", 
      "withdrawn_at": null
    }, 
    {
      "district": "8", 
      "name": "Oberstar, James L.", 
      "sponsored_at": "2006-07-17", 
      "state": "MN", 
      "thomas_id": "00876", 
      "title": "Rep", 
      "withdrawn_at": null
    }, 
    {
      "district": "3", 
      "name": "Rahall, Nick J., II", 
      "sponsored_at": "2006-07-17", 
      "state": "WV", 
      "thomas_id": "00940", 
      "title": "Rep", 
      "withdrawn_at": null
    }, 
    {
      "district": "9", 
      "name": "Shuster, Bill", 
      "sponsored_at": "2006-07-17", 
      "state": "PA", 
      "thomas_id": "01681", 
      "title": "Rep", 
      "withdrawn_at": null
    }
  ], 
  "enacted_as": null, 
  "history": {
    "awaiting_signature": false, 
    "enacted": false, 
    "vetoed": false
  }, 
  "introduced_at": "2006-07-17", 
  "number": "5812", 
  "official_title": "To reauthorize and improve the program authorized by the Appalachian Regional Development Act of 1965.", 
  "popular_title": null, 
  "related_bills": [
    {
      "bill_id": "s2832-109", 
      "reason": "related"
    }
  ], 
  "short_title": "Appalachian Regional Development Act Amendments of 2006", 
  "sponsor": {
    "district": null, 
    "name": "Young, Don", 
    "state": "AK", 
    "thomas_id": "01256", 
    "title": "Rep", 
    "type": "person"
  }, 
  "status": "REFERRED", 
  "status_at": "2006-07-17", 
  "subjects": [
    "Appalachia", 
    "Appalachian Regional Commission", 
    "Authorization", 
    "Business education", 
    "Commerce", 
    "County politics and government", 
    "Depressed areas", 
    "Economics and public finance", 
    "Entrepreneurs", 
    "Federal aid to health facilities", 
    "Federal aid to housing", 
    "Government lending", 
    "Government operations and politics", 
    "Grants-in-aid", 
    "Health", 
    "Housing and community development", 
    "Labor and employment", 
    "Low-income housing", 
    "Moderate income housing", 
    "Regional economic development", 
    "Rural economic development", 
    "Rural health", 
    "Rural housing", 
    "Social welfare"
  ], 
  "subjects_top_term": "Economics and public finance", 
  "summary": {
    "as": "Introduced", 
    "date": "2006-07-17", 
    "text": "Appalachian Regional Development Act Amendments of 2006 - Limits the maximum Appalachian Regional Commission non-highway grant amount for designated at-risk counties to 70%. Directs the Commission to designate as \"at-risk counties\" those counties in the Appalachian region that are most at risk of becoming economically distressed. Authorizes additional appropriations to the Commission through FY2011 to carry out Appalachian regional development. Extends, for five years, the termination date of the Appalachian Regional Development Act of 1965 (with exceptions for the Appalachian development highway system and certain definitions)."
  }, 
  "titles": [
    {
      "as": "introduced", 
      "title": "Appalachian Regional Development Act Amendments of 2006", 
      "type": "short"
    }, 
    {
      "as": "introduced", 
      "title": "To reauthorize and improve the program authorized by the Appalachian Regional Development Act of 1965.", 
      "type": "official"
    }
  ], 
  "updated_at": "2013-02-02T20:41:47-05:00"
}