{
  "actions": [
    {
      "acted_at": "2005-02-17", 
      "committee": "House Committee on Ways and Means", 
      "references": [], 
      "status": "REFERRED", 
      "text": "Referred to the House Committee on Ways and Means.", 
      "type": "referral"
    }, 
    {
      "acted_at": "2005-02-18", 
      "references": [
        {
          "reference": "CR E292", 
          "type": null
        }
      ], 
      "text": "Sponsor introductory remarks on measure.", 
      "type": "action"
    }
  ], 
  "amendments": [], 
  "bill_id": "hr958-109", 
  "bill_type": "hr", 
  "committees": [
    {
      "activity": [
        "referral", 
        "in committee"
      ], 
      "committee": "House Ways and Means", 
      "committee_id": "HSWM"
    }
  ], 
  "congress": "109", 
  "cosponsors": [
    {
      "district": "28", 
      "name": "Berman, Howard L.", 
      "sponsored_at": "2005-03-03", 
      "state": "CA", 
      "thomas_id": "00082", 
      "title": "Rep", 
      "withdrawn_at": null
    }, 
    {
      "district": "11", 
      "name": "Kanjorski, Paul E.", 
      "sponsored_at": "2005-02-17", 
      "state": "PA", 
      "thomas_id": "00615", 
      "title": "Rep", 
      "withdrawn_at": null
    }, 
    {
      "district": "3", 
      "name": "Rahall, Nick J., II", 
      "sponsored_at": "2005-02-17", 
      "state": "WV", 
      "thomas_id": "00940", 
      "title": "Rep", 
      "withdrawn_at": null
    }
  ], 
  "enacted_as": null, 
  "history": {
    "awaiting_signature": false, 
    "enacted": false, 
    "vetoed": false
  }, 
  "introduced_at": "2005-02-17", 
  "number": "958", 
  "official_title": "To amend the Internal Revenue Code of 1986 to provide a credit and a deduction for small political contributions.", 
  "popular_title": null, 
  "related_bills": [], 
  "short_title": "Citizen Involvement in Campaigns Act of 2005", 
  "sponsor": {
    "district": "6", 
    "name": "Petri, Thomas E.", 
    "state": "WI", 
    "thomas_id": "00912", 
    "title": "Rep", 
    "type": "person"
  }, 
  "status": "REFERRED", 
  "status_at": "2005-02-17", 
  "subjects": [
    "Campaign funds", 
    "Congress", 
    "Congressional elections", 
    "Government operations and politics", 
    "Income tax", 
    "Presidential elections", 
    "Tax credits", 
    "Tax deductions", 
    "Taxation"
  ], 
  "subjects_top_term": "Taxation", 
  "summary": {
    "as": "Introduced", 
    "date": "2005-02-17", 
    "text": "Citizen Involvement in Campaigns Act of 2005 - Amends the Internal Revenue Code to allow: (1) a $200 tax credit ($400 for joint returns) for contributions to a candidate for Federal elective public office or to the national committee of a national political party; and (2) a tax deduction (available to taxpayers who do not itemize deductions) for such political contributions up to $600 ($1,200 for joint returns)."
  }, 
  "titles": [
    {
      "as": "introduced", 
      "title": "Citizen Involvement in Campaigns Act of 2005", 
      "type": "short"
    }, 
    {
      "as": "introduced", 
      "title": "To amend the Internal Revenue Code of 1986 to provide a credit and a deduction for small political contributions.", 
      "type": "official"
    }
  ], 
  "updated_at": "2013-02-02T20:39:33-05:00"
}