{
  "actions": [
    {
      "acted_at": "2005-04-05", 
      "committee": "House Committee on Ways and Means", 
      "references": [], 
      "status": "REFERRED", 
      "text": "Referred to the House Committee on Ways and Means.", 
      "type": "referral"
    }, 
    {
      "acted_at": "2005-04-11", 
      "in_committee": "House Committee on Ways and Means", 
      "references": [], 
      "subcommittee": "Trade", 
      "text": "Referred to the Subcommittee on Trade.", 
      "type": "referral"
    }
  ], 
  "amendments": [], 
  "bill_id": "hr1466-109", 
  "bill_type": "hr", 
  "committees": [
    {
      "activity": [
        "referral", 
        "in committee"
      ], 
      "committee": "House Ways and Means", 
      "committee_id": "HSWM"
    }, 
    {
      "activity": [
        "referral"
      ], 
      "committee": "House Ways and Means", 
      "committee_id": "HSWM", 
      "subcommittee": "Subcommittee on Trade", 
      "subcommittee_id": "04"
    }
  ], 
  "congress": "109", 
  "cosponsors": [], 
  "enacted_as": null, 
  "history": {
    "awaiting_signature": false, 
    "enacted": false, 
    "vetoed": false
  }, 
  "introduced_at": "2005-04-05", 
  "number": "1466", 
  "official_title": "To suspend temporarily the duty on certain pimientos (capsicum anuum), prepared or preserved otherwise than by vinegar or acetic acid.", 
  "popular_title": null, 
  "related_bills": [
    {
      "bill_id": "hr1464-109", 
      "reason": "related"
    }
  ], 
  "short_title": null, 
  "sponsor": {
    "district": "5", 
    "name": "Garrett, Scott", 
    "state": "NJ", 
    "thomas_id": "01737", 
    "title": "Rep", 
    "type": "person"
  }, 
  "status": "REFERRED", 
  "status_at": "2005-04-05", 
  "subjects": [
    "Agriculture and food", 
    "Foreign trade and international finance", 
    "Spices", 
    "Tariff", 
    "Vegetables"
  ], 
  "subjects_top_term": "Foreign trade and international finance", 
  "summary": {
    "as": "Introduced", 
    "date": "2005-04-05", 
    "text": "Amends the Harmonized Tariff Schedule of the United States to suspend, through December 31, 2008, the duty on certain pimientos (capsicum anuum), prepared or preserved otherwise than by vinegar or acetic acid."
  }, 
  "titles": [
    {
      "as": "introduced", 
      "title": "To suspend temporarily the duty on certain pimientos (capsicum anuum), prepared or preserved otherwise than by vinegar or acetic acid.", 
      "type": "official"
    }
  ], 
  "updated_at": "2013-02-02T20:39:48-05:00"
}