{
  "actions": [
    {
      "acted_at": "2005-02-15", 
      "committee": "House Committee on Veterans' Affairs", 
      "references": [], 
      "status": "REFERRED", 
      "text": "Referred to the House Committee on Veterans' Affairs.", 
      "type": "referral"
    }, 
    {
      "acted_at": "2005-04-04", 
      "in_committee": "House Committee on Veterans' Affairs", 
      "references": [], 
      "subcommittee": "Disability Assistance and Memorial Affairs", 
      "text": "Referred to the Subcommittee on Disability Assistance and Memorial Affairs.", 
      "type": "referral"
    }
  ], 
  "amendments": [], 
  "bill_id": "hr831-109", 
  "bill_type": "hr", 
  "committees": [
    {
      "activity": [
        "referral", 
        "in committee"
      ], 
      "committee": "House Veterans' Affairs", 
      "committee_id": "HSVR"
    }, 
    {
      "activity": [
        "referral"
      ], 
      "committee": "House Veterans' Affairs", 
      "committee_id": "HSVR", 
      "subcommittee": "Subcommittee on Disability Assistance and Memorial Affairs", 
      "subcommittee_id": "09"
    }
  ], 
  "congress": "109", 
  "cosponsors": [
    {
      "district": "2", 
      "name": "Bishop, Sanford D., Jr.", 
      "sponsored_at": "2005-06-23", 
      "state": "GA", 
      "thomas_id": "00091", 
      "title": "Rep", 
      "withdrawn_at": null
    }, 
    {
      "district": "2", 
      "name": "Case, Ed", 
      "sponsored_at": "2005-05-05", 
      "state": "HI", 
      "thomas_id": "01693", 
      "title": "Rep", 
      "withdrawn_at": null
    }, 
    {
      "district": null, 
      "name": "Christensen, Donna M.", 
      "sponsored_at": "2005-06-09", 
      "state": "VI", 
      "thomas_id": "01474", 
      "title": "Rep", 
      "withdrawn_at": null
    }, 
    {
      "district": "7", 
      "name": "Cummings, Elijah E.", 
      "sponsored_at": "2006-02-01", 
      "state": "MD", 
      "thomas_id": "00256", 
      "title": "Rep", 
      "withdrawn_at": null
    }, 
    {
      "district": "7", 
      "name": "Davis, Danny K.", 
      "sponsored_at": "2005-06-07", 
      "state": "IL", 
      "thomas_id": "01477", 
      "title": "Rep", 
      "withdrawn_at": null
    }, 
    {
      "district": "17", 
      "name": "Evans, Lane", 
      "sponsored_at": "2005-06-09", 
      "state": "IL", 
      "thomas_id": "00361", 
      "title": "Rep", 
      "withdrawn_at": null
    }, 
    {
      "district": "4", 
      "name": "Frank, Barney", 
      "sponsored_at": "2005-05-05", 
      "state": "MA", 
      "thomas_id": "00407", 
      "title": "Rep", 
      "withdrawn_at": null
    }, 
    {
      "district": "7", 
      "name": "Grijalva, Raul M.", 
      "sponsored_at": "2005-07-11", 
      "state": "AZ", 
      "thomas_id": "01708", 
      "title": "Rep", 
      "withdrawn_at": null
    }, 
    {
      "district": "4", 
      "name": "Gutierrez, Luis V.", 
      "sponsored_at": "2005-06-21", 
      "state": "IL", 
      "thomas_id": "00478", 
      "title": "Rep", 
      "withdrawn_at": null
    }, 
    {
      "district": "5", 
      "name": "Kildee, Dale E.", 
      "sponsored_at": "2005-05-17", 
      "state": "MI", 
      "thomas_id": "00631", 
      "title": "Rep", 
      "withdrawn_at": null
    }, 
    {
      "district": "3", 
      "name": "McGovern, James P.", 
      "sponsored_at": "2005-06-21", 
      "state": "MA", 
      "thomas_id": "01504", 
      "title": "Rep", 
      "withdrawn_at": null
    }, 
    {
      "district": "1", 
      "name": "Olver, John W.", 
      "sponsored_at": "2006-05-02", 
      "state": "MA", 
      "thomas_id": "00879", 
      "title": "Rep", 
      "withdrawn_at": null
    }, 
    {
      "district": "6", 
      "name": "Woolsey, Lynn C.", 
      "sponsored_at": "2005-06-14", 
      "state": "CA", 
      "thomas_id": "01242", 
      "title": "Rep", 
      "withdrawn_at": null
    }
  ], 
  "enacted_as": null, 
  "history": {
    "awaiting_signature": false, 
    "enacted": false, 
    "vetoed": false
  }, 
  "introduced_at": "2005-02-15", 
  "number": "831", 
  "official_title": "To amend title 38, United States Code, to increase the allowance for burial expenses of certain veterans buried in private or State-owned cemeteries.", 
  "popular_title": null, 
  "related_bills": [], 
  "short_title": null, 
  "sponsor": {
    "district": "35", 
    "name": "Waters, Maxine", 
    "state": "CA", 
    "thomas_id": "01205", 
    "title": "Rep", 
    "type": "person"
  }, 
  "status": "REFERRED", 
  "status_at": "2005-02-15", 
  "subjects": [
    "Armed forces and national security", 
    "Cemeteries and funerals", 
    "Cost of living adjustments", 
    "Veterans' benefits"
  ], 
  "subjects_top_term": "Armed forces and national security", 
  "summary": {
    "as": "Introduced", 
    "date": "2005-02-15", 
    "text": "Increases from $300 to $1,000 the burial plot allowance for a veteran who dies in a Department of Veterans Affairs facility or a facility providing Department-contracted care.Includes such allowance under authorized adjustments tied to increases under title II (Old Age, Survivors and Disability Insurance) of the Social Security Act."
  }, 
  "titles": [
    {
      "as": "introduced", 
      "title": "To amend title 38, United States Code, to increase the allowance for burial expenses of certain veterans buried in private or State-owned cemeteries.", 
      "type": "official"
    }
  ], 
  "updated_at": "2013-02-02T20:39:29-05:00"
}