{
  "actions": [
    {
      "acted_at": "2005-07-14", 
      "committee": "House Committee on Veterans' Affairs", 
      "references": [], 
      "status": "REFERRED", 
      "text": "Referred to the House Committee on Veterans' Affairs.", 
      "type": "referral"
    }, 
    {
      "acted_at": "2005-07-20", 
      "in_committee": "House Committee on Veterans' Affairs", 
      "references": [], 
      "subcommittee": "Health", 
      "text": "Referred to the Subcommittee on Health.", 
      "type": "referral"
    }
  ], 
  "amendments": [], 
  "bill_id": "hr3312-109", 
  "bill_type": "hr", 
  "committees": [
    {
      "activity": [
        "referral", 
        "in committee"
      ], 
      "committee": "House Veterans' Affairs", 
      "committee_id": "HSVR"
    }, 
    {
      "activity": [
        "referral"
      ], 
      "committee": "House Veterans' Affairs", 
      "committee_id": "HSVR", 
      "subcommittee": "Subcommittee on Health", 
      "subcommittee_id": "03"
    }
  ], 
  "congress": "109", 
  "cosponsors": [
    {
      "district": "1", 
      "name": "Abercrombie, Neil", 
      "sponsored_at": "2006-02-16", 
      "state": "HI", 
      "thomas_id": "00002", 
      "title": "Rep", 
      "withdrawn_at": null
    }, 
    {
      "district": "5", 
      "name": "Alexander, Rodney", 
      "sponsored_at": "2005-07-14", 
      "state": "LA", 
      "thomas_id": "01727", 
      "title": "Rep", 
      "withdrawn_at": null
    }, 
    {
      "district": "1", 
      "name": "Allen, Thomas H.", 
      "sponsored_at": "2005-07-14", 
      "state": "ME", 
      "thomas_id": "01461", 
      "title": "Rep", 
      "withdrawn_at": null
    }, 
    {
      "district": "1", 
      "name": "Andrews, Robert E.", 
      "sponsored_at": "2005-07-14", 
      "state": "NJ", 
      "thomas_id": "00021", 
      "title": "Rep", 
      "withdrawn_at": null
    }, 
    {
      "district": "1", 
      "name": "Berry, Marion", 
      "sponsored_at": "2005-07-14", 
      "state": "AR", 
      "thomas_id": "01462", 
      "title": "Rep", 
      "withdrawn_at": null
    }, 
    {
      "district": "2", 
      "name": "Bishop, Sanford D., Jr.", 
      "sponsored_at": "2005-07-14", 
      "state": "GA", 
      "thomas_id": "00091", 
      "title": "Rep", 
      "withdrawn_at": null
    }, 
    {
      "district": "1", 
      "name": "Bishop, Timothy H.", 
      "sponsored_at": "2005-07-14", 
      "state": "NY", 
      "thomas_id": "01740", 
      "title": "Rep", 
      "withdrawn_at": null
    }, 
    {
      "district": null, 
      "name": "Bordallo, Madeleine Z.", 
      "sponsored_at": "2006-02-16", 
      "state": "GU", 
      "thomas_id": "01723", 
      "title": "Rep", 
      "withdrawn_at": null
    }, 
    {
      "district": "3", 
      "name": "Boswell, Leonard L.", 
      "sponsored_at": "2006-02-16", 
      "state": "IA", 
      "thomas_id": "01466", 
      "title": "Rep", 
      "withdrawn_at": null
    }, 
    {
      "district": "9", 
      "name": "Boucher, Rick", 
      "sponsored_at": "2006-02-16", 
      "state": "VA", 
      "thomas_id": "00113", 
      "title": "Rep", 
      "withdrawn_at": null
    }, 
    {
      "district": "1", 
      "name": "Brady, Robert A.", 
      "sponsored_at": "2005-07-14", 
      "state": "PA", 
      "thomas_id": "01469", 
      "title": "Rep", 
      "withdrawn_at": null
    }, 
    {
      "district": "3", 
      "name": "Brown, Corrine", 
      "sponsored_at": "2005-07-14", 
      "state": "FL", 
      "thomas_id": "00132", 
      "title": "Rep", 
      "withdrawn_at": null
    }, 
    {
      "district": "13", 
      "name": "Brown, Sherrod", 
      "sponsored_at": "2006-02-16", 
      "state": "OH", 
      "thomas_id": "00136", 
      "title": "Rep", 
      "withdrawn_at": null
    }, 
    {
      "district": "23", 
      "name": "Capps, Lois", 
      "sponsored_at": "2005-07-14", 
      "state": "CA", 
      "thomas_id": "01471", 
      "title": "Rep", 
      "withdrawn_at": null
    }, 
    {
      "district": "3", 
      "name": "Cardin, Benjamin L.", 
      "sponsored_at": "2005-07-14", 
      "state": "MD", 
      "thomas_id": "00174", 
      "title": "Rep", 
      "withdrawn_at": null
    }, 
    {
      "district": "7", 
      "name": "Carson, Julia", 
      "sponsored_at": "2005-07-14", 
      "state": "IN", 
      "thomas_id": "01473", 
      "title": "Rep", 
      "withdrawn_at": null
    }, 
    {
      "district": "5", 
      "name": "Cleaver, Emanuel", 
      "sponsored_at": "2005-07-14", 
      "state": "MO", 
      "thomas_id": "01790", 
      "title": "Rep", 
      "withdrawn_at": null
    }, 
    {
      "district": "14", 
      "name": "Conyers, John, Jr.", 
      "sponsored_at": "2005-07-14", 
      "state": "MI", 
      "thomas_id": "00229", 
      "title": "Rep", 
      "withdrawn_at": null
    }, 
    {
      "district": "7", 
      "name": "Crowley, Joseph", 
      "sponsored_at": "2005-07-14", 
      "state": "NY", 
      "thomas_id": "01604", 
      "title": "Rep", 
      "withdrawn_at": null
    }, 
    {
      "district": "28", 
      "name": "Cuellar, Henry", 
      "sponsored_at": "2005-07-21", 
      "state": "TX", 
      "thomas_id": "01807", 
      "title": "Rep", 
      "withdrawn_at": null
    }, 
    {
      "district": "3", 
      "name": "DeLauro, Rosa L.", 
      "sponsored_at": "2005-07-14", 
      "state": "CT", 
      "thomas_id": "00281", 
      "title": "Rep", 
      "withdrawn_at": null
    }, 
    {
      "district": "17", 
      "name": "Evans, Lane", 
      "sponsored_at": "2005-07-14", 
      "state": "IL", 
      "thomas_id": "00361", 
      "title": "Rep", 
      "withdrawn_at": null
    }, 
    {
      "district": "7", 
      "name": "Grijalva, Raul M.", 
      "sponsored_at": "2005-07-14", 
      "state": "AZ", 
      "thomas_id": "01708", 
      "title": "Rep", 
      "withdrawn_at": null
    }, 
    {
      "district": "4", 
      "name": "Gutierrez, Luis V.", 
      "sponsored_at": "2005-07-14", 
      "state": "IL", 
      "thomas_id": "00478", 
      "title": "Rep", 
      "withdrawn_at": null
    }, 
    {
      "district": "23", 
      "name": "Hastings, Alcee L.", 
      "sponsored_at": "2006-02-16", 
      "state": "FL", 
      "thomas_id": "00511", 
      "title": "Rep", 
      "withdrawn_at": null
    }, 
    {
      "district": "27", 
      "name": "Higgins, Brian", 
      "sponsored_at": "2005-07-14", 
      "state": "NY", 
      "thomas_id": "01794", 
      "title": "Rep", 
      "withdrawn_at": null
    }, 
    {
      "district": "22", 
      "name": "Hinchey, Maurice D.", 
      "sponsored_at": "2006-02-16", 
      "state": "NY", 
      "thomas_id": "00541", 
      "title": "Rep", 
      "withdrawn_at": null
    }, 
    {
      "district": "17", 
      "name": "Holden, Tim", 
      "sponsored_at": "2005-07-14", 
      "state": "PA", 
      "thomas_id": "00550", 
      "title": "Rep", 
      "withdrawn_at": null
    }, 
    {
      "district": "12", 
      "name": "Holt, Rush D.", 
      "sponsored_at": "2005-07-14", 
      "state": "NJ", 
      "thomas_id": "01580", 
      "title": "Rep", 
      "withdrawn_at": null
    }, 
    {
      "district": "18", 
      "name": "Jackson-Lee, Sheila", 
      "sponsored_at": "2005-07-14", 
      "state": "TX", 
      "thomas_id": "00588", 
      "title": "Rep", 
      "withdrawn_at": null
    }, 
    {
      "district": "2", 
      "name": "Jefferson, William J.", 
      "sponsored_at": "2005-07-14", 
      "state": "LA", 
      "thomas_id": "00592", 
      "title": "Rep", 
      "withdrawn_at": null
    }, 
    {
      "district": "30", 
      "name": "Johnson, Eddie Bernice", 
      "sponsored_at": "2006-02-16", 
      "state": "TX", 
      "thomas_id": "00599", 
      "title": "Rep", 
      "withdrawn_at": null
    }, 
    {
      "district": "11", 
      "name": "Jones, Stephanie Tubbs", 
      "sponsored_at": "2005-07-14", 
      "state": "OH", 
      "thomas_id": "01581", 
      "title": "Rep", 
      "withdrawn_at": null
    }, 
    {
      "district": "11", 
      "name": "Kanjorski, Paul E.", 
      "sponsored_at": "2006-02-01", 
      "state": "PA", 
      "thomas_id": "00615", 
      "title": "Rep", 
      "withdrawn_at": null
    }, 
    {
      "district": "10", 
      "name": "Kucinich, Dennis J.", 
      "sponsored_at": "2005-09-06", 
      "state": "OH", 
      "thomas_id": "01499", 
      "title": "Rep", 
      "withdrawn_at": null
    }, 
    {
      "district": "1", 
      "name": "Larson, John B.", 
      "sponsored_at": "2005-11-10", 
      "state": "CT", 
      "thomas_id": "01583", 
      "title": "Rep", 
      "withdrawn_at": null
    }, 
    {
      "district": "18", 
      "name": "Lowey, Nita M.", 
      "sponsored_at": "2005-07-14", 
      "state": "NY", 
      "thomas_id": "00709", 
      "title": "Rep", 
      "withdrawn_at": null
    }, 
    {
      "district": "9", 
      "name": "Lynch, Stephen F.", 
      "sponsored_at": "2005-07-14", 
      "state": "MA", 
      "thomas_id": "01686", 
      "title": "Rep", 
      "withdrawn_at": null
    }, 
    {
      "district": "14", 
      "name": "Maloney, Carolyn B.", 
      "sponsored_at": "2005-07-14", 
      "state": "NY", 
      "thomas_id": "00729", 
      "title": "Rep", 
      "withdrawn_at": null
    }, 
    {
      "district": "4", 
      "name": "McCarthy, Carolyn", 
      "sponsored_at": "2005-07-14", 
      "state": "NY", 
      "thomas_id": "01503", 
      "title": "Rep", 
      "withdrawn_at": null
    }, 
    {
      "district": "4", 
      "name": "McCollum, Betty", 
      "sponsored_at": "2005-11-15", 
      "state": "MN", 
      "thomas_id": "01653", 
      "title": "Rep", 
      "withdrawn_at": null
    }, 
    {
      "district": "7", 
      "name": "McDermott, Jim", 
      "sponsored_at": "2006-02-16", 
      "state": "WA", 
      "thomas_id": "00766", 
      "title": "Rep", 
      "withdrawn_at": null
    }, 
    {
      "district": "3", 
      "name": "McGovern, James P.", 
      "sponsored_at": "2005-07-21", 
      "state": "MA", 
      "thomas_id": "01504", 
      "title": "Rep", 
      "withdrawn_at": null
    }, 
    {
      "district": "7", 
      "name": "McIntyre, Mike", 
      "sponsored_at": "2005-07-21", 
      "state": "NC", 
      "thomas_id": "01505", 
      "title": "Rep", 
      "withdrawn_at": null
    }, 
    {
      "district": "3", 
      "name": "Moore, Dennis", 
      "sponsored_at": "2006-06-07", 
      "state": "KS", 
      "thomas_id": "01561", 
      "title": "Rep", 
      "withdrawn_at": null
    }, 
    {
      "district": "38", 
      "name": "Napolitano, Grace F.", 
      "sponsored_at": "2005-07-14", 
      "state": "CA", 
      "thomas_id": "01602", 
      "title": "Rep", 
      "withdrawn_at": null
    }, 
    {
      "district": "6", 
      "name": "Pallone, Frank, Jr.", 
      "sponsored_at": "2005-07-14", 
      "state": "NJ", 
      "thomas_id": "00887", 
      "title": "Rep", 
      "withdrawn_at": null
    }, 
    {
      "district": "10", 
      "name": "Payne, Donald M.", 
      "sponsored_at": "2006-02-16", 
      "state": "NJ", 
      "thomas_id": "00902", 
      "title": "Rep", 
      "withdrawn_at": null
    }, 
    {
      "district": "7", 
      "name": "Peterson, Collin C.", 
      "sponsored_at": "2005-07-21", 
      "state": "MN", 
      "thomas_id": "00910", 
      "title": "Rep", 
      "withdrawn_at": null
    }, 
    {
      "district": "17", 
      "name": "Ryan, Tim", 
      "sponsored_at": "2005-07-14", 
      "state": "OH", 
      "thomas_id": "01756", 
      "title": "Rep", 
      "withdrawn_at": null
    }, 
    {
      "district": "39", 
      "name": "Sanchez, Linda T.", 
      "sponsored_at": "2005-07-14", 
      "state": "CA", 
      "thomas_id": "01757", 
      "title": "Rep", 
      "withdrawn_at": null
    }, 
    {
      "district": null, 
      "name": "Sanders, Bernard", 
      "sponsored_at": "2005-07-14", 
      "state": "VT", 
      "thomas_id": "01010", 
      "title": "Rep", 
      "withdrawn_at": null
    }, 
    {
      "district": "9", 
      "name": "Schakowsky, Janice D.", 
      "sponsored_at": "2006-03-02", 
      "state": "IL", 
      "thomas_id": "01588", 
      "title": "Rep", 
      "withdrawn_at": null
    }, 
    {
      "district": "13", 
      "name": "Schwartz, Allyson Y.", 
      "sponsored_at": "2006-04-25", 
      "state": "PA", 
      "thomas_id": "01798", 
      "title": "Rep", 
      "withdrawn_at": null
    }, 
    {
      "district": "13", 
      "name": "Scott, David", 
      "sponsored_at": "2005-07-14", 
      "state": "GA", 
      "thomas_id": "01722", 
      "title": "Rep", 
      "withdrawn_at": null
    }, 
    {
      "district": "16", 
      "name": "Serrano, Jose E.", 
      "sponsored_at": "2005-07-14", 
      "state": "NY", 
      "thomas_id": "01042", 
      "title": "Rep", 
      "withdrawn_at": null
    }, 
    {
      "district": "6", 
      "name": "Strickland, Ted", 
      "sponsored_at": "2005-09-06", 
      "state": "OH", 
      "thomas_id": "01118", 
      "title": "Rep", 
      "withdrawn_at": null
    }, 
    {
      "district": "1", 
      "name": "Stupak, Bart", 
      "sponsored_at": "2005-07-14", 
      "state": "MI", 
      "thomas_id": "01123", 
      "title": "Rep", 
      "withdrawn_at": null
    }, 
    {
      "district": "2", 
      "name": "Udall, Mark", 
      "sponsored_at": "2005-10-20", 
      "state": "CO", 
      "thomas_id": "01595", 
      "title": "Rep", 
      "withdrawn_at": null
    }, 
    {
      "district": "8", 
      "name": "Van Hollen, Chris", 
      "sponsored_at": "2005-07-14", 
      "state": "MD", 
      "thomas_id": "01729", 
      "title": "Rep", 
      "withdrawn_at": null
    }, 
    {
      "district": "30", 
      "name": "Waxman, Henry A.", 
      "sponsored_at": "2006-03-02", 
      "state": "CA", 
      "thomas_id": "01209", 
      "title": "Rep", 
      "withdrawn_at": null
    }, 
    {
      "district": "9", 
      "name": "Weiner, Anthony D.", 
      "sponsored_at": "2005-07-14", 
      "state": "NY", 
      "thomas_id": "01597", 
      "title": "Rep", 
      "withdrawn_at": null
    }, 
    {
      "district": "19", 
      "name": "Wexler, Robert", 
      "sponsored_at": "2005-07-14", 
      "state": "FL", 
      "thomas_id": "01537", 
      "title": "Rep", 
      "withdrawn_at": null
    }, 
    {
      "district": "1", 
      "name": "Wu, David", 
      "sponsored_at": "2005-07-14", 
      "state": "OR", 
      "thomas_id": "01598", 
      "title": "Rep", 
      "withdrawn_at": null
    }
  ], 
  "enacted_as": null, 
  "history": {
    "awaiting_signature": false, 
    "enacted": false, 
    "vetoed": false
  }, 
  "introduced_at": "2005-07-14", 
  "number": "3312", 
  "official_title": "To amend title 38, United States Code, to terminate the administrative freeze on the enrollment into the health care system of the Department of Veterans Affairs of veterans in the lowest priority category for enrollment (referred to as \"Priority 8\").", 
  "popular_title": null, 
  "related_bills": [], 
  "short_title": "Honor Our Commitment to Veterans Act", 
  "sponsor": {
    "district": "9", 
    "name": "Rothman, Steven R.", 
    "state": "NJ", 
    "thomas_id": "01520", 
    "title": "Rep", 
    "type": "person"
  }, 
  "status": "REFERRED", 
  "status_at": "2005-07-14", 
  "subjects": [
    "Access to health care", 
    "Armed forces and national security", 
    "Health", 
    "Veterans' medical care"
  ], 
  "subjects_top_term": "Armed forces and national security", 
  "summary": {
    "as": "Introduced", 
    "date": "2005-07-14", 
    "text": "Honor Our Commitment to Veterans Act - Directs the Secretary of Veterans Affairs to administer the health care enrollment system of the Department of Veterans Affairs so as to enroll any eligible veteran who applies. (This directive in effect terminates an administrative freeze on the enrollment of veterans in the lowest priority enrollment category.)"
  }, 
  "titles": [
    {
      "as": "introduced", 
      "title": "Honor Our Commitment to Veterans Act", 
      "type": "short"
    }, 
    {
      "as": "introduced", 
      "title": "To amend title 38, United States Code, to terminate the administrative freeze on the enrollment into the health care system of the Department of Veterans Affairs of veterans in the lowest priority category for enrollment (referred to as \"Priority 8\").", 
      "type": "official"
    }
  ], 
  "updated_at": "2013-02-02T20:40:38-05:00"
}