{
  "actions": [
    {
      "acted_at": "2005-02-16", 
      "committee": "Committee on International Relations, and in addition to the Committee on the Judiciary, for a period to be subsequently determined by the Speaker, in each case for consideration of such provisions as fall within the jurisdiction of the committee concerned", 
      "references": [], 
      "status": "REFERRED", 
      "text": "Referred to the Committee on International Relations, and in addition to the Committee on the Judiciary, for a period to be subsequently determined by the Speaker, in each case for consideration of such provisions as fall within the jurisdiction of the committee concerned.", 
      "type": "referral"
    }, 
    {
      "acted_at": "2005-02-16", 
      "committee": "House International Relations", 
      "references": [], 
      "text": "Referred to House International Relations", 
      "type": "referral"
    }, 
    {
      "acted_at": "2005-02-16", 
      "committee": "House Judiciary", 
      "references": [], 
      "text": "Referred to House Judiciary", 
      "type": "referral"
    }, 
    {
      "acted_at": "2005-03-17", 
      "in_committee": "House International Relations", 
      "references": [], 
      "subcommittee": "Middle East and Central Asia", 
      "text": "Referred to the Subcommittee on Middle East and Central Asia.", 
      "type": "referral"
    }, 
    {
      "acted_at": "2005-04-04", 
      "in_committee": "House Judiciary", 
      "references": [], 
      "subcommittee": "Immigration, Border Security, and Claims", 
      "text": "Referred to the Subcommittee on Immigration, Border Security, and Claims.", 
      "type": "referral"
    }
  ], 
  "amendments": [], 
  "bill_id": "hr857-109", 
  "bill_type": "hr", 
  "committees": [
    {
      "activity": [
        "referral", 
        "in committee"
      ], 
      "committee": "House International Relations", 
      "committee_id": "HSFA"
    }, 
    {
      "activity": [
        "referral"
      ], 
      "committee": "House International Relations", 
      "committee_id": "HSFA", 
      "subcommittee": "Subcommittee on Middle East and Central Asia", 
      "subcommittee_id": "13"
    }, 
    {
      "activity": [
        "referral", 
        "in committee"
      ], 
      "committee": "House Judiciary", 
      "committee_id": "HSJU"
    }, 
    {
      "activity": [
        "referral"
      ], 
      "committee": "House Judiciary", 
      "committee_id": "HSJU", 
      "subcommittee": "Subcommittee on Immigration, Border Security, and Claims", 
      "subcommittee_id": "01"
    }
  ], 
  "congress": "109", 
  "cosponsors": [
    {
      "district": "1", 
      "name": "Andrews, Robert E.", 
      "sponsored_at": "2005-02-16", 
      "state": "NJ", 
      "thomas_id": "00021", 
      "title": "Rep", 
      "withdrawn_at": null
    }, 
    {
      "district": "43", 
      "name": "Baca, Joe", 
      "sponsored_at": "2006-03-15", 
      "state": "CA", 
      "thomas_id": "01614", 
      "title": "Rep", 
      "withdrawn_at": null
    }, 
    {
      "district": "1", 
      "name": "Berkley, Shelley", 
      "sponsored_at": "2005-07-12", 
      "state": "NV", 
      "thomas_id": "01576", 
      "title": "Rep", 
      "withdrawn_at": null
    }, 
    {
      "district": "9", 
      "name": "Bilirakis, Michael", 
      "sponsored_at": "2005-02-16", 
      "state": "FL", 
      "thomas_id": "00089", 
      "title": "Rep", 
      "withdrawn_at": null
    }, 
    {
      "district": "1", 
      "name": "Brown, Henry E., Jr.", 
      "sponsored_at": "2006-02-28", 
      "state": "SC", 
      "thomas_id": "01669", 
      "title": "Rep", 
      "withdrawn_at": null
    }, 
    {
      "district": "44", 
      "name": "Calvert, Ken", 
      "sponsored_at": "2005-02-16", 
      "state": "CA", 
      "thomas_id": "00165", 
      "title": "Rep", 
      "withdrawn_at": null
    }, 
    {
      "district": "8", 
      "name": "Capuano, Michael E.", 
      "sponsored_at": "2005-07-21", 
      "state": "MA", 
      "thomas_id": "01564", 
      "title": "Rep", 
      "withdrawn_at": null
    }, 
    {
      "district": "1", 
      "name": "Clay, Wm. Lacy", 
      "sponsored_at": "2006-04-27", 
      "state": "MO", 
      "thomas_id": "01654", 
      "title": "Rep", 
      "withdrawn_at": null
    }, 
    {
      "district": "7", 
      "name": "Crowley, Joseph", 
      "sponsored_at": "2005-07-12", 
      "state": "NY", 
      "thomas_id": "01604", 
      "title": "Rep", 
      "withdrawn_at": null
    }, 
    {
      "district": "25", 
      "name": "Diaz-Balart, Mario", 
      "sponsored_at": "2006-06-06", 
      "state": "FL", 
      "thomas_id": "01717", 
      "title": "Rep", 
      "withdrawn_at": null
    }, 
    {
      "district": "51", 
      "name": "Filner, Bob", 
      "sponsored_at": "2005-11-02", 
      "state": "CA", 
      "thomas_id": "00381", 
      "title": "Rep", 
      "withdrawn_at": null
    }, 
    {
      "district": "16", 
      "name": "Foley, Mark", 
      "sponsored_at": "2006-05-11", 
      "state": "FL", 
      "thomas_id": "00396", 
      "title": "Rep", 
      "withdrawn_at": null
    }, 
    {
      "district": "13", 
      "name": "Fossella, Vito", 
      "sponsored_at": "2005-10-28", 
      "state": "NY", 
      "thomas_id": "01484", 
      "title": "Rep", 
      "withdrawn_at": null
    }, 
    {
      "district": "22", 
      "name": "Hinchey, Maurice D.", 
      "sponsored_at": "2005-02-16", 
      "state": "NY", 
      "thomas_id": "00541", 
      "title": "Rep", 
      "withdrawn_at": null
    }, 
    {
      "district": "19", 
      "name": "Kelly, Sue W.", 
      "sponsored_at": "2006-04-26", 
      "state": "NY", 
      "thomas_id": "00624", 
      "title": "Rep", 
      "withdrawn_at": null
    }, 
    {
      "district": "10", 
      "name": "Kucinich, Dennis J.", 
      "sponsored_at": "2005-07-12", 
      "state": "OH", 
      "thomas_id": "01499", 
      "title": "Rep", 
      "withdrawn_at": null
    }, 
    {
      "district": "5", 
      "name": "Lewis, John", 
      "sponsored_at": "2006-03-16", 
      "state": "GA", 
      "thomas_id": "00688", 
      "title": "Rep", 
      "withdrawn_at": null
    }, 
    {
      "district": "2", 
      "name": "LoBiondo, Frank A.", 
      "sponsored_at": "2005-02-16", 
      "state": "NJ", 
      "thomas_id": "00699", 
      "title": "Rep", 
      "withdrawn_at": null
    }, 
    {
      "district": "16", 
      "name": "Lofgren, Zoe", 
      "sponsored_at": "2005-07-14", 
      "state": "CA", 
      "thomas_id": "00701", 
      "title": "Rep", 
      "withdrawn_at": null
    }, 
    {
      "district": "14", 
      "name": "Maloney, Carolyn B.", 
      "sponsored_at": "2005-02-16", 
      "state": "NY", 
      "thomas_id": "00729", 
      "title": "Rep", 
      "withdrawn_at": null
    }, 
    {
      "district": "11", 
      "name": "McCotter, Thaddeus G.", 
      "sponsored_at": "2005-06-17", 
      "state": "MI", 
      "thomas_id": "01732", 
      "title": "Rep", 
      "withdrawn_at": null
    }, 
    {
      "district": "3", 
      "name": "McGovern, James P.", 
      "sponsored_at": "2005-02-16", 
      "state": "MA", 
      "thomas_id": "01504", 
      "title": "Rep", 
      "withdrawn_at": null
    }, 
    {
      "district": "21", 
      "name": "McNulty, Michael R.", 
      "sponsored_at": "2005-02-16", 
      "state": "NY", 
      "thomas_id": "00785", 
      "title": "Rep", 
      "withdrawn_at": null
    }, 
    {
      "district": "13", 
      "name": "Menendez, Robert", 
      "sponsored_at": "2005-02-16", 
      "state": "NJ", 
      "thomas_id": "00791", 
      "title": "Rep", 
      "withdrawn_at": null
    }, 
    {
      "district": "10", 
      "name": "Payne, Donald M.", 
      "sponsored_at": "2005-07-12", 
      "state": "NJ", 
      "thomas_id": "00902", 
      "title": "Rep", 
      "withdrawn_at": null
    }, 
    {
      "district": "3", 
      "name": "Rogers, Mike D.", 
      "sponsored_at": "2005-02-16", 
      "state": "AL", 
      "thomas_id": "01704", 
      "title": "Rep", 
      "withdrawn_at": null
    }, 
    {
      "district": "18", 
      "name": "Ros-Lehtinen, Ileana", 
      "sponsored_at": "2005-04-06", 
      "state": "FL", 
      "thomas_id": "00985", 
      "title": "Rep", 
      "withdrawn_at": null
    }, 
    {
      "district": "9", 
      "name": "Rothman, Steven R.", 
      "sponsored_at": "2006-04-26", 
      "state": "NJ", 
      "thomas_id": "01520", 
      "title": "Rep", 
      "withdrawn_at": null
    }, 
    {
      "district": "40", 
      "name": "Royce, Edward R.", 
      "sponsored_at": "2005-12-16", 
      "state": "CA", 
      "thomas_id": "00998", 
      "title": "Rep", 
      "withdrawn_at": null
    }, 
    {
      "district": "29", 
      "name": "Schiff, Adam B.", 
      "sponsored_at": "2005-09-29", 
      "state": "CA", 
      "thomas_id": "01635", 
      "title": "Rep", 
      "withdrawn_at": null
    }, 
    {
      "district": "8", 
      "name": "Van Hollen, Chris", 
      "sponsored_at": "2005-02-16", 
      "state": "MD", 
      "thomas_id": "01729", 
      "title": "Rep", 
      "withdrawn_at": null
    }, 
    {
      "district": "33", 
      "name": "Watson, Diane E.", 
      "sponsored_at": "2005-07-14", 
      "state": "CA", 
      "thomas_id": "01682", 
      "title": "Rep", 
      "withdrawn_at": null
    }
  ], 
  "enacted_as": null, 
  "history": {
    "awaiting_signature": false, 
    "enacted": false, 
    "vetoed": false
  }, 
  "introduced_at": "2005-02-16", 
  "number": "857", 
  "official_title": "To amend the International Claims Settlement Act of 1949 to allow for certain claims of nationals of the United States against Turkey, and for other purposes.", 
  "popular_title": null, 
  "related_bills": [
    {
      "bill_id": "s3520-109", 
      "reason": "related"
    }
  ], 
  "short_title": "American-Owned Property in Occupied Cyprus Claims Act", 
  "sponsor": {
    "district": "6", 
    "name": "Pallone, Frank, Jr.", 
    "state": "NJ", 
    "thomas_id": "00887", 
    "title": "Rep", 
    "type": "person"
  }, 
  "status": "REFERRED", 
  "status_at": "2005-02-16", 
  "subjects": [
    "Actions and defenses", 
    "Administrative fees", 
    "Administrative remedies", 
    "Armed forces and national security", 
    "Civil rights and liberties, minority issues", 
    "Compensation (Law)", 
    "Crime and law enforcement", 
    "Cyprus", 
    "Department of Justice", 
    "District courts", 
    "District of Columbia", 
    "Economics and public finance", 
    "Europe", 
    "Evidence (Law)", 
    "Expropriation", 
    "Fines (Penalties)", 
    "Government liability (International law)", 
    "Government operations and politics", 
    "Government paperwork", 
    "Government trust funds", 
    "International affairs", 
    "International claims", 
    "Jurisdiction", 
    "Law", 
    "Legal fees", 
    "Limitation of actions", 
    "Middle East and North Africa", 
    "Military occupation", 
    "Negotiations", 
    "New York State", 
    "Rent", 
    "Right of property", 
    "Turkey"
  ], 
  "subjects_top_term": "International affairs", 
  "summary": {
    "as": "Introduced", 
    "date": "2005-02-16", 
    "text": "American-Owned Property in Occupied Cyprus Claims Act - Amends the International Claims Settlement Act of 1949 to urge the President to authorize the Secretary of State to begin negotiations with Turkey to allow for certain claims by U.S. nationals respecting real property in the Turkish-held portions of Cyprus. Authorizes the Secretary of the Treasury to establish in the Treasury a Claims Fund for the payment of unsatisfied claims of U.S. nationals against Turkey. Sets forth payment procedures. Amends Federal law to grant U.S. district court jurisdiction for civil actions against any private person (any natural person or legal entity other than Turkey) by a U.S. national who owns property in the Turkish-held portion of Cyprus."
  }, 
  "titles": [
    {
      "as": "introduced", 
      "title": "American-Owned Property in Occupied Cyprus Claims Act", 
      "type": "short"
    }, 
    {
      "as": "introduced", 
      "title": "To amend the International Claims Settlement Act of 1949 to allow for certain claims of nationals of the United States against Turkey, and for other purposes.", 
      "type": "official"
    }
  ], 
  "updated_at": "2013-02-02T20:39:30-05:00"
}