{
  "actions": [
    {
      "acted_at": "2005-04-13", 
      "committee": "House Committee on Energy and Commerce", 
      "references": [], 
      "status": "REFERRED", 
      "text": "Referred to the House Committee on Energy and Commerce.", 
      "type": "referral"
    }, 
    {
      "acted_at": "2005-04-22", 
      "in_committee": "House Committee on Energy and Commerce", 
      "references": [], 
      "subcommittee": "Energy and Air Quality", 
      "text": "Referred to the Subcommittee on Energy and Air Quality.", 
      "type": "referral"
    }
  ], 
  "amendments": [], 
  "bill_id": "hr1608-109", 
  "bill_type": "hr", 
  "committees": [
    {
      "activity": [
        "referral", 
        "in committee"
      ], 
      "committee": "House Energy and Commerce", 
      "committee_id": "HSIF"
    }, 
    {
      "activity": [
        "referral"
      ], 
      "committee": "House Energy and Commerce", 
      "committee_id": "HSIF", 
      "subcommittee": "Subcommittee on Energy and Air Quality", 
      "subcommittee_id": "03"
    }
  ], 
  "congress": "109", 
  "cosponsors": [
    {
      "district": "6", 
      "name": "Bartlett, Roscoe G.", 
      "sponsored_at": "2005-05-23", 
      "state": "MD", 
      "thomas_id": "00060", 
      "title": "Rep", 
      "withdrawn_at": null
    }, 
    {
      "district": "1", 
      "name": "Berry, Marion", 
      "sponsored_at": "2005-04-13", 
      "state": "AR", 
      "thomas_id": "01462", 
      "title": "Rep", 
      "withdrawn_at": null
    }, 
    {
      "district": "3", 
      "name": "Boswell, Leonard L.", 
      "sponsored_at": "2005-04-13", 
      "state": "IA", 
      "thomas_id": "01466", 
      "title": "Rep", 
      "withdrawn_at": null
    }, 
    {
      "district": "5", 
      "name": "Burton, Dan", 
      "sponsored_at": "2005-04-19", 
      "state": "IN", 
      "thomas_id": "00154", 
      "title": "Rep", 
      "withdrawn_at": null
    }, 
    {
      "district": "3", 
      "name": "Carnahan, Russ", 
      "sponsored_at": "2005-04-26", 
      "state": "MO", 
      "thomas_id": "01789", 
      "title": "Rep", 
      "withdrawn_at": null
    }, 
    {
      "district": "7", 
      "name": "Carson, Julia", 
      "sponsored_at": "2005-04-13", 
      "state": "IN", 
      "thomas_id": "01473", 
      "title": "Rep", 
      "withdrawn_at": null
    }, 
    {
      "district": "6", 
      "name": "Chandler, Ben", 
      "sponsored_at": "2005-04-13", 
      "state": "KY", 
      "thomas_id": "01759", 
      "title": "Rep", 
      "withdrawn_at": null
    }, 
    {
      "district": "2", 
      "name": "Chocola, Chris", 
      "sponsored_at": "2005-05-26", 
      "state": "IN", 
      "thomas_id": "01726", 
      "title": "Rep", 
      "withdrawn_at": null
    }, 
    {
      "district": "12", 
      "name": "Costello, Jerry F.", 
      "sponsored_at": "2005-04-26", 
      "state": "IL", 
      "thomas_id": "00238", 
      "title": "Rep", 
      "withdrawn_at": null
    }, 
    {
      "district": "17", 
      "name": "Evans, Lane", 
      "sponsored_at": "2005-04-21", 
      "state": "IL", 
      "thomas_id": "00361", 
      "title": "Rep", 
      "withdrawn_at": null
    }, 
    {
      "district": "1", 
      "name": "Fortenberry, Jeff", 
      "sponsored_at": "2005-04-13", 
      "state": "NE", 
      "thomas_id": "01793", 
      "title": "Rep", 
      "withdrawn_at": null
    }, 
    {
      "district": "6", 
      "name": "Goodlatte, Bob", 
      "sponsored_at": "2005-06-28", 
      "state": "VA", 
      "thomas_id": "00446", 
      "title": "Rep", 
      "withdrawn_at": null
    }, 
    {
      "district": "6", 
      "name": "Graves, Sam", 
      "sponsored_at": "2005-04-13", 
      "state": "MO", 
      "thomas_id": "01656", 
      "title": "Rep", 
      "withdrawn_at": null
    }, 
    {
      "district": "1", 
      "name": "Gutknecht, Gil", 
      "sponsored_at": "2005-06-28", 
      "state": "MN", 
      "thomas_id": "00479", 
      "title": "Rep", 
      "withdrawn_at": null
    }, 
    {
      "district": "9", 
      "name": "Hulshof, Kenny C.", 
      "sponsored_at": "2005-04-14", 
      "state": "MO", 
      "thomas_id": "01492", 
      "title": "Rep", 
      "withdrawn_at": null
    }, 
    {
      "district": "9", 
      "name": "Kaptur, Marcy", 
      "sponsored_at": "2005-04-13", 
      "state": "OH", 
      "thomas_id": "00616", 
      "title": "Rep", 
      "withdrawn_at": null
    }, 
    {
      "district": "6", 
      "name": "Kennedy, Mark R.", 
      "sponsored_at": "2005-04-13", 
      "state": "MN", 
      "thomas_id": "01652", 
      "title": "Rep", 
      "withdrawn_at": null
    }, 
    {
      "district": "5", 
      "name": "King, Steve", 
      "sponsored_at": "2005-04-13", 
      "state": "IA", 
      "thomas_id": "01724", 
      "title": "Rep", 
      "withdrawn_at": null
    }, 
    {
      "district": "18", 
      "name": "LaHood, Ray", 
      "sponsored_at": "2005-04-13", 
      "state": "IL", 
      "thomas_id": "00659", 
      "title": "Rep", 
      "withdrawn_at": null
    }, 
    {
      "district": "4", 
      "name": "Latham, Tom", 
      "sponsored_at": "2005-04-13", 
      "state": "IA", 
      "thomas_id": "00666", 
      "title": "Rep", 
      "withdrawn_at": null
    }, 
    {
      "district": "2", 
      "name": "Leach, James A.", 
      "sponsored_at": "2005-04-13", 
      "state": "IA", 
      "thomas_id": "00672", 
      "title": "Rep", 
      "withdrawn_at": null
    }, 
    {
      "district": "4", 
      "name": "McCollum, Betty", 
      "sponsored_at": "2005-04-13", 
      "state": "MN", 
      "thomas_id": "01653", 
      "title": "Rep", 
      "withdrawn_at": null
    }, 
    {
      "district": "23", 
      "name": "McHugh, John M.", 
      "sponsored_at": "2005-04-13", 
      "state": "NY", 
      "thomas_id": "00773", 
      "title": "Rep", 
      "withdrawn_at": null
    }, 
    {
      "district": "1", 
      "name": "Moran, Jerry", 
      "sponsored_at": "2005-04-13", 
      "state": "KS", 
      "thomas_id": "01507", 
      "title": "Rep", 
      "withdrawn_at": null
    }, 
    {
      "district": "1", 
      "name": "Nussle, Jim", 
      "sponsored_at": "2005-04-13", 
      "state": "IA", 
      "thomas_id": "00871", 
      "title": "Rep", 
      "withdrawn_at": null
    }, 
    {
      "district": "3", 
      "name": "Osborne, Tom", 
      "sponsored_at": "2005-04-13", 
      "state": "NE", 
      "thomas_id": "01658", 
      "title": "Rep", 
      "withdrawn_at": null
    }, 
    {
      "district": "6", 
      "name": "Pence, Mike", 
      "sponsored_at": "2005-04-13", 
      "state": "IN", 
      "thomas_id": "01649", 
      "title": "Rep", 
      "withdrawn_at": null
    }, 
    {
      "district": "7", 
      "name": "Peterson, Collin C.", 
      "sponsored_at": "2005-04-13", 
      "state": "MN", 
      "thomas_id": "00910", 
      "title": "Rep", 
      "withdrawn_at": null
    }, 
    {
      "district": null, 
      "name": "Pomeroy, Earl", 
      "sponsored_at": "2005-04-13", 
      "state": "ND", 
      "thomas_id": "00922", 
      "title": "Rep", 
      "withdrawn_at": null
    }, 
    {
      "district": null, 
      "name": "Rehberg, Dennis R.", 
      "sponsored_at": "2005-04-14", 
      "state": "MT", 
      "thomas_id": "01657", 
      "title": "Rep", 
      "withdrawn_at": null
    }, 
    {
      "district": "4", 
      "name": "Ross, Mike", 
      "sponsored_at": "2005-09-08", 
      "state": "AR", 
      "thomas_id": "01632", 
      "title": "Rep", 
      "withdrawn_at": null
    }, 
    {
      "district": "2", 
      "name": "Ryun, Jim", 
      "sponsored_at": "2005-04-13", 
      "state": "KS", 
      "thomas_id": "01521", 
      "title": "Rep", 
      "withdrawn_at": null
    }, 
    {
      "district": "3", 
      "name": "Salazar, John T.", 
      "sponsored_at": "2005-04-21", 
      "state": "CO", 
      "thomas_id": "01775", 
      "title": "Rep", 
      "withdrawn_at": null
    }, 
    {
      "district": "4", 
      "name": "Skelton, Ike", 
      "sponsored_at": "2005-04-13", 
      "state": "MO", 
      "thomas_id": "01064", 
      "title": "Rep", 
      "withdrawn_at": null
    }, 
    {
      "district": "3", 
      "name": "Souder, Mark E.", 
      "sponsored_at": "2005-04-19", 
      "state": "IN", 
      "thomas_id": "01089", 
      "title": "Rep", 
      "withdrawn_at": null
    }, 
    {
      "district": "6", 
      "name": "Strickland, Ted", 
      "sponsored_at": "2005-04-13", 
      "state": "OH", 
      "thomas_id": "01118", 
      "title": "Rep", 
      "withdrawn_at": null
    }, 
    {
      "district": "2", 
      "name": "Terry, Lee", 
      "sponsored_at": "2005-04-13", 
      "state": "NE", 
      "thomas_id": "01566", 
      "title": "Rep", 
      "withdrawn_at": null
    }
  ], 
  "enacted_as": null, 
  "history": {
    "awaiting_signature": false, 
    "enacted": false, 
    "vetoed": false
  }, 
  "introduced_at": "2005-04-13", 
  "number": "1608", 
  "official_title": "To amend the Clean Air Act to increase production and use of renewable fuel and to increase the energy independence of the United States, and for other purposes.", 
  "popular_title": null, 
  "related_bills": [
    {
      "bill_id": "hr3081-109", 
      "reason": "related"
    }, 
    {
      "bill_id": "hr3081-109", 
      "reason": "related"
    }, 
    {
      "bill_id": "s606-109", 
      "reason": "related"
    }, 
    {
      "bill_id": "s650-109", 
      "reason": "identical"
    }, 
    {
      "bill_id": "s1232-109", 
      "reason": "related"
    }
  ], 
  "short_title": "Fuels Security Act of 2005", 
  "sponsor": {
    "district": null, 
    "name": "Herseth, Stephanie", 
    "state": "SD", 
    "thomas_id": "01760", 
    "title": "Rep", 
    "type": "person"
  }, 
  "status": "REFERRED", 
  "status_at": "2005-04-13", 
  "subjects": [
    "Administrative procedure", 
    "Administrative remedies", 
    "Agricultural wastes", 
    "Agriculture and food", 
    "Alcohol as fuel", 
    "Alternative energy sources", 
    "Biomass energy", 
    "Business records", 
    "Cellulose", 
    "Commerce", 
    "Congress", 
    "Congressional reporting requirements", 
    "Crime and law enforcement", 
    "Diesel motor", 
    "Economic impact statements", 
    "Economics and public finance", 
    "Energy", 
    "Energy crops", 
    "Energy efficiency", 
    "Energy prices", 
    "Energy supplies", 
    "Environmental Protection Agency", 
    "Environmental health", 
    "Environmental law enforcement", 
    "Environmental protection", 
    "Environmental research", 
    "Executive orders", 
    "Farm manure", 
    "Fibers", 
    "Fuel consumption", 
    "Gasoline", 
    "Government operations and politics", 
    "Government paperwork", 
    "Government procurement", 
    "Government vehicles", 
    "Governmental investigations", 
    "Grain", 
    "Health", 
    "Housing and community development", 
    "Job creation", 
    "Labor and employment", 
    "Landfills", 
    "Law", 
    "Local laws", 
    "Medical research", 
    "Methane", 
    "Motor vehicle pollution control", 
    "Municipal solid waste", 
    "Oil pollution", 
    "Oils and fats", 
    "Oilseeds", 
    "Oxygen", 
    "Oxygenates", 
    "Ozone", 
    "Petroleum industry", 
    "Petroleum refineries", 
    "Plants", 
    "Poultry", 
    "Public lands and natural resources", 
    "Recycling of waste products", 
    "Reformulated gasoline", 
    "Refuse as fuel", 
    "Rural economic development", 
    "Science, technology, communications", 
    "Sewage treatment", 
    "Small business", 
    "Standards", 
    "State laws", 
    "Surveys", 
    "Transportation and public works", 
    "Trees", 
    "Water pollution control", 
    "Water quality", 
    "Wood"
  ], 
  "subjects_top_term": "Environmental protection", 
  "summary": {
    "as": "Introduced", 
    "date": "2005-04-13", 
    "text": "Fuels Security Act of 2005 - Amends the Clean Air Act to require that motor vehicle fuel contain a specified volume of renewable fuel. Establishes a system of: (1) tradeable credits for motor vehicle fuel containing more renewable fuel than required; and (2) waivers for States and small refineries. Amends the Energy Policy Act of 1992 to require Federal agency heads to ensure that ethanol-blended gasoline and biodiesel-blended diesel fuel is purchased for agency vehicles in areas where such fuel is available at competitive prices. Amends the Clean Air Act to eliminate the oxygen content requirement for reformulated gasoline. Requires the Administrator to: (1) establish standards for toxic air pollutants from the use of reformulated gasoline; and (2) within 30 days of enactment of this Act, determine the adequacy of any petition from a State Governor to exempt gasoline sold in the State from certain requirements for reformulated gasoline. Permits States additional opt-in areas under the reformulated gasoline program. Requires Federal enforcement of State fuels requirements. Sets forth various data collection and reporting requirements."
  }, 
  "titles": [
    {
      "as": "introduced", 
      "title": "Fuels Security Act of 2005", 
      "type": "short"
    }, 
    {
      "as": "introduced", 
      "title": "To amend the Clean Air Act to increase production and use of renewable fuel and to increase the energy independence of the United States, and for other purposes.", 
      "type": "official"
    }
  ], 
  "updated_at": "2013-02-02T20:39:52-05:00"
}