{
  "actions": [
    {
      "acted_at": "2005-04-27", 
      "committee": "House Committee on Ways and Means", 
      "references": [], 
      "status": "REFERRED", 
      "text": "Referred to the House Committee on Ways and Means.", 
      "type": "referral"
    }
  ], 
  "amendments": [], 
  "bill_id": "hr1942-109", 
  "bill_type": "hr", 
  "committees": [
    {
      "activity": [
        "referral", 
        "in committee"
      ], 
      "committee": "House Ways and Means", 
      "committee_id": "HSWM"
    }
  ], 
  "congress": "109", 
  "cosponsors": [
    {
      "district": "3", 
      "name": "English, Phil", 
      "sponsored_at": "2005-04-27", 
      "state": "PA", 
      "thomas_id": "00347", 
      "title": "Rep", 
      "withdrawn_at": null
    }, 
    {
      "district": "16", 
      "name": "Foley, Mark", 
      "sponsored_at": "2005-04-27", 
      "state": "FL", 
      "thomas_id": "00396", 
      "title": "Rep", 
      "withdrawn_at": null
    }, 
    {
      "district": "3", 
      "name": "Johnson, Sam", 
      "sponsored_at": "2005-04-27", 
      "state": "TX", 
      "thomas_id": "00603", 
      "title": "Rep", 
      "withdrawn_at": null
    }
  ], 
  "enacted_as": null, 
  "history": {
    "awaiting_signature": false, 
    "enacted": false, 
    "vetoed": false
  }, 
  "introduced_at": "2005-04-27", 
  "number": "1942", 
  "official_title": "To amend the Internal Revenue Code of 1986 to impose penalties for the failure of 527 organizations to comply with disclosure requirements.", 
  "popular_title": null, 
  "related_bills": [
    {
      "bill_id": "hr2204-109", 
      "reason": "related"
    }
  ], 
  "short_title": "527 Transparency Act of 2005", 
  "sponsor": {
    "district": "22", 
    "name": "Shaw, E. Clay, Jr.", 
    "state": "FL", 
    "thomas_id": "01047", 
    "title": "Rep", 
    "type": "person"
  }, 
  "status": "REFERRED", 
  "status_at": "2005-04-27", 
  "subjects": [
    "Campaign funds", 
    "Congress", 
    "Congressional elections", 
    "Excise tax", 
    "Gift tax", 
    "Government operations and politics", 
    "Government paperwork", 
    "Income tax", 
    "Political action committees", 
    "Presidential elections", 
    "Tax exclusion", 
    "Tax penalties", 
    "Tax-exempt organizations", 
    "Taxation"
  ], 
  "subjects_top_term": "Government operations and politics", 
  "summary": {
    "as": "Introduced", 
    "date": "2005-04-27", 
    "text": "527 Transparency Act of 2005 - Amends the Internal Revenue Code to revise disclosure requirements for tax-exempt political organizations (527 organizations) to require quarterly (instead of semiannual) reporting of contributions and expenditures in non-election years. Imposes a penalty tax on political organizations that fail to meet disclosure requirements. Denies a gift tax exclusion for donations to political organizations that fail to meet disclosure requirements."
  }, 
  "titles": [
    {
      "as": "introduced", 
      "title": "527 Transparency Act of 2005", 
      "type": "short"
    }, 
    {
      "as": "introduced", 
      "title": "To amend the Internal Revenue Code of 1986 to impose penalties for the failure of 527 organizations to comply with disclosure requirements.", 
      "type": "official"
    }
  ], 
  "updated_at": "2013-02-02T20:40:01-05:00"
}