{
  "actions": [
    {
      "acted_at": "2006-03-29", 
      "committee": "House Committee on Financial Services", 
      "references": [], 
      "status": "REFERRED", 
      "text": "Referred to the House Committee on Financial Services.", 
      "type": "referral"
    }, 
    {
      "acted_at": "2006-04-21", 
      "in_committee": "House Committee on Financial Services", 
      "references": [], 
      "subcommittee": "Financial Institutions and Consumer Credit", 
      "text": "Referred to the Subcommittee on Financial Institutions and Consumer Credit.", 
      "type": "referral"
    }
  ], 
  "amendments": [], 
  "bill_id": "hr5045-109", 
  "bill_type": "hr", 
  "committees": [
    {
      "activity": [
        "referral", 
        "in committee"
      ], 
      "committee": "House Financial Services", 
      "committee_id": "HSBA"
    }, 
    {
      "activity": [
        "referral"
      ], 
      "committee": "House Financial Services", 
      "committee_id": "HSBA", 
      "subcommittee": "Subcommittee on Financial Institutions and Consumer Credit", 
      "subcommittee_id": "15"
    }
  ], 
  "congress": "109", 
  "cosponsors": [], 
  "enacted_as": null, 
  "history": {
    "awaiting_signature": false, 
    "enacted": false, 
    "vetoed": false
  }, 
  "introduced_at": "2006-03-29", 
  "number": "5045", 
  "official_title": "To amend the Community Reinvestment Act of 1977 to allow community reinvestment credit for investments and other financial support to enable veterans to purchase residential homes or to assist organizations with the establishment of housing opportunities and assisted living facilities for veterans.", 
  "popular_title": null, 
  "related_bills": [], 
  "short_title": "Home for the Brave Act", 
  "sponsor": {
    "district": "9", 
    "name": "Lynch, Stephen F.", 
    "state": "MA", 
    "thomas_id": "01686", 
    "title": "Rep", 
    "type": "person"
  }, 
  "status": "REFERRED", 
  "status_at": "2006-03-29", 
  "subjects": [
    "Armed forces and national security", 
    "Bank examination", 
    "Bank loans", 
    "Capital investments", 
    "Community development banking", 
    "Congregate housing", 
    "Finance and financial sector", 
    "Home ownership", 
    "Housing and community development", 
    "Housing finance", 
    "Interest rates", 
    "Mortgages", 
    "Soldiers' homes", 
    "Veterans' benefits"
  ], 
  "subjects_top_term": "Finance and financial sector", 
  "summary": {
    "as": "Introduced", 
    "date": "2006-03-29", 
    "text": "A Home for the Brave Act - Amends the Community Reinvestment Act of 1977 to require that, when a federal financial supervisory agency assesses the record of a financial institution, the agency consider capital investments, low interest loans, loan participation, technical assistance, and grants made by the institution to support or enable: (1) a veteran to purchase a home for use as principal residence; and (2) any entity establishing housing opportunities or assisted living facilities for veterans to carry out such activities."
  }, 
  "titles": [
    {
      "as": "introduced", 
      "title": "Home for the Brave Act", 
      "type": "short"
    }, 
    {
      "as": "introduced", 
      "title": "To amend the Community Reinvestment Act of 1977 to allow community reinvestment credit for investments and other financial support to enable veterans to purchase residential homes or to assist organizations with the establishment of housing opportunities and assisted living facilities for veterans.", 
      "type": "official"
    }
  ], 
  "updated_at": "2013-02-02T20:41:25-05:00"
}