{
  "actions": [
    {
      "acted_at": "2005-03-07", 
      "committee": "House Committee on the Judiciary", 
      "references": [], 
      "status": "REFERRED", 
      "text": "Referred to the House Committee on the Judiciary.", 
      "type": "referral"
    }, 
    {
      "acted_at": "2005-05-10", 
      "in_committee": "House Committee on the Judiciary", 
      "references": [], 
      "subcommittee": "Crime, Terrorism, and Homeland Security", 
      "text": "Referred to the Subcommittee on Crime, Terrorism, and Homeland Security.", 
      "type": "referral"
    }
  ], 
  "amendments": [], 
  "bill_id": "hr1136-109", 
  "bill_type": "hr", 
  "committees": [
    {
      "activity": [
        "referral", 
        "in committee"
      ], 
      "committee": "House Judiciary", 
      "committee_id": "HSJU"
    }, 
    {
      "activity": [
        "referral"
      ], 
      "committee": "House Judiciary", 
      "committee_id": "HSJU", 
      "subcommittee": "Subcommittee on Crime, Terrorism, and Homeland Security", 
      "subcommittee_id": "08"
    }
  ], 
  "congress": "109", 
  "cosponsors": [
    {
      "district": "1", 
      "name": "Brady, Robert A.", 
      "sponsored_at": "2005-05-17", 
      "state": "PA", 
      "thomas_id": "01469", 
      "title": "Rep", 
      "withdrawn_at": null
    }, 
    {
      "district": "7", 
      "name": "Crowley, Joseph", 
      "sponsored_at": "2005-05-03", 
      "state": "NY", 
      "thomas_id": "01604", 
      "title": "Rep", 
      "withdrawn_at": null
    }, 
    {
      "district": "7", 
      "name": "Cummings, Elijah E.", 
      "sponsored_at": "2005-04-05", 
      "state": "MD", 
      "thomas_id": "00256", 
      "title": "Rep", 
      "withdrawn_at": null
    }, 
    {
      "district": "3", 
      "name": "DeLauro, Rosa L.", 
      "sponsored_at": "2005-04-27", 
      "state": "CT", 
      "thomas_id": "00281", 
      "title": "Rep", 
      "withdrawn_at": null
    }, 
    {
      "district": "4", 
      "name": "Gutierrez, Luis V.", 
      "sponsored_at": "2005-04-05", 
      "state": "IL", 
      "thomas_id": "00478", 
      "title": "Rep", 
      "withdrawn_at": null
    }, 
    {
      "district": "1", 
      "name": "Kennedy, Patrick J.", 
      "sponsored_at": "2005-03-07", 
      "state": "RI", 
      "thomas_id": "00627", 
      "title": "Rep", 
      "withdrawn_at": null
    }, 
    {
      "district": "18", 
      "name": "Lowey, Nita M.", 
      "sponsored_at": "2005-06-28", 
      "state": "NY", 
      "thomas_id": "00709", 
      "title": "Rep", 
      "withdrawn_at": null
    }, 
    {
      "district": "14", 
      "name": "Maloney, Carolyn B.", 
      "sponsored_at": "2005-05-03", 
      "state": "NY", 
      "thomas_id": "00729", 
      "title": "Rep", 
      "withdrawn_at": null
    }, 
    {
      "district": "4", 
      "name": "McCarthy, Carolyn", 
      "sponsored_at": "2005-03-14", 
      "state": "NY", 
      "thomas_id": "01503", 
      "title": "Rep", 
      "withdrawn_at": null
    }, 
    {
      "district": "3", 
      "name": "McGovern, James P.", 
      "sponsored_at": "2006-03-01", 
      "state": "MA", 
      "thomas_id": "01504", 
      "title": "Rep", 
      "withdrawn_at": null
    }, 
    {
      "district": "5", 
      "name": "Meehan, Martin T.", 
      "sponsored_at": "2006-03-01", 
      "state": "MA", 
      "thomas_id": "00788", 
      "title": "Rep", 
      "withdrawn_at": null
    }, 
    {
      "district": "6", 
      "name": "Meeks, Gregory W.", 
      "sponsored_at": "2005-04-14", 
      "state": "NY", 
      "thomas_id": "01506", 
      "title": "Rep", 
      "withdrawn_at": null
    }, 
    {
      "district": "13", 
      "name": "Menendez, Robert", 
      "sponsored_at": "2005-04-14", 
      "state": "NJ", 
      "thomas_id": "00791", 
      "title": "Rep", 
      "withdrawn_at": null
    }, 
    {
      "district": "13", 
      "name": "Miller, Brad", 
      "sponsored_at": "2005-04-05", 
      "state": "NC", 
      "thomas_id": "01735", 
      "title": "Rep", 
      "withdrawn_at": null
    }, 
    {
      "district": "6", 
      "name": "Pallone, Frank, Jr.", 
      "sponsored_at": "2005-04-05", 
      "state": "NJ", 
      "thomas_id": "00887", 
      "title": "Rep", 
      "withdrawn_at": null
    }, 
    {
      "district": "4", 
      "name": "Shays, Christopher", 
      "sponsored_at": "2005-03-14", 
      "state": "CT", 
      "thomas_id": "01048", 
      "title": "Rep", 
      "withdrawn_at": null
    }, 
    {
      "district": "27", 
      "name": "Sherman, Brad", 
      "sponsored_at": "2005-04-27", 
      "state": "CA", 
      "thomas_id": "01526", 
      "title": "Rep", 
      "withdrawn_at": null
    }, 
    {
      "district": "10", 
      "name": "Towns, Edolphus", 
      "sponsored_at": "2005-04-14", 
      "state": "NY", 
      "thomas_id": "01165", 
      "title": "Rep", 
      "withdrawn_at": null
    }, 
    {
      "district": "8", 
      "name": "Van Hollen, Chris", 
      "sponsored_at": "2005-04-05", 
      "state": "MD", 
      "thomas_id": "01729", 
      "title": "Rep", 
      "withdrawn_at": null
    }, 
    {
      "district": "9", 
      "name": "Weiner, Anthony D.", 
      "sponsored_at": "2005-05-03", 
      "state": "NY", 
      "thomas_id": "01597", 
      "title": "Rep", 
      "withdrawn_at": null
    }, 
    {
      "district": "6", 
      "name": "Woolsey, Lynn C.", 
      "sponsored_at": "2005-04-05", 
      "state": "CA", 
      "thomas_id": "01242", 
      "title": "Rep", 
      "withdrawn_at": null
    }, 
    {
      "district": "4", 
      "name": "Wynn, Albert Russell", 
      "sponsored_at": "2005-04-05", 
      "state": "MD", 
      "thomas_id": "01251", 
      "title": "Rep", 
      "withdrawn_at": null
    }
  ], 
  "enacted_as": null, 
  "history": {
    "awaiting_signature": false, 
    "enacted": false, 
    "vetoed": false
  }, 
  "introduced_at": "2005-03-07", 
  "number": "1136", 
  "official_title": "To protect the Nation's law enforcement officers by banning the Five-seveN Pistol and 5.7 x 28mm SS190 and SS192 cartridges, testing handguns and ammunition for capability to penetrate body armor, and prohibiting the manufacture, importation, sale, or purchase of such handguns or ammunition by civilians.", 
  "popular_title": null, 
  "related_bills": [
    {
      "bill_id": "s527-109", 
      "reason": "identical"
    }
  ], 
  "short_title": "PLEA Act", 
  "sponsor": {
    "district": "17", 
    "name": "Engel, Eliot L.", 
    "state": "NY", 
    "thomas_id": "00344", 
    "title": "Rep", 
    "type": "person"
  }, 
  "status": "REFERRED", 
  "status_at": "2005-03-07", 
  "subjects": [
    "Administrative procedure", 
    "Ammunition", 
    "Crime and law enforcement", 
    "Department of Justice", 
    "Equipment and supplies", 
    "Fines (Penalties)", 
    "Firearms", 
    "Firearms control", 
    "Government operations and politics", 
    "Law", 
    "Law enforcement officers", 
    "Police", 
    "Standards"
  ], 
  "subjects_top_term": "Crime and law enforcement", 
  "summary": {
    "as": "Introduced", 
    "date": "2005-03-07", 
    "text": "Protect Law Enforcement Armor Act or PLEA Act - Amends the Federal criminal code to expand the definition of \"armor piercing ammunition\" to include a projectile that: (1) may be used in a handgun; and (2) the Attorney General determines to be capable of penetrating body armor. Directs the Attorney General to promulgate standards for the uniform testing of projectiles against Body Armor Exemplar (i.e., body armor that the Attorney General determines meets minimum standards for the protection of law enforcement officers), taking into account variations in performance related to the type of handgun used, the length of the barrel, the amount and kind of powder used to propel the projectile, and the projectile's design. Prohibits the manufacture, sale, possession, or transfer of the Fabrique Nationale Herstall Five-SeveN Pistol, 5.7 x 28mm SS190 and SS192 cartridges, or any other handgun that uses armor piercing ammunition, except: (1) where manufactured and sold exclusively to U.S. military, law enforcement, or intelligence agencies; and (2) by a licensed manufacturer or contractor for the purpose of examining and testing to determine whether such prohibition applies."
  }, 
  "titles": [
    {
      "as": "introduced", 
      "title": "PLEA Act", 
      "type": "short"
    }, 
    {
      "as": "introduced", 
      "title": "Protect Law Enforcement Armor Act", 
      "type": "short"
    }, 
    {
      "as": "introduced", 
      "title": "To protect the Nation's law enforcement officers by banning the Five-seveN Pistol and 5.7 x 28mm SS190 and SS192 cartridges, testing handguns and ammunition for capability to penetrate body armor, and prohibiting the manufacture, importation, sale, or purchase of such handguns or ammunition by civilians.", 
      "type": "official"
    }
  ], 
  "updated_at": "2013-02-02T20:39:38-05:00"
}