{
  "actions": [
    {
      "acted_at": "2005-05-26", 
      "committee": "House Committee on Financial Services", 
      "references": [], 
      "status": "REFERRED", 
      "text": "Referred to the House Committee on Financial Services.", 
      "type": "referral"
    }
  ], 
  "amendments": [], 
  "bill_id": "hr2660-109", 
  "bill_type": "hr", 
  "committees": [
    {
      "activity": [
        "referral", 
        "in committee"
      ], 
      "committee": "House Financial Services", 
      "committee_id": "HSBA"
    }
  ], 
  "congress": "109", 
  "cosponsors": [
    {
      "district": "4", 
      "name": "Frank, Barney", 
      "sponsored_at": "2005-05-26", 
      "state": "MA", 
      "thomas_id": "00407", 
      "title": "Rep", 
      "withdrawn_at": null
    }
  ], 
  "enacted_as": null, 
  "history": {
    "awaiting_signature": false, 
    "enacted": false, 
    "vetoed": false
  }, 
  "introduced_at": "2005-05-26", 
  "number": "2660", 
  "official_title": "To amend the Bank Holding Company Act of 1956 to clarify that real estate brokerage activities and real estate management activities are authorized financial activities for financial holding companies and financial subsidiaries of national banks, and for other purposes.", 
  "popular_title": null, 
  "related_bills": [], 
  "short_title": "Fair Choice and Competition in Real Estate Act of 2005", 
  "sponsor": {
    "district": "4", 
    "name": "Oxley, Michael G.", 
    "state": "OH", 
    "thomas_id": "00885", 
    "title": "Rep", 
    "type": "person"
  }, 
  "status": "REFERRED", 
  "status_at": "2005-05-26", 
  "subjects": [
    "Bank holding companies", 
    "Commerce", 
    "Finance and financial sector", 
    "Housing and community development", 
    "Real estate business", 
    "Subsidiary corporations"
  ], 
  "subjects_top_term": "Finance and financial sector", 
  "summary": {
    "as": "Introduced", 
    "date": "2005-05-26", 
    "text": "Fair Choice and Competition in Real Estate Act of 2005 - Amends the Bank Holding Company Act of 1956, restricting banking interests in nonbanking organizations, to declare that a bank holding company engaged in real estate brokerage and management transactions shall be considered to be engaged in activities that are financial in nature (therefore permissible). Details real estate brokerage and management conduct permissible for bank holding companies."
  }, 
  "titles": [
    {
      "as": "introduced", 
      "title": "Fair Choice and Competition in Real Estate Act of 2005", 
      "type": "short"
    }, 
    {
      "as": "introduced", 
      "title": "To amend the Bank Holding Company Act of 1956 to clarify that real estate brokerage activities and real estate management activities are authorized financial activities for financial holding companies and financial subsidiaries of national banks, and for other purposes.", 
      "type": "official"
    }
  ], 
  "updated_at": "2013-02-02T20:40:19-05:00"
}