{
  "actions": [
    {
      "acted_at": "2005-01-04", 
      "committee": "House Committee on Ways and Means", 
      "references": [], 
      "status": "REFERRED", 
      "text": "Referred to the House Committee on Ways and Means.", 
      "type": "referral"
    }
  ], 
  "amendments": [], 
  "bill_id": "hr37-109", 
  "bill_type": "hr", 
  "committees": [
    {
      "activity": [
        "referral", 
        "in committee"
      ], 
      "committee": "House Ways and Means", 
      "committee_id": "HSWM"
    }
  ], 
  "congress": "109", 
  "cosponsors": [
    {
      "district": "2", 
      "name": "Akin, W. Todd", 
      "sponsored_at": "2005-02-01", 
      "state": "MO", 
      "thomas_id": "01655", 
      "title": "Rep", 
      "withdrawn_at": null
    }, 
    {
      "district": "3", 
      "name": "Barrett, J. Gresham", 
      "sponsored_at": "2005-02-01", 
      "state": "SC", 
      "thomas_id": "01745", 
      "title": "Rep", 
      "withdrawn_at": null
    }, 
    {
      "district": "2", 
      "name": "Bass, Charles F.", 
      "sponsored_at": "2005-02-09", 
      "state": "NH", 
      "thomas_id": "00063", 
      "title": "Rep", 
      "withdrawn_at": null
    }, 
    {
      "district": "7", 
      "name": "Blackburn, Marsha", 
      "sponsored_at": "2005-01-25", 
      "state": "TN", 
      "thomas_id": "01748", 
      "title": "Rep", 
      "withdrawn_at": null
    }, 
    {
      "district": "1", 
      "name": "Bradley, Jeb", 
      "sponsored_at": "2005-01-25", 
      "state": "NH", 
      "thomas_id": "01736", 
      "title": "Rep", 
      "withdrawn_at": null
    }, 
    {
      "district": "1", 
      "name": "Brown, Henry E., Jr.", 
      "sponsored_at": "2005-02-01", 
      "state": "SC", 
      "thomas_id": "01669", 
      "title": "Rep", 
      "withdrawn_at": null
    }, 
    {
      "district": "26", 
      "name": "Burgess, Michael C.", 
      "sponsored_at": "2005-01-04", 
      "state": "TX", 
      "thomas_id": "01751", 
      "title": "Rep", 
      "withdrawn_at": null
    }, 
    {
      "district": "1", 
      "name": "Davis, Jo Ann", 
      "sponsored_at": "2005-01-25", 
      "state": "VA", 
      "thomas_id": "01672", 
      "title": "Rep", 
      "withdrawn_at": null
    }, 
    {
      "district": "24", 
      "name": "Feeney, Tom", 
      "sponsored_at": "2005-02-09", 
      "state": "FL", 
      "thomas_id": "01716", 
      "title": "Rep", 
      "withdrawn_at": null
    }, 
    {
      "district": "8", 
      "name": "Fitzpatrick, Michael G.", 
      "sponsored_at": "2005-10-19", 
      "state": "PA", 
      "thomas_id": "01797", 
      "title": "Rep", 
      "withdrawn_at": null
    }, 
    {
      "district": "6", 
      "name": "Flake, Jeff", 
      "sponsored_at": "2005-01-25", 
      "state": "AZ", 
      "thomas_id": "01633", 
      "title": "Rep", 
      "withdrawn_at": null
    }, 
    {
      "district": "2", 
      "name": "Franks, Trent", 
      "sponsored_at": "2005-02-01", 
      "state": "AZ", 
      "thomas_id": "01707", 
      "title": "Rep", 
      "withdrawn_at": null
    }, 
    {
      "district": "5", 
      "name": "Garrett, Scott", 
      "sponsored_at": "2005-01-04", 
      "state": "NJ", 
      "thomas_id": "01737", 
      "title": "Rep", 
      "withdrawn_at": null
    }, 
    {
      "district": "1", 
      "name": "Gohmert, Louie", 
      "sponsored_at": "2005-02-17", 
      "state": "TX", 
      "thomas_id": "01801", 
      "title": "Rep", 
      "withdrawn_at": null
    }, 
    {
      "district": "6", 
      "name": "Graves, Sam", 
      "sponsored_at": "2005-01-25", 
      "state": "MO", 
      "thomas_id": "01656", 
      "title": "Rep", 
      "withdrawn_at": null
    }, 
    {
      "district": "4", 
      "name": "Hall, Ralph M.", 
      "sponsored_at": "2005-02-01", 
      "state": "TX", 
      "thomas_id": "00484", 
      "title": "Rep", 
      "withdrawn_at": null
    }, 
    {
      "district": "13", 
      "name": "Harris, Katherine", 
      "sponsored_at": "2005-01-04", 
      "state": "FL", 
      "thomas_id": "01714", 
      "title": "Rep", 
      "withdrawn_at": null
    }, 
    {
      "district": "4", 
      "name": "Hastings, Doc", 
      "sponsored_at": "2005-02-01", 
      "state": "WA", 
      "thomas_id": "00512", 
      "title": "Rep", 
      "withdrawn_at": null
    }, 
    {
      "district": "3", 
      "name": "Johnson, Sam", 
      "sponsored_at": "2005-01-04", 
      "state": "TX", 
      "thomas_id": "00603", 
      "title": "Rep", 
      "withdrawn_at": null
    }, 
    {
      "district": "6", 
      "name": "Kennedy, Mark R.", 
      "sponsored_at": "2005-02-01", 
      "state": "MN", 
      "thomas_id": "01652", 
      "title": "Rep", 
      "withdrawn_at": null
    }, 
    {
      "district": "2", 
      "name": "Kline, John", 
      "sponsored_at": "2005-01-04", 
      "state": "MN", 
      "thomas_id": "01733", 
      "title": "Rep", 
      "withdrawn_at": null
    }, 
    {
      "district": "14", 
      "name": "Mack, Connie", 
      "sponsored_at": "2005-04-06", 
      "state": "FL", 
      "thomas_id": "01776", 
      "title": "Rep", 
      "withdrawn_at": null
    }, 
    {
      "district": "16", 
      "name": "Manzullo, Donald A.", 
      "sponsored_at": "2005-03-08", 
      "state": "IL", 
      "thomas_id": "00733", 
      "title": "Rep", 
      "withdrawn_at": null
    }, 
    {
      "district": "23", 
      "name": "McHugh, John M.", 
      "sponsored_at": "2005-01-25", 
      "state": "NY", 
      "thomas_id": "00773", 
      "title": "Rep", 
      "withdrawn_at": null
    }, 
    {
      "district": "1", 
      "name": "Miller, Jeff", 
      "sponsored_at": "2005-01-04", 
      "state": "FL", 
      "thomas_id": "01685", 
      "title": "Rep", 
      "withdrawn_at": null
    }, 
    {
      "district": "1", 
      "name": "Moran, Jerry", 
      "sponsored_at": "2005-03-01", 
      "state": "KS", 
      "thomas_id": "01507", 
      "title": "Rep", 
      "withdrawn_at": null
    }, 
    {
      "district": "4", 
      "name": "Musgrave, Marilyn N.", 
      "sponsored_at": "2005-03-16", 
      "state": "CO", 
      "thomas_id": "01711", 
      "title": "Rep", 
      "withdrawn_at": null
    }, 
    {
      "district": "14", 
      "name": "Paul, Ron", 
      "sponsored_at": "2005-01-04", 
      "state": "TX", 
      "thomas_id": "00900", 
      "title": "Rep", 
      "withdrawn_at": null
    }, 
    {
      "district": "6", 
      "name": "Pence, Mike", 
      "sponsored_at": "2005-05-10", 
      "state": "IN", 
      "thomas_id": "01649", 
      "title": "Rep", 
      "withdrawn_at": null
    }, 
    {
      "district": "5", 
      "name": "Peterson, John E.", 
      "sponsored_at": "2005-02-01", 
      "state": "PA", 
      "thomas_id": "01512", 
      "title": "Rep", 
      "withdrawn_at": null
    }, 
    {
      "district": "16", 
      "name": "Pitts, Joseph R.", 
      "sponsored_at": "2005-01-25", 
      "state": "PA", 
      "thomas_id": "01514", 
      "title": "Rep", 
      "withdrawn_at": null
    }, 
    {
      "district": "19", 
      "name": "Platts, Todd Russell", 
      "sponsored_at": "2005-01-25", 
      "state": "PA", 
      "thomas_id": "01667", 
      "title": "Rep", 
      "withdrawn_at": null
    }, 
    {
      "district": "3", 
      "name": "Porter, Jon C.", 
      "sponsored_at": "2005-04-12", 
      "state": "NV", 
      "thomas_id": "01739", 
      "title": "Rep", 
      "withdrawn_at": null
    }, 
    {
      "district": "8", 
      "name": "Rogers, Mike J.", 
      "sponsored_at": "2005-01-04", 
      "state": "MI", 
      "thomas_id": "01651", 
      "title": "Rep", 
      "withdrawn_at": null
    }, 
    {
      "district": "13", 
      "name": "Scott, David", 
      "sponsored_at": "2005-01-25", 
      "state": "GA", 
      "thomas_id": "01722", 
      "title": "Rep", 
      "withdrawn_at": null
    }, 
    {
      "district": "5", 
      "name": "Sensenbrenner, F. James, Jr.", 
      "sponsored_at": "2005-01-25", 
      "state": "WI", 
      "thomas_id": "01041", 
      "title": "Rep", 
      "withdrawn_at": null
    }, 
    {
      "district": "32", 
      "name": "Sessions, Pete", 
      "sponsored_at": "2005-01-04", 
      "state": "TX", 
      "thomas_id": "01525", 
      "title": "Rep", 
      "withdrawn_at": null
    }, 
    {
      "district": "2", 
      "name": "Terry, Lee", 
      "sponsored_at": "2005-01-04", 
      "state": "NE", 
      "thomas_id": "01566", 
      "title": "Rep", 
      "withdrawn_at": null
    }, 
    {
      "district": "15", 
      "name": "Weldon, Dave", 
      "sponsored_at": "2005-01-04", 
      "state": "FL", 
      "thomas_id": "01215", 
      "title": "Rep", 
      "withdrawn_at": null
    }, 
    {
      "district": "8", 
      "name": "Westmoreland, Lynn A.", 
      "sponsored_at": "2005-02-01", 
      "state": "GA", 
      "thomas_id": "01779", 
      "title": "Rep", 
      "withdrawn_at": null
    }
  ], 
  "enacted_as": null, 
  "history": {
    "awaiting_signature": false, 
    "enacted": false, 
    "vetoed": false
  }, 
  "introduced_at": "2005-01-04", 
  "number": "37", 
  "official_title": "To amend the Internal Revenue Code of 1986 to allow a deduction for premiums for high deductible health plans required with respect to health savings accounts.", 
  "popular_title": null, 
  "related_bills": [], 
  "short_title": "Health Insurance Affordability Act of 2005", 
  "sponsor": {
    "district": "5", 
    "name": "King, Steve", 
    "state": "IA", 
    "thomas_id": "01724", 
    "title": "Rep", 
    "type": "person"
  }, 
  "status": "REFERRED", 
  "status_at": "2005-01-04", 
  "subjects": [
    "Coinsurance", 
    "Finance and financial sector", 
    "Health", 
    "Health insurance", 
    "Income tax", 
    "Insurance premiums", 
    "Medical economics", 
    "Medical savings accounts", 
    "Tax deductions", 
    "Taxation"
  ], 
  "subjects_top_term": "Taxation", 
  "summary": {
    "as": "Introduced", 
    "date": "2005-01-04", 
    "text": "Health Insurance Affordability Act of 2005 - Amends the Internal Revenue Code to allow a deduction from gross income for premiums paid under a high deductible health plan by an individual eligible for a deduction for amounts paid into a health savings account, for months when such taxpayer is not covered under any other plan."
  }, 
  "titles": [
    {
      "as": "introduced", 
      "title": "Health Insurance Affordability Act of 2005", 
      "type": "short"
    }, 
    {
      "as": "introduced", 
      "title": "To amend the Internal Revenue Code of 1986 to allow a deduction for premiums for high deductible health plans required with respect to health savings accounts.", 
      "type": "official"
    }
  ], 
  "updated_at": "2013-02-02T20:39:06-05:00"
}