{
  "actions": [
    {
      "acted_at": "2006-04-26", 
      "committee": "House Committee on Energy and Commerce", 
      "references": [], 
      "status": "REFERRED", 
      "text": "Referred to the House Committee on Energy and Commerce.", 
      "type": "referral"
    }, 
    {
      "acted_at": "2006-06-21", 
      "references": [
        {
          "reference": "CR H4360-4361", 
          "type": null
        }
      ], 
      "text": "Sponsor introductory remarks on measure.", 
      "type": "action"
    }
  ], 
  "amendments": [], 
  "bill_id": "hr5201-109", 
  "bill_type": "hr", 
  "committees": [
    {
      "activity": [
        "referral", 
        "in committee"
      ], 
      "committee": "House Energy and Commerce", 
      "committee_id": "HSIF"
    }
  ], 
  "congress": "109", 
  "cosponsors": [
    {
      "district": "1", 
      "name": "Abercrombie, Neil", 
      "sponsored_at": "2006-05-24", 
      "state": "HI", 
      "thomas_id": "00002", 
      "title": "Rep", 
      "withdrawn_at": null
    }, 
    {
      "district": "5", 
      "name": "Ackerman, Gary L.", 
      "sponsored_at": "2006-06-06", 
      "state": "NY", 
      "thomas_id": "00004", 
      "title": "Rep", 
      "withdrawn_at": null
    }, 
    {
      "district": "1", 
      "name": "Allen, Thomas H.", 
      "sponsored_at": "2006-04-26", 
      "state": "ME", 
      "thomas_id": "01461", 
      "title": "Rep", 
      "withdrawn_at": null
    }, 
    {
      "district": "2", 
      "name": "Baldwin, Tammy", 
      "sponsored_at": "2006-04-26", 
      "state": "WI", 
      "thomas_id": "01558", 
      "title": "Rep", 
      "withdrawn_at": null
    }, 
    {
      "district": "6", 
      "name": "Bartlett, Roscoe G.", 
      "sponsored_at": "2006-04-27", 
      "state": "MD", 
      "thomas_id": "00060", 
      "title": "Rep", 
      "withdrawn_at": null
    }, 
    {
      "district": "2", 
      "name": "Bass, Charles F.", 
      "sponsored_at": "2006-04-26", 
      "state": "NH", 
      "thomas_id": "00063", 
      "title": "Rep", 
      "withdrawn_at": null
    }, 
    {
      "district": "7", 
      "name": "Beauprez, Bob", 
      "sponsored_at": "2006-06-09", 
      "state": "CO", 
      "thomas_id": "01712", 
      "title": "Rep", 
      "withdrawn_at": null
    }, 
    {
      "district": "31", 
      "name": "Becerra, Xavier", 
      "sponsored_at": "2006-06-09", 
      "state": "CA", 
      "thomas_id": "00070", 
      "title": "Rep", 
      "withdrawn_at": null
    }, 
    {
      "district": "28", 
      "name": "Berman, Howard L.", 
      "sponsored_at": "2006-05-25", 
      "state": "CA", 
      "thomas_id": "00082", 
      "title": "Rep", 
      "withdrawn_at": null
    }, 
    {
      "district": "1", 
      "name": "Berry, Marion", 
      "sponsored_at": "2006-09-26", 
      "state": "AR", 
      "thomas_id": "01462", 
      "title": "Rep", 
      "withdrawn_at": null
    }, 
    {
      "district": "13", 
      "name": "Biggert, Judy", 
      "sponsored_at": "2006-06-20", 
      "state": "IL", 
      "thomas_id": "01577", 
      "title": "Rep", 
      "withdrawn_at": null
    }, 
    {
      "district": "1", 
      "name": "Bishop, Rob", 
      "sponsored_at": "2006-05-11", 
      "state": "UT", 
      "thomas_id": "01753", 
      "title": "Rep", 
      "withdrawn_at": null
    }, 
    {
      "district": "2", 
      "name": "Bishop, Sanford D., Jr.", 
      "sponsored_at": "2006-04-26", 
      "state": "GA", 
      "thomas_id": "00091", 
      "title": "Rep", 
      "withdrawn_at": null
    }, 
    {
      "district": "1", 
      "name": "Bishop, Timothy H.", 
      "sponsored_at": "2006-04-26", 
      "state": "NY", 
      "thomas_id": "01740", 
      "title": "Rep", 
      "withdrawn_at": null
    }, 
    {
      "district": "3", 
      "name": "Blumenauer, Earl", 
      "sponsored_at": "2006-05-18", 
      "state": "OR", 
      "thomas_id": "00099", 
      "title": "Rep", 
      "withdrawn_at": null
    }, 
    {
      "district": "23", 
      "name": "Bonilla, Henry", 
      "sponsored_at": "2006-04-26", 
      "state": "TX", 
      "thomas_id": "00107", 
      "title": "Rep", 
      "withdrawn_at": null
    }, 
    {
      "district": "45", 
      "name": "Bono Mack, Mary", 
      "sponsored_at": "2006-04-26", 
      "state": "CA", 
      "thomas_id": "01465", 
      "title": "Rep", 
      "withdrawn_at": null
    }, 
    {
      "district": "3", 
      "name": "Boozman, John", 
      "sponsored_at": "2006-06-06", 
      "state": "AR", 
      "thomas_id": "01687", 
      "title": "Rep", 
      "withdrawn_at": null
    }, 
    {
      "district": "2", 
      "name": "Boren, Dan", 
      "sponsored_at": "2006-06-09", 
      "state": "OK", 
      "thomas_id": "01796", 
      "title": "Rep", 
      "withdrawn_at": null
    }, 
    {
      "district": "9", 
      "name": "Boucher, Rick", 
      "sponsored_at": "2006-05-11", 
      "state": "VA", 
      "thomas_id": "00113", 
      "title": "Rep", 
      "withdrawn_at": null
    }, 
    {
      "district": "7", 
      "name": "Boustany, Charles W., Jr.", 
      "sponsored_at": "2006-06-15", 
      "state": "LA", 
      "thomas_id": "01787", 
      "title": "Rep", 
      "withdrawn_at": null
    }, 
    {
      "district": "2", 
      "name": "Boyd, Allen", 
      "sponsored_at": "2006-06-16", 
      "state": "FL", 
      "thomas_id": "01467", 
      "title": "Rep", 
      "withdrawn_at": null
    }, 
    {
      "district": "1", 
      "name": "Bradley, Jeb", 
      "sponsored_at": "2006-04-27", 
      "state": "NH", 
      "thomas_id": "01736", 
      "title": "Rep", 
      "withdrawn_at": null
    }, 
    {
      "district": "1", 
      "name": "Brown, Henry E., Jr.", 
      "sponsored_at": "2006-06-06", 
      "state": "SC", 
      "thomas_id": "01669", 
      "title": "Rep", 
      "withdrawn_at": null
    }, 
    {
      "district": "13", 
      "name": "Brown, Sherrod", 
      "sponsored_at": "2006-04-26", 
      "state": "OH", 
      "thomas_id": "00136", 
      "title": "Rep", 
      "withdrawn_at": null
    }, 
    {
      "district": "5", 
      "name": "Brown-Waite, Ginny", 
      "sponsored_at": "2006-05-16", 
      "state": "FL", 
      "thomas_id": "01713", 
      "title": "Rep", 
      "withdrawn_at": null
    }, 
    {
      "district": "26", 
      "name": "Burgess, Michael C.", 
      "sponsored_at": "2006-04-26", 
      "state": "TX", 
      "thomas_id": "01751", 
      "title": "Rep", 
      "withdrawn_at": null
    }, 
    {
      "district": "1", 
      "name": "Butterfield, G. K.", 
      "sponsored_at": "2006-05-11", 
      "state": "NC", 
      "thomas_id": "01761", 
      "title": "Rep", 
      "withdrawn_at": null
    }, 
    {
      "district": "44", 
      "name": "Calvert, Ken", 
      "sponsored_at": "2006-06-14", 
      "state": "CA", 
      "thomas_id": "00165", 
      "title": "Rep", 
      "withdrawn_at": null
    }, 
    {
      "district": "3", 
      "name": "Cannon, Chris", 
      "sponsored_at": "2006-05-25", 
      "state": "UT", 
      "thomas_id": "01470", 
      "title": "Rep", 
      "withdrawn_at": null
    }, 
    {
      "district": "2", 
      "name": "Capito, Shelley Moore", 
      "sponsored_at": "2006-05-16", 
      "state": "WV", 
      "thomas_id": "01676", 
      "title": "Rep", 
      "withdrawn_at": null
    }, 
    {
      "district": "23", 
      "name": "Capps, Lois", 
      "sponsored_at": "2006-04-26", 
      "state": "CA", 
      "thomas_id": "01471", 
      "title": "Rep", 
      "withdrawn_at": null
    }, 
    {
      "district": "8", 
      "name": "Capuano, Michael E.", 
      "sponsored_at": "2006-04-26", 
      "state": "MA", 
      "thomas_id": "01564", 
      "title": "Rep", 
      "withdrawn_at": null
    }, 
    {
      "district": "3", 
      "name": "Cardin, Benjamin L.", 
      "sponsored_at": "2006-05-23", 
      "state": "MD", 
      "thomas_id": "00174", 
      "title": "Rep", 
      "withdrawn_at": null
    }, 
    {
      "district": "18", 
      "name": "Cardoza, Dennis A.", 
      "sponsored_at": "2006-05-10", 
      "state": "CA", 
      "thomas_id": "01709", 
      "title": "Rep", 
      "withdrawn_at": null
    }, 
    {
      "district": "3", 
      "name": "Carnahan, Russ", 
      "sponsored_at": "2006-05-02", 
      "state": "MO", 
      "thomas_id": "01789", 
      "title": "Rep", 
      "withdrawn_at": null
    }, 
    {
      "district": "7", 
      "name": "Carson, Julia", 
      "sponsored_at": "2006-09-29", 
      "state": "IN", 
      "thomas_id": "01473", 
      "title": "Rep", 
      "withdrawn_at": null
    }, 
    {
      "district": "2", 
      "name": "Case, Ed", 
      "sponsored_at": "2006-04-26", 
      "state": "HI", 
      "thomas_id": "01693", 
      "title": "Rep", 
      "withdrawn_at": null
    }, 
    {
      "district": null, 
      "name": "Castle, Michael N.", 
      "sponsored_at": "2006-05-03", 
      "state": "DE", 
      "thomas_id": "00183", 
      "title": "Rep", 
      "withdrawn_at": null
    }, 
    {
      "district": "1", 
      "name": "Clay, Wm. Lacy", 
      "sponsored_at": "2006-04-26", 
      "state": "MO", 
      "thomas_id": "01654", 
      "title": "Rep", 
      "withdrawn_at": null
    }, 
    {
      "district": "5", 
      "name": "Cleaver, Emanuel", 
      "sponsored_at": "2006-04-26", 
      "state": "MO", 
      "thomas_id": "01790", 
      "title": "Rep", 
      "withdrawn_at": null
    }, 
    {
      "district": "6", 
      "name": "Clyburn, James E.", 
      "sponsored_at": "2006-05-09", 
      "state": "SC", 
      "thomas_id": "00208", 
      "title": "Rep", 
      "withdrawn_at": null
    }, 
    {
      "district": "14", 
      "name": "Conyers, John, Jr.", 
      "sponsored_at": "2006-05-25", 
      "state": "MI", 
      "thomas_id": "00229", 
      "title": "Rep", 
      "withdrawn_at": null
    }, 
    {
      "district": "5", 
      "name": "Cooper, Jim", 
      "sponsored_at": "2006-04-26", 
      "state": "TN", 
      "thomas_id": "00231", 
      "title": "Rep", 
      "withdrawn_at": null
    }, 
    {
      "district": "12", 
      "name": "Costello, Jerry F.", 
      "sponsored_at": "2006-04-26", 
      "state": "IL", 
      "thomas_id": "00238", 
      "title": "Rep", 
      "withdrawn_at": null
    }, 
    {
      "district": "7", 
      "name": "Crowley, Joseph", 
      "sponsored_at": "2006-05-18", 
      "state": "NY", 
      "thomas_id": "01604", 
      "title": "Rep", 
      "withdrawn_at": null
    }, 
    {
      "district": "28", 
      "name": "Cuellar, Henry", 
      "sponsored_at": "2006-05-10", 
      "state": "TX", 
      "thomas_id": "01807", 
      "title": "Rep", 
      "withdrawn_at": null
    }, 
    {
      "district": "7", 
      "name": "Cummings, Elijah E.", 
      "sponsored_at": "2006-05-19", 
      "state": "MD", 
      "thomas_id": "00256", 
      "title": "Rep", 
      "withdrawn_at": null
    }, 
    {
      "district": "7", 
      "name": "Davis, Artur", 
      "sponsored_at": "2006-06-08", 
      "state": "AL", 
      "thomas_id": "01705", 
      "title": "Rep", 
      "withdrawn_at": null
    }, 
    {
      "district": "7", 
      "name": "Davis, Danny K.", 
      "sponsored_at": "2006-05-23", 
      "state": "IL", 
      "thomas_id": "01477", 
      "title": "Rep", 
      "withdrawn_at": null
    }, 
    {
      "district": "11", 
      "name": "Davis, Jim", 
      "sponsored_at": "2006-04-26", 
      "state": "FL", 
      "thomas_id": "01478", 
      "title": "Rep", 
      "withdrawn_at": null
    }, 
    {
      "district": "1", 
      "name": "Davis, Jo Ann", 
      "sponsored_at": "2006-06-09", 
      "state": "VA", 
      "thomas_id": "01672", 
      "title": "Rep", 
      "withdrawn_at": null
    }, 
    {
      "district": "4", 
      "name": "Davis, Lincoln", 
      "sponsored_at": "2006-05-16", 
      "state": "TN", 
      "thomas_id": "01747", 
      "title": "Rep", 
      "withdrawn_at": null
    }, 
    {
      "district": "11", 
      "name": "Davis, Tom", 
      "sponsored_at": "2006-06-06", 
      "state": "VA", 
      "thomas_id": "00274", 
      "title": "Rep", 
      "withdrawn_at": null
    }, 
    {
      "district": "4", 
      "name": "DeFazio, Peter A.", 
      "sponsored_at": "2006-04-26", 
      "state": "OR", 
      "thomas_id": "00279", 
      "title": "Rep", 
      "withdrawn_at": null
    }, 
    {
      "district": "1", 
      "name": "DeGette, Diana", 
      "sponsored_at": "2006-04-26", 
      "state": "CO", 
      "thomas_id": "01479", 
      "title": "Rep", 
      "withdrawn_at": null
    }, 
    {
      "district": "10", 
      "name": "Delahunt, William D.", 
      "sponsored_at": "2006-05-16", 
      "state": "MA", 
      "thomas_id": "01480", 
      "title": "Rep", 
      "withdrawn_at": null
    }, 
    {
      "district": "6", 
      "name": "Dicks, Norman D.", 
      "sponsored_at": "2006-05-24", 
      "state": "WA", 
      "thomas_id": "00297", 
      "title": "Rep", 
      "withdrawn_at": null
    }, 
    {
      "district": "25", 
      "name": "Doggett, Lloyd", 
      "sponsored_at": "2006-05-10", 
      "state": "TX", 
      "thomas_id": "00303", 
      "title": "Rep", 
      "withdrawn_at": null
    }, 
    {
      "district": "14", 
      "name": "Doyle, Michael F.", 
      "sponsored_at": "2006-05-09", 
      "state": "PA", 
      "thomas_id": "00316", 
      "title": "Rep", 
      "withdrawn_at": null
    }, 
    {
      "district": "2", 
      "name": "Drake, Thelma D.", 
      "sponsored_at": "2006-04-26", 
      "state": "VA", 
      "thomas_id": "01808", 
      "title": "Rep", 
      "withdrawn_at": null
    }, 
    {
      "district": "17", 
      "name": "Edwards, Chet", 
      "sponsored_at": "2006-05-11", 
      "state": "TX", 
      "thomas_id": "00335", 
      "title": "Rep", 
      "withdrawn_at": null
    }, 
    {
      "district": "3", 
      "name": "Ehlers, Vernon J.", 
      "sponsored_at": "2006-06-06", 
      "state": "MI", 
      "thomas_id": "00339", 
      "title": "Rep", 
      "withdrawn_at": null
    }, 
    {
      "district": "5", 
      "name": "Emanuel, Rahm", 
      "sponsored_at": "2006-05-02", 
      "state": "IL", 
      "thomas_id": "01725", 
      "title": "Rep", 
      "withdrawn_at": null
    }, 
    {
      "district": "8", 
      "name": "Emerson, Jo Ann", 
      "sponsored_at": "2006-04-26", 
      "state": "MO", 
      "thomas_id": "01481", 
      "title": "Rep", 
      "withdrawn_at": null
    }, 
    {
      "district": "17", 
      "name": "Engel, Eliot L.", 
      "sponsored_at": "2006-04-26", 
      "state": "NY", 
      "thomas_id": "00344", 
      "title": "Rep", 
      "withdrawn_at": null
    }, 
    {
      "district": "3", 
      "name": "English, Phil", 
      "sponsored_at": "2006-06-06", 
      "state": "PA", 
      "thomas_id": "00347", 
      "title": "Rep", 
      "withdrawn_at": null
    }, 
    {
      "district": "14", 
      "name": "Eshoo, Anna G.", 
      "sponsored_at": "2006-04-26", 
      "state": "CA", 
      "thomas_id": "00355", 
      "title": "Rep", 
      "withdrawn_at": null
    }, 
    {
      "district": "2", 
      "name": "Etheridge, Bob", 
      "sponsored_at": "2006-06-06", 
      "state": "NC", 
      "thomas_id": "01482", 
      "title": "Rep", 
      "withdrawn_at": null
    }, 
    {
      "district": "17", 
      "name": "Evans, Lane", 
      "sponsored_at": "2006-05-18", 
      "state": "IL", 
      "thomas_id": "00361", 
      "title": "Rep", 
      "withdrawn_at": null
    }, 
    {
      "district": "17", 
      "name": "Farr, Sam", 
      "sponsored_at": "2006-06-06", 
      "state": "CA", 
      "thomas_id": "00368", 
      "title": "Rep", 
      "withdrawn_at": null
    }, 
    {
      "district": "7", 
      "name": "Ferguson, Mike", 
      "sponsored_at": "2006-05-10", 
      "state": "NJ", 
      "thomas_id": "01659", 
      "title": "Rep", 
      "withdrawn_at": null
    }, 
    {
      "district": "51", 
      "name": "Filner, Bob", 
      "sponsored_at": "2006-05-18", 
      "state": "CA", 
      "thomas_id": "00381", 
      "title": "Rep", 
      "withdrawn_at": null
    }, 
    {
      "district": "16", 
      "name": "Foley, Mark", 
      "sponsored_at": "2006-05-11", 
      "state": "FL", 
      "thomas_id": "00396", 
      "title": "Rep", 
      "withdrawn_at": null
    }, 
    {
      "district": "9", 
      "name": "Ford, Harold E., Jr.", 
      "sponsored_at": "2006-05-19", 
      "state": "TN", 
      "thomas_id": "01483", 
      "title": "Rep", 
      "withdrawn_at": null
    }, 
    {
      "district": "13", 
      "name": "Fossella, Vito", 
      "sponsored_at": "2006-04-26", 
      "state": "NY", 
      "thomas_id": "01484", 
      "title": "Rep", 
      "withdrawn_at": null
    }, 
    {
      "district": "4", 
      "name": "Frank, Barney", 
      "sponsored_at": "2006-05-10", 
      "state": "MA", 
      "thomas_id": "00407", 
      "title": "Rep", 
      "withdrawn_at": null
    }, 
    {
      "district": "6", 
      "name": "Gerlach, Jim", 
      "sponsored_at": "2006-05-09", 
      "state": "PA", 
      "thomas_id": "01743", 
      "title": "Rep", 
      "withdrawn_at": null
    }, 
    {
      "district": "5", 
      "name": "Gillmor, Paul E.", 
      "sponsored_at": "2006-05-04", 
      "state": "OH", 
      "thomas_id": "00439", 
      "title": "Rep", 
      "withdrawn_at": null
    }, 
    {
      "district": "11", 
      "name": "Gingrey, Phil", 
      "sponsored_at": "2006-04-27", 
      "state": "GA", 
      "thomas_id": "01720", 
      "title": "Rep", 
      "withdrawn_at": null
    }, 
    {
      "district": "20", 
      "name": "Gonzalez, Charles A.", 
      "sponsored_at": "2006-05-10", 
      "state": "TX", 
      "thomas_id": "01555", 
      "title": "Rep", 
      "withdrawn_at": null
    }, 
    {
      "district": "5", 
      "name": "Goode, Virgil H., Jr.", 
      "sponsored_at": "2006-05-09", 
      "state": "VA", 
      "thomas_id": "01486", 
      "title": "Rep", 
      "withdrawn_at": null
    }, 
    {
      "district": "6", 
      "name": "Gordon, Bart", 
      "sponsored_at": "2006-04-26", 
      "state": "TN", 
      "thomas_id": "00448", 
      "title": "Rep", 
      "withdrawn_at": null
    }, 
    {
      "district": "12", 
      "name": "Granger, Kay", 
      "sponsored_at": "2006-04-26", 
      "state": "TX", 
      "thomas_id": "01487", 
      "title": "Rep", 
      "withdrawn_at": null
    }, 
    {
      "district": "9", 
      "name": "Green, Al", 
      "sponsored_at": "2006-05-16", 
      "state": "TX", 
      "thomas_id": "01803", 
      "title": "Rep", 
      "withdrawn_at": null
    }, 
    {
      "district": "29", 
      "name": "Green, Gene", 
      "sponsored_at": "2006-04-26", 
      "state": "TX", 
      "thomas_id": "00462", 
      "title": "Rep", 
      "withdrawn_at": null
    }, 
    {
      "district": "4", 
      "name": "Gutierrez, Luis V.", 
      "sponsored_at": "2006-04-26", 
      "state": "IL", 
      "thomas_id": "00478", 
      "title": "Rep", 
      "withdrawn_at": null
    }, 
    {
      "district": "36", 
      "name": "Harman, Jane", 
      "sponsored_at": "2006-06-06", 
      "state": "CA", 
      "thomas_id": "00502", 
      "title": "Rep", 
      "withdrawn_at": null
    }, 
    {
      "district": "4", 
      "name": "Hart, Melissa A.", 
      "sponsored_at": "2006-06-15", 
      "state": "PA", 
      "thomas_id": "01666", 
      "title": "Rep", 
      "withdrawn_at": null
    }, 
    {
      "district": "23", 
      "name": "Hastings, Alcee L.", 
      "sponsored_at": "2006-06-07", 
      "state": "FL", 
      "thomas_id": "00511", 
      "title": "Rep", 
      "withdrawn_at": null
    }, 
    {
      "district": "5", 
      "name": "Hayworth, J. D.", 
      "sponsored_at": "2006-06-06", 
      "state": "AZ", 
      "thomas_id": "00520", 
      "title": "Rep", 
      "withdrawn_at": null
    }, 
    {
      "district": "5", 
      "name": "Hefley, Joel", 
      "sponsored_at": "2006-05-22", 
      "state": "CO", 
      "thomas_id": "00524", 
      "title": "Rep", 
      "withdrawn_at": null
    }, 
    {
      "district": "2", 
      "name": "Herger, Wally", 
      "sponsored_at": "2006-05-25", 
      "state": "CA", 
      "thomas_id": "00533", 
      "title": "Rep", 
      "withdrawn_at": null
    }, 
    {
      "district": null, 
      "name": "Herseth, Stephanie", 
      "sponsored_at": "2006-06-07", 
      "state": "SD", 
      "thomas_id": "01760", 
      "title": "Rep", 
      "withdrawn_at": null
    }, 
    {
      "district": "27", 
      "name": "Higgins, Brian", 
      "sponsored_at": "2006-05-09", 
      "state": "NY", 
      "thomas_id": "01794", 
      "title": "Rep", 
      "withdrawn_at": null
    }, 
    {
      "district": "22", 
      "name": "Hinchey, Maurice D.", 
      "sponsored_at": "2006-04-26", 
      "state": "NY", 
      "thomas_id": "00541", 
      "title": "Rep", 
      "withdrawn_at": null
    }, 
    {
      "district": "15", 
      "name": "Hinojosa, Ruben", 
      "sponsored_at": "2006-05-11", 
      "state": "TX", 
      "thomas_id": "01490", 
      "title": "Rep", 
      "withdrawn_at": null
    }, 
    {
      "district": "12", 
      "name": "Holt, Rush D.", 
      "sponsored_at": "2006-09-06", 
      "state": "NJ", 
      "thomas_id": "01580", 
      "title": "Rep", 
      "withdrawn_at": null
    }, 
    {
      "district": "15", 
      "name": "Honda, Michael M.", 
      "sponsored_at": "2006-04-26", 
      "state": "CA", 
      "thomas_id": "01634", 
      "title": "Rep", 
      "withdrawn_at": null
    }, 
    {
      "district": "5", 
      "name": "Hooley, Darlene", 
      "sponsored_at": "2006-05-11", 
      "state": "OR", 
      "thomas_id": "01491", 
      "title": "Rep", 
      "withdrawn_at": null
    }, 
    {
      "district": "9", 
      "name": "Hulshof, Kenny C.", 
      "sponsored_at": "2006-06-19", 
      "state": "MO", 
      "thomas_id": "01492", 
      "title": "Rep", 
      "withdrawn_at": null
    }, 
    {
      "district": "1", 
      "name": "Inslee, Jay", 
      "sponsored_at": "2006-05-25", 
      "state": "WA", 
      "thomas_id": "00584", 
      "title": "Rep", 
      "withdrawn_at": null
    }, 
    {
      "district": "2", 
      "name": "Israel, Steve", 
      "sponsored_at": "2006-06-06", 
      "state": "NY", 
      "thomas_id": "01663", 
      "title": "Rep", 
      "withdrawn_at": null
    }, 
    {
      "district": "2", 
      "name": "Jackson, Jesse L., Jr.", 
      "sponsored_at": "2006-06-06", 
      "state": "IL", 
      "thomas_id": "00587", 
      "title": "Rep", 
      "withdrawn_at": null
    }, 
    {
      "district": "18", 
      "name": "Jackson-Lee, Sheila", 
      "sponsored_at": "2006-05-19", 
      "state": "TX", 
      "thomas_id": "00588", 
      "title": "Rep", 
      "withdrawn_at": null
    }, 
    {
      "district": "2", 
      "name": "Jefferson, William J.", 
      "sponsored_at": "2006-06-06", 
      "state": "LA", 
      "thomas_id": "00592", 
      "title": "Rep", 
      "withdrawn_at": null
    }, 
    {
      "district": "1", 
      "name": "Jindal, Bobby", 
      "sponsored_at": "2006-07-25", 
      "state": "LA", 
      "thomas_id": "01785", 
      "title": "Rep", 
      "withdrawn_at": null
    }, 
    {
      "district": "30", 
      "name": "Johnson, Eddie Bernice", 
      "sponsored_at": "2006-05-11", 
      "state": "TX", 
      "thomas_id": "00599", 
      "title": "Rep", 
      "withdrawn_at": null
    }, 
    {
      "district": "15", 
      "name": "Johnson, Timothy V.", 
      "sponsored_at": "2006-05-16", 
      "state": "IL", 
      "thomas_id": "01648", 
      "title": "Rep", 
      "withdrawn_at": null
    }, 
    {
      "district": "11", 
      "name": "Jones, Stephanie Tubbs", 
      "sponsored_at": "2006-05-11", 
      "state": "OH", 
      "thomas_id": "01581", 
      "title": "Rep", 
      "withdrawn_at": null
    }, 
    {
      "district": "11", 
      "name": "Kanjorski, Paul E.", 
      "sponsored_at": "2006-05-16", 
      "state": "PA", 
      "thomas_id": "00615", 
      "title": "Rep", 
      "withdrawn_at": null
    }, 
    {
      "district": "19", 
      "name": "Kelly, Sue W.", 
      "sponsored_at": "2006-06-19", 
      "state": "NY", 
      "thomas_id": "00624", 
      "title": "Rep", 
      "withdrawn_at": null
    }, 
    {
      "district": "1", 
      "name": "Kennedy, Patrick J.", 
      "sponsored_at": "2006-04-26", 
      "state": "RI", 
      "thomas_id": "00627", 
      "title": "Rep", 
      "withdrawn_at": null
    }, 
    {
      "district": "3", 
      "name": "King, Peter T.", 
      "sponsored_at": "2006-05-17", 
      "state": "NY", 
      "thomas_id": "00635", 
      "title": "Rep", 
      "withdrawn_at": null
    }, 
    {
      "district": "10", 
      "name": "Kucinich, Dennis J.", 
      "sponsored_at": "2006-06-06", 
      "state": "OH", 
      "thomas_id": "01499", 
      "title": "Rep", 
      "withdrawn_at": null
    }, 
    {
      "district": "29", 
      "name": "Kuhl, John R. \"Randy\", Jr.", 
      "sponsored_at": "2006-05-18", 
      "state": "NY", 
      "thomas_id": "01795", 
      "title": "Rep", 
      "withdrawn_at": null
    }, 
    {
      "district": "18", 
      "name": "LaHood, Ray", 
      "sponsored_at": "2006-04-26", 
      "state": "IL", 
      "thomas_id": "00659", 
      "title": "Rep", 
      "withdrawn_at": null
    }, 
    {
      "district": "2", 
      "name": "Langevin, James R.", 
      "sponsored_at": "2006-04-26", 
      "state": "RI", 
      "thomas_id": "01668", 
      "title": "Rep", 
      "withdrawn_at": null
    }, 
    {
      "district": "12", 
      "name": "Lantos, Tom", 
      "sponsored_at": "2006-06-06", 
      "state": "CA", 
      "thomas_id": "00663", 
      "title": "Rep", 
      "withdrawn_at": null
    }, 
    {
      "district": "2", 
      "name": "Larsen, Rick", 
      "sponsored_at": "2006-04-26", 
      "state": "WA", 
      "thomas_id": "01675", 
      "title": "Rep", 
      "withdrawn_at": null
    }, 
    {
      "district": "1", 
      "name": "Larson, John B.", 
      "sponsored_at": "2006-06-19", 
      "state": "CT", 
      "thomas_id": "01583", 
      "title": "Rep", 
      "withdrawn_at": null
    }, 
    {
      "district": "2", 
      "name": "Leach, James A.", 
      "sponsored_at": "2006-04-26", 
      "state": "IA", 
      "thomas_id": "00672", 
      "title": "Rep", 
      "withdrawn_at": null
    }, 
    {
      "district": "9", 
      "name": "Lee, Barbara", 
      "sponsored_at": "2006-05-10", 
      "state": "CA", 
      "thomas_id": "01501", 
      "title": "Rep", 
      "withdrawn_at": null
    }, 
    {
      "district": "5", 
      "name": "Lewis, John", 
      "sponsored_at": "2006-04-26", 
      "state": "GA", 
      "thomas_id": "00688", 
      "title": "Rep", 
      "withdrawn_at": null
    }, 
    {
      "district": "3", 
      "name": "Lipinski, Daniel", 
      "sponsored_at": "2006-06-07", 
      "state": "IL", 
      "thomas_id": "01781", 
      "title": "Rep", 
      "withdrawn_at": null
    }, 
    {
      "district": "2", 
      "name": "LoBiondo, Frank A.", 
      "sponsored_at": "2006-05-24", 
      "state": "NJ", 
      "thomas_id": "00699", 
      "title": "Rep", 
      "withdrawn_at": null
    }, 
    {
      "district": "16", 
      "name": "Lofgren, Zoe", 
      "sponsored_at": "2006-06-14", 
      "state": "CA", 
      "thomas_id": "00701", 
      "title": "Rep", 
      "withdrawn_at": null
    }, 
    {
      "district": "18", 
      "name": "Lowey, Nita M.", 
      "sponsored_at": "2006-06-28", 
      "state": "NY", 
      "thomas_id": "00709", 
      "title": "Rep", 
      "withdrawn_at": null
    }, 
    {
      "district": "9", 
      "name": "Lynch, Stephen F.", 
      "sponsored_at": "2006-05-09", 
      "state": "MA", 
      "thomas_id": "01686", 
      "title": "Rep", 
      "withdrawn_at": null
    }, 
    {
      "district": "14", 
      "name": "Maloney, Carolyn B.", 
      "sponsored_at": "2006-05-17", 
      "state": "NY", 
      "thomas_id": "00729", 
      "title": "Rep", 
      "withdrawn_at": null
    }, 
    {
      "district": "7", 
      "name": "Markey, Edward J.", 
      "sponsored_at": "2006-06-06", 
      "state": "MA", 
      "thomas_id": "00735", 
      "title": "Rep", 
      "withdrawn_at": null
    }, 
    {
      "district": "3", 
      "name": "Marshall, Jim", 
      "sponsored_at": "2006-04-26", 
      "state": "GA", 
      "thomas_id": "01718", 
      "title": "Rep", 
      "withdrawn_at": null
    }, 
    {
      "district": "2", 
      "name": "Matheson, Jim", 
      "sponsored_at": "2006-04-26", 
      "state": "UT", 
      "thomas_id": "01671", 
      "title": "Rep", 
      "withdrawn_at": null
    }, 
    {
      "district": "5", 
      "name": "Matsui, Doris O.", 
      "sponsored_at": "2006-06-07", 
      "state": "CA", 
      "thomas_id": "01814", 
      "title": "Rep", 
      "withdrawn_at": null
    }, 
    {
      "district": "4", 
      "name": "McCarthy, Carolyn", 
      "sponsored_at": "2006-05-09", 
      "state": "NY", 
      "thomas_id": "01503", 
      "title": "Rep", 
      "withdrawn_at": null
    }, 
    {
      "district": "7", 
      "name": "McDermott, Jim", 
      "sponsored_at": "2006-04-26", 
      "state": "WA", 
      "thomas_id": "00766", 
      "title": "Rep", 
      "withdrawn_at": null
    }, 
    {
      "district": "3", 
      "name": "McGovern, James P.", 
      "sponsored_at": "2006-04-26", 
      "state": "MA", 
      "thomas_id": "01504", 
      "title": "Rep", 
      "withdrawn_at": null
    }, 
    {
      "district": "23", 
      "name": "McHugh, John M.", 
      "sponsored_at": "2006-04-26", 
      "state": "NY", 
      "thomas_id": "00773", 
      "title": "Rep", 
      "withdrawn_at": null
    }, 
    {
      "district": "7", 
      "name": "McIntyre, Mike", 
      "sponsored_at": "2006-05-11", 
      "state": "NC", 
      "thomas_id": "01505", 
      "title": "Rep", 
      "withdrawn_at": null
    }, 
    {
      "district": "21", 
      "name": "McNulty, Michael R.", 
      "sponsored_at": "2006-05-09", 
      "state": "NY", 
      "thomas_id": "00785", 
      "title": "Rep", 
      "withdrawn_at": null
    }, 
    {
      "district": "5", 
      "name": "Meehan, Martin T.", 
      "sponsored_at": "2006-05-02", 
      "state": "MA", 
      "thomas_id": "00788", 
      "title": "Rep", 
      "withdrawn_at": null
    }, 
    {
      "district": "17", 
      "name": "Meek, Kendrick B.", 
      "sponsored_at": "2006-06-07", 
      "state": "FL", 
      "thomas_id": "01715", 
      "title": "Rep", 
      "withdrawn_at": null
    }, 
    {
      "district": "6", 
      "name": "Meeks, Gregory W.", 
      "sponsored_at": "2006-05-17", 
      "state": "NY", 
      "thomas_id": "01506", 
      "title": "Rep", 
      "withdrawn_at": null
    }, 
    {
      "district": "3", 
      "name": "Melancon, Charlie", 
      "sponsored_at": "2006-05-25", 
      "state": "LA", 
      "thomas_id": "01786", 
      "title": "Rep", 
      "withdrawn_at": null
    }, 
    {
      "district": "2", 
      "name": "Michaud, Michael H.", 
      "sponsored_at": "2006-05-10", 
      "state": "ME", 
      "thomas_id": "01730", 
      "title": "Rep", 
      "withdrawn_at": null
    }, 
    {
      "district": "13", 
      "name": "Miller, Brad", 
      "sponsored_at": "2006-05-16", 
      "state": "NC", 
      "thomas_id": "01735", 
      "title": "Rep", 
      "withdrawn_at": null
    }, 
    {
      "district": "7", 
      "name": "Miller, George", 
      "sponsored_at": "2006-05-18", 
      "state": "CA", 
      "thomas_id": "00808", 
      "title": "Rep", 
      "withdrawn_at": null
    }, 
    {
      "district": "3", 
      "name": "Moore, Dennis", 
      "sponsored_at": "2006-05-09", 
      "state": "KS", 
      "thomas_id": "01561", 
      "title": "Rep", 
      "withdrawn_at": null
    }, 
    {
      "district": "8", 
      "name": "Moran, James P.", 
      "sponsored_at": "2006-06-07", 
      "state": "VA", 
      "thomas_id": "00832", 
      "title": "Rep", 
      "withdrawn_at": null
    }, 
    {
      "district": "1", 
      "name": "Moran, Jerry", 
      "sponsored_at": "2006-05-16", 
      "state": "KS", 
      "thomas_id": "01507", 
      "title": "Rep", 
      "withdrawn_at": null
    }, 
    {
      "district": "18", 
      "name": "Murphy, Tim", 
      "sponsored_at": "2006-04-27", 
      "state": "PA", 
      "thomas_id": "01744", 
      "title": "Rep", 
      "withdrawn_at": null
    }, 
    {
      "district": "12", 
      "name": "Murtha, John P.", 
      "sponsored_at": "2006-05-10", 
      "state": "PA", 
      "thomas_id": "00844", 
      "title": "Rep", 
      "withdrawn_at": null
    }, 
    {
      "district": "9", 
      "name": "Myrick, Sue Wilkins", 
      "sponsored_at": "2006-05-23", 
      "state": "NC", 
      "thomas_id": "00849", 
      "title": "Rep", 
      "withdrawn_at": null
    }, 
    {
      "district": "8", 
      "name": "Nadler, Jerrold", 
      "sponsored_at": "2006-04-26", 
      "state": "NY", 
      "thomas_id": "00850", 
      "title": "Rep", 
      "withdrawn_at": null
    }, 
    {
      "district": "38", 
      "name": "Napolitano, Grace F.", 
      "sponsored_at": "2006-06-06", 
      "state": "CA", 
      "thomas_id": "01602", 
      "title": "Rep", 
      "withdrawn_at": null
    }, 
    {
      "district": "2", 
      "name": "Neal, Richard E.", 
      "sponsored_at": "2006-05-11", 
      "state": "MA", 
      "thomas_id": "00854", 
      "title": "Rep", 
      "withdrawn_at": null
    }, 
    {
      "district": "19", 
      "name": "Neugebauer, Randy", 
      "sponsored_at": "2006-05-24", 
      "state": "TX", 
      "thomas_id": "01758", 
      "title": "Rep", 
      "withdrawn_at": null
    }, 
    {
      "district": "18", 
      "name": "Ney, Robert W.", 
      "sponsored_at": "2006-06-16", 
      "state": "OH", 
      "thomas_id": "00862", 
      "title": "Rep", 
      "withdrawn_at": null
    }, 
    {
      "district": "9", 
      "name": "Norwood, Charles W.", 
      "sponsored_at": "2006-04-26", 
      "state": "GA", 
      "thomas_id": "00869", 
      "title": "Rep", 
      "withdrawn_at": null
    }, 
    {
      "district": "21", 
      "name": "Nunes, Devin", 
      "sponsored_at": "2006-06-09", 
      "state": "CA", 
      "thomas_id": "01710", 
      "title": "Rep", 
      "withdrawn_at": null
    }, 
    {
      "district": "1", 
      "name": "Nussle, Jim", 
      "sponsored_at": "2006-05-25", 
      "state": "IA", 
      "thomas_id": "00871", 
      "title": "Rep", 
      "withdrawn_at": null
    }, 
    {
      "district": "8", 
      "name": "Oberstar, James L.", 
      "sponsored_at": "2006-04-26", 
      "state": "MN", 
      "thomas_id": "00876", 
      "title": "Rep", 
      "withdrawn_at": null
    }, 
    {
      "district": "27", 
      "name": "Ortiz, Solomon P.", 
      "sponsored_at": "2006-05-11", 
      "state": "TX", 
      "thomas_id": "00880", 
      "title": "Rep", 
      "withdrawn_at": null
    }, 
    {
      "district": "1", 
      "name": "Otter, C. L. (Butch)", 
      "sponsored_at": "2006-04-26", 
      "state": "ID", 
      "thomas_id": "01646", 
      "title": "Rep", 
      "withdrawn_at": null
    }, 
    {
      "district": "11", 
      "name": "Owens, Major R.", 
      "sponsored_at": "2006-04-26", 
      "state": "NY", 
      "thomas_id": "00883", 
      "title": "Rep", 
      "withdrawn_at": null
    }, 
    {
      "district": "4", 
      "name": "Oxley, Michael G.", 
      "sponsored_at": "2006-05-23", 
      "state": "OH", 
      "thomas_id": "00885", 
      "title": "Rep", 
      "withdrawn_at": null
    }, 
    {
      "district": "6", 
      "name": "Pallone, Frank, Jr.", 
      "sponsored_at": "2006-04-26", 
      "state": "NJ", 
      "thomas_id": "00887", 
      "title": "Rep", 
      "withdrawn_at": null
    }, 
    {
      "district": "10", 
      "name": "Payne, Donald M.", 
      "sponsored_at": "2006-05-16", 
      "state": "NJ", 
      "thomas_id": "00902", 
      "title": "Rep", 
      "withdrawn_at": null
    }, 
    {
      "district": "6", 
      "name": "Petri, Thomas E.", 
      "sponsored_at": "2006-06-19", 
      "state": "WI", 
      "thomas_id": "00912", 
      "title": "Rep", 
      "withdrawn_at": null
    }, 
    {
      "district": "3", 
      "name": "Pickering, Charles W. \"Chip\"", 
      "sponsored_at": "2006-04-26", 
      "state": "MS", 
      "thomas_id": "01513", 
      "title": "Rep", 
      "withdrawn_at": null
    }, 
    {
      "district": "19", 
      "name": "Platts, Todd Russell", 
      "sponsored_at": "2006-05-10", 
      "state": "PA", 
      "thomas_id": "01667", 
      "title": "Rep", 
      "withdrawn_at": null
    }, 
    {
      "district": "3", 
      "name": "Porter, Jon C.", 
      "sponsored_at": "2006-05-24", 
      "state": "NV", 
      "thomas_id": "01739", 
      "title": "Rep", 
      "withdrawn_at": null
    }, 
    {
      "district": "4", 
      "name": "Price, David E.", 
      "sponsored_at": "2006-05-04", 
      "state": "NC", 
      "thomas_id": "00930", 
      "title": "Rep", 
      "withdrawn_at": null
    }, 
    {
      "district": "15", 
      "name": "Pryce, Deborah", 
      "sponsored_at": "2006-06-06", 
      "state": "OH", 
      "thomas_id": "00933", 
      "title": "Rep", 
      "withdrawn_at": null
    }, 
    {
      "district": "12", 
      "name": "Putnam, Adam H.", 
      "sponsored_at": "2006-09-26", 
      "state": "FL", 
      "thomas_id": "01645", 
      "title": "Rep", 
      "withdrawn_at": null
    }, 
    {
      "district": "3", 
      "name": "Rahall, Nick J., II", 
      "sponsored_at": "2006-05-09", 
      "state": "WV", 
      "thomas_id": "00940", 
      "title": "Rep", 
      "withdrawn_at": null
    }, 
    {
      "district": "15", 
      "name": "Rangel, Charles B.", 
      "sponsored_at": "2006-04-26", 
      "state": "NY", 
      "thomas_id": "00944", 
      "title": "Rep", 
      "withdrawn_at": null
    }, 
    {
      "district": null, 
      "name": "Rehberg, Dennis R.", 
      "sponsored_at": "2006-06-06", 
      "state": "MT", 
      "thomas_id": "01657", 
      "title": "Rep", 
      "withdrawn_at": null
    }, 
    {
      "district": "8", 
      "name": "Reichert, David G.", 
      "sponsored_at": "2006-04-26", 
      "state": "WA", 
      "thomas_id": "01810", 
      "title": "Rep", 
      "withdrawn_at": null
    }, 
    {
      "district": "1", 
      "name": "Renzi, Rick", 
      "sponsored_at": "2006-05-16", 
      "state": "AZ", 
      "thomas_id": "01706", 
      "title": "Rep", 
      "withdrawn_at": null
    }, 
    {
      "district": "16", 
      "name": "Reyes, Silvestre", 
      "sponsored_at": "2006-05-11", 
      "state": "TX", 
      "thomas_id": "01516", 
      "title": "Rep", 
      "withdrawn_at": null
    }, 
    {
      "district": "18", 
      "name": "Ros-Lehtinen, Ileana", 
      "sponsored_at": "2006-06-14", 
      "state": "FL", 
      "thomas_id": "00985", 
      "title": "Rep", 
      "withdrawn_at": null
    }, 
    {
      "district": "4", 
      "name": "Ross, Mike", 
      "sponsored_at": "2006-04-26", 
      "state": "AR", 
      "thomas_id": "01632", 
      "title": "Rep", 
      "withdrawn_at": null
    }, 
    {
      "district": "9", 
      "name": "Rothman, Steven R.", 
      "sponsored_at": "2006-06-20", 
      "state": "NJ", 
      "thomas_id": "01520", 
      "title": "Rep", 
      "withdrawn_at": null
    }, 
    {
      "district": "34", 
      "name": "Roybal-Allard, Lucille", 
      "sponsored_at": "2006-05-25", 
      "state": "CA", 
      "thomas_id": "00997", 
      "title": "Rep", 
      "withdrawn_at": null
    }, 
    {
      "district": "2", 
      "name": "Ruppersberger, C. A. Dutch", 
      "sponsored_at": "2006-05-23", 
      "state": "MD", 
      "thomas_id": "01728", 
      "title": "Rep", 
      "withdrawn_at": null
    }, 
    {
      "district": "1", 
      "name": "Rush, Bobby L.", 
      "sponsored_at": "2006-04-26", 
      "state": "IL", 
      "thomas_id": "01003", 
      "title": "Rep", 
      "withdrawn_at": null
    }, 
    {
      "district": "3", 
      "name": "Salazar, John T.", 
      "sponsored_at": "2006-05-16", 
      "state": "CO", 
      "thomas_id": "01775", 
      "title": "Rep", 
      "withdrawn_at": null
    }, 
    {
      "district": "39", 
      "name": "Sanchez, Linda T.", 
      "sponsored_at": "2006-05-25", 
      "state": "CA", 
      "thomas_id": "01757", 
      "title": "Rep", 
      "withdrawn_at": null
    }, 
    {
      "district": null, 
      "name": "Sanders, Bernard", 
      "sponsored_at": "2006-05-11", 
      "state": "VT", 
      "thomas_id": "01010", 
      "title": "Rep", 
      "withdrawn_at": null
    }, 
    {
      "district": "3", 
      "name": "Saxton, Jim", 
      "sponsored_at": "2006-05-18", 
      "state": "NJ", 
      "thomas_id": "01023", 
      "title": "Rep", 
      "withdrawn_at": null
    }, 
    {
      "district": "9", 
      "name": "Schakowsky, Janice D.", 
      "sponsored_at": "2006-04-26", 
      "state": "IL", 
      "thomas_id": "01588", 
      "title": "Rep", 
      "withdrawn_at": null
    }, 
    {
      "district": "13", 
      "name": "Schwartz, Allyson Y.", 
      "sponsored_at": "2006-06-15", 
      "state": "PA", 
      "thomas_id": "01798", 
      "title": "Rep", 
      "withdrawn_at": null
    }, 
    {
      "district": "7", 
      "name": "Schwarz, John J.H. \"Joe\"", 
      "sponsored_at": "2006-04-26", 
      "state": "MI", 
      "thomas_id": "01788", 
      "title": "Rep", 
      "withdrawn_at": null
    }, 
    {
      "district": "13", 
      "name": "Scott, David", 
      "sponsored_at": "2006-04-26", 
      "state": "GA", 
      "thomas_id": "01722", 
      "title": "Rep", 
      "withdrawn_at": null
    }, 
    {
      "district": "3", 
      "name": "Scott, Robert C. \"Bobby\"", 
      "sponsored_at": "2006-06-14", 
      "state": "VA", 
      "thomas_id": "01037", 
      "title": "Rep", 
      "withdrawn_at": null
    }, 
    {
      "district": "16", 
      "name": "Serrano, Jose E.", 
      "sponsored_at": "2006-05-09", 
      "state": "NY", 
      "thomas_id": "01042", 
      "title": "Rep", 
      "withdrawn_at": null
    }, 
    {
      "district": "32", 
      "name": "Sessions, Pete", 
      "sponsored_at": "2006-04-26", 
      "state": "TX", 
      "thomas_id": "01525", 
      "title": "Rep", 
      "withdrawn_at": null
    }, 
    {
      "district": "22", 
      "name": "Shaw, E. Clay, Jr.", 
      "sponsored_at": "2006-06-07", 
      "state": "FL", 
      "thomas_id": "01047", 
      "title": "Rep", 
      "withdrawn_at": null
    }, 
    {
      "district": "4", 
      "name": "Shays, Christopher", 
      "sponsored_at": "2006-04-26", 
      "state": "CT", 
      "thomas_id": "01048", 
      "title": "Rep", 
      "withdrawn_at": null
    }, 
    {
      "district": "10", 
      "name": "Sherwood, Don", 
      "sponsored_at": "2006-05-11", 
      "state": "PA", 
      "thomas_id": "01589", 
      "title": "Rep", 
      "withdrawn_at": null
    }, 
    {
      "district": "19", 
      "name": "Shimkus, John", 
      "sponsored_at": "2006-04-26", 
      "state": "IL", 
      "thomas_id": "01527", 
      "title": "Rep", 
      "withdrawn_at": null
    }, 
    {
      "district": "9", 
      "name": "Shuster, Bill", 
      "sponsored_at": "2006-05-17", 
      "state": "PA", 
      "thomas_id": "01681", 
      "title": "Rep", 
      "withdrawn_at": null
    }, 
    {
      "district": "2", 
      "name": "Simmons, Rob", 
      "sponsored_at": "2006-04-26", 
      "state": "CT", 
      "thomas_id": "01642", 
      "title": "Rep", 
      "withdrawn_at": null
    }, 
    {
      "district": "2", 
      "name": "Simpson, Michael K.", 
      "sponsored_at": "2006-04-26", 
      "state": "ID", 
      "thomas_id": "01590", 
      "title": "Rep", 
      "withdrawn_at": null
    }, 
    {
      "district": "28", 
      "name": "Slaughter, Louise McIntosh", 
      "sponsored_at": "2006-05-17", 
      "state": "NY", 
      "thomas_id": "01069", 
      "title": "Rep", 
      "withdrawn_at": null
    }, 
    {
      "district": "9", 
      "name": "Smith, Adam", 
      "sponsored_at": "2006-05-10", 
      "state": "WA", 
      "thomas_id": "01528", 
      "title": "Rep", 
      "withdrawn_at": null
    }, 
    {
      "district": "4", 
      "name": "Smith, Christopher H.", 
      "sponsored_at": "2006-05-02", 
      "state": "NJ", 
      "thomas_id": "01071", 
      "title": "Rep", 
      "withdrawn_at": null
    }, 
    {
      "district": "2", 
      "name": "Snyder, Vic", 
      "sponsored_at": "2006-07-24", 
      "state": "AR", 
      "thomas_id": "01530", 
      "title": "Rep", 
      "withdrawn_at": null
    }, 
    {
      "district": "32", 
      "name": "Solis, Hilda L.", 
      "sponsored_at": "2006-05-09", 
      "state": "CA", 
      "thomas_id": "01636", 
      "title": "Rep", 
      "withdrawn_at": null
    }, 
    {
      "district": "5", 
      "name": "Spratt, John M., Jr.", 
      "sponsored_at": "2006-05-10", 
      "state": "SC", 
      "thomas_id": "01092", 
      "title": "Rep", 
      "withdrawn_at": null
    }, 
    {
      "district": "13", 
      "name": "Stark, Fortney Pete", 
      "sponsored_at": "2006-05-17", 
      "state": "CA", 
      "thomas_id": "01101", 
      "title": "Rep", 
      "withdrawn_at": null
    }, 
    {
      "district": "6", 
      "name": "Strickland, Ted", 
      "sponsored_at": "2006-04-26", 
      "state": "OH", 
      "thomas_id": "01118", 
      "title": "Rep", 
      "withdrawn_at": null
    }, 
    {
      "district": "1", 
      "name": "Stupak, Bart", 
      "sponsored_at": "2006-05-10", 
      "state": "MI", 
      "thomas_id": "01123", 
      "title": "Rep", 
      "withdrawn_at": null
    }, 
    {
      "district": "20", 
      "name": "Sweeney, John E.", 
      "sponsored_at": "2006-04-26", 
      "state": "NY", 
      "thomas_id": "01591", 
      "title": "Rep", 
      "withdrawn_at": null
    }, 
    {
      "district": "2", 
      "name": "Terry, Lee", 
      "sponsored_at": "2006-04-26", 
      "state": "NE", 
      "thomas_id": "01566", 
      "title": "Rep", 
      "withdrawn_at": null
    }, 
    {
      "district": "2", 
      "name": "Thompson, Bennie G.", 
      "sponsored_at": "2006-05-19", 
      "state": "MS", 
      "thomas_id": "01151", 
      "title": "Rep", 
      "withdrawn_at": null
    }, 
    {
      "district": "1", 
      "name": "Thompson, Mike", 
      "sponsored_at": "2006-05-10", 
      "state": "CA", 
      "thomas_id": "01593", 
      "title": "Rep", 
      "withdrawn_at": null
    }, 
    {
      "district": "13", 
      "name": "Thornberry, Mac", 
      "sponsored_at": "2006-06-07", 
      "state": "TX", 
      "thomas_id": "01155", 
      "title": "Rep", 
      "withdrawn_at": null
    }, 
    {
      "district": "6", 
      "name": "Tierney, John F.", 
      "sponsored_at": "2006-05-25", 
      "state": "MA", 
      "thomas_id": "01535", 
      "title": "Rep", 
      "withdrawn_at": null
    }, 
    {
      "district": "10", 
      "name": "Towns, Edolphus", 
      "sponsored_at": "2006-04-26", 
      "state": "NY", 
      "thomas_id": "01165", 
      "title": "Rep", 
      "withdrawn_at": null
    }, 
    {
      "district": "2", 
      "name": "Udall, Mark", 
      "sponsored_at": "2006-05-10", 
      "state": "CO", 
      "thomas_id": "01595", 
      "title": "Rep", 
      "withdrawn_at": null
    }, 
    {
      "district": "3", 
      "name": "Udall, Tom", 
      "sponsored_at": "2006-05-18", 
      "state": "NM", 
      "thomas_id": "01567", 
      "title": "Rep", 
      "withdrawn_at": null
    }, 
    {
      "district": "6", 
      "name": "Upton, Fred", 
      "sponsored_at": "2006-04-26", 
      "state": "MI", 
      "thomas_id": "01177", 
      "title": "Rep", 
      "withdrawn_at": null
    }, 
    {
      "district": "8", 
      "name": "Van Hollen, Chris", 
      "sponsored_at": "2006-05-10", 
      "state": "MD", 
      "thomas_id": "01729", 
      "title": "Rep", 
      "withdrawn_at": null
    }, 
    {
      "district": "12", 
      "name": "Velazquez, Nydia M.", 
      "sponsored_at": "2006-05-02", 
      "state": "NY", 
      "thomas_id": "01184", 
      "title": "Rep", 
      "withdrawn_at": null
    }, 
    {
      "district": "2", 
      "name": "Walden, Greg", 
      "sponsored_at": "2006-04-26", 
      "state": "OR", 
      "thomas_id": "01596", 
      "title": "Rep", 
      "withdrawn_at": null
    }, 
    {
      "district": "25", 
      "name": "Walsh, James T.", 
      "sponsored_at": "2006-05-09", 
      "state": "NY", 
      "thomas_id": "01197", 
      "title": "Rep", 
      "withdrawn_at": null
    }, 
    {
      "district": "20", 
      "name": "Wasserman Schultz, Debbie", 
      "sponsored_at": "2006-06-07", 
      "state": "FL", 
      "thomas_id": "01777", 
      "title": "Rep", 
      "withdrawn_at": null
    }, 
    {
      "district": "35", 
      "name": "Waters, Maxine", 
      "sponsored_at": "2006-06-15", 
      "state": "CA", 
      "thomas_id": "01205", 
      "title": "Rep", 
      "withdrawn_at": null
    }, 
    {
      "district": "30", 
      "name": "Waxman, Henry A.", 
      "sponsored_at": "2006-04-26", 
      "state": "CA", 
      "thomas_id": "01209", 
      "title": "Rep", 
      "withdrawn_at": null
    }, 
    {
      "district": "9", 
      "name": "Weiner, Anthony D.", 
      "sponsored_at": "2006-05-23", 
      "state": "NY", 
      "thomas_id": "01597", 
      "title": "Rep", 
      "withdrawn_at": null
    }, 
    {
      "district": "11", 
      "name": "Weller, Jerry", 
      "sponsored_at": "2006-05-25", 
      "state": "IL", 
      "thomas_id": "01216", 
      "title": "Rep", 
      "withdrawn_at": null
    }, 
    {
      "district": "19", 
      "name": "Wexler, Robert", 
      "sponsored_at": "2006-06-06", 
      "state": "FL", 
      "thomas_id": "01537", 
      "title": "Rep", 
      "withdrawn_at": null
    }, 
    {
      "district": "1", 
      "name": "Wicker, Roger F.", 
      "sponsored_at": "2006-05-23", 
      "state": "MS", 
      "thomas_id": "01226", 
      "title": "Rep", 
      "withdrawn_at": null
    }, 
    {
      "district": "1", 
      "name": "Wilson, Heather", 
      "sponsored_at": "2006-05-16", 
      "state": "NM", 
      "thomas_id": "01539", 
      "title": "Rep", 
      "withdrawn_at": null
    }, 
    {
      "district": "6", 
      "name": "Woolsey, Lynn C.", 
      "sponsored_at": "2006-04-26", 
      "state": "CA", 
      "thomas_id": "01242", 
      "title": "Rep", 
      "withdrawn_at": null
    }, 
    {
      "district": "1", 
      "name": "Wu, David", 
      "sponsored_at": "2006-06-20", 
      "state": "OR", 
      "thomas_id": "01598", 
      "title": "Rep", 
      "withdrawn_at": null
    }, 
    {
      "district": "4", 
      "name": "Wynn, Albert Russell", 
      "sponsored_at": "2006-04-26", 
      "state": "MD", 
      "thomas_id": "01251", 
      "title": "Rep", 
      "withdrawn_at": null
    }, 
    {
      "district": null, 
      "name": "Young, Don", 
      "sponsored_at": "2006-06-14", 
      "state": "AK", 
      "thomas_id": "01256", 
      "title": "Rep", 
      "withdrawn_at": null
    }
  ], 
  "enacted_as": null, 
  "history": {
    "awaiting_signature": false, 
    "enacted": false, 
    "vetoed": false
  }, 
  "introduced_at": "2006-04-26", 
  "number": "5201", 
  "official_title": "To amend the Public Health Service Act to provide additional authorizations of appropriations for the health centers program under section 330 of such Act.", 
  "popular_title": null, 
  "related_bills": [
    {
      "bill_id": "hr5573-109", 
      "reason": "related"
    }, 
    {
      "bill_id": "s3771-109", 
      "reason": "identical"
    }
  ], 
  "short_title": "Health Centers Renewal Act of 2006", 
  "sponsor": {
    "district": "9", 
    "name": "Bilirakis, Michael", 
    "state": "FL", 
    "thomas_id": "00089", 
    "title": "Rep", 
    "type": "person"
  }, 
  "status": "REFERRED", 
  "status_at": "2006-04-26", 
  "subjects": [
    "Access to health care", 
    "Authorization", 
    "Clinics", 
    "Community health services", 
    "Department of Health and Human Services", 
    "Economics and public finance", 
    "Federal aid to health facilities", 
    "Government operations and politics", 
    "Health"
  ], 
  "subjects_top_term": "Health", 
  "summary": {
    "as": "Introduced", 
    "date": "2006-04-26", 
    "text": "Health Centers Renewal Act of 2006 - Amends the Public Health Service Act to authorize appropriations for FY2007-FY2011 for health centers to meet the health care needs of medically underserved populations."
  }, 
  "titles": [
    {
      "as": "introduced", 
      "title": "Health Centers Renewal Act of 2006", 
      "type": "short"
    }, 
    {
      "as": "introduced", 
      "title": "To amend the Public Health Service Act to provide additional authorizations of appropriations for the health centers program under section 330 of such Act.", 
      "type": "official"
    }
  ], 
  "updated_at": "2013-02-02T20:41:30-05:00"
}