{
  "actions": [
    {
      "acted_at": "2005-01-04", 
      "committee": "House Committee on Energy and Commerce", 
      "references": [], 
      "status": "REFERRED", 
      "text": "Referred to the House Committee on Energy and Commerce.", 
      "type": "referral"
    }, 
    {
      "acted_at": "2005-02-04", 
      "in_committee": "House Committee on Energy and Commerce", 
      "references": [], 
      "subcommittee": "Health", 
      "text": "Referred to the Subcommittee on Health.", 
      "type": "referral"
    }
  ], 
  "amendments": [], 
  "bill_id": "hr69-109", 
  "bill_type": "hr", 
  "committees": [
    {
      "activity": [
        "referral", 
        "in committee"
      ], 
      "committee": "House Energy and Commerce", 
      "committee_id": "HSIF"
    }, 
    {
      "activity": [
        "referral"
      ], 
      "committee": "House Energy and Commerce", 
      "committee_id": "HSIF", 
      "subcommittee": "Subcommittee on Health", 
      "subcommittee_id": "14"
    }
  ], 
  "congress": "109", 
  "cosponsors": [
    {
      "district": "2", 
      "name": "Akin, W. Todd", 
      "sponsored_at": "2005-02-02", 
      "state": "MO", 
      "thomas_id": "01655", 
      "title": "Rep", 
      "withdrawn_at": null
    }, 
    {
      "district": "3", 
      "name": "Barrett, J. Gresham", 
      "sponsored_at": "2005-02-17", 
      "state": "SC", 
      "thomas_id": "01745", 
      "title": "Rep", 
      "withdrawn_at": null
    }, 
    {
      "district": "6", 
      "name": "Bartlett, Roscoe G.", 
      "sponsored_at": "2005-02-02", 
      "state": "MD", 
      "thomas_id": "00060", 
      "title": "Rep", 
      "withdrawn_at": null
    }, 
    {
      "district": "3", 
      "name": "Boozman, John", 
      "sponsored_at": "2005-02-02", 
      "state": "AR", 
      "thomas_id": "01687", 
      "title": "Rep", 
      "withdrawn_at": null
    }, 
    {
      "district": "8", 
      "name": "Brady, Kevin", 
      "sponsored_at": "2005-02-02", 
      "state": "TX", 
      "thomas_id": "01468", 
      "title": "Rep", 
      "withdrawn_at": null
    }, 
    {
      "district": "1", 
      "name": "Brown, Henry E., Jr.", 
      "sponsored_at": "2005-02-02", 
      "state": "SC", 
      "thomas_id": "01669", 
      "title": "Rep", 
      "withdrawn_at": null
    }, 
    {
      "district": "5", 
      "name": "Burton, Dan", 
      "sponsored_at": "2005-02-02", 
      "state": "IN", 
      "thomas_id": "00154", 
      "title": "Rep", 
      "withdrawn_at": null
    }, 
    {
      "district": "11", 
      "name": "Conaway, K. Michael", 
      "sponsored_at": "2005-12-14", 
      "state": "TX", 
      "thomas_id": "01805", 
      "title": "Rep", 
      "withdrawn_at": null
    }, 
    {
      "district": "4", 
      "name": "Forbes, J. Randy", 
      "sponsored_at": "2005-02-09", 
      "state": "VA", 
      "thomas_id": "01683", 
      "title": "Rep", 
      "withdrawn_at": null
    }, 
    {
      "district": null, 
      "name": "Fortuno, Luis G.", 
      "sponsored_at": "2005-02-09", 
      "state": "PR", 
      "thomas_id": "01800", 
      "title": "Rep", 
      "withdrawn_at": null
    }, 
    {
      "district": "5", 
      "name": "Foxx, Virginia", 
      "sponsored_at": "2006-02-15", 
      "state": "NC", 
      "thomas_id": "01791", 
      "title": "Rep", 
      "withdrawn_at": null
    }, 
    {
      "district": "5", 
      "name": "Garrett, Scott", 
      "sponsored_at": "2005-02-02", 
      "state": "NJ", 
      "thomas_id": "01737", 
      "title": "Rep", 
      "withdrawn_at": null
    }, 
    {
      "district": "5", 
      "name": "Gillmor, Paul E.", 
      "sponsored_at": "2005-02-09", 
      "state": "OH", 
      "thomas_id": "00439", 
      "title": "Rep", 
      "withdrawn_at": null
    }, 
    {
      "district": "8", 
      "name": "Green, Mark", 
      "sponsored_at": "2005-02-09", 
      "state": "WI", 
      "thomas_id": "01559", 
      "title": "Rep", 
      "withdrawn_at": null
    }, 
    {
      "district": "4", 
      "name": "Hall, Ralph M.", 
      "sponsored_at": "2005-02-09", 
      "state": "TX", 
      "thomas_id": "00484", 
      "title": "Rep", 
      "withdrawn_at": null
    }, 
    {
      "district": "8", 
      "name": "Hostettler, John N.", 
      "sponsored_at": "2005-02-09", 
      "state": "IN", 
      "thomas_id": "00562", 
      "title": "Rep", 
      "withdrawn_at": null
    }, 
    {
      "district": "4", 
      "name": "Inglis, Bob", 
      "sponsored_at": "2005-12-15", 
      "state": "SC", 
      "thomas_id": "00582", 
      "title": "Rep", 
      "withdrawn_at": null
    }, 
    {
      "district": "49", 
      "name": "Issa, Darrell E.", 
      "sponsored_at": "2005-02-09", 
      "state": "CA", 
      "thomas_id": "01640", 
      "title": "Rep", 
      "withdrawn_at": null
    }, 
    {
      "district": "5", 
      "name": "King, Steve", 
      "sponsored_at": "2005-02-02", 
      "state": "IA", 
      "thomas_id": "01724", 
      "title": "Rep", 
      "withdrawn_at": null
    }, 
    {
      "district": "18", 
      "name": "LaHood, Ray", 
      "sponsored_at": "2005-02-09", 
      "state": "IL", 
      "thomas_id": "00659", 
      "title": "Rep", 
      "withdrawn_at": null
    }, 
    {
      "district": "3", 
      "name": "Lipinski, Daniel", 
      "sponsored_at": "2005-02-17", 
      "state": "IL", 
      "thomas_id": "01781", 
      "title": "Rep", 
      "withdrawn_at": null
    }, 
    {
      "district": "16", 
      "name": "Manzullo, Donald A.", 
      "sponsored_at": "2005-02-09", 
      "state": "IL", 
      "thomas_id": "00733", 
      "title": "Rep", 
      "withdrawn_at": null
    }, 
    {
      "district": "10", 
      "name": "McCaul, Michael T.", 
      "sponsored_at": "2005-04-13", 
      "state": "TX", 
      "thomas_id": "01804", 
      "title": "Rep", 
      "withdrawn_at": null
    }, 
    {
      "district": "11", 
      "name": "McCotter, Thaddeus G.", 
      "sponsored_at": "2005-02-09", 
      "state": "MI", 
      "thomas_id": "01732", 
      "title": "Rep", 
      "withdrawn_at": null
    }, 
    {
      "district": "1", 
      "name": "Miller, Jeff", 
      "sponsored_at": "2005-02-09", 
      "state": "FL", 
      "thomas_id": "01685", 
      "title": "Rep", 
      "withdrawn_at": null
    }, 
    {
      "district": "3", 
      "name": "Northup, Anne M.", 
      "sponsored_at": "2006-02-15", 
      "state": "KY", 
      "thomas_id": "01508", 
      "title": "Rep", 
      "withdrawn_at": null
    }, 
    {
      "district": "14", 
      "name": "Paul, Ron", 
      "sponsored_at": "2005-02-02", 
      "state": "TX", 
      "thomas_id": "00900", 
      "title": "Rep", 
      "withdrawn_at": null
    }, 
    {
      "district": "10", 
      "name": "Payne, Donald M.", 
      "sponsored_at": "2005-11-17", 
      "state": "NJ", 
      "thomas_id": "00902", 
      "title": "Rep", 
      "withdrawn_at": null
    }, 
    {
      "district": "3", 
      "name": "Pickering, Charles W. \"Chip\"", 
      "sponsored_at": "2005-06-21", 
      "state": "MS", 
      "thomas_id": "01513", 
      "title": "Rep", 
      "withdrawn_at": null
    }, 
    {
      "district": "16", 
      "name": "Pitts, Joseph R.", 
      "sponsored_at": "2005-02-02", 
      "state": "PA", 
      "thomas_id": "01514", 
      "title": "Rep", 
      "withdrawn_at": null
    }, 
    {
      "district": "18", 
      "name": "Ros-Lehtinen, Ileana", 
      "sponsored_at": "2005-02-02", 
      "state": "FL", 
      "thomas_id": "00985", 
      "title": "Rep", 
      "withdrawn_at": null
    }, 
    {
      "district": null, 
      "name": "Sanders, Bernard", 
      "sponsored_at": "2005-02-15", 
      "state": "VT", 
      "thomas_id": "01010", 
      "title": "Rep", 
      "withdrawn_at": null
    }, 
    {
      "district": "32", 
      "name": "Sessions, Pete", 
      "sponsored_at": "2005-02-02", 
      "state": "TX", 
      "thomas_id": "01525", 
      "title": "Rep", 
      "withdrawn_at": null
    }, 
    {
      "district": "2", 
      "name": "Simpson, Michael K.", 
      "sponsored_at": "2005-02-02", 
      "state": "ID", 
      "thomas_id": "01590", 
      "title": "Rep", 
      "withdrawn_at": null
    }, 
    {
      "district": "4", 
      "name": "Smith, Christopher H.", 
      "sponsored_at": "2005-02-02", 
      "state": "NJ", 
      "thomas_id": "01071", 
      "title": "Rep", 
      "withdrawn_at": null
    }, 
    {
      "district": "9", 
      "name": "Sodrel, Michael E.", 
      "sponsored_at": "2005-02-09", 
      "state": "IN", 
      "thomas_id": "01783", 
      "title": "Rep", 
      "withdrawn_at": null
    }, 
    {
      "district": "3", 
      "name": "Souder, Mark E.", 
      "sponsored_at": "2005-02-09", 
      "state": "IN", 
      "thomas_id": "01089", 
      "title": "Rep", 
      "withdrawn_at": null
    }, 
    {
      "district": "4", 
      "name": "Taylor, Gene", 
      "sponsored_at": "2005-02-17", 
      "state": "MS", 
      "thomas_id": "01142", 
      "title": "Rep", 
      "withdrawn_at": null
    }, 
    {
      "district": "2", 
      "name": "Terry, Lee", 
      "sponsored_at": "2005-02-09", 
      "state": "NE", 
      "thomas_id": "01566", 
      "title": "Rep", 
      "withdrawn_at": null
    }, 
    {
      "district": "1", 
      "name": "Wicker, Roger F.", 
      "sponsored_at": "2005-02-02", 
      "state": "MS", 
      "thomas_id": "01226", 
      "title": "Rep", 
      "withdrawn_at": null
    }, 
    {
      "district": "2", 
      "name": "Wilson, Joe", 
      "sponsored_at": "2005-02-02", 
      "state": "SC", 
      "thomas_id": "01688", 
      "title": "Rep", 
      "withdrawn_at": null
    }, 
    {
      "district": "10", 
      "name": "Wolf, Frank R.", 
      "sponsored_at": "2005-02-02", 
      "state": "VA", 
      "thomas_id": "01238", 
      "title": "Rep", 
      "withdrawn_at": null
    }
  ], 
  "enacted_as": null, 
  "history": {
    "awaiting_signature": false, 
    "enacted": false, 
    "vetoed": false
  }, 
  "introduced_at": "2005-01-04", 
  "number": "69", 
  "official_title": "To require assurances that certain family planning service projects and programs will provide pamphlets containing the contact information of adoption centers.", 
  "popular_title": null, 
  "related_bills": [], 
  "short_title": "Adoption Information Act", 
  "sponsor": {
    "district": "1", 
    "name": "Davis, Jo Ann", 
    "state": "VA", 
    "thomas_id": "01672", 
    "title": "Rep", 
    "type": "person"
  }, 
  "status": "REFERRED", 
  "status_at": "2005-01-04", 
  "subjects": [
    "Adoption", 
    "Birth control", 
    "Economics and public finance", 
    "Families", 
    "Government operations and politics", 
    "Government publications", 
    "Government publicity", 
    "Grants-in-aid", 
    "Health"
  ], 
  "subjects_top_term": "Health", 
  "summary": {
    "as": "Introduced", 
    "date": "2005-01-04", 
    "text": "Adoption Information Act - Amends the Public Health Service Act to require family planning service projects or programs, as a condition of receiving certain grants or contracts, to assure the Secretary of Health and Human Services that they will provide to each person who inquires about their services a pamphlet containing a comprehensive list of adoption centers in their State. Directs the Secretary to prepare, annually update, and distribute such pamphlets to such projects or programs."
  }, 
  "titles": [
    {
      "as": "introduced", 
      "title": "Adoption Information Act", 
      "type": "short"
    }, 
    {
      "as": "introduced", 
      "title": "To require assurances that certain family planning service projects and programs will provide pamphlets containing the contact information of adoption centers.", 
      "type": "official"
    }
  ], 
  "updated_at": "2013-02-02T20:39:07-05:00"
}