{
  "actions": [
    {
      "acted_at": "2006-05-03", 
      "committee": "House Committee on Energy and Commerce", 
      "references": [], 
      "status": "REFERRED", 
      "text": "Referred to the House Committee on Energy and Commerce.", 
      "type": "referral"
    }, 
    {
      "acted_at": "2006-05-15", 
      "in_committee": "House Committee on Energy and Commerce", 
      "references": [], 
      "subcommittee": "Health", 
      "text": "Referred to the Subcommittee on Health.", 
      "type": "referral"
    }
  ], 
  "amendments": [], 
  "bill_id": "hr5284-109", 
  "bill_type": "hr", 
  "committees": [
    {
      "activity": [
        "referral", 
        "in committee"
      ], 
      "committee": "House Energy and Commerce", 
      "committee_id": "HSIF"
    }, 
    {
      "activity": [
        "referral"
      ], 
      "committee": "House Energy and Commerce", 
      "committee_id": "HSIF", 
      "subcommittee": "Subcommittee on Health", 
      "subcommittee_id": "14"
    }
  ], 
  "congress": "109", 
  "cosponsors": [], 
  "enacted_as": null, 
  "history": {
    "awaiting_signature": false, 
    "enacted": false, 
    "vetoed": false
  }, 
  "introduced_at": "2006-05-03", 
  "number": "5284", 
  "official_title": "To establish an interagency task force to develop a national strategy to combat the increase in infertility in the United States.", 
  "popular_title": null, 
  "related_bills": [], 
  "short_title": null, 
  "sponsor": {
    "district": "6", 
    "name": "Pallone, Frank, Jr.", 
    "state": "NJ", 
    "thomas_id": "00887", 
    "title": "Rep", 
    "type": "person"
  }, 
  "status": "REFERRED", 
  "status_at": "2006-05-03", 
  "subjects": [
    "Commerce", 
    "Congressional reporting requirements", 
    "Curricula", 
    "Education", 
    "Federal advisory bodies", 
    "Federal-local relations", 
    "Federal-state relations", 
    "Government operations and politics", 
    "Health", 
    "Health education", 
    "Higher education", 
    "Medical education", 
    "Medical research", 
    "Medical statistics", 
    "Preventive medicine", 
    "Public-private partnerships", 
    "Reproduction", 
    "Scholarships", 
    "Science, technology, communications"
  ], 
  "subjects_top_term": "Health", 
  "summary": {
    "as": "Introduced", 
    "date": "2006-05-03", 
    "text": "Establishes the Infertility Prevention Task Force to develop a federal strategy to facilitate activities to prevent infertility, including strategies for: (1) maximizing cooperation among federal departments and agencies and the use of resources in compiling data on the incidence of infertility; (2) coordinating and encouraging research on the causes and treatment of infertility; (3) developing federal policies to promote public awareness of the causes of infertility; (4) creating an infertility prevention curriculum to serve as a model for medical schools; and (5) establishing partnerships with industry, organized labor, academia, and state and local governments to collect and disseminate information on infertility prevention and coordinate appropriate agency resources in the area of infertility prevention."
  }, 
  "titles": [
    {
      "as": "introduced", 
      "title": "To establish an interagency task force to develop a national strategy to combat the increase in infertility in the United States.", 
      "type": "official"
    }
  ], 
  "updated_at": "2013-02-02T20:41:32-05:00"
}