{
  "actions": [
    {
      "acted_at": "2005-01-04", 
      "committee": "House Committee on Resources", 
      "references": [], 
      "status": "REFERRED", 
      "text": "Referred to the House Committee on Resources.", 
      "type": "referral"
    }, 
    {
      "acted_at": "2005-02-03", 
      "in_committee": "House Committee on Resources", 
      "references": [], 
      "subcommittee": "National Parks, Recreation and Public Lands", 
      "text": "Referred to the Subcommittee on National Parks, Recreation and Public Lands.", 
      "type": "referral"
    }
  ], 
  "amendments": [], 
  "bill_id": "hr189-109", 
  "bill_type": "hr", 
  "committees": [
    {
      "activity": [
        "referral", 
        "in committee"
      ], 
      "committee": "House Resources", 
      "committee_id": "HSII"
    }, 
    {
      "activity": [
        "referral"
      ], 
      "committee": "House Resources", 
      "committee_id": "HSII", 
      "subcommittee": "Subcommittee on National Parks, Recreation, and Public Lands", 
      "subcommittee_id": "10"
    }
  ], 
  "congress": "109", 
  "cosponsors": [], 
  "enacted_as": null, 
  "history": {
    "awaiting_signature": false, 
    "enacted": false, 
    "vetoed": false
  }, 
  "introduced_at": "2005-01-04", 
  "number": "189", 
  "official_title": "To provide for the retention of the name of Mount McKinley.", 
  "popular_title": null, 
  "related_bills": [], 
  "short_title": null, 
  "sponsor": {
    "district": "16", 
    "name": "Regula, Ralph", 
    "state": "OH", 
    "thomas_id": "00951", 
    "title": "Rep", 
    "type": "person"
  }, 
  "status": "REFERRED", 
  "status_at": "2005-01-04", 
  "subjects": [
    "Alaska", 
    "Commemorations", 
    "Government operations and politics", 
    "History", 
    "McKinley Administration", 
    "Mountains", 
    "Names", 
    "Public lands and natural resources"
  ], 
  "subjects_top_term": "Public lands and natural resources", 
  "summary": {
    "as": "Introduced", 
    "date": "2005-01-04", 
    "text": "Requires retention of the name of Mount McKinley in Alaska."
  }, 
  "titles": [
    {
      "as": "introduced", 
      "title": "To provide for the retention of the name of Mount McKinley.", 
      "type": "official"
    }
  ], 
  "updated_at": "2013-02-02T20:39:10-05:00"
}