{
  "actions": [
    {
      "acted_at": "2006-05-19", 
      "committee": "House Committee on Government Reform", 
      "references": [], 
      "status": "REFERRED", 
      "text": "Referred to the House Committee on Government Reform.", 
      "type": "referral"
    }, 
    {
      "acted_at": "2006-06-08", 
      "in_committee": "House Committee on Government Reform", 
      "references": [], 
      "text": "Committee Consideration and Mark-up Session Held.", 
      "type": "action"
    }, 
    {
      "acted_at": "2006-06-08", 
      "in_committee": "House Committee on Government Reform", 
      "references": [], 
      "status": "REPORTED", 
      "text": "Ordered to be Reported by Unanimous Consent.", 
      "type": "calendar"
    }
  ], 
  "amendments": [], 
  "bill_id": "hr5426-109", 
  "bill_type": "hr", 
  "committees": [
    {
      "activity": [
        "referral", 
        "markup", 
        "in committee"
      ], 
      "committee": "House Government Reform", 
      "committee_id": "HSGO"
    }
  ], 
  "congress": "109", 
  "cosponsors": [
    {
      "district": "8", 
      "name": "Bean, Melissa L.", 
      "sponsored_at": "2006-05-19", 
      "state": "IL", 
      "thomas_id": "01782", 
      "title": "Rep", 
      "withdrawn_at": null
    }, 
    {
      "district": "13", 
      "name": "Biggert, Judy", 
      "sponsored_at": "2006-05-19", 
      "state": "IL", 
      "thomas_id": "01577", 
      "title": "Rep", 
      "withdrawn_at": null
    }, 
    {
      "district": "12", 
      "name": "Costello, Jerry F.", 
      "sponsored_at": "2006-05-19", 
      "state": "IL", 
      "thomas_id": "00238", 
      "title": "Rep", 
      "withdrawn_at": null
    }, 
    {
      "district": "7", 
      "name": "Davis, Danny K.", 
      "sponsored_at": "2006-05-19", 
      "state": "IL", 
      "thomas_id": "01477", 
      "title": "Rep", 
      "withdrawn_at": null
    }, 
    {
      "district": "5", 
      "name": "Emanuel, Rahm", 
      "sponsored_at": "2006-05-19", 
      "state": "IL", 
      "thomas_id": "01725", 
      "title": "Rep", 
      "withdrawn_at": null
    }, 
    {
      "district": "17", 
      "name": "Evans, Lane", 
      "sponsored_at": "2006-05-19", 
      "state": "IL", 
      "thomas_id": "00361", 
      "title": "Rep", 
      "withdrawn_at": null
    }, 
    {
      "district": "4", 
      "name": "Gutierrez, Luis V.", 
      "sponsored_at": "2006-05-19", 
      "state": "IL", 
      "thomas_id": "00478", 
      "title": "Rep", 
      "withdrawn_at": null
    }, 
    {
      "district": "14", 
      "name": "Hastert, J. Dennis", 
      "sponsored_at": "2006-05-19", 
      "state": "IL", 
      "thomas_id": "00510", 
      "title": "Rep", 
      "withdrawn_at": null
    }, 
    {
      "district": "6", 
      "name": "Hyde, Henry J.", 
      "sponsored_at": "2006-05-19", 
      "state": "IL", 
      "thomas_id": "00580", 
      "title": "Rep", 
      "withdrawn_at": null
    }, 
    {
      "district": "2", 
      "name": "Jackson, Jesse L., Jr.", 
      "sponsored_at": "2006-05-19", 
      "state": "IL", 
      "thomas_id": "00587", 
      "title": "Rep", 
      "withdrawn_at": null
    }, 
    {
      "district": "15", 
      "name": "Johnson, Timothy V.", 
      "sponsored_at": "2006-05-19", 
      "state": "IL", 
      "thomas_id": "01648", 
      "title": "Rep", 
      "withdrawn_at": null
    }, 
    {
      "district": "10", 
      "name": "Kirk, Mark Steven", 
      "sponsored_at": "2006-05-19", 
      "state": "IL", 
      "thomas_id": "01647", 
      "title": "Rep", 
      "withdrawn_at": null
    }, 
    {
      "district": "18", 
      "name": "LaHood, Ray", 
      "sponsored_at": "2006-05-19", 
      "state": "IL", 
      "thomas_id": "00659", 
      "title": "Rep", 
      "withdrawn_at": null
    }, 
    {
      "district": "3", 
      "name": "Lipinski, Daniel", 
      "sponsored_at": "2006-05-19", 
      "state": "IL", 
      "thomas_id": "01781", 
      "title": "Rep", 
      "withdrawn_at": null
    }, 
    {
      "district": "16", 
      "name": "Manzullo, Donald A.", 
      "sponsored_at": "2006-05-19", 
      "state": "IL", 
      "thomas_id": "00733", 
      "title": "Rep", 
      "withdrawn_at": null
    }, 
    {
      "district": "1", 
      "name": "Rush, Bobby L.", 
      "sponsored_at": "2006-05-19", 
      "state": "IL", 
      "thomas_id": "01003", 
      "title": "Rep", 
      "withdrawn_at": null
    }, 
    {
      "district": "9", 
      "name": "Schakowsky, Janice D.", 
      "sponsored_at": "2006-05-19", 
      "state": "IL", 
      "thomas_id": "01588", 
      "title": "Rep", 
      "withdrawn_at": null
    }, 
    {
      "district": "19", 
      "name": "Shimkus, John", 
      "sponsored_at": "2006-05-19", 
      "state": "IL", 
      "thomas_id": "01527", 
      "title": "Rep", 
      "withdrawn_at": null
    }
  ], 
  "enacted_as": null, 
  "history": {
    "awaiting_signature": false, 
    "enacted": false, 
    "vetoed": false
  }, 
  "introduced_at": "2006-05-19", 
  "number": "5426", 
  "official_title": "To designate the facility of the United States Postal Service located at 326 South Main Street in Princeton, Illinois, as the \"Congressman Owen Lovejoy Post Office Building\".", 
  "popular_title": null, 
  "related_bills": [], 
  "short_title": null, 
  "sponsor": {
    "district": "11", 
    "name": "Weller, Jerry", 
    "state": "IL", 
    "thomas_id": "01216", 
    "title": "Rep", 
    "type": "person"
  }, 
  "status": "REPORTED", 
  "status_at": "2006-06-08", 
  "subjects": [
    "Commemorations", 
    "Congress", 
    "Congressional tributes", 
    "Ex-Members of Congress", 
    "Government operations and politics", 
    "House of Representatives", 
    "Illinois", 
    "Names", 
    "Postal facilities"
  ], 
  "subjects_top_term": "Commemorations", 
  "summary": {
    "as": "Introduced", 
    "date": "2006-05-19", 
    "text": "Designates the facility of the United States Postal Service located at 326 South Main Street in Princeton, Illinois, as the \"Congressman Owen Lovejoy Post Office Building.\""
  }, 
  "titles": [
    {
      "as": "introduced", 
      "title": "To designate the facility of the United States Postal Service located at 326 South Main Street in Princeton, Illinois, as the \"Congressman Owen Lovejoy Post Office Building\".", 
      "type": "official"
    }
  ], 
  "updated_at": "2013-02-02T20:41:36-05:00"
}