{
  "actions": [
    {
      "acted_at": "2006-05-25", 
      "committee": "House Committee on Financial Services", 
      "references": [], 
      "status": "REFERRED", 
      "text": "Referred to the House Committee on Financial Services.", 
      "type": "referral"
    }, 
    {
      "acted_at": "2006-07-18", 
      "in_committee": "House Committee on Financial Services", 
      "references": [], 
      "subcommittee": "Housing and Community Opportunity", 
      "text": "Referred to the Subcommittee on Housing and Community Opportunity.", 
      "type": "referral"
    }
  ], 
  "amendments": [], 
  "bill_id": "hr5512-109", 
  "bill_type": "hr", 
  "committees": [
    {
      "activity": [
        "referral", 
        "in committee"
      ], 
      "committee": "House Financial Services", 
      "committee_id": "HSBA"
    }, 
    {
      "activity": [
        "referral"
      ], 
      "committee": "House Financial Services", 
      "committee_id": "HSBA", 
      "subcommittee": "Subcommittee on Housing and Community Opportunity", 
      "subcommittee_id": "04"
    }
  ], 
  "congress": "109", 
  "cosponsors": [
    {
      "district": "5", 
      "name": "Kildee, Dale E.", 
      "sponsored_at": "2006-05-25", 
      "state": "MI", 
      "thomas_id": "00631", 
      "title": "Rep", 
      "withdrawn_at": null
    }
  ], 
  "enacted_as": null, 
  "history": {
    "awaiting_signature": false, 
    "enacted": false, 
    "vetoed": false
  }, 
  "introduced_at": "2006-05-25", 
  "number": "5512", 
  "official_title": "To direct the Secretary of Housing and Urban Development to establish an urban blight demolition program to provide grants for the demolition of condemned and tax-foreclosed residential housing.", 
  "popular_title": null, 
  "related_bills": [], 
  "short_title": "Urban Development Act of 2006", 
  "sponsor": {
    "district": "17", 
    "name": "Ryan, Tim", 
    "state": "OH", 
    "thomas_id": "01756", 
    "title": "Rep", 
    "type": "person"
  }, 
  "status": "REFERRED", 
  "status_at": "2006-05-25", 
  "subjects": [
    "Congressional reporting requirements", 
    "Economics and public finance", 
    "Federal aid to housing", 
    "Housing and community development", 
    "Housing statistics", 
    "Parks", 
    "Public lands and natural resources", 
    "Sports and recreation", 
    "Trails", 
    "Urban affairs", 
    "Urban housing", 
    "Urban renewal"
  ], 
  "subjects_top_term": "Housing and community development", 
  "summary": {
    "as": "Introduced", 
    "date": "2006-05-25", 
    "text": "Urban Development Act of 2006 - Instructs the Secretary of Housing and Urban Development to establish an urban blight demolition program. Authorizes the Secretary to award grants to eligible recipients to demolish condemned or tax-foreclosed residential housing in urban areas, including: (1) remediation of the demolition sites prior to demolition; and (2) rehabilitation of the demolition sites to public use spaces."
  }, 
  "titles": [
    {
      "as": "introduced", 
      "title": "Urban Development Act of 2006", 
      "type": "short"
    }, 
    {
      "as": "introduced", 
      "title": "To direct the Secretary of Housing and Urban Development to establish an urban blight demolition program to provide grants for the demolition of condemned and tax-foreclosed residential housing.", 
      "type": "official"
    }
  ], 
  "updated_at": "2013-02-02T20:41:39-05:00"
}