{
  "actions": [
    {
      "acted_at": "2005-06-14", 
      "committee": "House Committee on Financial Services", 
      "references": [], 
      "status": "REFERRED", 
      "text": "Referred to the House Committee on Financial Services.", 
      "type": "referral"
    }, 
    {
      "acted_at": "2005-07-29", 
      "in_committee": "House Committee on Financial Services", 
      "references": [], 
      "subcommittee": "Domestic and International Monetary Policy, Trade, and Technology", 
      "text": "Referred to the Subcommittee on Domestic and International Monetary Policy, Trade, and Technology.", 
      "type": "referral"
    }
  ], 
  "amendments": [], 
  "bill_id": "hr2878-109", 
  "bill_type": "hr", 
  "committees": [
    {
      "activity": [
        "referral", 
        "in committee"
      ], 
      "committee": "House Financial Services", 
      "committee_id": "HSBA"
    }, 
    {
      "activity": [
        "referral"
      ], 
      "committee": "House Financial Services", 
      "committee_id": "HSBA", 
      "subcommittee": "Subcommittee on Domestic and International Monetary Policy, Trade, and Technology", 
      "subcommittee_id": "19"
    }
  ], 
  "congress": "109", 
  "cosponsors": [
    {
      "district": "14", 
      "name": "Paul, Ron", 
      "sponsored_at": "2005-06-29", 
      "state": "TX", 
      "thomas_id": "00900", 
      "title": "Rep", 
      "withdrawn_at": null
    }
  ], 
  "enacted_as": null, 
  "history": {
    "awaiting_signature": false, 
    "enacted": false, 
    "vetoed": false
  }, 
  "introduced_at": "2005-06-14", 
  "number": "2878", 
  "official_title": "To require the Secretary of the Treasury to redesign $1 Federal reserve notes so as to incorporate the preamble to the Constitution of the United States, a list describing the Articles of the Constitution, and a list describing the Amendments to the Constitution, on the reverse side of such notes.", 
  "popular_title": null, 
  "related_bills": [
    {
      "bill_id": "s2056-109", 
      "reason": "related"
    }
  ], 
  "short_title": "Liberty Bill Act", 
  "sponsor": {
    "district": "7", 
    "name": "Cantor, Eric", 
    "state": "VA", 
    "thomas_id": "01674", 
    "title": "Rep", 
    "type": "person"
  }, 
  "status": "REFERRED", 
  "status_at": "2005-06-14", 
  "subjects": [
    "Constitutional amendments", 
    "Finance and financial sector", 
    "Law", 
    "Money"
  ], 
  "subjects_top_term": "Finance and financial sector", 
  "summary": {
    "as": "Introduced", 
    "date": "2005-06-14", 
    "text": "Liberty Bill Act - Amends federal law to require that the design of the reverse side of all federal reserve notes incorporate: (1) the preamble to the Constitution; (2) a list describing the Articles of the Constitution; and (3) a list describing the Articles of Amendment. Prescribes the design format. States that such requirements do not limit the authority of the Secretary of the Treasury to: (1) include other inscriptions or material on the reverse side of such notes; or (2) adopt other design features to deter counterfeiting of currency."
  }, 
  "titles": [
    {
      "as": "introduced", 
      "title": "Liberty Bill Act", 
      "type": "short"
    }, 
    {
      "as": "introduced", 
      "title": "To require the Secretary of the Treasury to redesign $1 Federal reserve notes so as to incorporate the preamble to the Constitution of the United States, a list describing the Articles of the Constitution, and a list describing the Amendments to the Constitution, on the reverse side of such notes.", 
      "type": "official"
    }
  ], 
  "updated_at": "2013-02-02T20:40:26-05:00"
}