{
  "actions": [
    {
      "acted_at": "2005-05-19", 
      "committee": "House Committee on Ways and Means", 
      "references": [], 
      "status": "REFERRED", 
      "text": "Referred to the House Committee on Ways and Means.", 
      "type": "referral"
    }, 
    {
      "acted_at": "2005-05-26", 
      "in_committee": "House Committee on Ways and Means", 
      "references": [], 
      "subcommittee": "Trade", 
      "text": "Referred to the Subcommittee on Trade.", 
      "type": "referral"
    }
  ], 
  "amendments": [], 
  "bill_id": "hr2506-109", 
  "bill_type": "hr", 
  "committees": [
    {
      "activity": [
        "referral", 
        "in committee"
      ], 
      "committee": "House Ways and Means", 
      "committee_id": "HSWM"
    }, 
    {
      "activity": [
        "referral"
      ], 
      "committee": "House Ways and Means", 
      "committee_id": "HSWM", 
      "subcommittee": "Subcommittee on Trade", 
      "subcommittee_id": "04"
    }
  ], 
  "congress": "109", 
  "cosponsors": [], 
  "enacted_as": null, 
  "history": {
    "awaiting_signature": false, 
    "enacted": false, 
    "vetoed": false
  }, 
  "introduced_at": "2005-05-19", 
  "number": "2506", 
  "official_title": "To suspend temporarily the duty on Cyclopropanecarboxylic acid, 3-(2,2-Dichlorovinyl)-2,2-dimethyl-, 3-phenoxybenzyl ester, (+-)-,(cis,trans)-.", 
  "popular_title": null, 
  "related_bills": [], 
  "short_title": null, 
  "sponsor": {
    "district": "4", 
    "name": "McCrery, Jim", 
    "state": "LA", 
    "thomas_id": "00763", 
    "title": "Rep", 
    "type": "person"
  }, 
  "status": "REFERRED", 
  "status_at": "2005-05-19", 
  "subjects": [
    "Chemicals", 
    "Foreign trade and international finance", 
    "Tariff"
  ], 
  "subjects_top_term": "Foreign trade and international finance", 
  "summary": {
    "as": "Introduced", 
    "date": "2005-05-19", 
    "text": "Amends the Harmonized Tariff Schedule of the United States to suspend, through December 31, 2008, the duty on Cyclopropanecarboxylic acid, 3-(2,2-Dichlorovinyl)-2,2-dimethyl-, 3-phenoxybenzyl ester, (+-)-,(cis,trans)-."
  }, 
  "titles": [
    {
      "as": "introduced", 
      "title": "To suspend temporarily the duty on Cyclopropanecarboxylic acid, 3-(2,2-Dichlorovinyl)-2,2-dimethyl-, 3-phenoxybenzyl ester, (+-)-,(cis,trans)-.", 
      "type": "official"
    }
  ], 
  "updated_at": "2013-02-02T20:40:15-05:00"
}