{
  "actions": [
    {
      "acted_at": "2005-07-27", 
      "committee": "House Committee on Veterans' Affairs", 
      "references": [], 
      "status": "REFERRED", 
      "text": "Referred to the House Committee on Veterans' Affairs.", 
      "type": "referral"
    }, 
    {
      "acted_at": "2005-08-15", 
      "in_committee": "House Committee on Veterans' Affairs", 
      "references": [], 
      "subcommittee": "Health", 
      "text": "Referred to the Subcommittee on Health.", 
      "type": "referral"
    }
  ], 
  "amendments": [], 
  "bill_id": "hr3457-109", 
  "bill_type": "hr", 
  "committees": [
    {
      "activity": [
        "referral", 
        "in committee"
      ], 
      "committee": "House Veterans' Affairs", 
      "committee_id": "HSVR"
    }, 
    {
      "activity": [
        "referral"
      ], 
      "committee": "House Veterans' Affairs", 
      "committee_id": "HSVR", 
      "subcommittee": "Subcommittee on Health", 
      "subcommittee_id": "03"
    }
  ], 
  "congress": "109", 
  "cosponsors": [], 
  "enacted_as": null, 
  "history": {
    "awaiting_signature": false, 
    "enacted": false, 
    "vetoed": false
  }, 
  "introduced_at": "2005-07-27", 
  "number": "3457", 
  "official_title": "To amend title 38, United States Code, to provide for World War II veterans to be in the same priority category for health care services from the Department of Veterans Affairs as World War I veterans.", 
  "popular_title": null, 
  "related_bills": [], 
  "short_title": null, 
  "sponsor": {
    "district": "1", 
    "name": "Andrews, Robert E.", 
    "state": "NJ", 
    "thomas_id": "00021", 
    "title": "Rep", 
    "type": "person"
  }, 
  "status": "REFERRED", 
  "status_at": "2005-07-27", 
  "subjects": [
    "Armed forces and national security", 
    "Health", 
    "History", 
    "Veterans' medical care", 
    "World War II"
  ], 
  "subjects_top_term": "Armed forces and national security", 
  "summary": {
    "as": "Introduced", 
    "date": "2005-07-27", 
    "text": "Requires the Secretary of Veterans Affairs to furnish hospital care and medical services, and authorizes the Secretary to furnish nursing home care, to any veteran of World War II. (Currently, the Secretary is required or authorized to provide such services only to veterans of the Mexican border period or World War I.)"
  }, 
  "titles": [
    {
      "as": "introduced", 
      "title": "To amend title 38, United States Code, to provide for World War II veterans to be in the same priority category for health care services from the Department of Veterans Affairs as World War I veterans.", 
      "type": "official"
    }
  ], 
  "updated_at": "2013-02-02T20:40:41-05:00"
}