{
  "actions": [
    {
      "acted_at": "2006-03-02", 
      "committee": "House Committee on Transportation and Infrastructure", 
      "references": [], 
      "status": "REFERRED", 
      "text": "Referred to the House Committee on Transportation and Infrastructure.", 
      "type": "referral"
    }, 
    {
      "acted_at": "2006-03-03", 
      "in_committee": "House Committee on Transportation and Infrastructure", 
      "references": [], 
      "subcommittee": "Economic Development, Public Buildings and Emergency Management", 
      "text": "Referred to the Subcommittee on Economic Development, Public Buildings and Emergency Management.", 
      "type": "referral"
    }, 
    {
      "acted_at": "2006-03-14", 
      "references": [
        {
          "reference": "CR H964", 
          "type": null
        }
      ], 
      "text": "Sponsor introductory remarks on measure.", 
      "type": "action"
    }
  ], 
  "amendments": [], 
  "bill_id": "hr4874-109", 
  "bill_type": "hr", 
  "committees": [
    {
      "activity": [
        "referral", 
        "in committee"
      ], 
      "committee": "House Transportation and Infrastructure", 
      "committee_id": "HSPW"
    }, 
    {
      "activity": [
        "referral"
      ], 
      "committee": "House Transportation and Infrastructure", 
      "committee_id": "HSPW", 
      "subcommittee": "Subcommittee on Economic Development, Public Buildings and Emergency Management", 
      "subcommittee_id": "13"
    }
  ], 
  "congress": "109", 
  "cosponsors": [
    {
      "district": "2", 
      "name": "Boyd, Allen", 
      "sponsored_at": "2006-03-16", 
      "state": "FL", 
      "thomas_id": "01467", 
      "title": "Rep", 
      "withdrawn_at": null
    }, 
    {
      "district": "18", 
      "name": "Cardoza, Dennis A.", 
      "sponsored_at": "2006-03-16", 
      "state": "CA", 
      "thomas_id": "01709", 
      "title": "Rep", 
      "withdrawn_at": null
    }, 
    {
      "district": "6", 
      "name": "Chandler, Ben", 
      "sponsored_at": "2006-03-16", 
      "state": "KY", 
      "thomas_id": "01759", 
      "title": "Rep", 
      "withdrawn_at": null
    }, 
    {
      "district": "14", 
      "name": "Conyers, John, Jr.", 
      "sponsored_at": "2006-03-16", 
      "state": "MI", 
      "thomas_id": "00229", 
      "title": "Rep", 
      "withdrawn_at": null
    }, 
    {
      "district": "20", 
      "name": "Costa, Jim", 
      "sponsored_at": "2006-03-16", 
      "state": "CA", 
      "thomas_id": "01774", 
      "title": "Rep", 
      "withdrawn_at": null
    }, 
    {
      "district": "17", 
      "name": "Edwards, Chet", 
      "sponsored_at": "2006-03-16", 
      "state": "TX", 
      "thomas_id": "00335", 
      "title": "Rep", 
      "withdrawn_at": null
    }, 
    {
      "district": "8", 
      "name": "Emerson, Jo Ann", 
      "sponsored_at": "2006-03-16", 
      "state": "MO", 
      "thomas_id": "01481", 
      "title": "Rep", 
      "withdrawn_at": null
    }, 
    {
      "district": "2", 
      "name": "Etheridge, Bob", 
      "sponsored_at": "2006-03-16", 
      "state": "NC", 
      "thomas_id": "01482", 
      "title": "Rep", 
      "withdrawn_at": null
    }, 
    {
      "district": "3", 
      "name": "Salazar, John T.", 
      "sponsored_at": "2006-03-16", 
      "state": "CO", 
      "thomas_id": "01775", 
      "title": "Rep", 
      "withdrawn_at": null
    }, 
    {
      "district": "29", 
      "name": "Schiff, Adam B.", 
      "sponsored_at": "2006-03-16", 
      "state": "CA", 
      "thomas_id": "01635", 
      "title": "Rep", 
      "withdrawn_at": null
    }, 
    {
      "district": "13", 
      "name": "Scott, David", 
      "sponsored_at": "2006-03-16", 
      "state": "GA", 
      "thomas_id": "01722", 
      "title": "Rep", 
      "withdrawn_at": null
    }, 
    {
      "district": "2", 
      "name": "Snyder, Vic", 
      "sponsored_at": "2006-03-16", 
      "state": "AR", 
      "thomas_id": "01530", 
      "title": "Rep", 
      "withdrawn_at": null
    }
  ], 
  "enacted_as": null, 
  "history": {
    "awaiting_signature": false, 
    "enacted": false, 
    "vetoed": false
  }, 
  "introduced_at": "2006-03-02", 
  "number": "4874", 
  "official_title": "To authorize the Federal Emergency Management Agency to provide relief to the victims of Hurricane Katrina and Hurricane Rita by placing manufactured homes in flood plains, and for other purposes.", 
  "popular_title": null, 
  "related_bills": [
    {
      "bill_id": "s2343-109", 
      "reason": "identical"
    }, 
    {
      "bill_id": "s2619-109", 
      "reason": "related"
    }
  ], 
  "short_title": "Hope Housing Act of 2006", 
  "sponsor": {
    "district": "4", 
    "name": "Ross, Mike", 
    "state": "AR", 
    "thomas_id": "01632", 
    "title": "Rep", 
    "type": "person"
  }, 
  "status": "REFERRED", 
  "status_at": "2006-03-02", 
  "subjects": [
    "Commerce", 
    "Emergency housing", 
    "Emergency management", 
    "Floodplains", 
    "Government operations and politics", 
    "Government publicity", 
    "Housing and community development", 
    "Hurricane aftermath legislation", 
    "Law", 
    "Liability (Law)", 
    "Mobile homes", 
    "Products liability", 
    "Water resources development"
  ], 
  "subjects_top_term": "Emergency management", 
  "summary": {
    "as": "Introduced", 
    "date": "2006-03-02", 
    "text": "Hope Housing Act of 2006 - Authorizes the Director of the Federal Emergency Management Agency (FEMA) to place a manufactured home purchased by FEMA between August 1, 2005, and this Act's enactment date in a floodway or costal high hazard area or in a flood plain (without elevating such home up to the base flood level or without complying with specified decision-making processes and mitigation requirements) to house an individual displaced by Hurricane Katrina or Hurricane Rita. Bars civil actions against the federal government for damages related to the flooding of a home that is the subject of such placement. Requires the Director to provide any person provided such a home with written notice of the potential risks associated with such placement and such limitations on liability."
  }, 
  "titles": [
    {
      "as": "introduced", 
      "title": "Hope Housing Act of 2006", 
      "type": "short"
    }, 
    {
      "as": "introduced", 
      "title": "To authorize the Federal Emergency Management Agency to provide relief to the victims of Hurricane Katrina and Hurricane Rita by placing manufactured homes in flood plains, and for other purposes.", 
      "type": "official"
    }
  ], 
  "updated_at": "2013-02-02T20:41:19-05:00"
}