{
  "actions": [
    {
      "acted_at": "2006-07-12", 
      "committee": "House Committee on the Judiciary", 
      "references": [], 
      "status": "REFERRED", 
      "text": "Referred to the House Committee on the Judiciary.", 
      "type": "referral"
    }
  ], 
  "amendments": [], 
  "bill_id": "hr5767-109", 
  "bill_type": "hr", 
  "committees": [
    {
      "activity": [
        "referral", 
        "in committee"
      ], 
      "committee": "House Judiciary", 
      "committee_id": "HSJU"
    }
  ], 
  "congress": "109", 
  "cosponsors": [
    {
      "district": "7", 
      "name": "Blackburn, Marsha", 
      "sponsored_at": "2006-07-25", 
      "state": "TN", 
      "thomas_id": "01748", 
      "title": "Rep", 
      "withdrawn_at": null
    }, 
    {
      "district": "31", 
      "name": "Carter, John R.", 
      "sponsored_at": "2006-07-13", 
      "state": "TX", 
      "thomas_id": "01752", 
      "title": "Rep", 
      "withdrawn_at": null
    }, 
    {
      "district": "6", 
      "name": "Chandler, Ben", 
      "sponsored_at": "2006-07-13", 
      "state": "KY", 
      "thomas_id": "01759", 
      "title": "Rep", 
      "withdrawn_at": null
    }, 
    {
      "district": "4", 
      "name": "Davis, Lincoln", 
      "sponsored_at": "2006-07-12", 
      "state": "TN", 
      "thomas_id": "01747", 
      "title": "Rep", 
      "withdrawn_at": null
    }, 
    {
      "district": "3", 
      "name": "English, Phil", 
      "sponsored_at": "2006-09-06", 
      "state": "PA", 
      "thomas_id": "00347", 
      "title": "Rep", 
      "withdrawn_at": null
    }, 
    {
      "district": "8", 
      "name": "Hostettler, John N.", 
      "sponsored_at": "2006-07-12", 
      "state": "IN", 
      "thomas_id": "00562", 
      "title": "Rep", 
      "withdrawn_at": null
    }, 
    {
      "district": "5", 
      "name": "King, Steve", 
      "sponsored_at": "2006-07-25", 
      "state": "IA", 
      "thomas_id": "01724", 
      "title": "Rep", 
      "withdrawn_at": null
    }, 
    {
      "district": "2", 
      "name": "Kline, John", 
      "sponsored_at": "2006-07-25", 
      "state": "MN", 
      "thomas_id": "01733", 
      "title": "Rep", 
      "withdrawn_at": null
    }, 
    {
      "district": "3", 
      "name": "Lungren, Daniel E.", 
      "sponsored_at": "2006-07-12", 
      "state": "CA", 
      "thomas_id": "00717", 
      "title": "Rep", 
      "withdrawn_at": null
    }, 
    {
      "district": "11", 
      "name": "McCotter, Thaddeus G.", 
      "sponsored_at": "2006-07-25", 
      "state": "MI", 
      "thomas_id": "01732", 
      "title": "Rep", 
      "withdrawn_at": null
    }, 
    {
      "district": "9", 
      "name": "Myrick, Sue Wilkins", 
      "sponsored_at": "2006-07-25", 
      "state": "NC", 
      "thomas_id": "00849", 
      "title": "Rep", 
      "withdrawn_at": null
    }, 
    {
      "district": "11", 
      "name": "Owens, Major R.", 
      "sponsored_at": "2006-07-13", 
      "state": "NY", 
      "thomas_id": "00883", 
      "title": "Rep", 
      "withdrawn_at": null
    }, 
    {
      "district": "2", 
      "name": "Poe, Ted", 
      "sponsored_at": "2006-07-13", 
      "state": "TX", 
      "thomas_id": "01802", 
      "title": "Rep", 
      "withdrawn_at": null
    }, 
    {
      "district": "6", 
      "name": "Tancredo, Thomas G.", 
      "sponsored_at": "2006-07-13", 
      "state": "CO", 
      "thomas_id": "01592", 
      "title": "Rep", 
      "withdrawn_at": null
    }
  ], 
  "enacted_as": null, 
  "history": {
    "awaiting_signature": false, 
    "enacted": false, 
    "vetoed": false
  }, 
  "introduced_at": "2006-07-12", 
  "number": "5767", 
  "official_title": "To prohibit a convicted sex offender from obtaining approval of immigration petitions filed by the offender on behalf of family members.", 
  "popular_title": null, 
  "related_bills": [], 
  "short_title": "Sex Offender Visa Loophole Elimination Act of 2006", 
  "sponsor": {
    "district": "6", 
    "name": "Kennedy, Mark R.", 
    "state": "MN", 
    "thomas_id": "01652", 
    "title": "Rep", 
    "type": "person"
  }, 
  "status": "REFERRED", 
  "status_at": "2006-07-12", 
  "subjects": [
    "Aliens", 
    "Child abuse", 
    "Child labor", 
    "Child pornography", 
    "Child sexual abuse", 
    "Civil rights and liberties, minority issues", 
    "Computer crimes", 
    "Conspiracy", 
    "Crime and law enforcement", 
    "Families", 
    "Forced labor", 
    "Immigrants", 
    "Immigration", 
    "Kidnapping", 
    "Married people", 
    "Parents", 
    "Pornography", 
    "Prostitution", 
    "Rape", 
    "Science, technology, communications", 
    "Sex crimes", 
    "Sex offenders", 
    "Slavery", 
    "Visas"
  ], 
  "subjects_top_term": "Immigration", 
  "summary": {
    "as": "Introduced", 
    "date": "2006-07-12", 
    "text": "Sex Offender Visa Loophole Elimination Act of 2006 - Amends the Immigration and Nationality Act to prohibit a convicted U.S.-citizen sex offender from filing a family-based immigration petition. Defines \"sex offense\" and \"specified offense against a minor.\" Prohibits approval of a fiance/fiancee or waiting nonimmigrant spouse visa petition filed by a convicted sex offender."
  }, 
  "titles": [
    {
      "as": "introduced", 
      "title": "Sex Offender Visa Loophole Elimination Act of 2006", 
      "type": "short"
    }, 
    {
      "as": "introduced", 
      "title": "To prohibit a convicted sex offender from obtaining approval of immigration petitions filed by the offender on behalf of family members.", 
      "type": "official"
    }
  ], 
  "updated_at": "2013-02-02T20:41:46-05:00"
}