{
  "actions": [
    {
      "acted_at": "2005-03-17", 
      "committee": "House Committee on Ways and Means", 
      "references": [], 
      "status": "REFERRED", 
      "text": "Referred to the House Committee on Ways and Means.", 
      "type": "referral"
    }
  ], 
  "amendments": [], 
  "bill_id": "hr1411-109", 
  "bill_type": "hr", 
  "committees": [
    {
      "activity": [
        "referral", 
        "in committee"
      ], 
      "committee": "House Ways and Means", 
      "committee_id": "HSWM"
    }
  ], 
  "congress": "109", 
  "cosponsors": [], 
  "enacted_as": null, 
  "history": {
    "awaiting_signature": false, 
    "enacted": false, 
    "vetoed": false
  }, 
  "introduced_at": "2005-03-17", 
  "number": "1411", 
  "official_title": "To amend the Internal Revenue Code of 1986 to clarify that a convention or association of churches includes individuals (with or without voting rights) as well as churches.", 
  "popular_title": null, 
  "related_bills": [], 
  "short_title": null, 
  "sponsor": {
    "district": "7", 
    "name": "Linder, John", 
    "state": "GA", 
    "thomas_id": "00693", 
    "title": "Rep", 
    "type": "person"
  }, 
  "status": "REFERRED", 
  "status_at": "2005-03-17", 
  "subjects": [
    "Associations, institutions, etc.", 
    "Churches", 
    "Income tax", 
    "Religion", 
    "Tax-exempt organizations", 
    "Taxation"
  ], 
  "subjects_top_term": "Taxation", 
  "summary": {
    "as": "Introduced", 
    "date": "2005-03-17", 
    "text": "Amends the Internal Revenue to define a convention or association of churches to include individuals (with or without voting rights) as well as churches."
  }, 
  "titles": [
    {
      "as": "introduced", 
      "title": "To amend the Internal Revenue Code of 1986 to clarify that a convention or association of churches includes individuals (with or without voting rights) as well as churches.", 
      "type": "official"
    }
  ], 
  "updated_at": "2013-02-02T20:39:47-05:00"
}