{
  "actions": [
    {
      "acted_at": "2005-02-10", 
      "committee": "House Committee on Transportation and Infrastructure", 
      "references": [], 
      "status": "REFERRED", 
      "text": "Referred to the House Committee on Transportation and Infrastructure.", 
      "type": "referral"
    }, 
    {
      "acted_at": "2005-02-11", 
      "in_committee": "House Committee on Transportation and Infrastructure", 
      "references": [], 
      "subcommittee": "Economic Development, Public Buildings and Emergency Management", 
      "text": "Referred to the Subcommittee on Economic Development, Public Buildings and Emergency Management.", 
      "type": "referral"
    }
  ], 
  "amendments": [], 
  "bill_id": "hr781-109", 
  "bill_type": "hr", 
  "committees": [
    {
      "activity": [
        "referral", 
        "in committee"
      ], 
      "committee": "House Transportation and Infrastructure", 
      "committee_id": "HSPW"
    }, 
    {
      "activity": [
        "referral"
      ], 
      "committee": "House Transportation and Infrastructure", 
      "committee_id": "HSPW", 
      "subcommittee": "Subcommittee on Economic Development, Public Buildings and Emergency Management", 
      "subcommittee_id": "13"
    }
  ], 
  "congress": "109", 
  "cosponsors": [], 
  "enacted_as": null, 
  "history": {
    "awaiting_signature": false, 
    "enacted": false, 
    "vetoed": false
  }, 
  "introduced_at": "2005-02-10", 
  "number": "781", 
  "official_title": "To direct the Secretary of the Army to convey to the Geary County Fire Department certain land in the State of Kansas.", 
  "popular_title": null, 
  "related_bills": [
    {
      "bill_id": "s356-109", 
      "reason": "identical"
    }, 
    {
      "bill_id": "s356-109", 
      "reason": "identical"
    }
  ], 
  "short_title": "Geary County, Kansas, Land Conveyance Act", 
  "sponsor": {
    "district": "2", 
    "name": "Ryun, Jim", 
    "state": "KS", 
    "thomas_id": "01521", 
    "title": "Rep", 
    "type": "person"
  }, 
  "status": "REFERRED", 
  "status_at": "2005-02-10", 
  "subjects": [
    "Armed forces and national security", 
    "Army", 
    "Emergency management", 
    "Fire departments", 
    "Kansas", 
    "Land transfers", 
    "Military bases", 
    "Public lands and natural resources"
  ], 
  "subjects_top_term": "Public lands and natural resources", 
  "summary": {
    "as": "Introduced", 
    "date": "2005-02-10", 
    "text": "Geary County, Kansas, Land Conveyance Act - Directs the Secretary of the Army to convey to the Geary County Fire Department certain land under the jurisdiction of the Secretary in Geary County, Kansas."
  }, 
  "titles": [
    {
      "as": "introduced", 
      "title": "Geary County, Kansas, Land Conveyance Act", 
      "type": "short"
    }, 
    {
      "as": "introduced", 
      "title": "To direct the Secretary of the Army to convey to the Geary County Fire Department certain land in the State of Kansas.", 
      "type": "official"
    }
  ], 
  "updated_at": "2013-02-02T20:39:27-05:00"
}