{
  "actions": [
    {
      "acted_at": "2005-06-29", 
      "committee": "House Committee on Ways and Means", 
      "references": [], 
      "status": "REFERRED", 
      "text": "Referred to the House Committee on Ways and Means.", 
      "type": "referral"
    }
  ], 
  "amendments": [], 
  "bill_id": "hr3117-109", 
  "bill_type": "hr", 
  "committees": [
    {
      "activity": [
        "referral", 
        "in committee"
      ], 
      "committee": "House Ways and Means", 
      "committee_id": "HSWM"
    }
  ], 
  "congress": "109", 
  "cosponsors": [], 
  "enacted_as": null, 
  "history": {
    "awaiting_signature": false, 
    "enacted": false, 
    "vetoed": false
  }, 
  "introduced_at": "2005-06-29", 
  "number": "3117", 
  "official_title": "To suspend temporarily the duty on certain glass articles of lead crystal.", 
  "popular_title": null, 
  "related_bills": [], 
  "short_title": null, 
  "sponsor": {
    "district": "10", 
    "name": "Kirk, Mark Steven", 
    "state": "IL", 
    "thomas_id": "01647", 
    "title": "Rep", 
    "type": "person"
  }, 
  "status": "REFERRED", 
  "status_at": "2005-06-29", 
  "subjects": [
    "Commerce", 
    "Foreign trade and international finance", 
    "Glass and glass industry", 
    "Tariff"
  ], 
  "subjects_top_term": "Foreign trade and international finance", 
  "summary": {
    "as": "Introduced", 
    "date": "2005-06-29", 
    "text": "Amends the Harmonized Tariff Schedule of the United States to suspend, through December 31, 2008, the duty on certain glass articles of lead crystal."
  }, 
  "titles": [
    {
      "as": "introduced", 
      "title": "To suspend temporarily the duty on certain glass articles of lead crystal.", 
      "type": "official"
    }
  ], 
  "updated_at": "2013-02-02T20:40:33-05:00"
}