{
  "actions": [
    {
      "acted_at": "2005-03-03", 
      "committee": "House Committee on Resources", 
      "references": [], 
      "status": "REFERRED", 
      "text": "Referred to the House Committee on Resources.", 
      "type": "referral"
    }, 
    {
      "acted_at": "2005-03-14", 
      "in_committee": "House Committee on Resources", 
      "references": [], 
      "subcommittee": "Fisheries and Oceans", 
      "text": "Referred to the Subcommittee on Fisheries and Oceans.", 
      "type": "referral"
    }, 
    {
      "acted_at": "2005-05-23T15:32:00-04:00", 
      "references": [], 
      "text": "Mr. Radanovich moved to suspend the rules and pass the bill.", 
      "type": "action"
    }, 
    {
      "acted_at": "2005-05-23T15:32:00-04:00", 
      "references": [
        {
          "reference": "CR H3718", 
          "type": "consideration"
        }
      ], 
      "text": "Considered under suspension of the rules.", 
      "type": "action"
    }, 
    {
      "acted_at": "2005-05-23T15:33:00-04:00", 
      "references": [], 
      "text": "DEBATE - The House proceeded with forty minutes of debate on H.R. 1101.", 
      "type": "action"
    }, 
    {
      "acted_at": "2005-05-23T15:35:00-04:00", 
      "how": "by voice vote", 
      "references": [
        {
          "reference": "CR H3718", 
          "type": "text"
        }
      ], 
      "result": "pass", 
      "status": "PASS_OVER:HOUSE", 
      "suspension": null, 
      "text": "On motion to suspend the rules and pass the bill Agreed to by voice vote.", 
      "type": "vote", 
      "vote_type": "vote", 
      "where": "h"
    }, 
    {
      "acted_at": "2005-05-23T15:35:00-04:00", 
      "references": [], 
      "text": "Motion to reconsider laid on the table Agreed to without objection.", 
      "type": "action"
    }, 
    {
      "acted_at": "2005-05-24", 
      "committee": "Committee on Energy and Natural Resources", 
      "references": [], 
      "text": "Received in the Senate and Read twice and referred to the Committee on Energy and Natural Resources.", 
      "type": "referral"
    }, 
    {
      "acted_at": "2005-07-20", 
      "in_committee": "Committee on Energy and Natural Resources", 
      "references": [], 
      "text": "Committee on Energy and Natural Resources. Hearings held. Hearings printed: S.Hrg. 109-157.", 
      "type": "action"
    }, 
    {
      "acted_at": "2005-10-27", 
      "committee": "Energy and Natural Resources", 
      "references": [], 
      "text": "Committee on Energy and Natural Resources. Reported by Senator Domenici without amendment. With written report No. 109-172.", 
      "type": "reported"
    }, 
    {
      "acted_at": "2005-10-27", 
      "calendar": "Senate Legislative", 
      "number": "273", 
      "references": [], 
      "text": "Placed on Senate Legislative Calendar under General Orders. Calendar No. 273.", 
      "type": "calendar", 
      "under": "General Orders"
    }, 
    {
      "acted_at": "2005-11-16", 
      "how": "by Unanimous Consent", 
      "references": [
        {
          "reference": "CR S13063", 
          "type": "consideration"
        }
      ], 
      "result": "pass", 
      "status": "PASSED:BILL", 
      "text": "Passed Senate without amendment by Unanimous Consent.", 
      "type": "vote", 
      "vote_type": "vote2", 
      "where": "s"
    }, 
    {
      "acted_at": "2005-11-16", 
      "references": [], 
      "text": "Message on Senate action sent to the House.", 
      "type": "action"
    }, 
    {
      "acted_at": "2005-11-16", 
      "references": [], 
      "text": "Cleared for White House.", 
      "type": "topresident"
    }, 
    {
      "acted_at": "2005-11-28", 
      "references": [], 
      "text": "Presented to President.", 
      "type": "topresident"
    }, 
    {
      "acted_at": "2005-12-07", 
      "references": [], 
      "text": "Signed by President.", 
      "type": "signed"
    }, 
    {
      "acted_at": "2005-12-07", 
      "congress": "109", 
      "law": "public", 
      "number": "127", 
      "references": [], 
      "status": "ENACTED:SIGNED", 
      "text": "Became Public Law No: 109-127.", 
      "type": "enacted"
    }
  ], 
  "amendments": [], 
  "bill_id": "hr1101-109", 
  "bill_type": "hr", 
  "committees": [
    {
      "activity": [
        "referral"
      ], 
      "committee": "House Resources", 
      "committee_id": "HSII"
    }, 
    {
      "activity": [
        "referral"
      ], 
      "committee": "House Resources", 
      "committee_id": "HSII", 
      "subcommittee": "Subcommittee on Fisheries Conservation, Wildlife, and Oceans", 
      "subcommittee_id": "15"
    }, 
    {
      "activity": [
        "referral", 
        "hearings", 
        "reporting"
      ], 
      "committee": "Senate Energy and Natural Resources", 
      "committee_id": "SSEG"
    }
  ], 
  "congress": "109", 
  "cosponsors": [], 
  "enacted_as": {
    "congress": "109", 
    "law_type": "public", 
    "number": "127"
  }, 
  "history": {
    "awaiting_signature": false, 
    "enacted": true, 
    "enacted_at": "2005-12-07", 
    "house_passage_result": "pass", 
    "house_passage_result_at": "2005-05-23T15:35:00-04:00", 
    "senate_passage_result": "pass", 
    "senate_passage_result_at": "2005-11-16", 
    "vetoed": false
  }, 
  "introduced_at": "2005-03-03", 
  "number": "1101", 
  "official_title": "To revoke a Public Land Order with respect to certain lands erroneously included in the Cibola National Wildlife Refuge, California.", 
  "popular_title": null, 
  "related_bills": [], 
  "short_title": null, 
  "sponsor": {
    "district": "52", 
    "name": "Hunter, Duncan", 
    "state": "CA", 
    "thomas_id": "00575", 
    "title": "Rep", 
    "type": "person"
  }, 
  "status": "ENACTED:SIGNED", 
  "status_at": "2005-12-07", 
  "subjects": [
    "Animals", 
    "Boundaries", 
    "California", 
    "Government operations and politics", 
    "Government publicity", 
    "Land transfers", 
    "Maps", 
    "Public lands and natural resources", 
    "Signs and signboards", 
    "Surveying", 
    "Wildlife refuges"
  ], 
  "subjects_top_term": "Public lands and natural resources", 
  "summary": {
    "as": "Public Law", 
    "date": "2005-12-07", 
    "text": "Revokes Public Land Order 3442, dated August 21, 1964, insofar as it applies to specified lands in Imperial County, California (lands included in Cibola National Wildlife Refuge). Directs the Secretary of the Interior to resurvey and publish the new boundaries of the Refuge."
  }, 
  "titles": [
    {
      "as": "introduced", 
      "title": "To revoke a Public Land Order with respect to certain lands erroneously included in the Cibola National Wildlife Refuge, California.", 
      "type": "official"
    }
  ], 
  "updated_at": "2013-02-02T20:39:37-05:00"
}