{
  "actions": [
    {
      "acted_at": "2005-05-10", 
      "committee": "House Committee on Ways and Means", 
      "references": [], 
      "status": "REFERRED", 
      "text": "Referred to the House Committee on Ways and Means.", 
      "type": "referral"
    }, 
    {
      "acted_at": "2005-05-16", 
      "in_committee": "House Committee on Ways and Means", 
      "references": [], 
      "subcommittee": "Trade", 
      "text": "Referred to the Subcommittee on Trade.", 
      "type": "referral"
    }
  ], 
  "amendments": [], 
  "bill_id": "hr2225-109", 
  "bill_type": "hr", 
  "committees": [
    {
      "activity": [
        "referral", 
        "in committee"
      ], 
      "committee": "House Ways and Means", 
      "committee_id": "HSWM"
    }, 
    {
      "activity": [
        "referral"
      ], 
      "committee": "House Ways and Means", 
      "committee_id": "HSWM", 
      "subcommittee": "Subcommittee on Trade", 
      "subcommittee_id": "04"
    }
  ], 
  "congress": "109", 
  "cosponsors": [], 
  "enacted_as": null, 
  "history": {
    "awaiting_signature": false, 
    "enacted": false, 
    "vetoed": false
  }, 
  "introduced_at": "2005-05-10", 
  "number": "2225", 
  "official_title": "To suspend temporarily the duty on Bayderm Bottom DLV.", 
  "popular_title": null, 
  "related_bills": [], 
  "short_title": null, 
  "sponsor": {
    "district": "4", 
    "name": "Hart, Melissa A.", 
    "state": "PA", 
    "thomas_id": "01666", 
    "title": "Rep", 
    "type": "person"
  }, 
  "status": "REFERRED", 
  "status_at": "2005-05-10", 
  "subjects": [
    "Commerce", 
    "Foreign trade and international finance", 
    "Plastics", 
    "Tariff"
  ], 
  "subjects_top_term": "Foreign trade and international finance", 
  "summary": {
    "as": "Introduced", 
    "date": "2005-05-10", 
    "text": "Amends the Harmonized Tariff Schedule of the United States to suspend, through December 31, 2009, the duty on Aqueous polyurethane dispersions containing 39% or greater content of Propanoic acid, 3-hydroxy-2-(hydroxymethyl)-2-methyl-, polymer with 2-[(2-aminoethyl)amino]ethanesulfonic acid monosodium salt, 1,6-diisocyanatohexane, diphenyl carbonate, 1,2-ethanediamine, 1,6-hexanediol, hydrazine, methyloxirane, oxirane and 1,2-propanediol, 2-(2-butoxyethoxy)ethanol-blocked (Bayderm Bottom DLV)."
  }, 
  "titles": [
    {
      "as": "introduced", 
      "title": "To suspend temporarily the duty on Bayderm Bottom DLV.", 
      "type": "official"
    }
  ], 
  "updated_at": "2013-02-02T20:40:08-05:00"
}