{
  "actions": [
    {
      "acted_at": "2005-02-08", 
      "committee": "House Committee on Energy and Commerce", 
      "references": [], 
      "status": "REFERRED", 
      "text": "Referred to the House Committee on Energy and Commerce.", 
      "type": "referral"
    }, 
    {
      "acted_at": "2005-02-25", 
      "in_committee": "House Committee on Energy and Commerce", 
      "references": [], 
      "subcommittee": "Commerce, Trade and Consumer Protection", 
      "text": "Referred to the Subcommittee on Commerce, Trade and Consumer Protection.", 
      "type": "referral"
    }
  ], 
  "amendments": [], 
  "bill_id": "hr613-109", 
  "bill_type": "hr", 
  "committees": [
    {
      "activity": [
        "referral", 
        "in committee"
      ], 
      "committee": "House Energy and Commerce", 
      "committee_id": "HSIF"
    }, 
    {
      "activity": [
        "referral"
      ], 
      "committee": "House Energy and Commerce", 
      "committee_id": "HSIF", 
      "subcommittee": "Subcommittee on Commerce, Trade and Consumer Protection", 
      "subcommittee_id": "17"
    }
  ], 
  "congress": "109", 
  "cosponsors": [
    {
      "district": "6", 
      "name": "Bartlett, Roscoe G.", 
      "sponsored_at": "2005-07-14", 
      "state": "MD", 
      "thomas_id": "00060", 
      "title": "Rep", 
      "withdrawn_at": null
    }, 
    {
      "district": "44", 
      "name": "Calvert, Ken", 
      "sponsored_at": "2005-03-02", 
      "state": "CA", 
      "thomas_id": "00165", 
      "title": "Rep", 
      "withdrawn_at": null
    }, 
    {
      "district": "14", 
      "name": "Conyers, John, Jr.", 
      "sponsored_at": "2005-07-22", 
      "state": "MI", 
      "thomas_id": "00229", 
      "title": "Rep", 
      "withdrawn_at": null
    }, 
    {
      "district": "7", 
      "name": "Davis, Danny K.", 
      "sponsored_at": "2005-07-20", 
      "state": "IL", 
      "thomas_id": "01477", 
      "title": "Rep", 
      "withdrawn_at": null
    }, 
    {
      "district": "51", 
      "name": "Filner, Bob", 
      "sponsored_at": "2005-07-21", 
      "state": "CA", 
      "thomas_id": "00381", 
      "title": "Rep", 
      "withdrawn_at": null
    }, 
    {
      "district": "3", 
      "name": "Osborne, Tom", 
      "sponsored_at": "2005-02-10", 
      "state": "NE", 
      "thomas_id": "01658", 
      "title": "Rep", 
      "withdrawn_at": null
    }, 
    {
      "district": "1", 
      "name": "Otter, C. L. (Butch)", 
      "sponsored_at": "2005-02-15", 
      "state": "ID", 
      "thomas_id": "01646", 
      "title": "Rep", 
      "withdrawn_at": null
    }, 
    {
      "district": "2", 
      "name": "Terry, Lee", 
      "sponsored_at": "2005-02-15", 
      "state": "NE", 
      "thomas_id": "01566", 
      "title": "Rep", 
      "withdrawn_at": null
    }, 
    {
      "district": "2", 
      "name": "Udall, Mark", 
      "sponsored_at": "2005-05-05", 
      "state": "CO", 
      "thomas_id": "01595", 
      "title": "Rep", 
      "withdrawn_at": null
    }, 
    {
      "district": "8", 
      "name": "Van Hollen, Chris", 
      "sponsored_at": "2005-06-14", 
      "state": "MD", 
      "thomas_id": "01729", 
      "title": "Rep", 
      "withdrawn_at": null
    }
  ], 
  "enacted_as": null, 
  "history": {
    "awaiting_signature": false, 
    "enacted": false, 
    "vetoed": false
  }, 
  "introduced_at": "2005-02-08", 
  "number": "613", 
  "official_title": "To prohibit the sale of any alcohol without liquid machine without premarket approval, and for other purposes.", 
  "popular_title": null, 
  "related_bills": [], 
  "short_title": "Alcohol Without Liquid Machine Safety Act of 2005", 
  "sponsor": {
    "district": "7", 
    "name": "Beauprez, Bob", 
    "state": "CO", 
    "thomas_id": "01712", 
    "title": "Rep", 
    "type": "person"
  }, 
  "status": "REFERRED", 
  "status_at": "2005-02-08", 
  "subjects": [
    "Administrative remedies", 
    "Agriculture and food", 
    "Alcohol", 
    "Commerce", 
    "Defective products", 
    "Department of Health and Human Services", 
    "Fines (Penalties)", 
    "Food and Drug Administration (FDA)", 
    "Food safety", 
    "Government operations and politics", 
    "Law", 
    "Machinery", 
    "Product safety"
  ], 
  "subjects_top_term": "Commerce", 
  "summary": {
    "as": "Introduced", 
    "date": "2005-02-08", 
    "text": "Alcohol Without Liquid Machine Safety Act of 2005 - Prohibits the introduction or delivery for introduction into interstate commerce of any alcohol without liquid machine without premarket approval by the Commissioner of Food and Drugs. Requires approval only if the applicant demonstrates that the machine is safe. Defines an \"alcohol without liquid machine\" as a device designated or marketed for the purpose of mixing alcohol with oxygen or another gas to produce a mist for inhalation for recreational purposes."
  }, 
  "titles": [
    {
      "as": "introduced", 
      "title": "Alcohol Without Liquid Machine Safety Act of 2005", 
      "type": "short"
    }, 
    {
      "as": "introduced", 
      "title": "To prohibit the sale of any alcohol without liquid machine without premarket approval, and for other purposes.", 
      "type": "official"
    }
  ], 
  "updated_at": "2013-02-02T20:39:22-05:00"
}