{
  "actions": [
    {
      "acted_at": "2005-05-04", 
      "references": [
        {
          "reference": "CR E874", 
          "type": null
        }
      ], 
      "text": "Sponsor introductory remarks on measure.", 
      "type": "action"
    }, 
    {
      "acted_at": "2005-05-04", 
      "committee": "House Committee on Resources", 
      "references": [], 
      "status": "REFERRED", 
      "text": "Referred to the House Committee on Resources.", 
      "type": "referral"
    }, 
    {
      "acted_at": "2005-05-12", 
      "in_committee": "House Committee on Resources", 
      "references": [], 
      "subcommittee": "Forests and Forest Health", 
      "text": "Referred to the Subcommittee on Forests and Forest Health.", 
      "type": "referral"
    }
  ], 
  "amendments": [], 
  "bill_id": "hr2100-109", 
  "bill_type": "hr", 
  "committees": [
    {
      "activity": [
        "referral", 
        "in committee"
      ], 
      "committee": "House Resources", 
      "committee_id": "HSII"
    }, 
    {
      "activity": [
        "referral"
      ], 
      "committee": "House Resources", 
      "committee_id": "HSII", 
      "subcommittee": "Subcommittee on Forests and Forest Health", 
      "subcommittee_id": "20"
    }
  ], 
  "congress": "109", 
  "cosponsors": [], 
  "enacted_as": null, 
  "history": {
    "awaiting_signature": false, 
    "enacted": false, 
    "vetoed": false
  }, 
  "introduced_at": "2005-05-04", 
  "number": "2100", 
  "official_title": "To amend Public Law 97-435 to extend the authorization for the Secretary of the Interior to release certain conditions contained in a patent concerning certain land conveyed by the United States to Eastern Washington University until December 31, 2009.", 
  "popular_title": null, 
  "related_bills": [
    {
      "bill_id": "s1552-109", 
      "reason": "identical"
    }
  ], 
  "short_title": null, 
  "sponsor": {
    "district": "5", 
    "name": "McMorris Rodgers, Cathy", 
    "state": "WA", 
    "thomas_id": "01809", 
    "title": "Rep", 
    "type": "person"
  }, 
  "status": "REFERRED", 
  "status_at": "2005-05-04", 
  "subjects": [
    "Colleges", 
    "Education", 
    "Educational facilities", 
    "Government operations and politics", 
    "Higher education", 
    "Land transfers", 
    "Land use", 
    "Public lands and natural resources", 
    "Recreation", 
    "Sports and recreation", 
    "Washington State"
  ], 
  "subjects_top_term": "Public lands and natural resources", 
  "summary": {
    "as": "Introduced", 
    "date": "2005-05-04", 
    "text": "Extends, until December 31, 2009, the authorization for the Secretary of the Interior to release certain land reversion conditions contained in a patent concerning certain land conveyed by the United States to Eastern Washington University, Washington."
  }, 
  "titles": [
    {
      "as": "introduced", 
      "title": "To amend Public Law 97-435 to extend the authorization for the Secretary of the Interior to release certain conditions contained in a patent concerning certain land conveyed by the United States to Eastern Washington University until December 31, 2009.", 
      "type": "official"
    }
  ], 
  "updated_at": "2013-02-02T20:40:05-05:00"
}