{
  "actions": [
    {
      "acted_at": "2005-01-04", 
      "committee": "House Committee on Science", 
      "references": [], 
      "status": "REFERRED", 
      "text": "Referred to the House Committee on Science.", 
      "type": "referral"
    }, 
    {
      "acted_at": "2005-02-10", 
      "in_committee": "House Committee on Science", 
      "references": [], 
      "subcommittee": "Environment, Technology, and Standards", 
      "text": "Referred to the Subcommittee on Environment, Technology, and Standards.", 
      "type": "referral"
    }
  ], 
  "amendments": [], 
  "bill_id": "hr33-109", 
  "bill_type": "hr", 
  "committees": [
    {
      "activity": [
        "referral", 
        "in committee"
      ], 
      "committee": "House Science", 
      "committee_id": "HSSY"
    }, 
    {
      "activity": [
        "referral"
      ], 
      "committee": "House Science", 
      "committee_id": "HSSY", 
      "subcommittee": "Subcommittee on Environment, Technology, and Standards", 
      "subcommittee_id": "19"
    }
  ], 
  "congress": "109", 
  "cosponsors": [], 
  "enacted_as": null, 
  "history": {
    "awaiting_signature": false, 
    "enacted": false, 
    "vetoed": false
  }, 
  "introduced_at": "2005-01-04", 
  "number": "33", 
  "official_title": "To amend the Metric Conversion Act of 1975 to require Federal agencies to impose certain requirements on recipients of awards for scientific and engineering research.", 
  "popular_title": null, 
  "related_bills": [], 
  "short_title": null, 
  "sponsor": {
    "district": "3", 
    "name": "Ehlers, Vernon J.", 
    "state": "MI", 
    "thomas_id": "00339", 
    "title": "Rep", 
    "type": "person"
  }, 
  "status": "REFERRED", 
  "status_at": "2005-01-04", 
  "subjects": [
    "Economics and public finance", 
    "Engineering", 
    "Federal aid to research", 
    "Government operations and politics", 
    "Infrastructure", 
    "Law", 
    "Liability (Law)", 
    "Metric system", 
    "Research grants", 
    "Science, technology, communications", 
    "Weights and measures"
  ], 
  "subjects_top_term": "Science, technology, communications", 
  "summary": {
    "as": "Introduced", 
    "date": "2005-01-04", 
    "text": "Amends the Metric Conversion Act of 1975 to require guidelines on government use of the metric system of measurement to require any Federal agency transaction providing for a person to perform scientific or engineering research with Federal funding to include provisions: (1) clearly identifying the extent to which such system or other systems of measurement will be used under the transaction and requiring such use; and (2) assigning such person the financial responsibility for failure to follow such requirements."
  }, 
  "titles": [
    {
      "as": "introduced", 
      "title": "To amend the Metric Conversion Act of 1975 to require Federal agencies to impose certain requirements on recipients of awards for scientific and engineering research.", 
      "type": "official"
    }
  ], 
  "updated_at": "2013-02-02T20:39:06-05:00"
}