{
  "actions": [
    {
      "acted_at": "2005-02-17", 
      "committee": "House Committee on the Judiciary", 
      "references": [], 
      "status": "REFERRED", 
      "text": "Referred to the House Committee on the Judiciary.", 
      "type": "referral"
    }, 
    {
      "acted_at": "2005-03-14", 
      "in_committee": "House Committee on the Judiciary", 
      "references": [], 
      "subcommittee": "Immigration, Border Security, and Claims", 
      "text": "Referred to the Subcommittee on Immigration, Border Security, and Claims.", 
      "type": "referral"
    }
  ], 
  "amendments": [], 
  "bill_id": "hr993-109", 
  "bill_type": "hr", 
  "committees": [
    {
      "activity": [
        "referral", 
        "in committee"
      ], 
      "committee": "House Judiciary", 
      "committee_id": "HSJU"
    }, 
    {
      "activity": [
        "referral"
      ], 
      "committee": "House Judiciary", 
      "committee_id": "HSJU", 
      "subcommittee": "Subcommittee on Immigration, Border Security, and Claims", 
      "subcommittee_id": "01"
    }
  ], 
  "congress": "109", 
  "cosponsors": [], 
  "enacted_as": null, 
  "history": {
    "awaiting_signature": false, 
    "enacted": false, 
    "vetoed": false
  }, 
  "introduced_at": "2005-02-17", 
  "number": "993", 
  "official_title": "For the relief of Van Lien Tran, Xuan Mai T. Che, Lien Mai Binh Tran, Kim Hoan Thi Nguyen, and Nam V. Nguyen.", 
  "popular_title": null, 
  "related_bills": [], 
  "short_title": null, 
  "sponsor": {
    "district": "8", 
    "name": "Moran, James P.", 
    "state": "VA", 
    "thomas_id": "00832", 
    "title": "Rep", 
    "type": "person"
  }, 
  "status": "REFERRED", 
  "status_at": "2005-02-17", 
  "subjects": [
    "Immigration", 
    "Private legislation"
  ], 
  "subjects_top_term": "Private legislation", 
  "summary": {
    "as": "Introduced", 
    "date": "2005-02-17", 
    "text": "Makes Van Lien Tran, Xuan Mai T. Che, Lien Mai Binh Tran, Kim Hoan Thi Nguyen, and Nam V. Nguyen each eligible for issuance of an immigrant visa or for adjustment of status to that of a lawful permanent resident of the United States under the Immigration and Nationality Act, upon payment of the required visa fees."
  }, 
  "titles": [
    {
      "as": "introduced", 
      "title": "For the relief of Van Lien Tran, Xuan Mai T. Che, Lien Mai Binh Tran, Kim Hoan Thi Nguyen, and Nam V. Nguyen.", 
      "type": "official"
    }
  ], 
  "updated_at": "2013-02-02T20:39:34-05:00"
}