{
  "actions": [
    {
      "acted_at": "2005-01-04", 
      "references": [
        {
          "reference": "CR E10", 
          "type": null
        }
      ], 
      "text": "Sponsor introductory remarks on measure.", 
      "type": "action"
    }, 
    {
      "acted_at": "2005-01-04", 
      "committee": "House Committee on Resources", 
      "references": [], 
      "status": "REFERRED", 
      "text": "Referred to the House Committee on Resources.", 
      "type": "referral"
    }, 
    {
      "acted_at": "2005-02-03", 
      "in_committee": "House Committee on Resources", 
      "references": [], 
      "subcommittee": "Water and Power", 
      "text": "Referred to the Subcommittee on Water and Power.", 
      "type": "referral"
    }
  ], 
  "amendments": [], 
  "bill_id": "hr109-109", 
  "bill_type": "hr", 
  "committees": [
    {
      "activity": [
        "referral", 
        "in committee"
      ], 
      "committee": "House Resources", 
      "committee_id": "HSII"
    }, 
    {
      "activity": [
        "referral"
      ], 
      "committee": "House Resources", 
      "committee_id": "HSII", 
      "subcommittee": "Subcommittee on Water and Power", 
      "subcommittee_id": "13"
    }
  ], 
  "congress": "109", 
  "cosponsors": [
    {
      "district": "6", 
      "name": "Tancredo, Thomas G.", 
      "sponsored_at": "2005-02-01", 
      "state": "CO", 
      "thomas_id": "01592", 
      "title": "Rep", 
      "withdrawn_at": null
    }
  ], 
  "enacted_as": null, 
  "history": {
    "awaiting_signature": false, 
    "enacted": false, 
    "vetoed": false
  }, 
  "introduced_at": "2005-01-04", 
  "number": "109", 
  "official_title": "To provide compensation to the Lower Brule and Crow Creek Sioux Tribes of South Dakota for damage to tribal land caused by Pick-Sloan projects along the Missouri River.", 
  "popular_title": null, 
  "related_bills": [
    {
      "bill_id": "s374-109", 
      "reason": "identical"
    }
  ], 
  "short_title": "Tribal Parity Act", 
  "sponsor": {
    "district": null, 
    "name": "Herseth, Stephanie", 
    "state": "SD", 
    "thomas_id": "01760", 
    "title": "Rep", 
    "type": "person"
  }, 
  "status": "REFERRED", 
  "status_at": "2005-01-04", 
  "subjects": [
    "Compensation (Law)", 
    "Dams", 
    "Economics and public finance", 
    "Energy", 
    "Federal-Indian relations", 
    "Government operations and politics", 
    "Government trust funds", 
    "Housing and community development", 
    "Hydroelectric power", 
    "Indian claims", 
    "Indian economic development", 
    "Indian lands", 
    "Infrastructure", 
    "Law", 
    "Minorities", 
    "Missouri River development", 
    "Native Americans", 
    "Public lands and natural resources", 
    "Reservoirs", 
    "Revenue sharing", 
    "South Dakota", 
    "Water resources development"
  ], 
  "subjects_top_term": "Native Americans", 
  "summary": {
    "as": "Introduced", 
    "date": "2005-01-04", 
    "text": "Tribal Parity Act - Amends the Lower Brule Sioux Tribe Infrastructure Development Trust Fund Act to increase from $39.3 million to $186,822,140 the aggregate amount to be deposited into the Lower Brule Sioux Tribe Infrastructure Development Trust Fund by the Secretary of the Treasury to provide compensation to the Lower Brule Tribe of South Dakota for damage to tribal land caused by Pick-Sloan projects along the Missouri River. Amends the Crow Creek Sioux Tribe Infrastructure Development Trust Fund Act of 1996 to increase from $27.5 million to $105,917,853 the aggregate amount to be deposited into the Crow Creek Sioux Tribe Infrastructure Development Trust Fund by the Secretary to provide compensation to the Crow Creek Sioux Tribe of South Dakota for such damage."
  }, 
  "titles": [
    {
      "as": "introduced", 
      "title": "Tribal Parity Act", 
      "type": "short"
    }, 
    {
      "as": "introduced", 
      "title": "To provide compensation to the Lower Brule and Crow Creek Sioux Tribes of South Dakota for damage to tribal land caused by Pick-Sloan projects along the Missouri River.", 
      "type": "official"
    }
  ], 
  "updated_at": "2013-02-02T20:39:08-05:00"
}