{
  "actions": [
    {
      "acted_at": "2006-09-08", 
      "committee": "House Committee on Transportation and Infrastructure", 
      "references": [], 
      "status": "REFERRED", 
      "text": "Referred to the House Committee on Transportation and Infrastructure.", 
      "type": "referral"
    }, 
    {
      "acted_at": "2006-09-11", 
      "in_committee": "House Committee on Transportation and Infrastructure", 
      "references": [], 
      "subcommittee": "Economic Development, Public Buildings and Emergency Management", 
      "text": "Referred to the Subcommittee on Economic Development, Public Buildings and Emergency Management.", 
      "type": "referral"
    }, 
    {
      "acted_at": "2006-09-14", 
      "in_committee": "House Committee on Transportation and Infrastructure", 
      "in_subcommittee": "Economic Development, Public Buildings and Emergency Management", 
      "references": [], 
      "text": "Subcommittee Consideration and Mark-up Session Held.", 
      "type": "action"
    }, 
    {
      "acted_at": "2006-09-14", 
      "in_committee": "House Committee on Transportation and Infrastructure", 
      "in_subcommittee": "Economic Development, Public Buildings and Emergency Management", 
      "references": [], 
      "text": "Forwarded by Subcommittee to Full Committee (Amended) by Voice Vote .", 
      "type": "action"
    }, 
    {
      "acted_at": "2006-09-20", 
      "in_committee": "House Committee on Transportation and Infrastructure", 
      "references": [], 
      "text": "Committee Consideration and Mark-up Session Held.", 
      "type": "action"
    }, 
    {
      "acted_at": "2006-09-20", 
      "in_committee": "House Committee on Transportation and Infrastructure", 
      "references": [], 
      "status": "REPORTED", 
      "text": "Ordered to be Reported (Amended) by Voice Vote.", 
      "type": "calendar"
    }, 
    {
      "acted_at": "2006-09-27T22:08:00-04:00", 
      "references": [], 
      "text": "Mr. Shuster moved to suspend the rules and pass the bill, as amended.", 
      "type": "action"
    }, 
    {
      "acted_at": "2006-09-27T22:08:00-04:00", 
      "references": [
        {
          "reference": "CR H7627-7628", 
          "type": "consideration"
        }
      ], 
      "text": "Considered under suspension of the rules.", 
      "type": "action"
    }, 
    {
      "acted_at": "2006-09-27T22:08:00-04:00", 
      "references": [], 
      "text": "DEBATE - The House proceeded with forty minutes of debate on H.R. 6051.", 
      "type": "action"
    }, 
    {
      "acted_at": "2006-09-27T22:17:00-04:00", 
      "how": "by voice vote", 
      "references": [
        {
          "reference": "CR H7627", 
          "type": "text"
        }
      ], 
      "result": "pass", 
      "status": "PASS_OVER:HOUSE", 
      "suspension": null, 
      "text": "On motion to suspend the rules and pass the bill, as amended Agreed to by voice vote.", 
      "type": "vote", 
      "vote_type": "vote", 
      "where": "h"
    }, 
    {
      "acted_at": "2006-09-27T22:17:00-04:00", 
      "references": [], 
      "text": "Motion to reconsider laid on the table Agreed to without objection.", 
      "type": "action"
    }, 
    {
      "acted_at": "2006-09-27T22:17:00-04:00", 
      "references": [], 
      "text": "The title of the measure was amended. Agreed to without objection.", 
      "type": "action"
    }, 
    {
      "acted_at": "2006-09-28", 
      "references": [], 
      "text": "Received in the Senate, read twice.", 
      "type": "action"
    }, 
    {
      "acted_at": "2006-09-30", 
      "how": "by Unanimous Consent", 
      "references": [
        {
          "reference": "CR 9/29/2006 S10802-10803", 
          "type": "consideration"
        }
      ], 
      "result": "pass", 
      "status": "PASSED:BILL", 
      "text": "Passed Senate without amendment by Unanimous Consent.", 
      "type": "vote", 
      "vote_type": "vote2", 
      "where": "s"
    }, 
    {
      "acted_at": "2006-09-30", 
      "references": [], 
      "text": "Cleared for White House.", 
      "type": "topresident"
    }, 
    {
      "acted_at": "2006-10-02", 
      "references": [], 
      "text": "Message on Senate action sent to the House.", 
      "type": "action"
    }, 
    {
      "acted_at": "2006-10-04", 
      "references": [], 
      "text": "Presented to President.", 
      "type": "topresident"
    }, 
    {
      "acted_at": "2006-10-12", 
      "references": [], 
      "text": "Signed by President.", 
      "type": "signed"
    }, 
    {
      "acted_at": "2006-10-12", 
      "congress": "109", 
      "law": "public", 
      "number": "335", 
      "references": [], 
      "status": "ENACTED:SIGNED", 
      "text": "Became Public Law No: 109-335.", 
      "type": "enacted"
    }
  ], 
  "amendments": [], 
  "bill_id": "hr6051-109", 
  "bill_type": "hr", 
  "committees": [
    {
      "activity": [
        "referral", 
        "markup"
      ], 
      "committee": "House Transportation and Infrastructure", 
      "committee_id": "HSPW"
    }, 
    {
      "activity": [
        "referral", 
        "markup", 
        "reporting"
      ], 
      "committee": "House Transportation and Infrastructure", 
      "committee_id": "HSPW", 
      "subcommittee": "Subcommittee on Economic Development, Public Buildings and Emergency Management", 
      "subcommittee_id": "13"
    }
  ], 
  "congress": "109", 
  "cosponsors": [
    {
      "district": "28", 
      "name": "Berman, Howard L.", 
      "sponsored_at": "2006-09-08", 
      "state": "CA", 
      "thomas_id": "00082", 
      "title": "Rep", 
      "withdrawn_at": null
    }, 
    {
      "district": "13", 
      "name": "Brown, Sherrod", 
      "sponsored_at": "2006-09-08", 
      "state": "OH", 
      "thomas_id": "00136", 
      "title": "Rep", 
      "withdrawn_at": null
    }, 
    {
      "district": "7", 
      "name": "Hobson, David L.", 
      "sponsored_at": "2006-09-08", 
      "state": "OH", 
      "thomas_id": "00545", 
      "title": "Rep", 
      "withdrawn_at": null
    }, 
    {
      "district": "11", 
      "name": "Jones, Stephanie Tubbs", 
      "sponsored_at": "2006-09-08", 
      "state": "OH", 
      "thomas_id": "01581", 
      "title": "Rep", 
      "withdrawn_at": null
    }, 
    {
      "district": "9", 
      "name": "Kaptur, Marcy", 
      "sponsored_at": "2006-09-08", 
      "state": "OH", 
      "thomas_id": "00616", 
      "title": "Rep", 
      "withdrawn_at": null
    }, 
    {
      "district": "18", 
      "name": "LaHood, Ray", 
      "sponsored_at": "2006-09-08", 
      "state": "IL", 
      "thomas_id": "00659", 
      "title": "Rep", 
      "withdrawn_at": null
    }, 
    {
      "district": "14", 
      "name": "LaTourette, Steven C.", 
      "sponsored_at": "2006-09-08", 
      "state": "OH", 
      "thomas_id": "00667", 
      "title": "Rep", 
      "withdrawn_at": null
    }, 
    {
      "district": "7", 
      "name": "Miller, George", 
      "sponsored_at": "2006-09-08", 
      "state": "CA", 
      "thomas_id": "00808", 
      "title": "Rep", 
      "withdrawn_at": null
    }, 
    {
      "district": "7", 
      "name": "Obey, David R.", 
      "sponsored_at": "2006-09-08", 
      "state": "WI", 
      "thomas_id": "00877", 
      "title": "Rep", 
      "withdrawn_at": null
    }, 
    {
      "district": "3", 
      "name": "Rahall, Nick J., II", 
      "sponsored_at": "2006-09-08", 
      "state": "WV", 
      "thomas_id": "00940", 
      "title": "Rep", 
      "withdrawn_at": null
    }, 
    {
      "district": "16", 
      "name": "Regula, Ralph", 
      "sponsored_at": "2006-09-08", 
      "state": "OH", 
      "thomas_id": "00951", 
      "title": "Rep", 
      "withdrawn_at": null
    }, 
    {
      "district": "6", 
      "name": "Strickland, Ted", 
      "sponsored_at": "2006-09-08", 
      "state": "OH", 
      "thomas_id": "01118", 
      "title": "Rep", 
      "withdrawn_at": null
    }, 
    {
      "district": "2", 
      "name": "Udall, Mark", 
      "sponsored_at": "2006-09-08", 
      "state": "CO", 
      "thomas_id": "01595", 
      "title": "Rep", 
      "withdrawn_at": null
    }, 
    {
      "district": "7", 
      "name": "Weldon, Curt", 
      "sponsored_at": "2006-09-08", 
      "state": "PA", 
      "thomas_id": "01214", 
      "title": "Rep", 
      "withdrawn_at": null
    }
  ], 
  "enacted_as": {
    "congress": "109", 
    "law_type": "public", 
    "number": "335"
  }, 
  "history": {
    "awaiting_signature": false, 
    "enacted": true, 
    "enacted_at": "2006-10-12", 
    "house_passage_result": "pass", 
    "house_passage_result_at": "2006-09-27T22:17:00-04:00", 
    "senate_passage_result": "pass", 
    "senate_passage_result_at": "2006-09-30", 
    "vetoed": false
  }, 
  "introduced_at": "2006-09-08", 
  "number": "6051", 
  "official_title": "To designate the Federal building and United States courthouse located at 2 South Main Street in Akron, Ohio, as the \"John F. Seiberling Federal Building and United States Courthouse\".", 
  "popular_title": null, 
  "related_bills": [], 
  "short_title": null, 
  "sponsor": {
    "district": "17", 
    "name": "Ryan, Tim", 
    "state": "OH", 
    "thomas_id": "01756", 
    "title": "Rep", 
    "type": "person"
  }, 
  "status": "ENACTED:SIGNED", 
  "status_at": "2006-10-12", 
  "subjects": [
    "Commemorations", 
    "Congress", 
    "Congressional tributes", 
    "Ex-Members of Congress", 
    "Federal office buildings", 
    "House of Representatives", 
    "Names", 
    "Ohio"
  ], 
  "subjects_top_term": "Commemorations", 
  "summary": {
    "as": "Public Law", 
    "date": "2006-10-12", 
    "text": "Designates the federal building and U.S. courthouse located at 2 South Main Street in Akron, Ohio, as the \"John F. Seiberling Federal Building and United States Courthouse.\""
  }, 
  "titles": [
    {
      "as": "introduced", 
      "title": "To designate the Federal building located at 2 South Main Street in Akron, Ohio, as the \"John F. Seiberling Federal Building\".", 
      "type": "official"
    }, 
    {
      "as": "amended by house", 
      "title": "To designate the Federal building and United States courthouse located at 2 South Main Street in Akron, Ohio, as the \"John F. Seiberling Federal Building and United States Courthouse\".", 
      "type": "official"
    }
  ], 
  "updated_at": "2013-02-02T20:41:53-05:00"
}