{
  "actions": [
    {
      "acted_at": "2006-12-05", 
      "committee": "Committee on Education and the Workforce, and in addition to the Committees on Transportation and Infrastructure, and Energy and Commerce, for a period to be subsequently determined by the Speaker, in each case for consideration of such provisions as fall within the jurisdiction of the committee concerned", 
      "references": [], 
      "status": "REFERRED", 
      "text": "Referred to the Committee on Education and the Workforce, and in addition to the Committees on Transportation and Infrastructure, and Energy and Commerce, for a period to be subsequently determined by the Speaker, in each case for consideration of such provisions as fall within the jurisdiction of the committee concerned.", 
      "type": "referral"
    }, 
    {
      "acted_at": "2006-12-05", 
      "committee": "House Education and the Workforce", 
      "references": [], 
      "text": "Referred to House Education and the Workforce", 
      "type": "referral"
    }, 
    {
      "acted_at": "2006-12-05", 
      "committee": "House Transportation and Infrastructure", 
      "references": [], 
      "text": "Referred to House Transportation and Infrastructure", 
      "type": "referral"
    }, 
    {
      "acted_at": "2006-12-05", 
      "committee": "House Energy and Commerce", 
      "references": [], 
      "text": "Referred to House Energy and Commerce", 
      "type": "referral"
    }
  ], 
  "amendments": [], 
  "bill_id": "hr6339-109", 
  "bill_type": "hr", 
  "committees": [
    {
      "activity": [
        "referral", 
        "in committee"
      ], 
      "committee": "House Education and the Workforce", 
      "committee_id": "HSED"
    }, 
    {
      "activity": [
        "referral", 
        "in committee"
      ], 
      "committee": "House Transportation and Infrastructure", 
      "committee_id": "HSPW"
    }, 
    {
      "activity": [
        "referral", 
        "in committee"
      ], 
      "committee": "House Energy and Commerce", 
      "committee_id": "HSIF"
    }
  ], 
  "congress": "109", 
  "cosponsors": [], 
  "enacted_as": null, 
  "history": {
    "awaiting_signature": false, 
    "enacted": false, 
    "vetoed": false
  }, 
  "introduced_at": "2006-12-05", 
  "number": "6339", 
  "official_title": "To establish the Homeland Security Community Mobilization Program.", 
  "popular_title": null, 
  "related_bills": [], 
  "short_title": "Homeland Security Community Mobilization Act of 2006", 
  "sponsor": {
    "district": "11", 
    "name": "Owens, Major R.", 
    "state": "NY", 
    "thomas_id": "00883", 
    "title": "Rep", 
    "type": "person"
  }, 
  "status": "REFERRED", 
  "status_at": "2006-12-05", 
  "subjects": [
    "AIDS (Disease)", 
    "Academic performance", 
    "Apprenticeship", 
    "Biological warfare", 
    "Business education", 
    "Commerce", 
    "Community health services", 
    "Counseling", 
    "Crime and law enforcement", 
    "Disaster relief", 
    "Disasters", 
    "Economics and public finance", 
    "Education", 
    "Elementary and secondary education", 
    "Elementary education", 
    "Emergency management", 
    "Entrepreneurs", 
    "Epidemics", 
    "Families", 
    "Federal aid to education", 
    "Government operations and politics", 
    "Grants-in-aid", 
    "Health", 
    "Health education", 
    "Health surveys", 
    "Hurricane aftermath legislation", 
    "Influenza", 
    "Juvenile delinquency", 
    "Labor and employment", 
    "Louisiana", 
    "Metropolitan areas", 
    "Ombudsman", 
    "Parent-school relationships", 
    "Physical education and training", 
    "Scholarships", 
    "School discipline", 
    "School-age child care", 
    "Secondary education", 
    "Small business", 
    "Social welfare", 
    "Sports and recreation", 
    "Terrorism", 
    "Travel costs", 
    "Urban affairs", 
    "Virus diseases", 
    "Vocational education", 
    "Youth services"
  ], 
  "subjects_top_term": "Emergency management", 
  "summary": {
    "as": "Introduced", 
    "date": "2006-12-05", 
    "text": "Homeland Security Community Mobilization Act of 2006 - Establishes the Homeland Security Community Mobilization Program, under which the Secretary of Health and Human Services shall make grants to local entities in 10 metropolitan areas (including New Orleans, Louisiana) to carry out pilot projects that provide: (1) emergency response training to prepare low-income adults and youth to provide emergency assistance in metropolitan areas during disasters; (2) job training and financial assistance to families with children in school, awarding priority to families with incomes under the poverty line; (3) community education and school support; (4) juvenile delinquency prevention programs and youth counseling; (5) entrepreneurial business development training for youth; and (6) family health care information and solutions."
  }, 
  "titles": [
    {
      "as": "introduced", 
      "title": "Homeland Security Community Mobilization Act of 2006", 
      "type": "short"
    }, 
    {
      "as": "introduced", 
      "title": "To establish the Homeland Security Community Mobilization Program.", 
      "type": "official"
    }
  ], 
  "updated_at": "2013-02-02T20:42:00-05:00"
}