{
  "actions": [
    {
      "acted_at": "2005-12-07", 
      "committee": "House Committee on Financial Services", 
      "references": [], 
      "status": "REFERRED", 
      "text": "Referred to the House Committee on Financial Services.", 
      "type": "referral"
    }, 
    {
      "acted_at": "2006-01-05", 
      "in_committee": "House Committee on Financial Services", 
      "references": [], 
      "subcommittee": "Housing and Community Opportunity", 
      "text": "Referred to the Subcommittee on Housing and Community Opportunity.", 
      "type": "referral"
    }
  ], 
  "amendments": [], 
  "bill_id": "hr4453-109", 
  "bill_type": "hr", 
  "committees": [
    {
      "activity": [
        "referral", 
        "in committee"
      ], 
      "committee": "House Financial Services", 
      "committee_id": "HSBA"
    }, 
    {
      "activity": [
        "referral"
      ], 
      "committee": "House Financial Services", 
      "committee_id": "HSBA", 
      "subcommittee": "Subcommittee on Housing and Community Opportunity", 
      "subcommittee_id": "04"
    }
  ], 
  "congress": "109", 
  "cosponsors": [
    {
      "district": "2", 
      "name": "Akin, W. Todd", 
      "sponsored_at": "2005-12-07", 
      "state": "MO", 
      "thomas_id": "01655", 
      "title": "Rep", 
      "withdrawn_at": null
    }, 
    {
      "district": "7", 
      "name": "Blackburn, Marsha", 
      "sponsored_at": "2005-12-07", 
      "state": "TN", 
      "thomas_id": "01748", 
      "title": "Rep", 
      "withdrawn_at": null
    }, 
    {
      "district": "5", 
      "name": "Burton, Dan", 
      "sponsored_at": "2005-12-07", 
      "state": "IN", 
      "thomas_id": "00154", 
      "title": "Rep", 
      "withdrawn_at": null
    }, 
    {
      "district": "7", 
      "name": "Cantor, Eric", 
      "sponsored_at": "2005-12-07", 
      "state": "VA", 
      "thomas_id": "01674", 
      "title": "Rep", 
      "withdrawn_at": null
    }, 
    {
      "district": null, 
      "name": "Cubin, Barbara", 
      "sponsored_at": "2005-12-07", 
      "state": "WY", 
      "thomas_id": "00254", 
      "title": "Rep", 
      "withdrawn_at": null
    }, 
    {
      "district": "6", 
      "name": "Flake, Jeff", 
      "sponsored_at": "2005-12-07", 
      "state": "AZ", 
      "thomas_id": "01633", 
      "title": "Rep", 
      "withdrawn_at": null
    }, 
    {
      "district": "5", 
      "name": "Garrett, Scott", 
      "sponsored_at": "2005-12-07", 
      "state": "NJ", 
      "thomas_id": "01737", 
      "title": "Rep", 
      "withdrawn_at": null
    }, 
    {
      "district": "5", 
      "name": "Hensarling, Jeb", 
      "sponsored_at": "2005-12-07", 
      "state": "TX", 
      "thomas_id": "01749", 
      "title": "Rep", 
      "withdrawn_at": null
    }, 
    {
      "district": "3", 
      "name": "Johnson, Sam", 
      "sponsored_at": "2005-12-07", 
      "state": "TX", 
      "thomas_id": "00603", 
      "title": "Rep", 
      "withdrawn_at": null
    }, 
    {
      "district": "1", 
      "name": "Kingston, Jack", 
      "sponsored_at": "2005-12-07", 
      "state": "GA", 
      "thomas_id": "00636", 
      "title": "Rep", 
      "withdrawn_at": null
    }, 
    {
      "district": "3", 
      "name": "Lucas, Frank D.", 
      "sponsored_at": "2005-12-07", 
      "state": "OK", 
      "thomas_id": "00711", 
      "title": "Rep", 
      "withdrawn_at": null
    }, 
    {
      "district": "4", 
      "name": "Musgrave, Marilyn N.", 
      "sponsored_at": "2005-12-07", 
      "state": "CO", 
      "thomas_id": "01711", 
      "title": "Rep", 
      "withdrawn_at": null
    }, 
    {
      "district": "19", 
      "name": "Neugebauer, Randy", 
      "sponsored_at": "2005-12-07", 
      "state": "TX", 
      "thomas_id": "01758", 
      "title": "Rep", 
      "withdrawn_at": null
    }, 
    {
      "district": "16", 
      "name": "Pitts, Joseph R.", 
      "sponsored_at": "2005-12-07", 
      "state": "PA", 
      "thomas_id": "01514", 
      "title": "Rep", 
      "withdrawn_at": null
    }, 
    {
      "district": "5", 
      "name": "Sensenbrenner, F. James, Jr.", 
      "sponsored_at": "2006-02-01", 
      "state": "WI", 
      "thomas_id": "01041", 
      "title": "Rep", 
      "withdrawn_at": null
    }, 
    {
      "district": "6", 
      "name": "Tancredo, Thomas G.", 
      "sponsored_at": "2005-12-07", 
      "state": "CO", 
      "thomas_id": "01592", 
      "title": "Rep", 
      "withdrawn_at": null
    }, 
    {
      "district": "3", 
      "name": "Wamp, Zach", 
      "sponsored_at": "2005-12-07", 
      "state": "TN", 
      "thomas_id": "01199", 
      "title": "Rep", 
      "withdrawn_at": null
    }, 
    {
      "district": "6", 
      "name": "Woolsey, Lynn C.", 
      "sponsored_at": "2005-12-07", 
      "state": "CA", 
      "thomas_id": "01242", 
      "title": "Rep", 
      "withdrawn_at": null
    }
  ], 
  "enacted_as": null, 
  "history": {
    "awaiting_signature": false, 
    "enacted": false, 
    "vetoed": false
  }, 
  "introduced_at": "2005-12-07", 
  "number": "4453", 
  "official_title": "To require reimbursement by the Federal Emergency Management Agency of any amounts borrowed for purposes of the National Flood Insurance Program, and for other purposes.", 
  "popular_title": null, 
  "related_bills": [], 
  "short_title": "FIND Accountability Act of 2005", 
  "sponsor": {
    "district": "5", 
    "name": "Foxx, Virginia", 
    "state": "NC", 
    "thomas_id": "01791", 
    "title": "Rep", 
    "type": "person"
  }, 
  "status": "REFERRED", 
  "status_at": "2005-12-07", 
  "subjects": [
    "Collection of accounts", 
    "Congress", 
    "Congressional reporting requirements", 
    "Debt", 
    "Department of Homeland Security", 
    "Department of the Treasury", 
    "Disaster insurance", 
    "Economics and public finance", 
    "Emergency management", 
    "Federal Emergency Management Agency", 
    "Finance and financial sector", 
    "Floods", 
    "Government operations and politics", 
    "Government securities"
  ], 
  "subjects_top_term": "Emergency management", 
  "summary": {
    "as": "Introduced", 
    "date": "2005-12-07", 
    "text": "Flood Insurance Needs Defined Accountability Act of 2005 or the FIND Accountability Act of 2005 - Amends the National Flood Insurance Act of 1968 to direct the Secretary of the Treasury to require the Director of the Federal Emergency Management Agency (FEMA) to reimburse the Secretary fully for any FEMA indebtedness under the National Flood Insurance Program the Secretary has purchased. Prohibits the Secretary from cancelling, reducing, or forgiving any such indebtedness."
  }, 
  "titles": [
    {
      "as": "introduced", 
      "title": "FIND Accountability Act of 2005", 
      "type": "short"
    }, 
    {
      "as": "introduced", 
      "title": "Flood Insurance Needs Defined Accountability Act of 2005", 
      "type": "short"
    }, 
    {
      "as": "introduced", 
      "title": "To require reimbursement by the Federal Emergency Management Agency of any amounts borrowed for purposes of the National Flood Insurance Program, and for other purposes.", 
      "type": "official"
    }
  ], 
  "updated_at": "2013-02-02T20:41:08-05:00"
}