{
  "actions": [
    {
      "acted_at": "2005-02-16", 
      "committee": "House Committee on Agriculture", 
      "references": [], 
      "status": "REFERRED", 
      "text": "Referred to the House Committee on Agriculture.", 
      "type": "referral"
    }, 
    {
      "acted_at": "2005-03-16", 
      "in_committee": "House Committee on Agriculture", 
      "references": [], 
      "subcommittee": "Department Operations, Oversight, Nutrition and Forestry", 
      "text": "Referred to the Subcommittee on Department Operations, Oversight, Nutrition and Forestry.", 
      "type": "referral"
    }
  ], 
  "amendments": [], 
  "bill_id": "hr859-109", 
  "bill_type": "hr", 
  "committees": [
    {
      "activity": [
        "referral", 
        "in committee"
      ], 
      "committee": "House Agriculture", 
      "committee_id": "HSAG"
    }, 
    {
      "activity": [
        "referral"
      ], 
      "committee": "House Agriculture", 
      "committee_id": "HSAG", 
      "subcommittee": "Subcommittee on Department Operations, Oversight, Dairy, Nutrition, and Forestry", 
      "subcommittee_id": "22"
    }
  ], 
  "congress": "109", 
  "cosponsors": [
    {
      "district": "1", 
      "name": "Allen, Thomas H.", 
      "sponsored_at": "2005-03-03", 
      "state": "ME", 
      "thomas_id": "01461", 
      "title": "Rep", 
      "withdrawn_at": null
    }, 
    {
      "district": "2", 
      "name": "Baldwin, Tammy", 
      "sponsored_at": "2005-02-16", 
      "state": "WI", 
      "thomas_id": "01558", 
      "title": "Rep", 
      "withdrawn_at": null
    }, 
    {
      "district": "3", 
      "name": "Boswell, Leonard L.", 
      "sponsored_at": "2005-03-01", 
      "state": "IA", 
      "thomas_id": "01466", 
      "title": "Rep", 
      "withdrawn_at": null
    }, 
    {
      "district": "15", 
      "name": "Dent, Charles W.", 
      "sponsored_at": "2005-09-20", 
      "state": "PA", 
      "thomas_id": "01799", 
      "title": "Rep", 
      "withdrawn_at": null
    }, 
    {
      "district": "3", 
      "name": "English, Phil", 
      "sponsored_at": "2005-02-16", 
      "state": "PA", 
      "thomas_id": "00347", 
      "title": "Rep", 
      "withdrawn_at": null
    }, 
    {
      "district": "6", 
      "name": "Gerlach, Jim", 
      "sponsored_at": "2005-07-27", 
      "state": "PA", 
      "thomas_id": "01743", 
      "title": "Rep", 
      "withdrawn_at": null
    }, 
    {
      "district": "6", 
      "name": "Graves, Sam", 
      "sponsored_at": "2005-03-16", 
      "state": "MO", 
      "thomas_id": "01656", 
      "title": "Rep", 
      "withdrawn_at": null
    }, 
    {
      "district": "8", 
      "name": "Green, Mark", 
      "sponsored_at": "2005-02-16", 
      "state": "WI", 
      "thomas_id": "01559", 
      "title": "Rep", 
      "withdrawn_at": null
    }, 
    {
      "district": "4", 
      "name": "Hart, Melissa A.", 
      "sponsored_at": "2005-03-10", 
      "state": "PA", 
      "thomas_id": "01666", 
      "title": "Rep", 
      "withdrawn_at": null
    }, 
    {
      "district": "17", 
      "name": "Holden, Tim", 
      "sponsored_at": "2005-02-17", 
      "state": "PA", 
      "thomas_id": "00550", 
      "title": "Rep", 
      "withdrawn_at": null
    }, 
    {
      "district": "1", 
      "name": "Jindal, Bobby", 
      "sponsored_at": "2005-07-28", 
      "state": "LA", 
      "thomas_id": "01785", 
      "title": "Rep", 
      "withdrawn_at": null
    }, 
    {
      "district": "11", 
      "name": "Kanjorski, Paul E.", 
      "sponsored_at": "2005-07-22", 
      "state": "PA", 
      "thomas_id": "00615", 
      "title": "Rep", 
      "withdrawn_at": null
    }, 
    {
      "district": "6", 
      "name": "Kennedy, Mark R.", 
      "sponsored_at": "2005-02-16", 
      "state": "MN", 
      "thomas_id": "01652", 
      "title": "Rep", 
      "withdrawn_at": null
    }, 
    {
      "district": "3", 
      "name": "Kind, Ron", 
      "sponsored_at": "2005-02-16", 
      "state": "WI", 
      "thomas_id": "01498", 
      "title": "Rep", 
      "withdrawn_at": null
    }, 
    {
      "district": "29", 
      "name": "Kuhl, John R. \"Randy\", Jr.", 
      "sponsored_at": "2005-03-10", 
      "state": "NY", 
      "thomas_id": "01795", 
      "title": "Rep", 
      "withdrawn_at": null
    }, 
    {
      "district": "3", 
      "name": "McGovern, James P.", 
      "sponsored_at": "2005-02-17", 
      "state": "MA", 
      "thomas_id": "01504", 
      "title": "Rep", 
      "withdrawn_at": null
    }, 
    {
      "district": "21", 
      "name": "McNulty, Michael R.", 
      "sponsored_at": "2005-02-17", 
      "state": "NY", 
      "thomas_id": "00785", 
      "title": "Rep", 
      "withdrawn_at": null
    }, 
    {
      "district": "18", 
      "name": "Murphy, Tim", 
      "sponsored_at": "2005-06-29", 
      "state": "PA", 
      "thomas_id": "01744", 
      "title": "Rep", 
      "withdrawn_at": null
    }, 
    {
      "district": "12", 
      "name": "Murtha, John P.", 
      "sponsored_at": "2005-09-22", 
      "state": "PA", 
      "thomas_id": "00844", 
      "title": "Rep", 
      "withdrawn_at": null
    }, 
    {
      "district": "8", 
      "name": "Nadler, Jerrold", 
      "sponsored_at": "2005-02-17", 
      "state": "NY", 
      "thomas_id": "00850", 
      "title": "Rep", 
      "withdrawn_at": null
    }, 
    {
      "district": "8", 
      "name": "Oberstar, James L.", 
      "sponsored_at": "2005-02-16", 
      "state": "MN", 
      "thomas_id": "00876", 
      "title": "Rep", 
      "withdrawn_at": null
    }, 
    {
      "district": "7", 
      "name": "Obey, David R.", 
      "sponsored_at": "2005-02-16", 
      "state": "WI", 
      "thomas_id": "00877", 
      "title": "Rep", 
      "withdrawn_at": null
    }, 
    {
      "district": "5", 
      "name": "Peterson, John E.", 
      "sponsored_at": "2005-02-16", 
      "state": "PA", 
      "thomas_id": "01512", 
      "title": "Rep", 
      "withdrawn_at": null
    }, 
    {
      "district": "6", 
      "name": "Petri, Thomas E.", 
      "sponsored_at": "2005-02-16", 
      "state": "WI", 
      "thomas_id": "00912", 
      "title": "Rep", 
      "withdrawn_at": null
    }, 
    {
      "district": "19", 
      "name": "Platts, Todd Russell", 
      "sponsored_at": "2005-03-01", 
      "state": "PA", 
      "thomas_id": "01667", 
      "title": "Rep", 
      "withdrawn_at": null
    }, 
    {
      "district": "4", 
      "name": "Price, David E.", 
      "sponsored_at": "2005-03-16", 
      "state": "NC", 
      "thomas_id": "00930", 
      "title": "Rep", 
      "withdrawn_at": null
    }, 
    {
      "district": "1", 
      "name": "Rush, Bobby L.", 
      "sponsored_at": "2005-03-01", 
      "state": "IL", 
      "thomas_id": "01003", 
      "title": "Rep", 
      "withdrawn_at": null
    }, 
    {
      "district": "1", 
      "name": "Ryan, Paul", 
      "sponsored_at": "2005-02-16", 
      "state": "WI", 
      "thomas_id": "01560", 
      "title": "Rep", 
      "withdrawn_at": null
    }, 
    {
      "district": "5", 
      "name": "Sabo, Martin Olav", 
      "sponsored_at": "2005-02-17", 
      "state": "MN", 
      "thomas_id": "01007", 
      "title": "Rep", 
      "withdrawn_at": null
    }, 
    {
      "district": "5", 
      "name": "Sensenbrenner, F. James, Jr.", 
      "sponsored_at": "2005-02-16", 
      "state": "WI", 
      "thomas_id": "01041", 
      "title": "Rep", 
      "withdrawn_at": null
    }, 
    {
      "district": "10", 
      "name": "Sherwood, Don", 
      "sponsored_at": "2005-02-16", 
      "state": "PA", 
      "thomas_id": "01589", 
      "title": "Rep", 
      "withdrawn_at": null
    }, 
    {
      "district": "9", 
      "name": "Shuster, Bill", 
      "sponsored_at": "2005-03-01", 
      "state": "PA", 
      "thomas_id": "01681", 
      "title": "Rep", 
      "withdrawn_at": null
    }, 
    {
      "district": "2", 
      "name": "Simmons, Rob", 
      "sponsored_at": "2005-02-17", 
      "state": "CT", 
      "thomas_id": "01642", 
      "title": "Rep", 
      "withdrawn_at": null
    }, 
    {
      "district": "28", 
      "name": "Slaughter, Louise McIntosh", 
      "sponsored_at": "2005-02-16", 
      "state": "NY", 
      "thomas_id": "01069", 
      "title": "Rep", 
      "withdrawn_at": null
    }, 
    {
      "district": "20", 
      "name": "Sweeney, John E.", 
      "sponsored_at": "2005-02-16", 
      "state": "NY", 
      "thomas_id": "01591", 
      "title": "Rep", 
      "withdrawn_at": null
    }, 
    {
      "district": "7", 
      "name": "Weldon, Curt", 
      "sponsored_at": "2005-10-18", 
      "state": "PA", 
      "thomas_id": "01214", 
      "title": "Rep", 
      "withdrawn_at": null
    }
  ], 
  "enacted_as": null, 
  "history": {
    "awaiting_signature": false, 
    "enacted": false, 
    "vetoed": false
  }, 
  "introduced_at": "2005-02-16", 
  "number": "859", 
  "official_title": "To amend the Farm Security and Rural Investment Act of 2002 to extend contracts for national dairy market loss payments through the end of fiscal year 2007.", 
  "popular_title": null, 
  "related_bills": [], 
  "short_title": null, 
  "sponsor": {
    "district": "7", 
    "name": "Peterson, Collin C.", 
    "state": "MN", 
    "thomas_id": "00910", 
    "title": "Rep", 
    "type": "person"
  }, 
  "status": "REFERRED", 
  "status_at": "2005-02-16", 
  "subjects": [
    "Agricultural subsidies", 
    "Agriculture and food", 
    "Commerce", 
    "Dairy industry", 
    "Government operations and politics", 
    "Milk"
  ], 
  "subjects_top_term": "Agriculture and food", 
  "summary": {
    "as": "Introduced", 
    "date": "2005-02-16", 
    "text": "Amends the Farm Security and Rural Investment Act of 2002 with respect to national dairy market loss payments to extend, by two years, program sign-up and contract periods."
  }, 
  "titles": [
    {
      "as": "introduced", 
      "title": "To amend the Farm Security and Rural Investment Act of 2002 to extend contracts for national dairy market loss payments through the end of fiscal year 2007.", 
      "type": "official"
    }
  ], 
  "updated_at": "2013-02-02T20:39:30-05:00"
}