{
  "actions": [
    {
      "acted_at": "2006-03-01", 
      "committee": "House Committee on Homeland Security", 
      "references": [], 
      "status": "REFERRED", 
      "text": "Referred to the House Committee on Homeland Security.", 
      "type": "referral"
    }, 
    {
      "acted_at": "2006-03-07", 
      "in_committee": "House Committee on Homeland Security", 
      "references": [], 
      "subcommittee": "Economic Security, Infrastructure Protection, and Cybersecurity", 
      "text": "Referred to the Subcommittee on Economic Security, Infrastructure Protection, and Cybersecurity.", 
      "type": "referral"
    }
  ], 
  "amendments": [], 
  "bill_id": "hr4833-109", 
  "bill_type": "hr", 
  "committees": [
    {
      "activity": [
        "referral", 
        "in committee"
      ], 
      "committee": "House Homeland Security", 
      "committee_id": "HSHM"
    }, 
    {
      "activity": [
        "referral"
      ], 
      "committee": "House Homeland Security", 
      "committee_id": "HSHM", 
      "subcommittee": "Subcommittee on Economic Security, Infrastructure Protection, and Cybersecurity", 
      "subcommittee_id": "07"
    }
  ], 
  "congress": "109", 
  "cosponsors": [
    {
      "district": "1", 
      "name": "Davis, Jo Ann", 
      "sponsored_at": "2006-03-15", 
      "state": "VA", 
      "thomas_id": "01672", 
      "title": "Rep", 
      "withdrawn_at": null
    }
  ], 
  "enacted_as": null, 
  "history": {
    "awaiting_signature": false, 
    "enacted": false, 
    "vetoed": false
  }, 
  "introduced_at": "2006-03-01", 
  "number": "4833", 
  "official_title": "To require that only United States persons may control security operations at seaports in the United States or enter into agreements to conduct such security operations.", 
  "popular_title": "ASAP bill", 
  "related_bills": [], 
  "short_title": "Americans Securing American Ports (ASAP) Act", 
  "sponsor": {
    "district": "4", 
    "name": "Doolittle, John T.", 
    "state": "CA", 
    "thomas_id": "00307", 
    "title": "Rep", 
    "type": "person"
  }, 
  "status": "REFERRED", 
  "status_at": "2006-03-01", 
  "subjects": [
    "Armed forces and national security", 
    "Buy American", 
    "Commerce", 
    "Contractors", 
    "Crime and law enforcement", 
    "Criminal justice information", 
    "Dubai Ports World aftermath legislation", 
    "Fines (Penalties)", 
    "Foreign trade and international finance", 
    "Government contractors", 
    "Government operations and politics", 
    "Identification of criminals", 
    "Infrastructure", 
    "International affairs", 
    "Law", 
    "Marine safety", 
    "Marine terminals", 
    "Private police", 
    "Security measures", 
    "Terrorism", 
    "Transportation and public works"
  ], 
  "subjects_top_term": "Transportation and public works", 
  "summary": {
    "as": "Introduced", 
    "date": "2006-03-01", 
    "text": "Americans Securing American Ports (ASAP) Act - Directs the Secretary of Homeland Security to require that only U.S. persons may: (1) control security operations at any U.S. seaport; or (2) enter into any agreement to conduct such operations. Prohibits any individual from carrying out such operations unless the Secretary has conducted a background check of, and approved, the individual. Subjects violators of this Act to penalties imposed for violations of the International Emergency Economic Powers Act."
  }, 
  "titles": [
    {
      "as": null, 
      "title": "ASAP bill", 
      "type": "popular"
    }, 
    {
      "as": null, 
      "title": "Port Security bill", 
      "type": "popular"
    }, 
    {
      "as": "introduced", 
      "title": "Americans Securing American Ports (ASAP) Act", 
      "type": "short"
    }, 
    {
      "as": "introduced", 
      "title": "To require that only United States persons may control security operations at seaports in the United States or enter into agreements to conduct such security operations.", 
      "type": "official"
    }
  ], 
  "updated_at": "2013-02-02T20:41:18-05:00"
}