{
  "actions": [
    {
      "acted_at": "2005-04-13", 
      "committee": "House Committee on Armed Services", 
      "references": [], 
      "status": "REFERRED", 
      "text": "Referred to the House Committee on Armed Services.", 
      "type": "referral"
    }, 
    {
      "acted_at": "2005-05-06", 
      "in_committee": "House Committee on Armed Services", 
      "references": [], 
      "text": "Executive Comment Requested from DOD.", 
      "type": "action"
    }, 
    {
      "acted_at": "2005-05-06", 
      "in_committee": "House Committee on Armed Services", 
      "references": [], 
      "subcommittee": "Military Personnel", 
      "text": "Referred to the Subcommittee on Military Personnel.", 
      "type": "referral"
    }
  ], 
  "amendments": [], 
  "bill_id": "hr1611-109", 
  "bill_type": "hr", 
  "committees": [
    {
      "activity": [
        "referral", 
        "in committee"
      ], 
      "committee": "House Armed Services", 
      "committee_id": "HSAS"
    }, 
    {
      "activity": [
        "referral"
      ], 
      "committee": "House Armed Services", 
      "committee_id": "HSAS", 
      "subcommittee": "Subcommittee on Military Personnel", 
      "subcommittee_id": "02"
    }
  ], 
  "congress": "109", 
  "cosponsors": [], 
  "enacted_as": null, 
  "history": {
    "awaiting_signature": false, 
    "enacted": false, 
    "vetoed": false
  }, 
  "introduced_at": "2005-04-13", 
  "number": "1611", 
  "official_title": "To modify the calculation of back pay for persons who were approved for promotion as members of the Navy and Marine Corps while interned as prisoners of war during World War II to take into account changes in the Consumer Price Index.", 
  "popular_title": null, 
  "related_bills": [
    {
      "bill_id": "s3921-109", 
      "reason": "identical"
    }
  ], 
  "short_title": null, 
  "sponsor": {
    "district": "5", 
    "name": "Hooley, Darlene", 
    "state": "OR", 
    "thomas_id": "01491", 
    "title": "Rep", 
    "type": "person"
  }, 
  "status": "REFERRED", 
  "status_at": "2005-04-13", 
  "subjects": [
    "Armed forces and national security", 
    "Cost of living adjustments", 
    "Ex-prisoners of war", 
    "Families", 
    "History", 
    "Labor and employment", 
    "Marines", 
    "Military dependents", 
    "Military pay", 
    "Military personnel", 
    "Military promotions", 
    "Navy", 
    "Survivors' benefits", 
    "Wage restitution", 
    "Widowers", 
    "Widows", 
    "Women", 
    "World War II"
  ], 
  "subjects_top_term": "Armed forces and national security", 
  "summary": {
    "as": "Introduced", 
    "date": "2005-04-13", 
    "text": "Amends the Floyd D. Spence National Defense Authorization Act for Fiscal Year 2001 to increase the amount of back pay received by members of the Navy and Marine Corps selected for promotion while interned as prisoners of war during World War II to reflect increases in the cost of living since basic pay was paid to or for that person."
  }, 
  "titles": [
    {
      "as": "introduced", 
      "title": "To modify the calculation of back pay for persons who were approved for promotion as members of the Navy and Marine Corps while interned as prisoners of war during World War II to take into account changes in the Consumer Price Index.", 
      "type": "official"
    }
  ], 
  "updated_at": "2013-02-02T20:39:52-05:00"
}