{
  "actions": [
    {
      "acted_at": "2005-09-07", 
      "committee": "Committee on Ways and Means, and in addition to the Committee on Appropriations, for a period to be subsequently determined by the Speaker, in each case for consideration of such provisions as fall within the jurisdiction of the committee concerned", 
      "references": [], 
      "status": "REFERRED", 
      "text": "Referred to the Committee on Ways and Means, and in addition to the Committee on Appropriations, for a period to be subsequently determined by the Speaker, in each case for consideration of such provisions as fall within the jurisdiction of the committee concerned.", 
      "type": "referral"
    }, 
    {
      "acted_at": "2005-09-07", 
      "committee": "House Ways and Means", 
      "references": [], 
      "text": "Referred to House Ways and Means", 
      "type": "referral"
    }, 
    {
      "acted_at": "2005-09-07", 
      "committee": "House Appropriations", 
      "references": [], 
      "text": "Referred to House Appropriations", 
      "type": "referral"
    }
  ], 
  "amendments": [], 
  "bill_id": "hr3664-109", 
  "bill_type": "hr", 
  "committees": [
    {
      "activity": [
        "referral", 
        "in committee"
      ], 
      "committee": "House Ways and Means", 
      "committee_id": "HSWM"
    }, 
    {
      "activity": [
        "referral", 
        "in committee"
      ], 
      "committee": "House Appropriations", 
      "committee_id": "HSAP"
    }
  ], 
  "congress": "109", 
  "cosponsors": [
    {
      "district": "2", 
      "name": "Thompson, Bennie G.", 
      "sponsored_at": "2005-10-19", 
      "state": "MS", 
      "thomas_id": "01151", 
      "title": "Rep", 
      "withdrawn_at": null
    }
  ], 
  "enacted_as": null, 
  "history": {
    "awaiting_signature": false, 
    "enacted": false, 
    "vetoed": false
  }, 
  "introduced_at": "2005-09-07", 
  "number": "3664", 
  "official_title": "To amend the Internal Revenue Code of 1986 to impose a windfall profit tax on oil and natural gas (and products thereof) and to appropriate the proceeds for the Low-Income Home Energy Assistance Program.", 
  "popular_title": null, 
  "related_bills": [
    {
      "bill_id": "hr2070-109", 
      "reason": "related"
    }, 
    {
      "bill_id": "hr3544-109", 
      "reason": "related"
    }, 
    {
      "bill_id": "hr3752-109", 
      "reason": "related"
    }, 
    {
      "bill_id": "hr4203-109", 
      "reason": "related"
    }, 
    {
      "bill_id": "hr4248-109", 
      "reason": "related"
    }, 
    {
      "bill_id": "hr4263-109", 
      "reason": "related"
    }, 
    {
      "bill_id": "hr4276-109", 
      "reason": "related"
    }, 
    {
      "bill_id": "hr4449-109", 
      "reason": "related"
    }, 
    {
      "bill_id": "s1631-109", 
      "reason": "related"
    }, 
    {
      "bill_id": "s1809-109", 
      "reason": "related"
    }, 
    {
      "bill_id": "s1981-109", 
      "reason": "related"
    }
  ], 
  "short_title": "Consumer Reasonable Energy Price Protection Act of 2005", 
  "sponsor": {
    "district": "11", 
    "name": "Kanjorski, Paul E.", 
    "state": "PA", 
    "thomas_id": "00615", 
    "title": "Rep", 
    "type": "person"
  }, 
  "status": "REFERRED", 
  "status_at": "2005-09-07", 
  "subjects": [
    "Appropriations", 
    "Commerce", 
    "Department of Health and Human Services", 
    "Economics and public finance", 
    "Energy", 
    "Energy assistance for the poor", 
    "Excess profits tax", 
    "Executive reorganization", 
    "Federal advisory bodies", 
    "Gas industry", 
    "Government operations and politics", 
    "Natural gas", 
    "Petroleum", 
    "Petroleum industry", 
    "Social welfare", 
    "Taxation"
  ], 
  "subjects_top_term": "Taxation", 
  "summary": {
    "as": "Introduced", 
    "date": "2005-09-07", 
    "text": "Consumer Reasonable Energy Price Protection Act of 2005 - Amends the Internal Revenue Code to impose a windfall profit tax on crude oil, natural gas, or fuel which is the product of crude oil or natural gas. Defines \"windfall profit\" as so much of the profit as exceeds a reasonable profit. Establishes a Reasonable Profits Board to determine reasonable profit. Dedicates the proceeds of such tax to the low-income home energy assistance program."
  }, 
  "titles": [
    {
      "as": "introduced", 
      "title": "Consumer Reasonable Energy Price Protection Act of 2005", 
      "type": "short"
    }, 
    {
      "as": "introduced", 
      "title": "To amend the Internal Revenue Code of 1986 to impose a windfall profit tax on oil and natural gas (and products thereof) and to appropriate the proceeds for the Low-Income Home Energy Assistance Program.", 
      "type": "official"
    }
  ], 
  "updated_at": "2013-02-02T20:40:47-05:00"
}