{
  "actions": [
    {
      "acted_at": "2006-05-09", 
      "committee": "House Committee on Armed Services", 
      "references": [], 
      "status": "REFERRED", 
      "text": "Referred to the House Committee on Armed Services.", 
      "type": "referral"
    }, 
    {
      "acted_at": "2006-05-26", 
      "in_committee": "House Committee on Armed Services", 
      "references": [], 
      "subcommittee": "Military Personnel", 
      "text": "Referred to the Subcommittee on Military Personnel.", 
      "type": "referral"
    }
  ], 
  "amendments": [], 
  "bill_id": "hr5326-109", 
  "bill_type": "hr", 
  "committees": [
    {
      "activity": [
        "referral", 
        "in committee"
      ], 
      "committee": "House Armed Services", 
      "committee_id": "HSAS"
    }, 
    {
      "activity": [
        "referral"
      ], 
      "committee": "House Armed Services", 
      "committee_id": "HSAS", 
      "subcommittee": "Subcommittee on Military Personnel", 
      "subcommittee_id": "02"
    }
  ], 
  "congress": "109", 
  "cosponsors": [
    {
      "district": "51", 
      "name": "Filner, Bob", 
      "sponsored_at": "2006-05-09", 
      "state": "CA", 
      "thomas_id": "00381", 
      "title": "Rep", 
      "withdrawn_at": null
    }
  ], 
  "enacted_as": null, 
  "history": {
    "awaiting_signature": false, 
    "enacted": false, 
    "vetoed": false
  }, 
  "introduced_at": "2006-05-09", 
  "number": "5326", 
  "official_title": "To amend title 10, United States Code, to increase the amount of educational assistance available to members of the reserve components called or ordered to active service for more than nine consecutive months or more than 18 total months during any 24-month period.", 
  "popular_title": null, 
  "related_bills": [], 
  "short_title": null, 
  "sponsor": {
    "district": "8", 
    "name": "Emerson, Jo Ann", 
    "state": "MO", 
    "thomas_id": "01481", 
    "title": "Rep", 
    "type": "person"
  }, 
  "status": "REFERRED", 
  "status_at": "2006-05-09", 
  "subjects": [
    "Armed forces and national security", 
    "Armed forces reserves", 
    "Education", 
    "National Guard", 
    "Veterans' benefits", 
    "Veterans' education"
  ], 
  "subjects_top_term": "Armed forces and national security", 
  "summary": {
    "as": "Introduced", 
    "date": "2006-05-09", 
    "text": "Increases the amount of educational assistance available to members of the reserves called or ordered to active-duty service for at least nine continuous months or 18 non-continuous months during any 24-month period."
  }, 
  "titles": [
    {
      "as": "introduced", 
      "title": "To amend title 10, United States Code, to increase the amount of educational assistance available to members of the reserve components called or ordered to active service for more than nine consecutive months or more than 18 total months during any 24-month period.", 
      "type": "official"
    }
  ], 
  "updated_at": "2013-02-02T20:41:33-05:00"
}