{
  "actions": [
    {
      "acted_at": "2005-01-25", 
      "committee": "House Committee on Government Reform", 
      "references": [], 
      "status": "REFERRED", 
      "text": "Referred to the House Committee on Government Reform.", 
      "type": "referral"
    }, 
    {
      "acted_at": "2005-02-15T14:36:00-05:00", 
      "references": [], 
      "text": "Mr. Dent moved to suspend the rules and pass the bill.", 
      "type": "action"
    }, 
    {
      "acted_at": "2005-02-15T14:36:00-05:00", 
      "references": [
        {
          "reference": "CR H596-597", 
          "type": "consideration"
        }
      ], 
      "text": "Considered under suspension of the rules.", 
      "type": "action"
    }, 
    {
      "acted_at": "2005-02-15T14:36:00-05:00", 
      "references": [], 
      "text": "DEBATE - The House proceeded with forty minutes of debate on H.R. 324.", 
      "type": "action"
    }, 
    {
      "acted_at": "2005-02-15T14:46:00-05:00", 
      "references": [], 
      "text": "At the conclusion of debate, the Yeas and Nays were demanded and ordered. Pursuant to the provisions of clause 8, rule XX, the Chair announced that further proceedings on the motion would be postponed.", 
      "type": "action"
    }, 
    {
      "acted_at": "2005-02-15T18:52:00-05:00", 
      "references": [
        {
          "reference": "CR H603", 
          "type": "consideration"
        }
      ], 
      "text": "Considered as unfinished business.", 
      "type": "action"
    }, 
    {
      "acted_at": "2005-02-15T19:09:00-05:00", 
      "how": "roll", 
      "references": [
        {
          "reference": "CR H596", 
          "type": "text"
        }
      ], 
      "result": "pass", 
      "roll": "33", 
      "status": "PASS_OVER:HOUSE", 
      "suspension": true, 
      "text": "On motion to suspend the rules and pass the bill Agreed to by the Yeas and Nays: (2/3 required): 420 - 0 (Roll no. 33).", 
      "type": "vote", 
      "vote_type": "vote", 
      "where": "h"
    }, 
    {
      "acted_at": "2005-02-15T19:09:00-05:00", 
      "references": [], 
      "text": "Motion to reconsider laid on the table Agreed to without objection.", 
      "type": "action"
    }, 
    {
      "acted_at": "2005-02-16", 
      "committee": "Committee on Homeland Security and Governmental Affairs", 
      "references": [], 
      "text": "Received in the Senate and Read twice and referred to the Committee on Homeland Security and Governmental Affairs.", 
      "type": "referral"
    }, 
    {
      "acted_at": "2005-06-22", 
      "in_committee": "Committee on Homeland Security and Governmental Affairs", 
      "references": [], 
      "text": "Committee on Homeland Security and Governmental Affairs. Ordered to be reported without amendment favorably.", 
      "type": "calendar"
    }, 
    {
      "acted_at": "2005-06-29", 
      "references": [
        {
          "reference": "CR S7550-7551", 
          "type": "consideration"
        }
      ], 
      "text": "Senate Committee on Homeland Security and Governmental Affairs discharged by Unanimous Consent.", 
      "type": "action"
    }, 
    {
      "acted_at": "2005-06-29", 
      "how": "by Unanimous Consent", 
      "references": [], 
      "result": "pass", 
      "status": "PASSED:BILL", 
      "text": "Passed Senate without amendment by Unanimous Consent.", 
      "type": "vote", 
      "vote_type": "vote2", 
      "where": "s"
    }, 
    {
      "acted_at": "2005-06-29", 
      "references": [], 
      "text": "Message on Senate action sent to the House.", 
      "type": "action"
    }, 
    {
      "acted_at": "2005-06-29", 
      "references": [], 
      "text": "Cleared for White House.", 
      "type": "topresident"
    }, 
    {
      "acted_at": "2005-07-01", 
      "references": [], 
      "text": "Presented to President.", 
      "type": "topresident"
    }, 
    {
      "acted_at": "2005-07-12", 
      "references": [], 
      "text": "Signed by President.", 
      "type": "signed"
    }, 
    {
      "acted_at": "2005-07-12", 
      "congress": "109", 
      "law": "public", 
      "number": "24", 
      "references": [], 
      "status": "ENACTED:SIGNED", 
      "text": "Became Public Law No: 109-24.", 
      "type": "enacted"
    }
  ], 
  "amendments": [], 
  "bill_id": "hr324-109", 
  "bill_type": "hr", 
  "committees": [
    {
      "activity": [
        "referral"
      ], 
      "committee": "House Government Reform", 
      "committee_id": "HSGO"
    }, 
    {
      "activity": [
        "referral", 
        "markup", 
        "discharged"
      ], 
      "committee": "Senate Homeland Security and Governmental Affairs", 
      "committee_id": "SSGA"
    }
  ], 
  "congress": "109", 
  "cosponsors": [
    {
      "district": "9", 
      "name": "Bilirakis, Michael", 
      "sponsored_at": "2005-01-25", 
      "state": "FL", 
      "thomas_id": "00089", 
      "title": "Rep", 
      "withdrawn_at": null
    }, 
    {
      "district": "2", 
      "name": "Boyd, Allen", 
      "sponsored_at": "2005-01-25", 
      "state": "FL", 
      "thomas_id": "01467", 
      "title": "Rep", 
      "withdrawn_at": null
    }, 
    {
      "district": "3", 
      "name": "Brown, Corrine", 
      "sponsored_at": "2005-01-25", 
      "state": "FL", 
      "thomas_id": "00132", 
      "title": "Rep", 
      "withdrawn_at": null
    }, 
    {
      "district": "5", 
      "name": "Brown-Waite, Ginny", 
      "sponsored_at": "2005-01-25", 
      "state": "FL", 
      "thomas_id": "01713", 
      "title": "Rep", 
      "withdrawn_at": null
    }, 
    {
      "district": "4", 
      "name": "Crenshaw, Ander", 
      "sponsored_at": "2005-01-25", 
      "state": "FL", 
      "thomas_id": "01643", 
      "title": "Rep", 
      "withdrawn_at": null
    }, 
    {
      "district": "11", 
      "name": "Davis, Jim", 
      "sponsored_at": "2005-01-25", 
      "state": "FL", 
      "thomas_id": "01478", 
      "title": "Rep", 
      "withdrawn_at": null
    }, 
    {
      "district": "21", 
      "name": "Diaz-Balart, Lincoln", 
      "sponsored_at": "2005-01-25", 
      "state": "FL", 
      "thomas_id": "00294", 
      "title": "Rep", 
      "withdrawn_at": null
    }, 
    {
      "district": "25", 
      "name": "Diaz-Balart, Mario", 
      "sponsored_at": "2005-01-25", 
      "state": "FL", 
      "thomas_id": "01717", 
      "title": "Rep", 
      "withdrawn_at": null
    }, 
    {
      "district": "16", 
      "name": "Foley, Mark", 
      "sponsored_at": "2005-01-25", 
      "state": "FL", 
      "thomas_id": "00396", 
      "title": "Rep", 
      "withdrawn_at": null
    }, 
    {
      "district": "13", 
      "name": "Harris, Katherine", 
      "sponsored_at": "2005-01-25", 
      "state": "FL", 
      "thomas_id": "01714", 
      "title": "Rep", 
      "withdrawn_at": null
    }, 
    {
      "district": "23", 
      "name": "Hastings, Alcee L.", 
      "sponsored_at": "2005-01-25", 
      "state": "FL", 
      "thomas_id": "00511", 
      "title": "Rep", 
      "withdrawn_at": null
    }, 
    {
      "district": "8", 
      "name": "Keller, Ric", 
      "sponsored_at": "2005-01-25", 
      "state": "FL", 
      "thomas_id": "01644", 
      "title": "Rep", 
      "withdrawn_at": null
    }, 
    {
      "district": "14", 
      "name": "Mack, Connie", 
      "sponsored_at": "2005-01-25", 
      "state": "FL", 
      "thomas_id": "01776", 
      "title": "Rep", 
      "withdrawn_at": null
    }, 
    {
      "district": "17", 
      "name": "Meek, Kendrick B.", 
      "sponsored_at": "2005-01-25", 
      "state": "FL", 
      "thomas_id": "01715", 
      "title": "Rep", 
      "withdrawn_at": null
    }, 
    {
      "district": "7", 
      "name": "Mica, John L.", 
      "sponsored_at": "2005-01-25", 
      "state": "FL", 
      "thomas_id": "00800", 
      "title": "Rep", 
      "withdrawn_at": null
    }, 
    {
      "district": "1", 
      "name": "Miller, Jeff", 
      "sponsored_at": "2005-01-25", 
      "state": "FL", 
      "thomas_id": "01685", 
      "title": "Rep", 
      "withdrawn_at": null
    }, 
    {
      "district": "12", 
      "name": "Putnam, Adam H.", 
      "sponsored_at": "2005-01-25", 
      "state": "FL", 
      "thomas_id": "01645", 
      "title": "Rep", 
      "withdrawn_at": null
    }, 
    {
      "district": "18", 
      "name": "Ros-Lehtinen, Ileana", 
      "sponsored_at": "2005-01-25", 
      "state": "FL", 
      "thomas_id": "00985", 
      "title": "Rep", 
      "withdrawn_at": null
    }, 
    {
      "district": "22", 
      "name": "Shaw, E. Clay, Jr.", 
      "sponsored_at": "2005-01-25", 
      "state": "FL", 
      "thomas_id": "01047", 
      "title": "Rep", 
      "withdrawn_at": null
    }, 
    {
      "district": "6", 
      "name": "Stearns, Cliff", 
      "sponsored_at": "2005-01-25", 
      "state": "FL", 
      "thomas_id": "01103", 
      "title": "Rep", 
      "withdrawn_at": null
    }, 
    {
      "district": "20", 
      "name": "Wasserman Schultz, Debbie", 
      "sponsored_at": "2005-01-25", 
      "state": "FL", 
      "thomas_id": "01777", 
      "title": "Rep", 
      "withdrawn_at": null
    }, 
    {
      "district": "15", 
      "name": "Weldon, Dave", 
      "sponsored_at": "2005-01-25", 
      "state": "FL", 
      "thomas_id": "01215", 
      "title": "Rep", 
      "withdrawn_at": null
    }, 
    {
      "district": "19", 
      "name": "Wexler, Robert", 
      "sponsored_at": "2005-01-25", 
      "state": "FL", 
      "thomas_id": "01537", 
      "title": "Rep", 
      "withdrawn_at": null
    }, 
    {
      "district": "10", 
      "name": "Young, C.W. Bill", 
      "sponsored_at": "2005-01-25", 
      "state": "FL", 
      "thomas_id": "01255", 
      "title": "Rep", 
      "withdrawn_at": null
    }
  ], 
  "enacted_as": {
    "congress": "109", 
    "law_type": "public", 
    "number": "24"
  }, 
  "history": {
    "awaiting_signature": false, 
    "enacted": true, 
    "enacted_at": "2005-07-12", 
    "house_passage_result": "pass", 
    "house_passage_result_at": "2005-02-15T19:09:00-05:00", 
    "senate_passage_result": "pass", 
    "senate_passage_result_at": "2005-06-29", 
    "vetoed": false
  }, 
  "introduced_at": "2005-01-25", 
  "number": "324", 
  "official_title": "To designate the facility of the United States Postal Service located at 321 Montgomery Road in Altamonte Springs, Florida, as the \"Arthur Stacey Mastrapa Post Office Building\".", 
  "popular_title": null, 
  "related_bills": [
    {
      "bill_id": "s892-109", 
      "reason": "identical"
    }, 
    {
      "bill_id": "s892-109", 
      "reason": "related"
    }
  ], 
  "short_title": null, 
  "sponsor": {
    "district": "24", 
    "name": "Feeney, Tom", 
    "state": "FL", 
    "thomas_id": "01716", 
    "title": "Rep", 
    "type": "person"
  }, 
  "status": "ENACTED:SIGNED", 
  "status_at": "2005-07-12", 
  "subjects": [
    "Armed forces and national security", 
    "Armed forces reserves", 
    "Army", 
    "Commemorations", 
    "Congress", 
    "Congressional tributes", 
    "Florida", 
    "Government operations and politics", 
    "Names", 
    "Officer personnel", 
    "Postal facilities"
  ], 
  "subjects_top_term": "Commemorations", 
  "summary": {
    "as": "Public Law", 
    "date": "2005-07-12", 
    "text": "Designates the facility of the United States Postal Service located at 321 Montgomery Road in Altamonte Springs, Florida, as the \"Arthur Stacey Mastrapa Post Office Building.\""
  }, 
  "titles": [
    {
      "as": "introduced", 
      "title": "To designate the facility of the United States Postal Service located at 321 Montgomery Road in Altamonte Springs, Florida, as the \"Arthur Stacey Mastrapa Post Office Building\".", 
      "type": "official"
    }
  ], 
  "updated_at": "2013-02-02T20:39:14-05:00"
}