{
  "actions": [
    {
      "acted_at": "2006-07-18", 
      "committee": "House Committee on International Relations", 
      "references": [], 
      "status": "REFERRED", 
      "text": "Referred to the House Committee on International Relations.", 
      "type": "referral"
    }
  ], 
  "amendments": [], 
  "bill_id": "hr5828-109", 
  "bill_type": "hr", 
  "committees": [
    {
      "activity": [
        "referral", 
        "in committee"
      ], 
      "committee": "House International Relations", 
      "committee_id": "HSFA"
    }
  ], 
  "congress": "109", 
  "cosponsors": [], 
  "enacted_as": null, 
  "history": {
    "awaiting_signature": false, 
    "enacted": false, 
    "vetoed": false
  }, 
  "introduced_at": "2006-07-18", 
  "number": "5828", 
  "official_title": "To amend the State Department Basic Authorities Act of 1956 to remove the reimbursement requirement for evacuation as a result of war, civil unrest, or natural disaster.", 
  "popular_title": null, 
  "related_bills": [
    {
      "bill_id": "hr5873-109", 
      "reason": "related"
    }, 
    {
      "bill_id": "s3690-109", 
      "reason": "related"
    }
  ], 
  "short_title": null, 
  "sponsor": {
    "district": "15", 
    "name": "Dingell, John D.", 
    "state": "MI", 
    "thomas_id": "00299", 
    "title": "Rep", 
    "type": "person"
  }, 
  "status": "REFERRED", 
  "status_at": "2006-07-18", 
  "subjects": [
    "Americans in foreign countries", 
    "Armed forces and national security", 
    "Collection of accounts", 
    "Disasters", 
    "Economics and public finance", 
    "Emergency management", 
    "Evacuation of civilians", 
    "Immigration", 
    "International affairs", 
    "Repatriation", 
    "Riots", 
    "Transportation and public works", 
    "Travel costs", 
    "War"
  ], 
  "subjects_top_term": "International affairs", 
  "summary": {
    "as": "Introduced", 
    "date": "2006-07-18", 
    "text": "Amends the State Department Basic Authorities Act of 1956 to remove the reimbursement requirement for evacuation as a result of war, civil unrest, or natural disaster. Applies such amendment to evacuations conducted on or after July 12, 2006. Directs the Secretary of State to reimburse an individual who: (1) was evacuated by the United States on or after July 12, 2006; and (2) has reimbursed the United States for such evacuation."
  }, 
  "titles": [
    {
      "as": "introduced", 
      "title": "To amend the State Department Basic Authorities Act of 1956 to remove the reimbursement requirement for evacuation as a result of war, civil unrest, or natural disaster.", 
      "type": "official"
    }
  ], 
  "updated_at": "2013-02-02T20:41:47-05:00"
}