{
  "actions": [
    {
      "acted_at": "2005-03-01", 
      "committee": "House Committee on Ways and Means", 
      "references": [], 
      "status": "REFERRED", 
      "text": "Referred to the House Committee on Ways and Means.", 
      "type": "referral"
    }
  ], 
  "amendments": [], 
  "bill_id": "hr1024-109", 
  "bill_type": "hr", 
  "committees": [
    {
      "activity": [
        "referral", 
        "in committee"
      ], 
      "committee": "House Ways and Means", 
      "committee_id": "HSWM"
    }
  ], 
  "congress": "109", 
  "cosponsors": [
    {
      "district": "44", 
      "name": "Calvert, Ken", 
      "sponsored_at": "2005-03-01", 
      "state": "CA", 
      "thomas_id": "00165", 
      "title": "Rep", 
      "withdrawn_at": null
    }, 
    {
      "district": "36", 
      "name": "Harman, Jane", 
      "sponsored_at": "2005-03-01", 
      "state": "CA", 
      "thomas_id": "00502", 
      "title": "Rep", 
      "withdrawn_at": null
    }, 
    {
      "district": "3", 
      "name": "Lucas, Frank D.", 
      "sponsored_at": "2005-03-01", 
      "state": "OK", 
      "thomas_id": "00711", 
      "title": "Rep", 
      "withdrawn_at": null
    }, 
    {
      "district": "15", 
      "name": "Weldon, Dave", 
      "sponsored_at": "2005-03-01", 
      "state": "FL", 
      "thomas_id": "01215", 
      "title": "Rep", 
      "withdrawn_at": null
    }
  ], 
  "enacted_as": null, 
  "history": {
    "awaiting_signature": false, 
    "enacted": false, 
    "vetoed": false
  }, 
  "introduced_at": "2005-03-01", 
  "number": "1024", 
  "official_title": "To amend the Internal Revenue Code of 1986 to provide tax incentives for investing in companies involved in space-related activities.", 
  "popular_title": null, 
  "related_bills": [], 
  "short_title": "Zero Gravity, Zero Tax Act of 2005", 
  "sponsor": {
    "district": "46", 
    "name": "Rohrabacher, Dana", 
    "state": "CA", 
    "thomas_id": "00979", 
    "title": "Rep", 
    "type": "person"
  }, 
  "status": "REFERRED", 
  "status_at": "2005-03-01", 
  "subjects": [
    "Capital gains tax", 
    "Commerce", 
    "Corporations", 
    "Finance and financial sector", 
    "Foreign trade and international finance", 
    "Free trade", 
    "Income tax", 
    "Investment tax credit", 
    "Manufacturing industries", 
    "Service industries", 
    "Space activities", 
    "Space commercialization", 
    "Stocks", 
    "Tariff", 
    "Tax exclusion", 
    "Taxation"
  ], 
  "subjects_top_term": "Taxation", 
  "summary": {
    "as": "Introduced", 
    "date": "2005-03-01", 
    "text": "Zero Gravity, Zero Tax Act of 2005 - Amends the Internal Revenue Code to: (1) exclude from gross income space-related income from products or articles produced, or services provided, in or from outer space; (2) allow an investment tax credit for the purchase of stock in a space company that has average annual gross receipts not exceeding $100 million and that derives more than 70 percent of its gross receipts from space-based business; and (3) exclude from gross income gain from the sale or exchange of any stock of certain space corporations."
  }, 
  "titles": [
    {
      "as": "introduced", 
      "title": "Zero Gravity, Zero Tax Act of 2005", 
      "type": "short"
    }, 
    {
      "as": "introduced", 
      "title": "To amend the Internal Revenue Code of 1986 to provide tax incentives for investing in companies involved in space-related activities.", 
      "type": "official"
    }
  ], 
  "updated_at": "2013-02-02T20:39:35-05:00"
}