{
  "actions": [
    {
      "acted_at": "2005-10-25", 
      "committee": "House Committee on Energy and Commerce", 
      "references": [], 
      "status": "REFERRED", 
      "text": "Referred to the House Committee on Energy and Commerce.", 
      "type": "referral"
    }, 
    {
      "acted_at": "2005-11-04", 
      "in_committee": "House Committee on Energy and Commerce", 
      "references": [], 
      "subcommittee": "Health", 
      "text": "Referred to the Subcommittee on Health.", 
      "type": "referral"
    }
  ], 
  "amendments": [], 
  "bill_id": "hr4137-109", 
  "bill_type": "hr", 
  "committees": [
    {
      "activity": [
        "referral", 
        "in committee"
      ], 
      "committee": "House Energy and Commerce", 
      "committee_id": "HSIF"
    }, 
    {
      "activity": [
        "referral"
      ], 
      "committee": "House Energy and Commerce", 
      "committee_id": "HSIF", 
      "subcommittee": "Subcommittee on Health", 
      "subcommittee_id": "14"
    }
  ], 
  "congress": "109", 
  "cosponsors": [
    {
      "district": "13", 
      "name": "Scott, David", 
      "sponsored_at": "2006-09-13", 
      "state": "GA", 
      "thomas_id": "01722", 
      "title": "Rep", 
      "withdrawn_at": null
    }
  ], 
  "enacted_as": null, 
  "history": {
    "awaiting_signature": false, 
    "enacted": false, 
    "vetoed": false
  }, 
  "introduced_at": "2005-10-25", 
  "number": "4137", 
  "official_title": "To authorize additional appropriations to the National Institutes of Health for research on the early detection of and the reduction of mortality rates attributed to breast cancer.", 
  "popular_title": null, 
  "related_bills": [], 
  "short_title": "Better Screening Test for Women Act", 
  "sponsor": {
    "district": "18", 
    "name": "Lowey, Nita M.", 
    "state": "NY", 
    "thomas_id": "00709", 
    "title": "Rep", 
    "type": "person"
  }, 
  "status": "REFERRED", 
  "status_at": "2005-10-25", 
  "subjects": [
    "Authorization", 
    "Breast cancer", 
    "Clinical trials", 
    "Department of Health and Human Services", 
    "Economics and public finance", 
    "Federal aid to health facilities", 
    "Federal aid to research", 
    "Government operations and politics", 
    "Health", 
    "Mammography", 
    "Medical research", 
    "Medical screening", 
    "Medical tests", 
    "Research grants", 
    "Science, technology, communications", 
    "Women", 
    "Women's health"
  ], 
  "subjects_top_term": "Health", 
  "summary": {
    "as": "Introduced", 
    "date": "2005-10-25", 
    "text": "Better Screening Test for Women Act - Amends the Public Health Service Act to authorize appropriations for FY2006-FY2010 for the National Cancer Institute to conduct and support: (1) clinical research and related activities concerning early detection and screening for breast cancer; and (2) research and data collection regarding the link between early detection of breast cancer and reduction of mortality rates."
  }, 
  "titles": [
    {
      "as": "introduced", 
      "title": "Better Screening Test for Women Act", 
      "type": "short"
    }, 
    {
      "as": "introduced", 
      "title": "To authorize additional appropriations to the National Institutes of Health for research on the early detection of and the reduction of mortality rates attributed to breast cancer.", 
      "type": "official"
    }
  ], 
  "updated_at": "2013-02-02T20:40:59-05:00"
}