{
  "actions": [
    {
      "acted_at": "2005-02-16", 
      "committee": "House Committee on International Relations", 
      "references": [], 
      "status": "REFERRED", 
      "text": "Referred to the House Committee on International Relations.", 
      "type": "referral"
    }, 
    {
      "acted_at": "2006-05-25", 
      "in_committee": "House Committee on International Relations", 
      "references": [], 
      "text": "Committee Consideration and Mark-up Session Held.", 
      "type": "action"
    }, 
    {
      "acted_at": "2006-05-25", 
      "in_committee": "House Committee on International Relations", 
      "references": [], 
      "status": "REPORTED", 
      "text": "Committee Agreed to Seek Consideration Under Suspension of the Rules, by Unanimous Consent.", 
      "type": "calendar"
    }, 
    {
      "acted_at": "2006-07-18T16:12:00-04:00", 
      "references": [], 
      "text": "Ms. Ros-Lehtinen moved to suspend the rules and pass the bill.", 
      "type": "action"
    }, 
    {
      "acted_at": "2006-07-18T16:13:00-04:00", 
      "references": [], 
      "text": "Considered under suspension of the rules.", 
      "type": "action"
    }, 
    {
      "acted_at": "2006-07-18T16:13:00-04:00", 
      "references": [], 
      "text": "DEBATE - The House proceeded with forty minutes of debate on H.R. 860.", 
      "type": "action"
    }, 
    {
      "acted_at": "2006-07-18T16:19:00-04:00", 
      "how": "by voice vote", 
      "references": [], 
      "result": "pass", 
      "status": "PASS_OVER:HOUSE", 
      "suspension": null, 
      "text": "On motion to suspend the rules and pass the bill Agreed to by voice vote.", 
      "type": "vote", 
      "vote_type": "vote", 
      "where": "h"
    }, 
    {
      "acted_at": "2006-07-18T16:19:00-04:00", 
      "references": [], 
      "text": "Motion to reconsider laid on the table Agreed to without objection.", 
      "type": "action"
    }, 
    {
      "acted_at": "2006-07-19", 
      "committee": "Committee on Foreign Relations", 
      "references": [], 
      "text": "Received in the Senate and Read twice and referred to the Committee on Foreign Relations.", 
      "type": "referral"
    }, 
    {
      "acted_at": "2006-11-13", 
      "references": [], 
      "text": "Senate Committee on Foreign Relations discharged by Unanimous Consent.", 
      "type": "action"
    }, 
    {
      "acted_at": "2006-11-13", 
      "how": "by Unanimous Consent", 
      "references": [
        {
          "reference": "CR S10884", 
          "type": "consideration"
        }
      ], 
      "result": "pass", 
      "status": "PASSED:BILL", 
      "text": "Passed Senate without amendment by Unanimous Consent.", 
      "type": "vote", 
      "vote_type": "vote2", 
      "where": "s"
    }, 
    {
      "acted_at": "2006-11-13", 
      "references": [], 
      "text": "Cleared for White House.", 
      "type": "topresident"
    }, 
    {
      "acted_at": "2006-11-14", 
      "references": [], 
      "text": "Message on Senate action sent to the House.", 
      "type": "action"
    }, 
    {
      "acted_at": "2006-11-21", 
      "references": [], 
      "text": "Presented to President.", 
      "type": "topresident"
    }, 
    {
      "acted_at": "2006-12-01", 
      "references": [], 
      "text": "Signed by President.", 
      "type": "signed"
    }, 
    {
      "acted_at": "2006-12-01", 
      "congress": "109", 
      "law": "public", 
      "number": "376", 
      "references": [], 
      "status": "ENACTED:SIGNED", 
      "text": "Became Public Law No: 109-376.", 
      "type": "enacted"
    }
  ], 
  "amendments": [], 
  "bill_id": "hr860-109", 
  "bill_type": "hr", 
  "committees": [
    {
      "activity": [
        "referral", 
        "markup"
      ], 
      "committee": "House International Relations", 
      "committee_id": "HSFA"
    }, 
    {
      "activity": [
        "referral", 
        "discharged"
      ], 
      "committee": "Senate Foreign Relations", 
      "committee_id": "SSFR"
    }
  ], 
  "congress": "109", 
  "cosponsors": [], 
  "enacted_as": {
    "congress": "109", 
    "law_type": "public", 
    "number": "376"
  }, 
  "history": {
    "awaiting_signature": false, 
    "enacted": true, 
    "enacted_at": "2006-12-01", 
    "house_passage_result": "pass", 
    "house_passage_result_at": "2006-07-18T16:19:00-04:00", 
    "senate_passage_result": "pass", 
    "senate_passage_result_at": "2006-11-13", 
    "vetoed": false
  }, 
  "introduced_at": "2005-02-16", 
  "number": "860", 
  "official_title": "To provide for the conveyance of the reversionary interest of the United States in certain lands to the Clint Independent School District, El Paso County, Texas.", 
  "popular_title": null, 
  "related_bills": [], 
  "short_title": null, 
  "sponsor": {
    "district": "16", 
    "name": "Reyes, Silvestre", 
    "state": "TX", 
    "thomas_id": "01516", 
    "title": "Rep", 
    "type": "person"
  }, 
  "status": "ENACTED:SIGNED", 
  "status_at": "2006-12-01", 
  "subjects": [
    "Education", 
    "Elementary and secondary education", 
    "Land transfers", 
    "Public lands and natural resources", 
    "School districts", 
    "Texas"
  ], 
  "subjects_top_term": "Public lands and natural resources", 
  "summary": {
    "as": "Public Law", 
    "date": "2006-12-01", 
    "text": "Directs the Secretary of State to release the reversionary interest of the United States in certain land in El Paso County, Texas, upon condition that the Clint Independent School District in El Paso uses any proceeds received from the disposal of such land for public educational purposes."
  }, 
  "titles": [
    {
      "as": "introduced", 
      "title": "To provide for the conveyance of the reversionary interest of the United States in certain lands to the Clint Independent School District, El Paso County, Texas.", 
      "type": "official"
    }
  ], 
  "updated_at": "2013-02-02T20:39:30-05:00"
}