{
  "actions": [
    {
      "acted_at": "2005-10-06", 
      "committee": "House Committee on Ways and Means", 
      "references": [], 
      "status": "REFERRED", 
      "text": "Referred to the House Committee on Ways and Means.", 
      "type": "referral"
    }, 
    {
      "acted_at": "2005-10-14", 
      "in_committee": "House Committee on Ways and Means", 
      "references": [], 
      "subcommittee": "Trade", 
      "text": "Referred to the Subcommittee on Trade.", 
      "type": "referral"
    }
  ], 
  "amendments": [], 
  "bill_id": "hr3992-109", 
  "bill_type": "hr", 
  "committees": [
    {
      "activity": [
        "referral", 
        "in committee"
      ], 
      "committee": "House Ways and Means", 
      "committee_id": "HSWM"
    }, 
    {
      "activity": [
        "referral"
      ], 
      "committee": "House Ways and Means", 
      "committee_id": "HSWM", 
      "subcommittee": "Subcommittee on Trade", 
      "subcommittee_id": "04"
    }
  ], 
  "congress": "109", 
  "cosponsors": [], 
  "enacted_as": null, 
  "history": {
    "awaiting_signature": false, 
    "enacted": false, 
    "vetoed": false
  }, 
  "introduced_at": "2005-10-06", 
  "number": "3992", 
  "official_title": "To extend the temporary suspension of duty on Solvent Blue 104.", 
  "popular_title": null, 
  "related_bills": [
    {
      "bill_id": "s2741-109", 
      "reason": "related"
    }
  ], 
  "short_title": null, 
  "sponsor": {
    "district": "2", 
    "name": "Langevin, James R.", 
    "state": "RI", 
    "thomas_id": "01668", 
    "title": "Rep", 
    "type": "person"
  }, 
  "status": "REFERRED", 
  "status_at": "2005-10-06", 
  "subjects": [
    "Commerce", 
    "Dyes and dyeing", 
    "Foreign trade and international finance", 
    "Tariff"
  ], 
  "subjects_top_term": "Foreign trade and international finance", 
  "summary": {
    "as": "Introduced", 
    "date": "2005-10-06", 
    "text": "Amends the Harmonized Tariff Schedule of the United States to extend the suspension, through December 31, 2008, of the duty on Solvent Blue 104."
  }, 
  "titles": [
    {
      "as": "introduced", 
      "title": "To extend the temporary suspension of duty on Solvent Blue 104.", 
      "type": "official"
    }
  ], 
  "updated_at": "2013-02-02T20:40:55-05:00"
}