{
  "actions": [
    {
      "acted_at": "2006-09-07", 
      "committee": "House Committee on Resources", 
      "references": [], 
      "status": "REFERRED", 
      "text": "Referred to the House Committee on Resources.", 
      "type": "referral"
    }, 
    {
      "acted_at": "2006-09-18", 
      "in_committee": "House Committee on Resources", 
      "references": [], 
      "text": "Executive Comment Requested from Interior.", 
      "type": "action"
    }
  ], 
  "amendments": [], 
  "bill_id": "hr6043-109", 
  "bill_type": "hr", 
  "committees": [
    {
      "activity": [
        "referral", 
        "in committee"
      ], 
      "committee": "House Resources", 
      "committee_id": "HSII"
    }
  ], 
  "congress": "109", 
  "cosponsors": [], 
  "enacted_as": null, 
  "history": {
    "awaiting_signature": false, 
    "enacted": false, 
    "vetoed": false
  }, 
  "introduced_at": "2006-09-07", 
  "number": "6043", 
  "official_title": "To amend the Native American Graves Protection and Repatriation Act so that it will be interpreted in accordance with the original intent of Congress to require a significant relationship be found between remains discovered on federal lands and presently existing Native American tribes for those remains to be applicable under the Native American Graves Protection and Repatriation Act.", 
  "popular_title": null, 
  "related_bills": [], 
  "short_title": null, 
  "sponsor": {
    "district": "4", 
    "name": "Hastings, Doc", 
    "state": "WA", 
    "thomas_id": "00512", 
    "title": "Rep", 
    "type": "person"
  }, 
  "status": "REFERRED", 
  "status_at": "2006-09-07", 
  "subjects": [
    "Archaeology", 
    "Arts, culture, religion", 
    "Cemeteries and funerals", 
    "Cultural property", 
    "Federal-Indian relations", 
    "Hawaiians", 
    "History", 
    "Minorities", 
    "Native Americans", 
    "Public lands and natural resources"
  ], 
  "subjects_top_term": "Native Americans", 
  "summary": {
    "as": "Introduced", 
    "date": "2006-09-07", 
    "text": "Amends the Native American Graves Protection and Repatriation Act to redefine Native American to mean cultural items that have a significant and substantial genetic or cultural relationship, based on factors other than geography alone, to a presently existing tribe, people, or culture that is now indigenous to the United States. Declares that nothing in such Act shall be deemed to restrict excavation, examination, investigation, or scientific study under the Archeological Resources Protection Act of 1979 of any cultural item found on federal land that has not been determined to be the property of an Indian or a Native Hawaiian organization."
  }, 
  "titles": [
    {
      "as": "introduced", 
      "title": "To amend the Native American Graves Protection and Repatriation Act so that it will be interpreted in accordance with the original intent of Congress to require a significant relationship be found between remains discovered on federal lands and presently existing Native American tribes for those remains to be applicable under the Native American Graves Protection and Repatriation Act.", 
      "type": "official"
    }
  ], 
  "updated_at": "2013-02-02T20:41:53-05:00"
}