{
  "actions": [
    {
      "acted_at": "2005-07-27", 
      "committee": "House Committee on the Judiciary", 
      "references": [], 
      "status": "REFERRED", 
      "text": "Referred to the House Committee on the Judiciary.", 
      "type": "referral"
    }, 
    {
      "acted_at": "2005-08-23", 
      "in_committee": "House Committee on the Judiciary", 
      "references": [], 
      "subcommittee": "Courts, the Internet, and Intellectual Property", 
      "text": "Referred to the Subcommittee on Courts, the Internet, and Intellectual Property.", 
      "type": "referral"
    }
  ], 
  "amendments": [], 
  "bill_id": "hr3456-109", 
  "bill_type": "hr", 
  "committees": [
    {
      "activity": [
        "referral", 
        "in committee"
      ], 
      "committee": "House Judiciary", 
      "committee_id": "HSJU"
    }, 
    {
      "activity": [
        "referral"
      ], 
      "committee": "House Judiciary", 
      "committee_id": "HSJU", 
      "subcommittee": "Subcommittee on Courts, the Internet, and Intellectual Property", 
      "subcommittee_id": "03"
    }
  ], 
  "congress": "109", 
  "cosponsors": [], 
  "enacted_as": null, 
  "history": {
    "awaiting_signature": false, 
    "enacted": false, 
    "vetoed": false
  }, 
  "introduced_at": "2005-07-27", 
  "number": "3456", 
  "official_title": "To amend title 28, United States Code, to provide for individuals serving as Federal jurors to continue to receive their normal average wage or salary during such service.", 
  "popular_title": null, 
  "related_bills": [], 
  "short_title": null, 
  "sponsor": {
    "district": "1", 
    "name": "Andrews, Robert E.", 
    "state": "NJ", 
    "thomas_id": "00021", 
    "title": "Rep", 
    "type": "person"
  }, 
  "status": "REFERRED", 
  "status_at": "2005-07-27", 
  "subjects": [
    "Crime and law enforcement", 
    "Grand jury", 
    "Juries", 
    "Labor and employment", 
    "Law", 
    "Salaries", 
    "Wages"
  ], 
  "subjects_top_term": "Law", 
  "summary": {
    "as": "Introduced", 
    "date": "2005-07-27", 
    "text": "Amends the federal judicial code to require the public or private employer of a federal grand or petit juror to pay to that juror his or her regular pay (or average daily wage) for each day such individual performs jury duty, less the aggregate amount of any fees and allowances paid. Allows a person summoned for jury service to be excused upon a showing by his or her employer that payment during such service would result in significant hardship to the employer."
  }, 
  "titles": [
    {
      "as": "introduced", 
      "title": "To amend title 28, United States Code, to provide for individuals serving as Federal jurors to continue to receive their normal average wage or salary during such service.", 
      "type": "official"
    }
  ], 
  "updated_at": "2013-02-02T20:40:41-05:00"
}