{
  "actions": [
    {
      "acted_at": "2005-05-05", 
      "committee": "House Committee on Ways and Means", 
      "references": [], 
      "status": "REFERRED", 
      "text": "Referred to the House Committee on Ways and Means.", 
      "type": "referral"
    }, 
    {
      "acted_at": "2005-05-16", 
      "in_committee": "House Committee on Ways and Means", 
      "references": [], 
      "subcommittee": "Social Security", 
      "text": "Referred to the Subcommittee on Social Security.", 
      "type": "referral"
    }
  ], 
  "amendments": [], 
  "bill_id": "hr2189-109", 
  "bill_type": "hr", 
  "committees": [
    {
      "activity": [
        "referral", 
        "in committee"
      ], 
      "committee": "House Ways and Means", 
      "committee_id": "HSWM"
    }, 
    {
      "activity": [
        "referral"
      ], 
      "committee": "House Ways and Means", 
      "committee_id": "HSWM", 
      "subcommittee": "Subcommittee on Social Security", 
      "subcommittee_id": "01"
    }
  ], 
  "congress": "109", 
  "cosponsors": [], 
  "enacted_as": null, 
  "history": {
    "awaiting_signature": false, 
    "enacted": false, 
    "vetoed": false
  }, 
  "introduced_at": "2005-05-05", 
  "number": "2189", 
  "official_title": "To amend title II of the Social Security Act to eliminate the two-year waiting period for divorced spouse's benefits following the divorce.", 
  "popular_title": null, 
  "related_bills": [], 
  "short_title": null, 
  "sponsor": {
    "district": "18", 
    "name": "Lowey, Nita M.", 
    "state": "NY", 
    "thomas_id": "00709", 
    "title": "Rep", 
    "type": "person"
  }, 
  "status": "REFERRED", 
  "status_at": "2005-05-05", 
  "subjects": [
    "Divorce", 
    "Families", 
    "Old age, survivors and disability insurance", 
    "Social security eligibility", 
    "Social welfare"
  ], 
  "subjects_top_term": "Social welfare", 
  "summary": {
    "as": "Introduced", 
    "date": "2005-05-05", 
    "text": "Amends title II (Old Age, Survivors and Disability Insurance) (OASDI) of the Social Security Act to eliminate the two-year waiting period following a divorce for a divorced spouse to become entitled to a spouse's OASDI benefits."
  }, 
  "titles": [
    {
      "as": "introduced", 
      "title": "To amend title II of the Social Security Act to eliminate the two-year waiting period for divorced spouse's benefits following the divorce.", 
      "type": "official"
    }
  ], 
  "updated_at": "2013-02-02T20:40:07-05:00"
}