{
  "actions": [
    {
      "acted_at": "2006-05-25", 
      "committee": "House Committee on Energy and Commerce", 
      "references": [], 
      "status": "REFERRED", 
      "text": "Referred to the House Committee on Energy and Commerce.", 
      "type": "referral"
    }, 
    {
      "acted_at": "2006-05-26", 
      "references": [
        {
          "reference": "CR E990", 
          "type": null
        }
      ], 
      "text": "Sponsor introductory remarks on measure.", 
      "type": "action"
    }, 
    {
      "acted_at": "2006-06-05", 
      "in_committee": "House Committee on Energy and Commerce", 
      "references": [], 
      "subcommittee": "Health", 
      "text": "Referred to the Subcommittee on Health.", 
      "type": "referral"
    }
  ], 
  "amendments": [], 
  "bill_id": "hr5508-109", 
  "bill_type": "hr", 
  "committees": [
    {
      "activity": [
        "referral", 
        "in committee"
      ], 
      "committee": "House Energy and Commerce", 
      "committee_id": "HSIF"
    }, 
    {
      "activity": [
        "referral"
      ], 
      "committee": "House Energy and Commerce", 
      "committee_id": "HSIF", 
      "subcommittee": "Subcommittee on Health", 
      "subcommittee_id": "14"
    }
  ], 
  "congress": "109", 
  "cosponsors": [], 
  "enacted_as": null, 
  "history": {
    "awaiting_signature": false, 
    "enacted": false, 
    "vetoed": false
  }, 
  "introduced_at": "2006-05-25", 
  "number": "5508", 
  "official_title": "To amend title XIX of the Social Security Act to increase the Federal medical assistance percentage for the District of Columbia under the Medicaid Program to 75 percent.", 
  "popular_title": null, 
  "related_bills": [], 
  "short_title": "District of Columbia Medicaid Reimbursement Act of 2006", 
  "sponsor": {
    "district": null, 
    "name": "Norton, Eleanor Holmes", 
    "state": "DC", 
    "thomas_id": "00868", 
    "title": "Rep", 
    "type": "person"
  }, 
  "status": "REFERRED", 
  "status_at": "2006-05-25", 
  "subjects": [
    "District of Columbia", 
    "Economics and public finance", 
    "Federal-city relations", 
    "Government operations and politics", 
    "Health", 
    "Intergovernmental fiscal relations", 
    "Medicaid", 
    "Social welfare"
  ], 
  "subjects_top_term": "Health", 
  "summary": {
    "as": "Introduced", 
    "date": "2006-05-25", 
    "text": "District of Columbia Medicaid Reimbursement Act of 2006 - Amends title XIX (Medicaid) of the Social Security Act to increase the Medicaid federal medical assistance percentage (FMAP) for the District of Columbia from 70% to 75%."
  }, 
  "titles": [
    {
      "as": "introduced", 
      "title": "District of Columbia Medicaid Reimbursement Act of 2006", 
      "type": "short"
    }, 
    {
      "as": "introduced", 
      "title": "To amend title XIX of the Social Security Act to increase the Federal medical assistance percentage for the District of Columbia under the Medicaid Program to 75 percent.", 
      "type": "official"
    }
  ], 
  "updated_at": "2013-02-02T20:41:39-05:00"
}