{
  "actions": [
    {
      "acted_at": "2005-03-01", 
      "committee": "House Committee on Agriculture", 
      "references": [], 
      "status": "REFERRED", 
      "text": "Referred to the House Committee on Agriculture.", 
      "type": "referral"
    }, 
    {
      "acted_at": "2005-04-13", 
      "in_committee": "House Committee on Agriculture", 
      "references": [], 
      "subcommittee": "Conservation, Credit, Rural Development and Research", 
      "text": "Referred to the Subcommittee on Conservation, Credit, Rural Development and Research.", 
      "type": "referral"
    }, 
    {
      "acted_at": "2005-06-20", 
      "in_committee": "House Committee on Agriculture", 
      "references": [], 
      "text": "Executive Comment Requested from USDA.", 
      "type": "action"
    }, 
    {
      "acted_at": "2006-06-15", 
      "in_committee": "House Committee on Agriculture", 
      "references": [], 
      "text": "Unfavorable Executive Comment Received from USDA.", 
      "type": "action"
    }
  ], 
  "amendments": [], 
  "bill_id": "hr1007-109", 
  "bill_type": "hr", 
  "committees": [
    {
      "activity": [
        "referral", 
        "in committee"
      ], 
      "committee": "House Agriculture", 
      "committee_id": "HSAG"
    }, 
    {
      "activity": [
        "referral"
      ], 
      "committee": "House Agriculture", 
      "committee_id": "HSAG", 
      "subcommittee": "Subcommittee on Conservation, Credit, Rural Development, and Research", 
      "subcommittee_id": "15"
    }
  ], 
  "congress": "109", 
  "cosponsors": [], 
  "enacted_as": null, 
  "history": {
    "awaiting_signature": false, 
    "enacted": false, 
    "vetoed": false
  }, 
  "introduced_at": "2005-03-01", 
  "number": "1007", 
  "official_title": "To provide for the conveyance of a small parcel of Natural Resources Conservation Service property in Riverside, California, and for other purposes.", 
  "popular_title": null, 
  "related_bills": [], 
  "short_title": null, 
  "sponsor": {
    "district": "44", 
    "name": "Calvert, Ken", 
    "state": "CA", 
    "thomas_id": "00165", 
    "title": "Rep", 
    "type": "person"
  }, 
  "status": "REFERRED", 
  "status_at": "2005-03-01", 
  "subjects": [
    "California", 
    "Department of Agriculture", 
    "Environmental protection", 
    "Federal office buildings", 
    "Government operations and politics", 
    "Land transfers", 
    "Nature conservation", 
    "Public lands and natural resources", 
    "Research natural areas"
  ], 
  "subjects_top_term": "Public lands and natural resources", 
  "summary": {
    "as": "Introduced", 
    "date": "2005-03-01", 
    "text": "Directs the Secretary of Agriculture to convey to the Riverside-Corona Resource Conservation District, without consideration, specified Federal land administered by the Department of Agriculture's Natural Resources Conservation Service in Riverside, California, contingent on the District's agreeing to: (1) use the property for land conservation and related research and to make the property available to other public agencies engaged in similar activities; and (2) permit the Natural Resources Conservation Service to continue to occupy and use that part of the property known as Building B."
  }, 
  "titles": [
    {
      "as": "introduced", 
      "title": "To provide for the conveyance of a small parcel of Natural Resources Conservation Service property in Riverside, California, and for other purposes.", 
      "type": "official"
    }
  ], 
  "updated_at": "2013-02-02T20:39:34-05:00"
}