{
  "actions": [
    {
      "acted_at": "2005-05-17", 
      "committee": "House Committee on Energy and Commerce", 
      "references": [], 
      "status": "REFERRED", 
      "text": "Referred to the House Committee on Energy and Commerce.", 
      "type": "referral"
    }, 
    {
      "acted_at": "2005-06-03", 
      "in_committee": "House Committee on Energy and Commerce", 
      "references": [], 
      "subcommittee": "Health", 
      "text": "Referred to the Subcommittee on Health.", 
      "type": "referral"
    }
  ], 
  "amendments": [], 
  "bill_id": "hr2400-109", 
  "bill_type": "hr", 
  "committees": [
    {
      "activity": [
        "referral", 
        "in committee"
      ], 
      "committee": "House Energy and Commerce", 
      "committee_id": "HSIF"
    }, 
    {
      "activity": [
        "referral"
      ], 
      "committee": "House Energy and Commerce", 
      "committee_id": "HSIF", 
      "subcommittee": "Subcommittee on Health", 
      "subcommittee_id": "14"
    }
  ], 
  "congress": "109", 
  "cosponsors": [
    {
      "district": null, 
      "name": "Christensen, Donna M.", 
      "sponsored_at": "2005-05-17", 
      "state": "VI", 
      "thomas_id": "01474", 
      "title": "Rep", 
      "withdrawn_at": null
    }, 
    {
      "district": "7", 
      "name": "Crowley, Joseph", 
      "sponsored_at": "2005-05-17", 
      "state": "NY", 
      "thomas_id": "01604", 
      "title": "Rep", 
      "withdrawn_at": null
    }, 
    {
      "district": "22", 
      "name": "Hinchey, Maurice D.", 
      "sponsored_at": "2005-05-17", 
      "state": "NY", 
      "thomas_id": "00541", 
      "title": "Rep", 
      "withdrawn_at": null
    }, 
    {
      "district": "5", 
      "name": "Hooley, Darlene", 
      "sponsored_at": "2005-05-17", 
      "state": "OR", 
      "thomas_id": "01491", 
      "title": "Rep", 
      "withdrawn_at": null
    }
  ], 
  "enacted_as": null, 
  "history": {
    "awaiting_signature": false, 
    "enacted": false, 
    "vetoed": false
  }, 
  "introduced_at": "2005-05-17", 
  "number": "2400", 
  "official_title": "To establish an Emergency Malpractice Liability Insurance Commission.", 
  "popular_title": null, 
  "related_bills": [], 
  "short_title": "Emergency Malpractice Liability Insurance Commission (EMLIC) Act", 
  "sponsor": {
    "district": "4", 
    "name": "DeFazio, Peter A.", 
    "state": "OR", 
    "thomas_id": "00279", 
    "title": "Rep", 
    "type": "person"
  }, 
  "status": "REFERRED", 
  "status_at": "2005-05-17", 
  "subjects": [
    "Access to health care", 
    "Auditing", 
    "Commerce", 
    "Congress", 
    "Congressional hearings", 
    "Congressional investigations", 
    "Damages", 
    "Federal advisory bodies", 
    "Finance and financial sector", 
    "Government operations and politics", 
    "Health", 
    "Insurance companies", 
    "Insurance premiums", 
    "Law", 
    "Legislation", 
    "Liability insurance", 
    "Medical associations", 
    "Medical economics", 
    "Medical malpractice", 
    "Regulatory impact statements", 
    "State laws"
  ], 
  "subjects_top_term": "Health", 
  "summary": {
    "as": "Introduced", 
    "date": "2005-05-17", 
    "text": "Emergency Malpractice Liability Insurance Commission (EMLIC) Act - Establishes the Emergency Malpractice Liability Insurance Commission to examine the causes of soaring medical malpractice premiums and propose a comprehensive strategy to alleviate the impact. Directs the Commission to investigate and determine whether a causal relationship exists between: (1) skyrocketing malpractice insurance premiums; (2) jury awards; (3) decreased accessibility and affordability of health care; and (4) an increase in the number of physicians moving, quitting, or retiring."
  }, 
  "titles": [
    {
      "as": "introduced", 
      "title": "Emergency Malpractice Liability Insurance Commission (EMLIC) Act", 
      "type": "short"
    }, 
    {
      "as": "introduced", 
      "title": "To establish an Emergency Malpractice Liability Insurance Commission.", 
      "type": "official"
    }
  ], 
  "updated_at": "2013-02-02T20:40:13-05:00"
}