{
  "actions": [
    {
      "acted_at": "2005-05-25", 
      "committee": "House Committee on Financial Services", 
      "references": [], 
      "status": "REFERRED", 
      "text": "Referred to the House Committee on Financial Services.", 
      "type": "referral"
    }, 
    {
      "acted_at": "2005-06-03", 
      "in_committee": "House Committee on Financial Services", 
      "references": [], 
      "subcommittee": "Housing and Community Opportunity", 
      "text": "Referred to the Subcommittee on Housing and Community Opportunity.", 
      "type": "referral"
    }
  ], 
  "amendments": [], 
  "bill_id": "hr2636-109", 
  "bill_type": "hr", 
  "committees": [
    {
      "activity": [
        "referral", 
        "in committee"
      ], 
      "committee": "House Financial Services", 
      "committee_id": "HSBA"
    }, 
    {
      "activity": [
        "referral"
      ], 
      "committee": "House Financial Services", 
      "committee_id": "HSBA", 
      "subcommittee": "Subcommittee on Housing and Community Opportunity", 
      "subcommittee_id": "04"
    }
  ], 
  "congress": "109", 
  "cosponsors": [
    {
      "district": "23", 
      "name": "Capps, Lois", 
      "sponsored_at": "2005-10-06", 
      "state": "CA", 
      "thomas_id": "01471", 
      "title": "Rep", 
      "withdrawn_at": null
    }, 
    {
      "district": "5", 
      "name": "Cleaver, Emanuel", 
      "sponsored_at": "2005-05-25", 
      "state": "MO", 
      "thomas_id": "01790", 
      "title": "Rep", 
      "withdrawn_at": null
    }, 
    {
      "district": "7", 
      "name": "Cummings, Elijah E.", 
      "sponsored_at": "2005-05-25", 
      "state": "MD", 
      "thomas_id": "00256", 
      "title": "Rep", 
      "withdrawn_at": null
    }, 
    {
      "district": "14", 
      "name": "Eshoo, Anna G.", 
      "sponsored_at": "2005-05-25", 
      "state": "CA", 
      "thomas_id": "00355", 
      "title": "Rep", 
      "withdrawn_at": null
    }, 
    {
      "district": "18", 
      "name": "Jackson-Lee, Sheila", 
      "sponsored_at": "2005-06-24", 
      "state": "TX", 
      "thomas_id": "00588", 
      "title": "Rep", 
      "withdrawn_at": null
    }, 
    {
      "district": "30", 
      "name": "Johnson, Eddie Bernice", 
      "sponsored_at": "2005-05-25", 
      "state": "TX", 
      "thomas_id": "00599", 
      "title": "Rep", 
      "withdrawn_at": null
    }, 
    {
      "district": "5", 
      "name": "Kildee, Dale E.", 
      "sponsored_at": "2005-06-24", 
      "state": "MI", 
      "thomas_id": "00631", 
      "title": "Rep", 
      "withdrawn_at": null
    }, 
    {
      "district": "5", 
      "name": "Lewis, John", 
      "sponsored_at": "2005-06-24", 
      "state": "GA", 
      "thomas_id": "00688", 
      "title": "Rep", 
      "withdrawn_at": null
    }, 
    {
      "district": "14", 
      "name": "Maloney, Carolyn B.", 
      "sponsored_at": "2005-05-26", 
      "state": "NY", 
      "thomas_id": "00729", 
      "title": "Rep", 
      "withdrawn_at": null
    }, 
    {
      "district": "7", 
      "name": "McDermott, Jim", 
      "sponsored_at": "2005-05-25", 
      "state": "WA", 
      "thomas_id": "00766", 
      "title": "Rep", 
      "withdrawn_at": null
    }, 
    {
      "district": "7", 
      "name": "Miller, George", 
      "sponsored_at": "2005-05-25", 
      "state": "CA", 
      "thomas_id": "00808", 
      "title": "Rep", 
      "withdrawn_at": null
    }, 
    {
      "district": "8", 
      "name": "Oberstar, James L.", 
      "sponsored_at": "2005-05-25", 
      "state": "MN", 
      "thomas_id": "00876", 
      "title": "Rep", 
      "withdrawn_at": null
    }, 
    {
      "district": "15", 
      "name": "Rangel, Charles B.", 
      "sponsored_at": "2005-05-25", 
      "state": "NY", 
      "thomas_id": "00944", 
      "title": "Rep", 
      "withdrawn_at": null
    }, 
    {
      "district": null, 
      "name": "Sanders, Bernard", 
      "sponsored_at": "2005-05-25", 
      "state": "VT", 
      "thomas_id": "01010", 
      "title": "Rep", 
      "withdrawn_at": null
    }, 
    {
      "district": "9", 
      "name": "Schakowsky, Janice D.", 
      "sponsored_at": "2005-05-25", 
      "state": "IL", 
      "thomas_id": "01588", 
      "title": "Rep", 
      "withdrawn_at": null
    }, 
    {
      "district": "28", 
      "name": "Slaughter, Louise McIntosh", 
      "sponsored_at": "2005-05-25", 
      "state": "NY", 
      "thomas_id": "01069", 
      "title": "Rep", 
      "withdrawn_at": null
    }, 
    {
      "district": "13", 
      "name": "Stark, Fortney Pete", 
      "sponsored_at": "2005-05-25", 
      "state": "CA", 
      "thomas_id": "01101", 
      "title": "Rep", 
      "withdrawn_at": null
    }, 
    {
      "district": "12", 
      "name": "Velazquez, Nydia M.", 
      "sponsored_at": "2005-05-25", 
      "state": "NY", 
      "thomas_id": "01184", 
      "title": "Rep", 
      "withdrawn_at": null
    }, 
    {
      "district": "30", 
      "name": "Waxman, Henry A.", 
      "sponsored_at": "2005-10-06", 
      "state": "CA", 
      "thomas_id": "01209", 
      "title": "Rep", 
      "withdrawn_at": null
    }, 
    {
      "district": "6", 
      "name": "Woolsey, Lynn C.", 
      "sponsored_at": "2005-05-26", 
      "state": "CA", 
      "thomas_id": "01242", 
      "title": "Rep", 
      "withdrawn_at": null
    }
  ], 
  "enacted_as": null, 
  "history": {
    "awaiting_signature": false, 
    "enacted": false, 
    "vetoed": false
  }, 
  "introduced_at": "2005-05-25", 
  "number": "2636", 
  "official_title": "To authorize the Secretary of Housing and Urban Development to make grants to States to supplement State assistance for the preservation of affordable housing for low-income families.", 
  "popular_title": null, 
  "related_bills": [], 
  "short_title": "Housing Preservation Matching Grant Act of 2005", 
  "sponsor": {
    "district": "8", 
    "name": "Nadler, Jerrold", 
    "state": "NY", 
    "thomas_id": "00850", 
    "title": "Rep", 
    "type": "person"
  }, 
  "status": "REFERRED", 
  "status_at": "2005-05-25", 
  "subjects": [
    "Affordable housing", 
    "Commerce", 
    "Economics and public finance", 
    "Federal aid to housing", 
    "Federally-assisted loans", 
    "Federally-guaranteed loans", 
    "Finance and financial sector", 
    "Government lending", 
    "Home ownership", 
    "Housing and community development", 
    "Housing subsidies", 
    "Income tax", 
    "Low-income housing", 
    "Mortgage guaranty insurance", 
    "Mortgages", 
    "Rental housing", 
    "Residential rehabilitation", 
    "Social welfare", 
    "Tax credits", 
    "Taxation"
  ], 
  "subjects_top_term": "Housing and community development", 
  "summary": {
    "as": "Introduced", 
    "date": "2005-05-25", 
    "text": "Housing Preservation Matching Grant Act of 2005 - Authorizes the Secretary of Housing and Urban Development to make matching grants to States (including the District of Columbia and U.S. commonwealths, territories, and possessions) for low-income housing preservation. Sets forth requirements for projects: (1) with Department of Housing and Urban Development-insured mortgages; (2) with section 8 assistance; or (3) purchased by the residents."
  }, 
  "titles": [
    {
      "as": "introduced", 
      "title": "Housing Preservation Matching Grant Act of 2005", 
      "type": "short"
    }, 
    {
      "as": "introduced", 
      "title": "To authorize the Secretary of Housing and Urban Development to make grants to States to supplement State assistance for the preservation of affordable housing for low-income families.", 
      "type": "official"
    }
  ], 
  "updated_at": "2013-02-02T20:40:18-05:00"
}