{
  "actions": [
    {
      "acted_at": "2005-07-29", 
      "committee": "House Committee on Resources", 
      "references": [], 
      "status": "REFERRED", 
      "text": "Referred to the House Committee on Resources.", 
      "type": "referral"
    }, 
    {
      "acted_at": "2005-08-08", 
      "in_committee": "House Committee on Resources", 
      "references": [], 
      "subcommittee": "Water and Power", 
      "text": "Referred to the Subcommittee on Water and Power.", 
      "type": "referral"
    }
  ], 
  "amendments": [], 
  "bill_id": "hr3618-109", 
  "bill_type": "hr", 
  "committees": [
    {
      "activity": [
        "referral", 
        "in committee"
      ], 
      "committee": "House Resources", 
      "committee_id": "HSII"
    }, 
    {
      "activity": [
        "referral"
      ], 
      "committee": "House Resources", 
      "committee_id": "HSII", 
      "subcommittee": "Subcommittee on Water and Power", 
      "subcommittee_id": "13"
    }
  ], 
  "congress": "109", 
  "cosponsors": [], 
  "enacted_as": null, 
  "history": {
    "awaiting_signature": false, 
    "enacted": false, 
    "vetoed": false
  }, 
  "introduced_at": "2005-07-29", 
  "number": "3618", 
  "official_title": "To authorize early repayment of obligations to the Bureau of Reclamation within Rogue River Valley Irrigation District or within Medford Irrigation District.", 
  "popular_title": null, 
  "related_bills": [
    {
      "bill_id": "hr4195-109", 
      "reason": "related"
    }, 
    {
      "bill_id": "s1576-109", 
      "reason": "related"
    }, 
    {
      "bill_id": "s1760-109", 
      "reason": "related"
    }
  ], 
  "short_title": "Southern Oregon Bureau of Reclamation Repayment Act of 2005", 
  "sponsor": {
    "district": "2", 
    "name": "Walden, Greg", 
    "state": "OR", 
    "thomas_id": "01596", 
    "title": "Rep", 
    "type": "person"
  }, 
  "status": "REFERRED", 
  "status_at": "2005-07-29", 
  "subjects": [
    "Agriculture and food", 
    "Collection of accounts", 
    "Construction costs", 
    "Economics and public finance", 
    "Government operations and politics", 
    "Government paperwork", 
    "Infrastructure", 
    "Irrigation", 
    "Irrigation districts", 
    "Landowners", 
    "Oregon", 
    "Water resources development"
  ], 
  "subjects_top_term": "Water resources development", 
  "summary": {
    "as": "Introduced", 
    "date": "2005-07-29", 
    "text": "Southern Oregon Bureau of Reclamation Repayment Act of 2005 - Authorizes any landholder in Oregon within the Rogue River Valley Irrigation District or the Medford Irrigation District to repay, at any time, the construction costs of the project facilities allocated to a landholding within such district. Provides that, upon discharge of the repayment obligation, the lands at issue shall not be subject to ownership and full-cost pricing limitations under reclamation and irrigation provisions. Directs the Secretary of the Interior, upon request, to provide certification of the landholder's freedom from such limitations."
  }, 
  "titles": [
    {
      "as": "introduced", 
      "title": "Southern Oregon Bureau of Reclamation Repayment Act of 2005", 
      "type": "short"
    }, 
    {
      "as": "introduced", 
      "title": "To authorize early repayment of obligations to the Bureau of Reclamation within Rogue River Valley Irrigation District or within Medford Irrigation District.", 
      "type": "official"
    }
  ], 
  "updated_at": "2013-02-02T20:40:45-05:00"
}