{
  "actions": [
    {
      "acted_at": "2005-06-17", 
      "references": [
        {
          "reference": "CR E1270", 
          "type": null
        }
      ], 
      "text": "Sponsor introductory remarks on measure.", 
      "type": "action"
    }, 
    {
      "acted_at": "2005-06-17", 
      "committee": "House Committee on Small Business", 
      "references": [], 
      "status": "REFERRED", 
      "text": "Referred to the House Committee on Small Business.", 
      "type": "referral"
    }, 
    {
      "acted_at": "2005-07-13", 
      "in_committee": "House Committee on Small Business", 
      "references": [], 
      "text": "Committee Hearings Held.", 
      "type": "action"
    }, 
    {
      "acted_at": "2005-07-14", 
      "in_committee": "House Committee on Small Business", 
      "references": [], 
      "text": "Committee Consideration and Mark-up Session Held.", 
      "type": "action"
    }, 
    {
      "acted_at": "2005-07-14", 
      "in_committee": "House Committee on Small Business", 
      "references": [], 
      "status": "REPORTED", 
      "text": "Ordered to be Reported (Amended) by Voice Vote.", 
      "type": "calendar"
    }, 
    {
      "acted_at": "2005-07-28T22:03:00-04:00", 
      "references": [], 
      "text": "Reported (Amended) by the Committee on Small Business. H. Rept. 109-206.", 
      "type": "action"
    }, 
    {
      "acted_at": "2005-07-28T22:03:00-04:00", 
      "calendar": "Union", 
      "number": "119", 
      "references": [], 
      "text": "Placed on the Union Calendar, Calendar No. 119.", 
      "type": "calendar", 
      "under": null
    }
  ], 
  "amendments": [], 
  "bill_id": "hr2981-109", 
  "bill_type": "hr", 
  "committees": [
    {
      "activity": [
        "referral", 
        "hearings", 
        "markup", 
        "reporting"
      ], 
      "committee": "House Small Business", 
      "committee_id": "HSSM"
    }
  ], 
  "congress": "109", 
  "cosponsors": [
    {
      "district": "1", 
      "name": "Abercrombie, Neil", 
      "sponsored_at": "2005-06-17", 
      "state": "HI", 
      "thomas_id": "00002", 
      "title": "Rep", 
      "withdrawn_at": null
    }, 
    {
      "district": "2", 
      "name": "Case, Ed", 
      "sponsored_at": "2005-06-17", 
      "state": "HI", 
      "thomas_id": "01693", 
      "title": "Rep", 
      "withdrawn_at": null
    }, 
    {
      "district": null, 
      "name": "Cubin, Barbara", 
      "sponsored_at": "2005-06-17", 
      "state": "WY", 
      "thomas_id": "00254", 
      "title": "Rep", 
      "withdrawn_at": null
    }, 
    {
      "district": "7", 
      "name": "Grijalva, Raul M.", 
      "sponsored_at": "2005-06-17", 
      "state": "AZ", 
      "thomas_id": "01708", 
      "title": "Rep", 
      "withdrawn_at": null
    }, 
    {
      "district": "23", 
      "name": "Hastings, Alcee L.", 
      "sponsored_at": "2005-06-17", 
      "state": "FL", 
      "thomas_id": "00511", 
      "title": "Rep", 
      "withdrawn_at": null
    }, 
    {
      "district": null, 
      "name": "Herseth, Stephanie", 
      "sponsored_at": "2005-06-17", 
      "state": "SD", 
      "thomas_id": "01760", 
      "title": "Rep", 
      "withdrawn_at": null
    }, 
    {
      "district": "15", 
      "name": "Honda, Michael M.", 
      "sponsored_at": "2005-06-17", 
      "state": "CA", 
      "thomas_id": "01634", 
      "title": "Rep", 
      "withdrawn_at": null
    }, 
    {
      "district": "16", 
      "name": "Manzullo, Donald A.", 
      "sponsored_at": "2005-06-17", 
      "state": "IL", 
      "thomas_id": "00733", 
      "title": "Rep", 
      "withdrawn_at": null
    }, 
    {
      "district": "2", 
      "name": "Matheson, Jim", 
      "sponsored_at": "2005-06-17", 
      "state": "UT", 
      "thomas_id": "01671", 
      "title": "Rep", 
      "withdrawn_at": null
    }, 
    {
      "district": "4", 
      "name": "McCollum, Betty", 
      "sponsored_at": "2005-06-17", 
      "state": "MN", 
      "thomas_id": "01653", 
      "title": "Rep", 
      "withdrawn_at": null
    }, 
    {
      "district": "7", 
      "name": "McDermott, Jim", 
      "sponsored_at": "2005-06-17", 
      "state": "WA", 
      "thomas_id": "00766", 
      "title": "Rep", 
      "withdrawn_at": null
    }, 
    {
      "district": "2", 
      "name": "Michaud, Michael H.", 
      "sponsored_at": "2005-06-27", 
      "state": "ME", 
      "thomas_id": "01730", 
      "title": "Rep", 
      "withdrawn_at": null
    }, 
    {
      "district": "8", 
      "name": "Moran, James P.", 
      "sponsored_at": "2005-06-17", 
      "state": "VA", 
      "thomas_id": "00832", 
      "title": "Rep", 
      "withdrawn_at": null
    }, 
    {
      "district": "8", 
      "name": "Oberstar, James L.", 
      "sponsored_at": "2005-06-17", 
      "state": "MN", 
      "thomas_id": "00876", 
      "title": "Rep", 
      "withdrawn_at": null
    }, 
    {
      "district": "6", 
      "name": "Pallone, Frank, Jr.", 
      "sponsored_at": "2005-06-17", 
      "state": "NJ", 
      "thomas_id": "00887", 
      "title": "Rep", 
      "withdrawn_at": null
    }, 
    {
      "district": "1", 
      "name": "Renzi, Rick", 
      "sponsored_at": "2005-07-20", 
      "state": "AZ", 
      "thomas_id": "01706", 
      "title": "Rep", 
      "withdrawn_at": null
    }, 
    {
      "district": "16", 
      "name": "Reyes, Silvestre", 
      "sponsored_at": "2005-06-17", 
      "state": "TX", 
      "thomas_id": "01516", 
      "title": "Rep", 
      "withdrawn_at": null
    }, 
    {
      "district": "10", 
      "name": "Towns, Edolphus", 
      "sponsored_at": "2005-06-17", 
      "state": "NY", 
      "thomas_id": "01165", 
      "title": "Rep", 
      "withdrawn_at": null
    }, 
    {
      "district": "2", 
      "name": "Udall, Mark", 
      "sponsored_at": "2005-06-27", 
      "state": "CO", 
      "thomas_id": "01595", 
      "title": "Rep", 
      "withdrawn_at": null
    }, 
    {
      "district": "12", 
      "name": "Velazquez, Nydia M.", 
      "sponsored_at": "2005-06-17", 
      "state": "NY", 
      "thomas_id": "01184", 
      "title": "Rep", 
      "withdrawn_at": null
    }, 
    {
      "district": null, 
      "name": "Young, Don", 
      "sponsored_at": "2005-06-17", 
      "state": "AK", 
      "thomas_id": "01256", 
      "title": "Rep", 
      "withdrawn_at": null
    }
  ], 
  "enacted_as": null, 
  "history": {
    "awaiting_signature": false, 
    "enacted": false, 
    "vetoed": false
  }, 
  "introduced_at": "2005-06-17", 
  "number": "2981", 
  "official_title": "To amend the Small Business Act to expand and improve the assistance provided by Small Business Development Centers to Indian tribe members, Native Alaskans, and Native Hawaiians.", 
  "popular_title": null, 
  "related_bills": [], 
  "short_title": null, 
  "sponsor": {
    "district": "3", 
    "name": "Udall, Tom", 
    "state": "NM", 
    "thomas_id": "01567", 
    "title": "Rep", 
    "type": "person"
  }, 
  "status": "REPORTED", 
  "status_at": "2005-07-14", 
  "subjects": [
    "Administrative procedure", 
    "Alaska", 
    "Business education", 
    "Commerce", 
    "Department of the Interior", 
    "Economics and public finance", 
    "Education", 
    "Federal aid to Indians", 
    "Government and business", 
    "Government operations and politics", 
    "Grants-in-aid", 
    "Hawaiians", 
    "Housing and community development", 
    "Indian economic development", 
    "Indian lands", 
    "Indigenous peoples", 
    "Law", 
    "Minorities", 
    "Native Americans", 
    "Small business", 
    "State government-Indian relations"
  ], 
  "subjects_top_term": "Commerce", 
  "summary": {
    "as": "Reported to House amended", 
    "date": "2005-07-28", 
    "text": "Amends the Small Business Act to authorize a Small Business Development Center in an eligible state to apply for an additional Small Business Administration grant to be used solely to provide services to assist with outreach, development, and enhancement on Indian lands of small business startups and expansions owned by Indian tribe members, Alaskan Natives, and Native Hawaiians. Defines an eligible state as one in which at least one percent of its population is comprised of such tribe members and Natives. Limits each grant to $300,000 in a fiscal year. Requires a Small Business Development Center receiving such a grant to request the advice of tribal organizations on how best to provide assistance and where to locate satellite centers to provide it."
  }, 
  "titles": [
    {
      "as": "introduced", 
      "title": "To amend the Small Business Act to expand and improve the assistance provided by Small Business Development Centers to Indian tribe members, Native Alaskans, and Native Hawaiians.", 
      "type": "official"
    }
  ], 
  "updated_at": "2013-02-02T20:40:28-05:00"
}