{
  "actions": [
    {
      "acted_at": "2005-04-27", 
      "committee": "House Committee on Education and the Workforce", 
      "references": [], 
      "status": "REFERRED", 
      "text": "Referred to the House Committee on Education and the Workforce.", 
      "type": "referral"
    }, 
    {
      "acted_at": "2005-06-22", 
      "in_committee": "House Committee on Education and the Workforce", 
      "references": [], 
      "subcommittee": "21st Century Competitiveness", 
      "text": "Referred to the Subcommittee on 21st Century Competitiveness.", 
      "type": "referral"
    }, 
    {
      "acted_at": "2005-06-22", 
      "in_committee": "House Committee on Education and the Workforce", 
      "references": [], 
      "subcommittee": "Education Reform", 
      "text": "Referred to the Subcommittee on Education Reform.", 
      "type": "referral"
    }
  ], 
  "amendments": [], 
  "bill_id": "hr1933-109", 
  "bill_type": "hr", 
  "committees": [
    {
      "activity": [
        "referral", 
        "in committee"
      ], 
      "committee": "House Education and the Workforce", 
      "committee_id": "HSED"
    }, 
    {
      "activity": [
        "referral"
      ], 
      "committee": "House Education and the Workforce", 
      "committee_id": "HSED", 
      "subcommittee": "Subcommittee on 21st Century Competitiveness", 
      "subcommittee_id": "13"
    }, 
    {
      "activity": [
        "referral"
      ], 
      "committee": "House Education and the Workforce", 
      "committee_id": "HSED", 
      "subcommittee": "Subcommittee on Education Reform", 
      "subcommittee_id": "14"
    }
  ], 
  "congress": "109", 
  "cosponsors": [
    {
      "district": "2", 
      "name": "Boren, Dan", 
      "sponsored_at": "2006-05-10", 
      "state": "OK", 
      "thomas_id": "01796", 
      "title": "Rep", 
      "withdrawn_at": null
    }, 
    {
      "district": "9", 
      "name": "Lee, Barbara", 
      "sponsored_at": "2005-04-27", 
      "state": "CA", 
      "thomas_id": "01501", 
      "title": "Rep", 
      "withdrawn_at": null
    }, 
    {
      "district": "15", 
      "name": "Rangel, Charles B.", 
      "sponsored_at": "2005-04-27", 
      "state": "NY", 
      "thomas_id": "00944", 
      "title": "Rep", 
      "withdrawn_at": null
    }, 
    {
      "district": "10", 
      "name": "Towns, Edolphus", 
      "sponsored_at": "2005-04-27", 
      "state": "NY", 
      "thomas_id": "01165", 
      "title": "Rep", 
      "withdrawn_at": null
    }
  ], 
  "enacted_as": null, 
  "history": {
    "awaiting_signature": false, 
    "enacted": false, 
    "vetoed": false
  }, 
  "introduced_at": "2005-04-27", 
  "number": "1933", 
  "official_title": "To authorize the Secretary of Education to make grants to eligible schools to assist such schools to discontinue use of a derogatory or discriminatory name or depiction as a team name, mascot, or nickname, and for other purposes.", 
  "popular_title": null, 
  "related_bills": [], 
  "short_title": "Native Act to Transform Imagery in Various Environments", 
  "sponsor": {
    "district": "6", 
    "name": "Pallone, Frank, Jr.", 
    "state": "NJ", 
    "thomas_id": "00887", 
    "title": "Rep", 
    "type": "person"
  }, 
  "status": "REFERRED", 
  "status_at": "2005-04-27", 
  "subjects": [
    "Building construction", 
    "Civil rights and liberties, minority issues", 
    "Colleges", 
    "Congress", 
    "Congressional reporting requirements", 
    "Construction costs", 
    "Department of Education", 
    "Economics and public finance", 
    "Education", 
    "Elementary and secondary education", 
    "Elementary education", 
    "Ethnic relations", 
    "Executive reorganization", 
    "Federal aid to Indians", 
    "Federal aid to education", 
    "Federal-Indian relations", 
    "Government operations and politics", 
    "Higher education", 
    "Indian education", 
    "Maintenance and repair", 
    "Minorities", 
    "Names", 
    "Native Americans", 
    "Racial discrimination", 
    "Racism", 
    "School buildings", 
    "Secondary education"
  ], 
  "subjects_top_term": "Native Americans", 
  "summary": {
    "as": "Introduced", 
    "date": "2005-04-27", 
    "text": "Native Act to Transform Imagery in Various Environments - Authorizes the Secretary of Education to make: (1) grants to schools that have made formal decisions to discontinue use of a derogatory or discriminatory name or depiction as a team name, mascot, or nickname, to assist them in replacing uniforms or other materials and in altering facilities, including walls, floors, and signs; and (2) school construction or renovation grants to Indian schools and to schools that received discontinuation grants. Establishes within the Department of Education a Committee on Indian Relations. Includes among Committee duties providing cultural proficiency training at schools receiving discontinuation grants to effect positive and long-term change regarding any derogatory or discriminatory name or depiction.Declares a name or depiction to be derogatory or discriminatory if: (1) the name is Indians, Redskins, Braves, or Chiefs; or (2) the Committee determines, after notice and comment, that the name or depiction is derogatory or discriminatory on the basis of race, ethnicity, nationality, or Indian or Native Alaskan tribal affiliation."
  }, 
  "titles": [
    {
      "as": "introduced", 
      "title": "Native Act to Transform Imagery in Various Environments", 
      "type": "short"
    }, 
    {
      "as": "introduced", 
      "title": "To authorize the Secretary of Education to make grants to eligible schools to assist such schools to discontinue use of a derogatory or discriminatory name or depiction as a team name, mascot, or nickname, and for other purposes.", 
      "type": "official"
    }
  ], 
  "updated_at": "2013-02-02T20:40:01-05:00"
}