{
  "actions": [
    {
      "acted_at": "2005-09-12", 
      "committee": "House Committee on Transportation and Infrastructure", 
      "references": [], 
      "status": "REFERRED", 
      "text": "Referred to the House Committee on Transportation and Infrastructure.", 
      "type": "referral"
    }, 
    {
      "acted_at": "2005-09-13", 
      "in_committee": "House Committee on Transportation and Infrastructure", 
      "references": [], 
      "subcommittee": "Highways, Transit and Pipelines", 
      "text": "Referred to the Subcommittee on Highways, Transit and Pipelines.", 
      "type": "referral"
    }
  ], 
  "amendments": [], 
  "bill_id": "hr3725-109", 
  "bill_type": "hr", 
  "committees": [
    {
      "activity": [
        "referral", 
        "in committee"
      ], 
      "committee": "House Transportation and Infrastructure", 
      "committee_id": "HSPW"
    }, 
    {
      "activity": [
        "referral"
      ], 
      "committee": "House Transportation and Infrastructure", 
      "committee_id": "HSPW", 
      "subcommittee": "Subcommittee on Highways, Transit and Pipelines", 
      "subcommittee_id": "12"
    }
  ], 
  "congress": "109", 
  "cosponsors": [
    {
      "district": "14", 
      "name": "Paul, Ron", 
      "sponsored_at": "2006-01-31", 
      "state": "TX", 
      "thomas_id": "00900", 
      "title": "Rep", 
      "withdrawn_at": null
    }
  ], 
  "enacted_as": null, 
  "history": {
    "awaiting_signature": false, 
    "enacted": false, 
    "vetoed": false
  }, 
  "introduced_at": "2005-09-12", 
  "number": "3725", 
  "official_title": "To prohibit the Secretary of Transportation from issuing and enforcing certain requirements relating to commercial motor vehicle drivers.", 
  "popular_title": null, 
  "related_bills": [], 
  "short_title": null, 
  "sponsor": {
    "district": "1", 
    "name": "Abercrombie, Neil", 
    "state": "HI", 
    "thomas_id": "00002", 
    "title": "Rep", 
    "type": "person"
  }, 
  "status": "REFERRED", 
  "status_at": "2005-09-12", 
  "subjects": [
    "Administrative procedure", 
    "Department of Transportation", 
    "Driver education", 
    "Driver licenses", 
    "Federal preemption", 
    "Government operations and politics", 
    "Law", 
    "State laws", 
    "Traffic accidents and safety", 
    "Transportation and public works", 
    "Truck drivers", 
    "Trucking"
  ], 
  "subjects_top_term": "Transportation and public works", 
  "summary": {
    "as": "Introduced", 
    "date": "2005-09-12", 
    "text": "Prohibits the Secretary of Transportation from issuing or enforcing requirements that directly or indirectly: (1) prohibit a commercial motor vehicle driver from participating in a driving school in the disposition of a traffic violation; (2) prohibit a state from issuing a provisional driver's license to a commercial motor vehicle driver in the disposition of a traffic violation; or (3) require a traffic violation by a commercial motor vehicle driver in a state (other than the driver's licensing state) to be automatically considered a violation for purposes of commercial driver's license disqualification in the driver's licensing state."
  }, 
  "titles": [
    {
      "as": "introduced", 
      "title": "To prohibit the Secretary of Transportation from issuing and enforcing certain requirements relating to commercial motor vehicle drivers.", 
      "type": "official"
    }
  ], 
  "updated_at": "2013-02-02T20:40:48-05:00"
}