{
  "actions": [
    {
      "acted_at": "2005-01-04", 
      "committee": "House Committee on House Administration", 
      "references": [], 
      "status": "REFERRED", 
      "text": "Referred to the House Committee on House Administration.", 
      "type": "referral"
    }
  ], 
  "amendments": [], 
  "bill_id": "hr205-109", 
  "bill_type": "hr", 
  "committees": [
    {
      "activity": [
        "referral", 
        "in committee"
      ], 
      "committee": "House Administration", 
      "committee_id": "HSHA"
    }
  ], 
  "congress": "109", 
  "cosponsors": [], 
  "enacted_as": null, 
  "history": {
    "awaiting_signature": false, 
    "enacted": false, 
    "vetoed": false
  }, 
  "introduced_at": "2005-01-04", 
  "number": "205", 
  "official_title": "To permit members of the House of Representatives to donate used computer equipment to public elementary and secondary schools designated by the members.", 
  "popular_title": null, 
  "related_bills": [], 
  "short_title": null, 
  "sponsor": {
    "district": "16", 
    "name": "Serrano, Jose E.", 
    "state": "NY", 
    "thomas_id": "01042", 
    "title": "Rep", 
    "type": "person"
  }, 
  "status": "REFERRED", 
  "status_at": "2005-01-04", 
  "subjects": [
    "Computers", 
    "Congress", 
    "Congressional office operations", 
    "Education", 
    "Educational technology", 
    "Elementary and secondary education", 
    "Elementary education", 
    "Gifts", 
    "Government operations and politics", 
    "House of Representatives", 
    "Members of Congress", 
    "Science, technology, communications", 
    "Secondary education", 
    "Surplus government property"
  ], 
  "subjects_top_term": "Congress", 
  "summary": {
    "as": "Introduced", 
    "date": "2005-01-04", 
    "text": "Amends the Legislative Branch Appropriations Act, 1987 to allow the Clerk of the House of Representatives, at the request of a Member of the House, to donate computers and related peripheral tools previously used by the Member to a public elementary or secondary school designated by such Member without regard to whether the donation: (1) is a cost to the Government; or (2) has a recoverable value."
  }, 
  "titles": [
    {
      "as": "introduced", 
      "title": "To permit members of the House of Representatives to donate used computer equipment to public elementary and secondary schools designated by the members.", 
      "type": "official"
    }
  ], 
  "updated_at": "2013-02-02T20:39:10-05:00"
}