{
  "actions": [
    {
      "acted_at": "2006-02-14", 
      "committee": "House Committee on Resources", 
      "references": [], 
      "status": "REFERRED", 
      "text": "Referred to the House Committee on Resources.", 
      "type": "referral"
    }, 
    {
      "acted_at": "2006-02-17", 
      "in_committee": "House Committee on Resources", 
      "references": [], 
      "subcommittee": "Water and Power", 
      "text": "Referred to the Subcommittee on Water and Power.", 
      "type": "referral"
    }, 
    {
      "acted_at": "2006-02-17", 
      "in_committee": "House Committee on Resources", 
      "references": [], 
      "text": "Executive Comment Requested from Interior.", 
      "type": "action"
    }, 
    {
      "acted_at": "2006-04-26", 
      "in_committee": "House Committee on Resources", 
      "in_subcommittee": "Water and Power", 
      "references": [], 
      "text": "Subcommittee Hearings Held.", 
      "type": "action"
    }, 
    {
      "acted_at": "2006-07-19", 
      "in_committee": "House Committee on Resources", 
      "references": [], 
      "text": "Subcommittee on Water and Power Discharged.", 
      "type": "action"
    }, 
    {
      "acted_at": "2006-07-19", 
      "in_committee": "House Committee on Resources", 
      "references": [], 
      "text": "Committee Consideration and Mark-up Session Held.", 
      "type": "action"
    }, 
    {
      "acted_at": "2006-07-19", 
      "in_committee": "House Committee on Resources", 
      "references": [], 
      "status": "REPORTED", 
      "text": "Ordered to be Reported in the Nature of a Substitute (Amended) by Unanimous Consent.", 
      "type": "calendar"
    }, 
    {
      "acted_at": "2006-09-06T19:47:00-04:00", 
      "references": [], 
      "text": "Reported (Amended) by the Committee on Resources. H. Rept. 109-632.", 
      "type": "action"
    }, 
    {
      "acted_at": "2006-09-06T19:47:00-04:00", 
      "calendar": "Union", 
      "number": "372", 
      "references": [], 
      "text": "Placed on the Union Calendar, Calendar No. 372.", 
      "type": "calendar", 
      "under": null
    }, 
    {
      "acted_at": "2006-09-27T23:08:00-04:00", 
      "references": [], 
      "text": "Mr. Pearce moved to suspend the rules and pass the bill, as amended.", 
      "type": "action"
    }, 
    {
      "acted_at": "2006-09-27T23:08:00-04:00", 
      "references": [
        {
          "reference": "CR H7654-7655", 
          "type": "consideration"
        }
      ], 
      "text": "Considered under suspension of the rules.", 
      "type": "action"
    }, 
    {
      "acted_at": "2006-09-27T23:08:00-04:00", 
      "references": [], 
      "text": "DEBATE - The House proceeded with forty minutes of debate on H.R. 4750.", 
      "type": "action"
    }, 
    {
      "acted_at": "2006-09-27T23:14:00-04:00", 
      "how": "by voice vote", 
      "references": [
        {
          "reference": "CR H7654-7655", 
          "type": "text"
        }
      ], 
      "result": "pass", 
      "status": "PASS_OVER:HOUSE", 
      "suspension": null, 
      "text": "On motion to suspend the rules and pass the bill, as amended Agreed to by voice vote.", 
      "type": "vote", 
      "vote_type": "vote", 
      "where": "h"
    }, 
    {
      "acted_at": "2006-09-27T23:14:00-04:00", 
      "references": [], 
      "text": "Motion to reconsider laid on the table Agreed to without objection.", 
      "type": "action"
    }, 
    {
      "acted_at": "2006-09-28", 
      "references": [], 
      "text": "Received in the Senate.", 
      "type": "action"
    }, 
    {
      "acted_at": "2006-11-13", 
      "committee": "Committee on Energy and Natural Resources", 
      "references": [], 
      "text": "Read twice and referred to the Committee on Energy and Natural Resources.", 
      "type": "referral"
    }
  ], 
  "amendments": [], 
  "bill_id": "hr4750-109", 
  "bill_type": "hr", 
  "committees": [
    {
      "activity": [
        "referral", 
        "markup", 
        "reporting"
      ], 
      "committee": "House Resources", 
      "committee_id": "HSII"
    }, 
    {
      "activity": [
        "referral", 
        "hearings", 
        "discharged"
      ], 
      "committee": "House Resources", 
      "committee_id": "HSII", 
      "subcommittee": "Subcommittee on Water and Power", 
      "subcommittee_id": "13"
    }, 
    {
      "activity": [
        "referral", 
        "in committee"
      ], 
      "committee": "Senate Energy and Natural Resources", 
      "committee_id": "SSEG"
    }
  ], 
  "congress": "109", 
  "cosponsors": [
    {
      "district": "1", 
      "name": "Moran, Jerry", 
      "sponsored_at": "2006-02-14", 
      "state": "KS", 
      "thomas_id": "01507", 
      "title": "Rep", 
      "withdrawn_at": null
    }
  ], 
  "enacted_as": null, 
  "history": {
    "awaiting_signature": false, 
    "enacted": false, 
    "house_passage_result": "pass", 
    "house_passage_result_at": "2006-09-27T23:14:00-04:00", 
    "vetoed": false
  }, 
  "introduced_at": "2006-02-14", 
  "number": "4750", 
  "official_title": "To authorize the Secretary of the Interior to conduct a study to determine the feasibility of implementing a water supply and conservation project to improve water supply reliability, increase the capacity of water storage, and improve water management efficiency in the Republican River Basin between Harlan County Lake in Nebraska and Milford Lake in Kansas.", 
  "popular_title": null, 
  "related_bills": [], 
  "short_title": "Lower Republican River Basin Study Act", 
  "sponsor": {
    "district": "3", 
    "name": "Osborne, Tom", 
    "state": "NE", 
    "thomas_id": "01658", 
    "title": "Rep", 
    "type": "person"
  }, 
  "status": "PASS_OVER:HOUSE", 
  "status_at": "2006-09-27T23:14:00-04:00", 
  "subjects": [
    "Agriculture and food", 
    "Colorado", 
    "Congress", 
    "Congressional reporting requirements", 
    "Economics and public finance", 
    "Federal aid to water resources development", 
    "Federal-state relations", 
    "Government operations and politics", 
    "Governmental investigations", 
    "Infrastructure", 
    "Intergovernmental fiscal relations", 
    "Irrigation", 
    "Kansas", 
    "Nebraska", 
    "Sunset legislation", 
    "Water conservation", 
    "Water resources development", 
    "Water storage", 
    "Water supply", 
    "Watersheds"
  ], 
  "subjects_top_term": "Water resources development", 
  "summary": {
    "as": "Passed House amended", 
    "date": "2006-09-27", 
    "text": "Lower Republican River Basin Study Act - Authorizes the Secretary of the Interior to conduct a study to determine the feasibility of implementing a water supply and conservation project that will: (1) improve water supply reliability in the Republican River Basin between Harlan County Lake in Nebraska and Milford Lake in Kansas; (2) increase the capacity of water storage through projects that serve areas in the Republican River Basin; and (3) improve water management efficiency in the Republican River Basin and, where appropriate, evaluate integrated water resource management and supply needs in the Republican River Basin. Terminates the Secretary's authority to carry out this Act 10 years after its enactment."
  }, 
  "titles": [
    {
      "as": "introduced", 
      "title": "Lower Republican River Basin Study Act", 
      "type": "short"
    }, 
    {
      "as": "reported to house", 
      "title": "Lower Republican River Basin Study Act", 
      "type": "short"
    }, 
    {
      "as": "passed house", 
      "title": "Lower Republican River Basin Study Act", 
      "type": "short"
    }, 
    {
      "as": "introduced", 
      "title": "To authorize the Secretary of the Interior to conduct a study to determine the feasibility of implementing a water supply and conservation project to improve water supply reliability, increase the capacity of water storage, and improve water management efficiency in the Republican River Basin between Harlan County Lake in Nebraska and Milford Lake in Kansas.", 
      "type": "official"
    }
  ], 
  "updated_at": "2013-02-02T20:41:16-05:00"
}