{
  "actions": [
    {
      "acted_at": "2005-05-17", 
      "committee": "House Committee on the Judiciary", 
      "references": [], 
      "status": "REFERRED", 
      "text": "Referred to the House Committee on the Judiciary.", 
      "type": "referral"
    }
  ], 
  "amendments": [], 
  "bill_id": "hr2398-109", 
  "bill_type": "hr", 
  "committees": [
    {
      "activity": [
        "referral", 
        "in committee"
      ], 
      "committee": "House Judiciary", 
      "committee_id": "HSJU"
    }
  ], 
  "congress": "109", 
  "cosponsors": [], 
  "enacted_as": null, 
  "history": {
    "awaiting_signature": false, 
    "enacted": false, 
    "vetoed": false
  }, 
  "introduced_at": "2005-05-17", 
  "number": "2398", 
  "official_title": "To provide fairness in voter participation.", 
  "popular_title": null, 
  "related_bills": [], 
  "short_title": "Constitutional Protection of the Right to Vote Act", 
  "sponsor": {
    "district": "7", 
    "name": "Davis, Danny K.", 
    "state": "IL", 
    "thomas_id": "01477", 
    "title": "Rep", 
    "type": "person"
  }, 
  "status": "REFERRED", 
  "status_at": "2005-05-17", 
  "subjects": [
    "Civil rights and liberties, minority issues", 
    "Crime and law enforcement", 
    "Ex-offenders", 
    "Government operations and politics", 
    "Government publicity", 
    "Prisoners", 
    "Voting rights"
  ], 
  "subjects_top_term": "Government operations and politics", 
  "summary": {
    "as": "Introduced", 
    "date": "2005-05-17", 
    "text": "Constitutional Protection of the Right to Vote Act - Provides that the right of a citizen to vote shall not be denied or abridged because that citizen has been convicted of a criminal offense, unless such citizen is, at the time of the vote, serving a felony sentence in a correctional institution or facility or is otherwise under the supervision or actual or constructive custody of a governmental authority pursuant to that conviction. Requires each correctional institution or facility to establish and carry out a system of notice to ensure that persons being released from that institution or facility are informed of the right to vote protected by this Act."
  }, 
  "titles": [
    {
      "as": "introduced", 
      "title": "Constitutional Protection of the Right to Vote Act", 
      "type": "short"
    }, 
    {
      "as": "introduced", 
      "title": "To provide fairness in voter participation.", 
      "type": "official"
    }
  ], 
  "updated_at": "2013-02-02T20:40:13-05:00"
}