{
  "actions": [
    {
      "acted_at": "2005-10-31", 
      "committee": "House Committee on Resources", 
      "references": [], 
      "status": "REFERRED", 
      "text": "Referred to the House Committee on Resources.", 
      "type": "referral"
    }
  ], 
  "amendments": [], 
  "bill_id": "hr4182-109", 
  "bill_type": "hr", 
  "committees": [
    {
      "activity": [
        "referral", 
        "in committee"
      ], 
      "committee": "House Resources", 
      "committee_id": "HSII"
    }
  ], 
  "congress": "109", 
  "cosponsors": [], 
  "enacted_as": null, 
  "history": {
    "awaiting_signature": false, 
    "enacted": false, 
    "vetoed": false
  }, 
  "introduced_at": "2005-10-31", 
  "number": "4182", 
  "official_title": "To remove the restriction that amendments of, or modifications to, the constitution of American Samoa, as approved by the Secretary of the Interior pursuant to Executive Order 10264 as in effect January 1, 1983, may be made only by an Act of Congress.", 
  "popular_title": null, 
  "related_bills": [], 
  "short_title": null, 
  "sponsor": {
    "district": null, 
    "name": "Faleomavaega, Eni F.H.", 
    "state": "AS", 
    "thomas_id": "00367", 
    "title": "Rep", 
    "type": "person"
  }, 
  "status": "REFERRED", 
  "status_at": "2005-10-31", 
  "subjects": [
    "American Samoa", 
    "Congress", 
    "Congressional oversight", 
    "Constitutional amendments", 
    "Federal-territorial relations", 
    "Government operations and politics", 
    "Law", 
    "State constitutions"
  ], 
  "subjects_top_term": "Government operations and politics", 
  "summary": {
    "as": "Introduced", 
    "date": "2005-10-31", 
    "text": "Eliminates the restriction that amendments of, or modifications to, the constitution of American Samoa (as approved by the Secretary of the Interior pursuant to Executive Order 10264 as in effect January 1, 1983) may be made only by an Act of Congress."
  }, 
  "titles": [
    {
      "as": "introduced", 
      "title": "To remove the restriction that amendments of, or modifications to, the constitution of American Samoa, as approved by the Secretary of the Interior pursuant to Executive Order 10264 as in effect January 1, 1983, may be made only by an Act of Congress.", 
      "type": "official"
    }
  ], 
  "updated_at": "2013-02-02T20:41:01-05:00"
}