{
  "actions": [
    {
      "acted_at": "2005-02-08", 
      "committee": "House Committee on Resources", 
      "references": [], 
      "status": "REFERRED", 
      "text": "Referred to the House Committee on Resources.", 
      "type": "referral"
    }, 
    {
      "acted_at": "2005-02-28", 
      "in_committee": "House Committee on Resources", 
      "references": [], 
      "text": "Executive Comment Requested from Interior.", 
      "type": "action"
    }, 
    {
      "acted_at": "2005-02-28", 
      "in_committee": "House Committee on Resources", 
      "references": [], 
      "subcommittee": "Water and Power", 
      "text": "Referred to the Subcommittee on Water and Power.", 
      "type": "referral"
    }, 
    {
      "acted_at": "2006-07-27", 
      "in_committee": "House Committee on Resources", 
      "in_subcommittee": "Water and Power", 
      "references": [], 
      "text": "Subcommittee Hearings Held.", 
      "type": "action"
    }
  ], 
  "amendments": [], 
  "bill_id": "hr630-109", 
  "bill_type": "hr", 
  "committees": [
    {
      "activity": [
        "referral", 
        "in committee"
      ], 
      "committee": "House Resources", 
      "committee_id": "HSII"
    }, 
    {
      "activity": [
        "referral", 
        "hearings"
      ], 
      "committee": "House Resources", 
      "committee_id": "HSII", 
      "subcommittee": "Subcommittee on Water and Power", 
      "subcommittee_id": "13"
    }
  ], 
  "congress": "109", 
  "cosponsors": [
    {
      "district": "2", 
      "name": "Franks, Trent", 
      "sponsored_at": "2005-04-28", 
      "state": "AZ", 
      "thomas_id": "01707", 
      "title": "Rep", 
      "withdrawn_at": null
    }
  ], 
  "enacted_as": null, 
  "history": {
    "awaiting_signature": false, 
    "enacted": false, 
    "vetoed": false
  }, 
  "introduced_at": "2005-02-08", 
  "number": "630", 
  "official_title": "To authorize the Secretary of the Interior to convey certain Federal lands to the City of Yuma, Arizona, in exchange for certain lands owned by the City of Yuma, Arizona, and for other purposes.", 
  "popular_title": null, 
  "related_bills": [], 
  "short_title": null, 
  "sponsor": {
    "district": "7", 
    "name": "Grijalva, Raul M.", 
    "state": "AZ", 
    "thomas_id": "01708", 
    "title": "Rep", 
    "type": "person"
  }, 
  "status": "REFERRED", 
  "status_at": "2005-02-08", 
  "subjects": [
    "Arizona", 
    "Land transfers", 
    "Public lands and natural resources"
  ], 
  "subjects_top_term": "Public lands and natural resources", 
  "summary": {
    "as": "Introduced", 
    "date": "2005-02-08", 
    "text": "Authorizes the Secretary of the Interior, within two years of the enactment of this Act, to execute an agreement with the city of Yuma, Arizona, and pursuant to its terms, to convey to the City all right, title, and interest of the United States in and to specified Federal lands, subject to: (1) the City conveying by warranty deed to the United States specified lands owned by the City (known as the Railroad Parcels) to the United States; (2) the City and the Yuma County Water Users Association executing and fulfilling all the terms of a separately negotiated Letter of Agreement between the Association and the City with regard to the relocation of the Yuma County Water Users Association facility from certain of those Federal lands; and (3) the fulfillment of any other terms and conditions the Secretary considers appropriate to protect U.S. interests."
  }, 
  "titles": [
    {
      "as": "introduced", 
      "title": "To authorize the Secretary of the Interior to convey certain Federal lands to the City of Yuma, Arizona, in exchange for certain lands owned by the City of Yuma, Arizona, and for other purposes.", 
      "type": "official"
    }
  ], 
  "updated_at": "2013-02-02T20:39:23-05:00"
}