{
  "actions": [
    {
      "acted_at": "2006-03-01", 
      "committee": "House Committee on Energy and Commerce", 
      "references": [], 
      "status": "REFERRED", 
      "text": "Referred to the House Committee on Energy and Commerce.", 
      "type": "referral"
    }, 
    {
      "acted_at": "2006-03-17", 
      "in_committee": "House Committee on Energy and Commerce", 
      "references": [], 
      "subcommittee": "Energy and Air Quality", 
      "text": "Referred to the Subcommittee on Energy and Air Quality.", 
      "type": "referral"
    }
  ], 
  "amendments": [], 
  "bill_id": "hr4825-109", 
  "bill_type": "hr", 
  "committees": [
    {
      "activity": [
        "referral", 
        "in committee"
      ], 
      "committee": "House Energy and Commerce", 
      "committee_id": "HSIF"
    }, 
    {
      "activity": [
        "referral"
      ], 
      "committee": "House Energy and Commerce", 
      "committee_id": "HSIF", 
      "subcommittee": "Subcommittee on Energy and Air Quality", 
      "subcommittee_id": "03"
    }
  ], 
  "congress": "109", 
  "cosponsors": [
    {
      "district": "17", 
      "name": "Engel, Eliot L.", 
      "sponsored_at": "2006-05-23", 
      "state": "NY", 
      "thomas_id": "00344", 
      "title": "Rep", 
      "withdrawn_at": null
    }, 
    {
      "district": "18", 
      "name": "Lowey, Nita M.", 
      "sponsored_at": "2006-05-23", 
      "state": "NY", 
      "thomas_id": "00709", 
      "title": "Rep", 
      "withdrawn_at": null
    }, 
    {
      "district": "9", 
      "name": "Schakowsky, Janice D.", 
      "sponsored_at": "2006-05-23", 
      "state": "IL", 
      "thomas_id": "01588", 
      "title": "Rep", 
      "withdrawn_at": null
    }
  ], 
  "enacted_as": null, 
  "history": {
    "awaiting_signature": false, 
    "enacted": false, 
    "vetoed": false
  }, 
  "introduced_at": "2006-03-01", 
  "number": "4825", 
  "official_title": "To amend the Atomic Energy Act of 1954 to require a licensee to notify the State, county, and public in which a facility is located whenever there is an unplanned release of fission products in excess of allowable limits.", 
  "popular_title": null, 
  "related_bills": [
    {
      "bill_id": "s2348-109", 
      "reason": "identical"
    }
  ], 
  "short_title": "Nuclear Release Notice Act of 2006", 
  "sponsor": {
    "district": "11", 
    "name": "Weller, Jerry", 
    "state": "IL", 
    "thomas_id": "01216", 
    "title": "Rep", 
    "type": "person"
  }, 
  "status": "REFERRED", 
  "status_at": "2006-03-01", 
  "subjects": [
    "Energy", 
    "Environmental protection", 
    "Fissionable materials", 
    "Government operations and politics", 
    "Government paperwork", 
    "Law", 
    "Licenses", 
    "Nuclear facilities", 
    "Radiation", 
    "Radioactive pollution"
  ], 
  "subjects_top_term": "Energy", 
  "summary": {
    "as": "Introduced", 
    "date": "2006-03-01", 
    "text": "Nuclear Release Notice Act of 2006 - Amends the Atomic Energy Act of 1954 to condition the issuance of a license for a utilization facility on a requirement that, in the event of any unplanned release of either fission products or other radioactive substances, the licensee immediately notify the Nuclear Regulatory Commission and the state and county in which the facility is located."
  }, 
  "titles": [
    {
      "as": "introduced", 
      "title": "Nuclear Release Notice Act of 2006", 
      "type": "short"
    }, 
    {
      "as": "introduced", 
      "title": "To amend the Atomic Energy Act of 1954 to require a licensee to notify the State, county, and public in which a facility is located whenever there is an unplanned release of fission products in excess of allowable limits.", 
      "type": "official"
    }
  ], 
  "updated_at": "2013-02-02T20:41:18-05:00"
}