{
  "actions": [
    {
      "acted_at": "2006-04-27", 
      "references": [
        {
          "reference": "CR E652-653", 
          "type": null
        }
      ], 
      "text": "Sponsor introductory remarks on measure.", 
      "type": "action"
    }, 
    {
      "acted_at": "2006-04-27", 
      "committee": "House Committee on Energy and Commerce", 
      "references": [], 
      "status": "REFERRED", 
      "text": "Referred to the House Committee on Energy and Commerce.", 
      "type": "referral"
    }, 
    {
      "acted_at": "2006-05-15", 
      "in_committee": "House Committee on Energy and Commerce", 
      "references": [], 
      "subcommittee": "Health", 
      "text": "Referred to the Subcommittee on Health.", 
      "type": "referral"
    }
  ], 
  "amendments": [], 
  "bill_id": "hr5243-109", 
  "bill_type": "hr", 
  "committees": [
    {
      "activity": [
        "referral", 
        "in committee"
      ], 
      "committee": "House Energy and Commerce", 
      "committee_id": "HSIF"
    }, 
    {
      "activity": [
        "referral"
      ], 
      "committee": "House Energy and Commerce", 
      "committee_id": "HSIF", 
      "subcommittee": "Subcommittee on Health", 
      "subcommittee_id": "14"
    }
  ], 
  "congress": "109", 
  "cosponsors": [], 
  "enacted_as": null, 
  "history": {
    "awaiting_signature": false, 
    "enacted": false, 
    "vetoed": false
  }, 
  "introduced_at": "2006-04-27", 
  "number": "5243", 
  "official_title": "To authorize the Secretary of Health and Human Services to establish a dental education loan repayment program to encourage dentists to serve at facilities with a critical shortage of dentists in areas with a high incidence of HIV/AIDS.", 
  "popular_title": null, 
  "related_bills": [], 
  "short_title": "Dedicated Dental Service for HIV/AIDS Act of 2006", 
  "sponsor": {
    "district": null, 
    "name": "Norton, Eleanor Holmes", 
    "state": "DC", 
    "thomas_id": "00868", 
    "title": "Rep", 
    "type": "person"
  }, 
  "status": "REFERRED", 
  "status_at": "2006-04-27", 
  "subjects": [
    "AIDS (Disease)", 
    "Access to health care", 
    "Congressional reporting requirements", 
    "Cost effectiveness", 
    "Demography", 
    "Dental care", 
    "Dentistry", 
    "Dentists", 
    "Economics and public finance", 
    "Education", 
    "Federal aid to education", 
    "Finance and financial sector", 
    "Health", 
    "Higher education", 
    "Human immunodeficiency viruses", 
    "Loan defaults", 
    "Medical education", 
    "Scholarships", 
    "Student loan funds"
  ], 
  "subjects_top_term": "Health", 
  "summary": {
    "as": "Introduced", 
    "date": "2006-04-27", 
    "text": "Dedicated Dental Service for HIV/AIDS Act of 2006 - Authorizes the Secretary of Health and Human Services to enter into an agreement under which an individual agrees to serve as a dentist for a not less than two years at a facility with a critical shortage of dentists in an area with a high incidence of HIV/AIDS in exchange for the Secretary making payments on the individual's dental education loans. Requires such payments to equal 30% of the principal and interest on such loans after the first and second years of service and 25% after the third year of service."
  }, 
  "titles": [
    {
      "as": "introduced", 
      "title": "Dedicated Dental Service for HIV/AIDS Act of 2006", 
      "type": "short"
    }, 
    {
      "as": "introduced", 
      "title": "To authorize the Secretary of Health and Human Services to establish a dental education loan repayment program to encourage dentists to serve at facilities with a critical shortage of dentists in areas with a high incidence of HIV/AIDS.", 
      "type": "official"
    }
  ], 
  "updated_at": "2013-02-02T20:41:31-05:00"
}