{
  "actions": [
    {
      "acted_at": "2005-11-18", 
      "committee": "House Committee on Transportation and Infrastructure", 
      "references": [], 
      "status": "REFERRED", 
      "text": "Referred to the House Committee on Transportation and Infrastructure.", 
      "type": "referral"
    }, 
    {
      "acted_at": "2005-11-21", 
      "in_committee": "House Committee on Transportation and Infrastructure", 
      "references": [], 
      "subcommittee": "Economic Development, Public Buildings and Emergency Management", 
      "text": "Referred to the Subcommittee on Economic Development, Public Buildings and Emergency Management.", 
      "type": "referral"
    }
  ], 
  "amendments": [], 
  "bill_id": "hr4391-109", 
  "bill_type": "hr", 
  "committees": [
    {
      "activity": [
        "referral", 
        "in committee"
      ], 
      "committee": "House Transportation and Infrastructure", 
      "committee_id": "HSPW"
    }, 
    {
      "activity": [
        "referral"
      ], 
      "committee": "House Transportation and Infrastructure", 
      "committee_id": "HSPW", 
      "subcommittee": "Subcommittee on Economic Development, Public Buildings and Emergency Management", 
      "subcommittee_id": "13"
    }
  ], 
  "congress": "109", 
  "cosponsors": [
    {
      "district": "5", 
      "name": "Alexander, Rodney", 
      "sponsored_at": "2005-12-08", 
      "state": "LA", 
      "thomas_id": "01727", 
      "title": "Rep", 
      "withdrawn_at": null
    }, 
    {
      "district": "6", 
      "name": "Baker, Richard H.", 
      "sponsored_at": "2005-11-18", 
      "state": "LA", 
      "thomas_id": "00047", 
      "title": "Rep", 
      "withdrawn_at": null
    }, 
    {
      "district": "7", 
      "name": "Boustany, Charles W., Jr.", 
      "sponsored_at": "2005-11-18", 
      "state": "LA", 
      "thomas_id": "01787", 
      "title": "Rep", 
      "withdrawn_at": null
    }, 
    {
      "district": "2", 
      "name": "Jefferson, William J.", 
      "sponsored_at": "2005-11-18", 
      "state": "LA", 
      "thomas_id": "00592", 
      "title": "Rep", 
      "withdrawn_at": null
    }, 
    {
      "district": "1", 
      "name": "Jindal, Bobby", 
      "sponsored_at": "2005-11-18", 
      "state": "LA", 
      "thomas_id": "01785", 
      "title": "Rep", 
      "withdrawn_at": null
    }, 
    {
      "district": "3", 
      "name": "Melancon, Charlie", 
      "sponsored_at": "2005-11-18", 
      "state": "LA", 
      "thomas_id": "01786", 
      "title": "Rep", 
      "withdrawn_at": null
    }, 
    {
      "district": "3", 
      "name": "Pickering, Charles W. \"Chip\"", 
      "sponsored_at": "2005-11-18", 
      "state": "MS", 
      "thomas_id": "01513", 
      "title": "Rep", 
      "withdrawn_at": null
    }, 
    {
      "district": "9", 
      "name": "Shuster, Bill", 
      "sponsored_at": "2005-11-18", 
      "state": "PA", 
      "thomas_id": "01681", 
      "title": "Rep", 
      "withdrawn_at": null
    }
  ], 
  "enacted_as": null, 
  "history": {
    "awaiting_signature": false, 
    "enacted": false, 
    "vetoed": false
  }, 
  "introduced_at": "2005-11-18", 
  "number": "4391", 
  "official_title": "To authorize the President to provide disaster assistance for the repair, restoration, reconstruction, or replacement of a privately-owned power transmission facility damaged or destroyed by Hurricane Katrina or Hurricane Rita.", 
  "popular_title": null, 
  "related_bills": [], 
  "short_title": null, 
  "sponsor": {
    "district": null, 
    "name": "Young, Don", 
    "state": "AK", 
    "thomas_id": "01256", 
    "title": "Rep", 
    "type": "person"
  }, 
  "status": "REFERRED", 
  "status_at": "2005-11-18", 
  "subjects": [
    "Alabama", 
    "Disaster relief", 
    "Electric power distribution", 
    "Electric power transmission", 
    "Electric utilities", 
    "Emergency management", 
    "Energy", 
    "Floods", 
    "Gas companies", 
    "Gas pipelines", 
    "Hurricane aftermath legislation", 
    "Hurricanes", 
    "Louisiana", 
    "Maintenance and repair", 
    "Mississippi", 
    "Texas", 
    "Transportation and public works"
  ], 
  "subjects_top_term": "Energy", 
  "summary": {
    "as": "Introduced", 
    "date": "2005-11-18", 
    "text": "Authorizes the President to make contributions under the Robert T. Stafford Disaster Relief and Emergency Assistance Act to the owner or operator of a power transmission facility for the costs of repair, restoration, reconstruction, or replacement of those portions of the facility damaged or destroyed by Hurricane Katrina or Hurricane Rita, including associated incurred expenses. Sets forth eligibility and limitations criteria. Defines such facility as a privately-owned electric transmission or distribution facility (including a leased facility) obligated under state law to provide electricity service to retail customers and a privately-owned natural gas transmission or distribution facility."
  }, 
  "titles": [
    {
      "as": "introduced", 
      "title": "To authorize the President to provide disaster assistance for the repair, restoration, reconstruction, or replacement of a privately-owned power transmission facility damaged or destroyed by Hurricane Katrina or Hurricane Rita.", 
      "type": "official"
    }
  ], 
  "updated_at": "2013-02-02T20:41:06-05:00"
}