{
  "actions": [
    {
      "acted_at": "2005-06-17", 
      "committee": "House Committee on Veterans' Affairs", 
      "references": [], 
      "status": "REFERRED", 
      "text": "Referred to the House Committee on Veterans' Affairs.", 
      "type": "referral"
    }, 
    {
      "acted_at": "2005-06-28", 
      "in_committee": "House Committee on Veterans' Affairs", 
      "references": [], 
      "subcommittee": "Health", 
      "text": "Referred to the Subcommittee on Health.", 
      "type": "referral"
    }
  ], 
  "amendments": [], 
  "bill_id": "hr2966-109", 
  "bill_type": "hr", 
  "committees": [
    {
      "activity": [
        "referral", 
        "in committee"
      ], 
      "committee": "House Veterans' Affairs", 
      "committee_id": "HSVR"
    }, 
    {
      "activity": [
        "referral"
      ], 
      "committee": "House Veterans' Affairs", 
      "committee_id": "HSVR", 
      "subcommittee": "Subcommittee on Health", 
      "subcommittee_id": "03"
    }
  ], 
  "congress": "109", 
  "cosponsors": [
    {
      "district": null, 
      "name": "Christensen, Donna M.", 
      "sponsored_at": "2005-06-30", 
      "state": "VI", 
      "thomas_id": "01474", 
      "title": "Rep", 
      "withdrawn_at": null
    }, 
    {
      "district": "14", 
      "name": "Conyers, John, Jr.", 
      "sponsored_at": "2005-07-14", 
      "state": "MI", 
      "thomas_id": "00229", 
      "title": "Rep", 
      "withdrawn_at": null
    }, 
    {
      "district": "7", 
      "name": "Grijalva, Raul M.", 
      "sponsored_at": "2005-06-30", 
      "state": "AZ", 
      "thomas_id": "01708", 
      "title": "Rep", 
      "withdrawn_at": null
    }, 
    {
      "district": "27", 
      "name": "Higgins, Brian", 
      "sponsored_at": "2005-07-14", 
      "state": "NY", 
      "thomas_id": "01794", 
      "title": "Rep", 
      "withdrawn_at": null
    }, 
    {
      "district": "3", 
      "name": "Souder, Mark E.", 
      "sponsored_at": "2005-06-30", 
      "state": "IN", 
      "thomas_id": "01089", 
      "title": "Rep", 
      "withdrawn_at": null
    }
  ], 
  "enacted_as": null, 
  "history": {
    "awaiting_signature": false, 
    "enacted": false, 
    "vetoed": false
  }, 
  "introduced_at": "2005-06-17", 
  "number": "2966", 
  "official_title": "To amend title 38, United States Code, to clarify the availability of emergency medical care for veterans in non-Department of Veterans Affairs medical facilities.", 
  "popular_title": null, 
  "related_bills": [], 
  "short_title": null, 
  "sponsor": {
    "district": "15", 
    "name": "Honda, Michael M.", 
    "state": "CA", 
    "thomas_id": "01634", 
    "title": "Rep", 
    "type": "person"
  }, 
  "status": "REFERRED", 
  "status_at": "2005-06-17", 
  "subjects": [
    "Armed forces and national security", 
    "Emergency management", 
    "Emergency medicine", 
    "Health", 
    "Hospital care", 
    "Hospitals", 
    "Veterans' hospitals", 
    "Veterans' medical care"
  ], 
  "subjects_top_term": "Armed forces and national security", 
  "summary": {
    "as": "Introduced", 
    "date": "2005-06-17", 
    "text": "Requires the determination of whether a veteran can be transferred to a Department of Veterans Affairs medical facility after receiving emergency medical treatment in a non-Department facility to be based both on the condition of the veteran and on the availability of a bed in a Department facility that is not geographically inaccessible to the veteran."
  }, 
  "titles": [
    {
      "as": "introduced", 
      "title": "To amend title 38, United States Code, to clarify the availability of emergency medical care for veterans in non-Department of Veterans Affairs medical facilities.", 
      "type": "official"
    }
  ], 
  "updated_at": "2013-02-02T20:40:28-05:00"
}