{
  "actions": [
    {
      "acted_at": "2005-04-27", 
      "committee": "House Committee on Ways and Means", 
      "references": [], 
      "status": "REFERRED", 
      "text": "Referred to the House Committee on Ways and Means.", 
      "type": "referral"
    }, 
    {
      "acted_at": "2005-05-04", 
      "in_committee": "House Committee on Ways and Means", 
      "references": [], 
      "subcommittee": "Trade", 
      "text": "Referred to the Subcommittee on Trade.", 
      "type": "referral"
    }
  ], 
  "amendments": [], 
  "bill_id": "hr1890-109", 
  "bill_type": "hr", 
  "committees": [
    {
      "activity": [
        "referral", 
        "in committee"
      ], 
      "committee": "House Ways and Means", 
      "committee_id": "HSWM"
    }, 
    {
      "activity": [
        "referral"
      ], 
      "committee": "House Ways and Means", 
      "committee_id": "HSWM", 
      "subcommittee": "Subcommittee on Trade", 
      "subcommittee_id": "04"
    }
  ], 
  "congress": "109", 
  "cosponsors": [], 
  "enacted_as": null, 
  "history": {
    "awaiting_signature": false, 
    "enacted": false, 
    "vetoed": false
  }, 
  "introduced_at": "2005-04-27", 
  "number": "1890", 
  "official_title": "To suspend temporarily the duty on Propiconazole.", 
  "popular_title": null, 
  "related_bills": [], 
  "short_title": null, 
  "sponsor": {
    "district": "5", 
    "name": "Cleaver, Emanuel", 
    "state": "MO", 
    "thomas_id": "01790", 
    "title": "Rep", 
    "type": "person"
  }, 
  "status": "REFERRED", 
  "status_at": "2005-04-27", 
  "subjects": [
    "Agriculture and food", 
    "Environmental protection", 
    "Foreign trade and international finance", 
    "Fungicides", 
    "Tariff"
  ], 
  "subjects_top_term": "Foreign trade and international finance", 
  "summary": {
    "as": "Introduced", 
    "date": "2005-04-27", 
    "text": "Amends the Harmonized Tariff Schedule of the United States to suspend, through December 31, 2008, the duty on (RS)-1-[2-(2,4-dichlorophenyl)-4-n-propyl-1,3-dioxolan-2-ylmethyl]-1H-1,2,4-triazole (Propiconazole)."
  }, 
  "titles": [
    {
      "as": "introduced", 
      "title": "To suspend temporarily the duty on Propiconazole.", 
      "type": "official"
    }
  ], 
  "updated_at": "2013-02-02T20:40:00-05:00"
}