{
  "actions": [
    {
      "acted_at": "2005-07-28", 
      "committee": "House Committee on Resources", 
      "references": [], 
      "status": "REFERRED", 
      "text": "Referred to the House Committee on Resources.", 
      "type": "referral"
    }, 
    {
      "acted_at": "2005-08-08", 
      "in_committee": "House Committee on Resources", 
      "references": [], 
      "subcommittee": "National Parks", 
      "text": "Referred to the Subcommittee on National Parks.", 
      "type": "referral"
    }
  ], 
  "amendments": [], 
  "bill_id": "hr3615-109", 
  "bill_type": "hr", 
  "committees": [
    {
      "activity": [
        "referral", 
        "in committee"
      ], 
      "committee": "House Resources", 
      "committee_id": "HSII"
    }, 
    {
      "activity": [
        "referral"
      ], 
      "committee": "House Resources", 
      "committee_id": "HSII", 
      "subcommittee": "Subcommittee on National Parks, Recreation, and Public Lands", 
      "subcommittee_id": "10"
    }
  ], 
  "congress": "109", 
  "cosponsors": [
    {
      "district": "3", 
      "name": "Blumenauer, Earl", 
      "sponsored_at": "2005-07-28", 
      "state": "OR", 
      "thomas_id": "00099", 
      "title": "Rep", 
      "withdrawn_at": null
    }, 
    {
      "district": "4", 
      "name": "DeFazio, Peter A.", 
      "sponsored_at": "2005-07-28", 
      "state": "OR", 
      "thomas_id": "00279", 
      "title": "Rep", 
      "withdrawn_at": null
    }, 
    {
      "district": "5", 
      "name": "Hooley, Darlene", 
      "sponsored_at": "2005-07-28", 
      "state": "OR", 
      "thomas_id": "01491", 
      "title": "Rep", 
      "withdrawn_at": null
    }
  ], 
  "enacted_as": null, 
  "history": {
    "awaiting_signature": false, 
    "enacted": false, 
    "vetoed": false
  }, 
  "introduced_at": "2005-07-28", 
  "number": "3615", 
  "official_title": "To direct the Secretary of the Interior to carry out a study of the feasibility of designating as a national historic trail the route followed by Governor Isaac Stevens of the Washington Territory and Joel Palmer, Superintendent of Indian Affairs for the Oregon Territory, in 1855 when they negotiated treaties with the Indian tribes of northeastern Oregon, Washington, northern Idaho and western Montana.", 
  "popular_title": null, 
  "related_bills": [], 
  "short_title": "Northwest Indian Legacy Act", 
  "sponsor": {
    "district": "1", 
    "name": "Wu, David", 
    "state": "OR", 
    "thomas_id": "01598", 
    "title": "Rep", 
    "type": "person"
  }, 
  "status": "REFERRED", 
  "status_at": "2005-07-28", 
  "subjects": [
    "Commemorations", 
    "Federal-Indian relations", 
    "Governmental investigations", 
    "Historic sites", 
    "History", 
    "Idaho", 
    "Minorities", 
    "Montana", 
    "Native Americans", 
    "Oregon", 
    "Public lands and natural resources", 
    "Sports and recreation", 
    "Trails", 
    "Washington State"
  ], 
  "subjects_top_term": "Public lands and natural resources", 
  "summary": {
    "as": "Introduced", 
    "date": "2005-07-28", 
    "text": "Northwest Indian Legacy Act - Amends the National Trails System Act to include the 1855 Treaty Trail, used during treaty negotiations with Indian tribes of Oregon, Washington, Idaho, and Montana, within a study by the Secretary of the Interior of trails considered for designation as a national historic trail."
  }, 
  "titles": [
    {
      "as": "introduced", 
      "title": "Northwest Indian Legacy Act", 
      "type": "short"
    }, 
    {
      "as": "introduced", 
      "title": "To direct the Secretary of the Interior to carry out a study of the feasibility of designating as a national historic trail the route followed by Governor Isaac Stevens of the Washington Territory and Joel Palmer, Superintendent of Indian Affairs for the Oregon Territory, in 1855 when they negotiated treaties with the Indian tribes of northeastern Oregon, Washington, northern Idaho and western Montana.", 
      "type": "official"
    }
  ], 
  "updated_at": "2013-02-02T20:40:45-05:00"
}