{
  "actions": [
    {
      "acted_at": "2005-01-25", 
      "committee": "House Committee on International Relations", 
      "references": [], 
      "status": "REFERRED", 
      "text": "Referred to the House Committee on International Relations.", 
      "type": "referral"
    }
  ], 
  "amendments": [], 
  "bill_id": "hr332-109", 
  "bill_type": "hr", 
  "committees": [
    {
      "activity": [
        "referral", 
        "in committee"
      ], 
      "committee": "House International Relations", 
      "committee_id": "HSFA"
    }
  ], 
  "congress": "109", 
  "cosponsors": [
    {
      "district": "5", 
      "name": "Burton, Dan", 
      "sponsored_at": "2006-09-26", 
      "state": "IN", 
      "thomas_id": "00154", 
      "title": "Rep", 
      "withdrawn_at": null
    }, 
    {
      "district": "13", 
      "name": "Fossella, Vito", 
      "sponsored_at": "2005-06-08", 
      "state": "NY", 
      "thomas_id": "01484", 
      "title": "Rep", 
      "withdrawn_at": null
    }, 
    {
      "district": "11", 
      "name": "McCotter, Thaddeus G.", 
      "sponsored_at": "2006-09-26", 
      "state": "MI", 
      "thomas_id": "01732", 
      "title": "Rep", 
      "withdrawn_at": null
    }, 
    {
      "district": "18", 
      "name": "Ros-Lehtinen, Ileana", 
      "sponsored_at": "2006-09-06", 
      "state": "FL", 
      "thomas_id": "00985", 
      "title": "Rep", 
      "withdrawn_at": null
    }
  ], 
  "enacted_as": null, 
  "history": {
    "awaiting_signature": false, 
    "enacted": false, 
    "vetoed": false
  }, 
  "introduced_at": "2005-01-25", 
  "number": "332", 
  "official_title": "To amend the Cuban Liberty and Democratic Solidarity (LIBERTAD) Act of 1996 to require that, in order to determine that a democratically elected government in Cuba exists, the government extradite to the United States convicted felon William Morales and all other individuals who are living in Cuba in order to escape prosecution or confinement for criminal offenses committed in the United States.", 
  "popular_title": null, 
  "related_bills": [], 
  "short_title": null, 
  "sponsor": {
    "district": "3", 
    "name": "King, Peter T.", 
    "state": "NY", 
    "thomas_id": "00635", 
    "title": "Rep", 
    "type": "person"
  }, 
  "status": "REFERRED", 
  "status_at": "2005-01-25", 
  "subjects": [
    "Caribbean area", 
    "Crime and law enforcement", 
    "Cuba", 
    "Democracy", 
    "Economic assistance", 
    "Extradition", 
    "Fugitives from justice", 
    "Government operations and politics", 
    "International affairs", 
    "Latin America", 
    "Law", 
    "Rule of law", 
    "Sanctions (International law)"
  ], 
  "subjects_top_term": "International affairs", 
  "summary": {
    "as": "Introduced", 
    "date": "2005-01-25", 
    "text": "Amends the Cuban Liberty and Democratic Solidarity (LIBERTAD) Act of 1996 to require, in order to determine that a democratically elected government exists in Cuba, the Cuban Government to prove its respect for the democratic rule of law by ceasing to provide a safe harbor to individuals who have been legally indicted or convicted of serious criminal offenses, including convicted felon William Morales and all other individuals who have fled from the United States to Cuba for the sole purpose of avoiding U.S. prosecution or confinement."
  }, 
  "titles": [
    {
      "as": "introduced", 
      "title": "To amend the Cuban Liberty and Democratic Solidarity (LIBERTAD) Act of 1996 to require that, in order to determine that a democratically elected government in Cuba exists, the government extradite to the United States convicted felon William Morales and all other individuals who are living in Cuba in order to escape prosecution or confinement for criminal offenses committed in the United States.", 
      "type": "official"
    }
  ], 
  "updated_at": "2013-02-02T20:39:14-05:00"
}