{
  "actions": [
    {
      "acted_at": "2006-09-20", 
      "committee": "Committee on Energy and Commerce, and in addition to the Committee on Transportation and Infrastructure, for a period to be subsequently determined by the Speaker, in each case for consideration of such provisions as fall within the jurisdiction of the committee concerned", 
      "references": [], 
      "status": "REFERRED", 
      "text": "Referred to the Committee on Energy and Commerce, and in addition to the Committee on Transportation and Infrastructure, for a period to be subsequently determined by the Speaker, in each case for consideration of such provisions as fall within the jurisdiction of the committee concerned.", 
      "type": "referral"
    }, 
    {
      "acted_at": "2006-09-20", 
      "committee": "House Energy and Commerce", 
      "references": [], 
      "text": "Referred to House Energy and Commerce", 
      "type": "referral"
    }, 
    {
      "acted_at": "2006-09-20", 
      "committee": "House Transportation and Infrastructure", 
      "references": [], 
      "text": "Referred to House Transportation and Infrastructure", 
      "type": "referral"
    }, 
    {
      "acted_at": "2006-09-21", 
      "in_committee": "House Transportation and Infrastructure", 
      "references": [], 
      "subcommittee": "Economic Development, Public Buildings and Emergency Management", 
      "text": "Referred to the Subcommittee on Economic Development, Public Buildings and Emergency Management.", 
      "type": "referral"
    }, 
    {
      "acted_at": "2006-10-02", 
      "in_committee": "House Energy and Commerce", 
      "references": [], 
      "subcommittee": "Health", 
      "text": "Referred to the Subcommittee on Health.", 
      "type": "referral"
    }
  ], 
  "amendments": [], 
  "bill_id": "hr6124-109", 
  "bill_type": "hr", 
  "committees": [
    {
      "activity": [
        "referral", 
        "in committee"
      ], 
      "committee": "House Energy and Commerce", 
      "committee_id": "HSIF"
    }, 
    {
      "activity": [
        "referral"
      ], 
      "committee": "House Energy and Commerce", 
      "committee_id": "HSIF", 
      "subcommittee": "Subcommittee on Health", 
      "subcommittee_id": "14"
    }, 
    {
      "activity": [
        "referral", 
        "in committee"
      ], 
      "committee": "House Transportation and Infrastructure", 
      "committee_id": "HSPW"
    }, 
    {
      "activity": [
        "referral"
      ], 
      "committee": "House Transportation and Infrastructure", 
      "committee_id": "HSPW", 
      "subcommittee": "Subcommittee on Economic Development, Public Buildings and Emergency Management", 
      "subcommittee_id": "13"
    }
  ], 
  "congress": "109", 
  "cosponsors": [
    {
      "district": "5", 
      "name": "Ackerman, Gary L.", 
      "sponsored_at": "2006-09-29", 
      "state": "NY", 
      "thomas_id": "00004", 
      "title": "Rep", 
      "withdrawn_at": null
    }, 
    {
      "district": "1", 
      "name": "Bishop, Timothy H.", 
      "sponsored_at": "2006-09-29", 
      "state": "NY", 
      "thomas_id": "01740", 
      "title": "Rep", 
      "withdrawn_at": null
    }, 
    {
      "district": "7", 
      "name": "Crowley, Joseph", 
      "sponsored_at": "2006-09-29", 
      "state": "NY", 
      "thomas_id": "01604", 
      "title": "Rep", 
      "withdrawn_at": null
    }, 
    {
      "district": "17", 
      "name": "Engel, Eliot L.", 
      "sponsored_at": "2006-09-21", 
      "state": "NY", 
      "thomas_id": "00344", 
      "title": "Rep", 
      "withdrawn_at": null
    }, 
    {
      "district": "13", 
      "name": "Fossella, Vito", 
      "sponsored_at": "2006-09-20", 
      "state": "NY", 
      "thomas_id": "01484", 
      "title": "Rep", 
      "withdrawn_at": null
    }, 
    {
      "district": "7", 
      "name": "Grijalva, Raul M.", 
      "sponsored_at": "2006-09-27", 
      "state": "AZ", 
      "thomas_id": "01708", 
      "title": "Rep", 
      "withdrawn_at": null
    }, 
    {
      "district": "22", 
      "name": "Hinchey, Maurice D.", 
      "sponsored_at": "2006-09-29", 
      "state": "NY", 
      "thomas_id": "00541", 
      "title": "Rep", 
      "withdrawn_at": null
    }, 
    {
      "district": "4", 
      "name": "McCarthy, Carolyn", 
      "sponsored_at": "2006-09-21", 
      "state": "NY", 
      "thomas_id": "01503", 
      "title": "Rep", 
      "withdrawn_at": null
    }, 
    {
      "district": "21", 
      "name": "McNulty, Michael R.", 
      "sponsored_at": "2006-09-29", 
      "state": "NY", 
      "thomas_id": "00785", 
      "title": "Rep", 
      "withdrawn_at": null
    }, 
    {
      "district": "5", 
      "name": "Meehan, Martin T.", 
      "sponsored_at": "2006-09-29", 
      "state": "MA", 
      "thomas_id": "00788", 
      "title": "Rep", 
      "withdrawn_at": null
    }, 
    {
      "district": "6", 
      "name": "Meeks, Gregory W.", 
      "sponsored_at": "2006-09-29", 
      "state": "NY", 
      "thomas_id": "01506", 
      "title": "Rep", 
      "withdrawn_at": null
    }, 
    {
      "district": "11", 
      "name": "Owens, Major R.", 
      "sponsored_at": "2006-09-29", 
      "state": "NY", 
      "thomas_id": "00883", 
      "title": "Rep", 
      "withdrawn_at": null
    }, 
    {
      "district": "8", 
      "name": "Pascrell, Bill, Jr.", 
      "sponsored_at": "2006-09-29", 
      "state": "NJ", 
      "thomas_id": "01510", 
      "title": "Rep", 
      "withdrawn_at": null
    }, 
    {
      "district": "16", 
      "name": "Serrano, Jose E.", 
      "sponsored_at": "2006-09-27", 
      "state": "NY", 
      "thomas_id": "01042", 
      "title": "Rep", 
      "withdrawn_at": null
    }
  ], 
  "enacted_as": null, 
  "history": {
    "awaiting_signature": false, 
    "enacted": false, 
    "vetoed": false
  }, 
  "introduced_at": "2006-09-20", 
  "number": "6124", 
  "official_title": "To provide protections and services to certain individuals after the terrorist attack on September 11, 2001, in New York City, in the State of New York, and for other purposes.", 
  "popular_title": null, 
  "related_bills": [
    {
      "bill_id": "hr566-109", 
      "reason": "related"
    }, 
    {
      "bill_id": "s4022-109", 
      "reason": "related"
    }
  ], 
  "short_title": "Remember 9/11 Health Act", 
  "sponsor": {
    "district": "14", 
    "name": "Maloney, Carolyn B.", 
    "state": "NY", 
    "thomas_id": "00729", 
    "title": "Rep", 
    "type": "person"
  }, 
  "status": "REFERRED", 
  "status_at": "2006-09-20", 
  "subjects": [
    "Adult day care", 
    "Child care workers", 
    "Child health", 
    "Coinsurance", 
    "Commerce", 
    "Compensation for victims of crime", 
    "Congress", 
    "Congressional reporting requirements", 
    "Crime and law enforcement", 
    "Criminal investigation", 
    "Day care", 
    "Directories", 
    "Drugs", 
    "Economics and public finance", 
    "Education", 
    "Elementary and secondary education", 
    "Emergency management", 
    "Emergency medicine", 
    "Environmental health", 
    "Environmental protection", 
    "Epidemiology", 
    "Families", 
    "Federal advisory bodies", 
    "Federal aid to health facilities", 
    "Federal aid to research", 
    "Federal employees", 
    "Federal law enforcement officers", 
    "Federal office buildings", 
    "Finance and financial sector", 
    "Fire departments", 
    "Fire fighters", 
    "Government employees' health insurance", 
    "Government liability", 
    "Government operations and politics", 
    "Health", 
    "Health information systems", 
    "Health insurance", 
    "Health surveys", 
    "Higher education", 
    "Insurance premiums", 
    "International affairs", 
    "Labor and employment", 
    "Labor unions", 
    "Landfills", 
    "Law", 
    "Law enforcement officers", 
    "Local employees", 
    "Mass rapid transit", 
    "Medical economics", 
    "Medical research", 
    "Medical tests", 
    "Mental health services", 
    "New York City", 
    "Occupational health and safety", 
    "Office buildings", 
    "Paramedical personnel", 
    "Physical examinations", 
    "Police", 
    "Refuse and refuse disposal", 
    "Rescue work", 
    "Research grants", 
    "Sanitation workers", 
    "Science, technology, communications", 
    "September 11, 2001", 
    "Social welfare", 
    "State employees", 
    "Students", 
    "Teachers", 
    "Terrorism", 
    "Toxicology", 
    "Transportation and public works", 
    "Transportation workers", 
    "Victims of terrorism", 
    "Virginia", 
    "Volunteer workers", 
    "Workers' compensation"
  ], 
  "subjects_top_term": "Health", 
  "summary": {
    "as": "Introduced", 
    "date": "2006-09-20", 
    "text": "Remember 9/11 Health Act - Amends the Robert T. Stafford Disaster Relief and Emergency Assistance Act to deem certain emergency service, rescue and recovery, and law enforcement personnel and transit and cleanup workers who responded to the September 11, 2001, terrorist attacks in New York City, residents of and persons employed or attending school, child care, or adult day care in the declared disaster area, and persons employed at the Fresh Kills recovery site on Staten Island between September 11, 2001, and August 31, 2002 (eligible recipients) to be civil employees under provisions relating to: (1) compensation to federal employees for work injuries; and (2) claims relating to damage to, or loss of, personal property incident to federal service, except that such an eligible recipient shall not be responsible for the payment of any health care expenses that result from exposure to the adverse conditions after such attack. Amends the Public Health Service Act to direct the Secretary of Health and Human Services to award grants or cooperative agreements to specified programs, including one established by the New York City Fire Department, to carry out screening and clinical examinations and long-term health monitoring and analysis for eligible recipients. Limits such monitoring to 20 years and 40,000 individuals. Allows the Secretary of Health and Human Services to establish a similar program for those affected by the September 11, 2001, Pentagon attack. Requires the Director of the National Institutes of Health (NIH) to conduct or support diagnostic or treatment research for adverse health conditions considered to be associated with the terrorist attacks. Requires the Secretary to convene a 9/11 Health Emergency Coordinating Council to examine and formulate recommendations on the adequacy of the: (1) responses by the federal, state, and local governments and the private sector to the attacks; (2) care and compensation for the victims; (3) federal tracking of the monitoring and treatment of individuals suffering health effects from the attacks; and (4) coordination among the Council members to the attacks. Allows the Council, upon request, to issue advisory opinions on the relative obligation of the federal government and any insurance company resulting from the attacks."
  }, 
  "titles": [
    {
      "as": "introduced", 
      "title": "Remember 9/11 Health Act", 
      "type": "short"
    }, 
    {
      "as": "introduced", 
      "title": "To provide protections and services to certain individuals after the terrorist attack on September 11, 2001, in New York City, in the State of New York, and for other purposes.", 
      "type": "official"
    }
  ], 
  "updated_at": "2013-02-02T20:41:55-05:00"
}