{
  "actions": [
    {
      "acted_at": "2006-03-16", 
      "committee": "House Committee on Homeland Security", 
      "references": [], 
      "status": "REFERRED", 
      "text": "Referred to the House Committee on Homeland Security.", 
      "type": "referral"
    }, 
    {
      "acted_at": "2006-03-22", 
      "in_committee": "House Committee on Homeland Security", 
      "references": [], 
      "subcommittee": "Intelligence, Information Sharing, and Terrorism Risk Assessment", 
      "text": "Referred to the Subcommittee on Intelligence, Information Sharing, and Terrorism Risk Assessment.", 
      "type": "referral"
    }
  ], 
  "amendments": [], 
  "bill_id": "hr5003-109", 
  "bill_type": "hr", 
  "committees": [
    {
      "activity": [
        "referral", 
        "in committee"
      ], 
      "committee": "House Homeland Security", 
      "committee_id": "HSHM"
    }, 
    {
      "activity": [
        "referral"
      ], 
      "committee": "House Homeland Security", 
      "committee_id": "HSHM", 
      "subcommittee": "Subcommittee on Intelligence, Information Sharing, and Terrorism Risk Assessment", 
      "subcommittee_id": "05"
    }
  ], 
  "congress": "109", 
  "cosponsors": [
    {
      "district": "16", 
      "name": "Lofgren, Zoe", 
      "sponsored_at": "2006-03-16", 
      "state": "CA", 
      "thomas_id": "00701", 
      "title": "Rep", 
      "withdrawn_at": null
    }
  ], 
  "enacted_as": null, 
  "history": {
    "awaiting_signature": false, 
    "enacted": false, 
    "vetoed": false
  }, 
  "introduced_at": "2006-03-16", 
  "number": "5003", 
  "official_title": "To amend the Homeland Security Act of 2002 to provide for the full and efficient use of open-source intelligence.", 
  "popular_title": null, 
  "related_bills": [], 
  "short_title": "Homeland Security Open Source Intelligence Enhancement Act of 2006", 
  "sponsor": {
    "district": "2", 
    "name": "Simmons, Rob", 
    "state": "CT", 
    "thomas_id": "01642", 
    "title": "Rep", 
    "type": "person"
  }, 
  "status": "REFERRED", 
  "status_at": "2006-03-16", 
  "subjects": [
    "Armed forces and national security", 
    "Crime and law enforcement", 
    "Emergency management", 
    "Federal-Indian relations", 
    "Federal-local relations", 
    "Federal-state relations", 
    "Government operations and politics", 
    "Government paperwork", 
    "Information services", 
    "Infrastructure", 
    "Infrastructure (Economics)", 
    "Minorities", 
    "Native Americans", 
    "Public records", 
    "Terrorism"
  ], 
  "subjects_top_term": "Emergency management", 
  "summary": {
    "as": "Introduced", 
    "date": "2006-03-16", 
    "text": "Homeland Security Open Source Intelligence Enhancement Act of 2006 - Amends the Homeland Security Act of 2002 to direct the Secretary of Homeland Security to ensure that: (1) the Under Secretary for Intelligence and Analysis and the Assistant Secretary for Infrastructure Protection make full and efficient use of open-source intelligence (intelligence that is produced from publicly available information) by acquiring, gathering, processing, and analyzing open-source information to produce open-source intelligence products; and (2) the Department of Homeland Security (DHS) makes full and efficient use of such information to analyze U.S. critical infrastructure nodes from the perspective of terrorists using publicly available information. Directs the Secretary to share such analysis with appropriate federal, state, local, tribal, and private-sector officials."
  }, 
  "titles": [
    {
      "as": "introduced", 
      "title": "Homeland Security Open Source Intelligence Enhancement Act of 2006", 
      "type": "short"
    }, 
    {
      "as": "introduced", 
      "title": "To amend the Homeland Security Act of 2002 to provide for the full and efficient use of open-source intelligence.", 
      "type": "official"
    }
  ], 
  "updated_at": "2013-02-02T20:41:24-05:00"
}