{
  "actions": [
    {
      "acted_at": "2006-09-07", 
      "committee": "House Committee on Financial Services", 
      "references": [], 
      "status": "REFERRED", 
      "text": "Referred to the House Committee on Financial Services.", 
      "type": "referral"
    }, 
    {
      "acted_at": "2006-09-12", 
      "references": [
        {
          "reference": "CR H6394-6396", 
          "type": null
        }
      ], 
      "text": "Sponsor introductory remarks on measure.", 
      "type": "action"
    }, 
    {
      "acted_at": "2006-10-18", 
      "in_committee": "House Committee on Financial Services", 
      "references": [], 
      "subcommittee": "Housing and Community Opportunity", 
      "text": "Referred to the Subcommittee on Housing and Community Opportunity.", 
      "type": "referral"
    }
  ], 
  "amendments": [], 
  "bill_id": "hr6044-109", 
  "bill_type": "hr", 
  "committees": [
    {
      "activity": [
        "referral", 
        "in committee"
      ], 
      "committee": "House Financial Services", 
      "committee_id": "HSBA"
    }, 
    {
      "activity": [
        "referral"
      ], 
      "committee": "House Financial Services", 
      "committee_id": "HSBA", 
      "subcommittee": "Subcommittee on Housing and Community Opportunity", 
      "subcommittee_id": "04"
    }
  ], 
  "congress": "109", 
  "cosponsors": [
    {
      "district": "1", 
      "name": "Clay, Wm. Lacy", 
      "sponsored_at": "2006-11-14", 
      "state": "MO", 
      "thomas_id": "01654", 
      "title": "Rep", 
      "withdrawn_at": null
    }, 
    {
      "district": "7", 
      "name": "Davis, Artur", 
      "sponsored_at": "2006-09-20", 
      "state": "AL", 
      "thomas_id": "01705", 
      "title": "Rep", 
      "withdrawn_at": null
    }, 
    {
      "district": "4", 
      "name": "Frank, Barney", 
      "sponsored_at": "2006-11-14", 
      "state": "MA", 
      "thomas_id": "00407", 
      "title": "Rep", 
      "withdrawn_at": null
    }, 
    {
      "district": "20", 
      "name": "Gonzalez, Charles A.", 
      "sponsored_at": "2006-09-26", 
      "state": "TX", 
      "thomas_id": "01555", 
      "title": "Rep", 
      "withdrawn_at": null
    }, 
    {
      "district": "4", 
      "name": "Gutierrez, Luis V.", 
      "sponsored_at": "2006-11-15", 
      "state": "IL", 
      "thomas_id": "00478", 
      "title": "Rep", 
      "withdrawn_at": null
    }, 
    {
      "district": "1", 
      "name": "Renzi, Rick", 
      "sponsored_at": "2006-12-06", 
      "state": "AZ", 
      "thomas_id": "01706", 
      "title": "Rep", 
      "withdrawn_at": null
    }
  ], 
  "enacted_as": null, 
  "history": {
    "awaiting_signature": false, 
    "enacted": false, 
    "vetoed": false
  }, 
  "introduced_at": "2006-09-07", 
  "number": "6044", 
  "official_title": "To authorize appropriations for the rural housing and economic development program of the Department of Housing and Urban Development.", 
  "popular_title": null, 
  "related_bills": [], 
  "short_title": "Rural Housing and Economic Development Improvement Act of 2006", 
  "sponsor": {
    "district": "15", 
    "name": "Hinojosa, Ruben", 
    "state": "TX", 
    "thomas_id": "01490", 
    "title": "Rep", 
    "type": "person"
  }, 
  "status": "REFERRED", 
  "status_at": "2006-09-07", 
  "subjects": [
    "Economics and public finance", 
    "Federal aid to Indians", 
    "Federal aid to housing", 
    "Housing and community development", 
    "Indian economic development", 
    "Indian housing", 
    "Minorities", 
    "Native Americans", 
    "Rural economic development", 
    "Rural housing"
  ], 
  "subjects_top_term": "Housing and community development", 
  "summary": {
    "as": "Introduced", 
    "date": "2006-09-07", 
    "text": "Rural Housing and Economic Development Improvement Act of 2006 - Authorizes the Secretary of Housing and Urban Development, through the Office of Rural Housing and Economic Development, to implement an assistance program to support innovative housing and economic development activities in rural areas by: (1) Indian tribes; (2) state housing finance agencies; (3) state community or economic development agencies; (4) local nonprofit organizations; and (5) community development corporations."
  }, 
  "titles": [
    {
      "as": "introduced", 
      "title": "Rural Housing and Economic Development Improvement Act of 2006", 
      "type": "short"
    }, 
    {
      "as": "introduced", 
      "title": "To authorize appropriations for the rural housing and economic development program of the Department of Housing and Urban Development.", 
      "type": "official"
    }
  ], 
  "updated_at": "2013-02-02T20:41:53-05:00"
}