{
  "actions": [
    {
      "acted_at": "2005-05-05", 
      "committee": "House Committee on Ways and Means", 
      "references": [], 
      "status": "REFERRED", 
      "text": "Referred to the House Committee on Ways and Means.", 
      "type": "referral"
    }, 
    {
      "acted_at": "2005-05-10", 
      "in_committee": "House Committee on Ways and Means", 
      "references": [], 
      "subcommittee": "Social Security", 
      "text": "Referred to the Subcommittee on Social Security.", 
      "type": "referral"
    }
  ], 
  "amendments": [], 
  "bill_id": "hr2191-109", 
  "bill_type": "hr", 
  "committees": [
    {
      "activity": [
        "referral", 
        "in committee"
      ], 
      "committee": "House Ways and Means", 
      "committee_id": "HSWM"
    }, 
    {
      "activity": [
        "referral"
      ], 
      "committee": "House Ways and Means", 
      "committee_id": "HSWM", 
      "subcommittee": "Subcommittee on Social Security", 
      "subcommittee_id": "01"
    }
  ], 
  "congress": "109", 
  "cosponsors": [], 
  "enacted_as": null, 
  "history": {
    "awaiting_signature": false, 
    "enacted": false, 
    "vetoed": false
  }, 
  "introduced_at": "2005-05-05", 
  "number": "2191", 
  "official_title": "To amend title II of the Social Security Act to provide for full benefits for disabled widows and widowers without regard to age.", 
  "popular_title": null, 
  "related_bills": [], 
  "short_title": null, 
  "sponsor": {
    "district": "18", 
    "name": "Lowey, Nita M.", 
    "state": "NY", 
    "thomas_id": "00709", 
    "title": "Rep", 
    "type": "person"
  }, 
  "status": "REFERRED", 
  "status_at": "2005-05-05", 
  "subjects": [
    "Disabled", 
    "Families", 
    "Old age, survivors and disability insurance", 
    "Social security beneficiaries", 
    "Social welfare", 
    "Widowers", 
    "Widows", 
    "Women"
  ], 
  "subjects_top_term": "Social welfare", 
  "summary": {
    "as": "Introduced", 
    "date": "2005-05-05", 
    "text": "Amends title II (Old Age, Survivors and Disability Insurance) (OASDI) of the Social Security Act to provide for full benefits for disabled widows and widowers without regard to age or any previous reduction in OASDI benefits. Declares that there shall be no reduction in the widow's or widower's insurance benefit of an individual for any month in which such individual is under a disability."
  }, 
  "titles": [
    {
      "as": "introduced", 
      "title": "To amend title II of the Social Security Act to provide for full benefits for disabled widows and widowers without regard to age.", 
      "type": "official"
    }
  ], 
  "updated_at": "2013-02-02T20:40:07-05:00"
}