{
  "actions": [
    {
      "acted_at": "2005-02-02", 
      "references": [
        {
          "reference": "CR E148", 
          "type": null
        }
      ], 
      "text": "Sponsor introductory remarks on measure.", 
      "type": "action"
    }, 
    {
      "acted_at": "2005-02-02", 
      "committee": "House Committee on Resources", 
      "references": [], 
      "status": "REFERRED", 
      "text": "Referred to the House Committee on Resources.", 
      "type": "referral"
    }, 
    {
      "acted_at": "2005-02-17", 
      "in_committee": "House Committee on Resources", 
      "references": [], 
      "subcommittee": "National Parks", 
      "text": "Referred to the Subcommittee on National Parks.", 
      "type": "referral"
    }
  ], 
  "amendments": [], 
  "bill_id": "hr546-109", 
  "bill_type": "hr", 
  "committees": [
    {
      "activity": [
        "referral", 
        "in committee"
      ], 
      "committee": "House Resources", 
      "committee_id": "HSII"
    }, 
    {
      "activity": [
        "referral"
      ], 
      "committee": "House Resources", 
      "committee_id": "HSII", 
      "subcommittee": "Subcommittee on National Parks, Recreation, and Public Lands", 
      "subcommittee_id": "10"
    }
  ], 
  "congress": "109", 
  "cosponsors": [], 
  "enacted_as": null, 
  "history": {
    "awaiting_signature": false, 
    "enacted": false, 
    "vetoed": false
  }, 
  "introduced_at": "2005-02-02", 
  "number": "546", 
  "official_title": "To revise the boundary of the Wind Cave National Park in the State of South Dakota.", 
  "popular_title": null, 
  "related_bills": [
    {
      "bill_id": "s276-109", 
      "reason": "identical"
    }
  ], 
  "short_title": "Wind Cave National Park Boundary Revision Act of 2005", 
  "sponsor": {
    "district": null, 
    "name": "Herseth, Stephanie", 
    "state": "SD", 
    "thomas_id": "01760", 
    "title": "Rep", 
    "type": "person"
  }, 
  "status": "REFERRED", 
  "status_at": "2005-02-02", 
  "subjects": [
    "Agriculture and food", 
    "Boundaries", 
    "Caves", 
    "Grazing", 
    "Land transfers", 
    "Law", 
    "Leases", 
    "Licenses", 
    "National parks", 
    "Public lands and natural resources", 
    "South Dakota"
  ], 
  "subjects_top_term": "Public lands and natural resources", 
  "summary": {
    "as": "Introduced", 
    "date": "2005-02-02", 
    "text": "Wind Cave National Park Boundary Revision Act of 2005 - Authorizes the Secretary of the Interior to acquire specified land or interests for addition to the Wind Cave National Park in South Dakota. Requires the Park's boundaries to be adjusted to reflect the acquisition of land. Requires the Secretary to: (1) administer acquired land as part of the Park; and (2) transfer administrative jurisdiction over the land from the Director of the Bureau of Land Management to the Director of the National Park Service. Allows the continuation of livestock grazing on such land at the level existing on the date on which it is acquired."
  }, 
  "titles": [
    {
      "as": "introduced", 
      "title": "Wind Cave National Park Boundary Revision Act of 2005", 
      "type": "short"
    }, 
    {
      "as": "introduced", 
      "title": "To revise the boundary of the Wind Cave National Park in the State of South Dakota.", 
      "type": "official"
    }
  ], 
  "updated_at": "2013-02-02T20:39:20-05:00"
}