{
  "actions": [
    {
      "acted_at": "2005-04-06", 
      "committee": "House Committee on Energy and Commerce", 
      "references": [], 
      "status": "REFERRED", 
      "text": "Referred to the House Committee on Energy and Commerce.", 
      "type": "referral"
    }, 
    {
      "acted_at": "2005-04-22", 
      "in_committee": "House Committee on Energy and Commerce", 
      "references": [], 
      "subcommittee": "Energy and Air Quality", 
      "text": "Referred to the Subcommittee on Energy and Air Quality.", 
      "type": "referral"
    }
  ], 
  "amendments": [], 
  "bill_id": "hr1529-109", 
  "bill_type": "hr", 
  "committees": [
    {
      "activity": [
        "referral", 
        "in committee"
      ], 
      "committee": "House Energy and Commerce", 
      "committee_id": "HSIF"
    }, 
    {
      "activity": [
        "referral"
      ], 
      "committee": "House Energy and Commerce", 
      "committee_id": "HSIF", 
      "subcommittee": "Subcommittee on Energy and Air Quality", 
      "subcommittee_id": "03"
    }
  ], 
  "congress": "109", 
  "cosponsors": [], 
  "enacted_as": null, 
  "history": {
    "awaiting_signature": false, 
    "enacted": false, 
    "vetoed": false
  }, 
  "introduced_at": "2005-04-06", 
  "number": "1529", 
  "official_title": "To amend the Federal Power Act to provide for Federal and State coordination of permitting for electric transmission facilities, and for other purposes.", 
  "popular_title": null, 
  "related_bills": [], 
  "short_title": null, 
  "sponsor": {
    "district": "3", 
    "name": "Shadegg, John B.", 
    "state": "AZ", 
    "thomas_id": "01043", 
    "title": "Rep", 
    "type": "person"
  }, 
  "status": "REFERRED", 
  "status_at": "2005-04-06", 
  "subjects": [
    "Administrative procedure", 
    "Administrative remedies", 
    "Department of Energy", 
    "Electric power distribution", 
    "Electric power transmission", 
    "Electric utilities", 
    "Energy", 
    "Energy facilities", 
    "Environmental assessment", 
    "Environmental protection", 
    "Federal-Indian relations", 
    "Federal-state relations", 
    "Government operations and politics", 
    "Law", 
    "Licenses", 
    "Minorities", 
    "Public lands and natural resources", 
    "Right-of-way", 
    "Transportation and public works"
  ], 
  "subjects_top_term": "Energy", 
  "summary": {
    "as": "Introduced", 
    "date": "2005-04-06", 
    "text": "Designates the Department of Energy (DOE) as the lead agency for purposes of coordinating all applicable Federal authorization and related environmental review of a proposed electricity transmission or distribution facility upon request of a current or prospective applicant for Federal authorization related to such a facility. Instructs DOE to establish prompt and binding intermediate milestones and ultimate deadlines for the review of and Federal authorization decisions relating to the proposed facility. Sets a one-year deadline for completion of all permit decisions and related environmental reviews regarding an application. Requires the Secretary of Energy to consult regularly with the Federal Energy Regulatory Commission (FERC) and FERC-approved Regional Transmission Organizations and Independent System Operators on changes to the national grid that will improve reliability, relieve congestion, and enhance the capability of the grid to deliver electricity."
  }, 
  "titles": [
    {
      "as": "introduced", 
      "title": "To amend the Federal Power Act to provide for Federal and State coordination of permitting for electric transmission facilities, and for other purposes.", 
      "type": "official"
    }
  ], 
  "updated_at": "2013-02-02T20:39:50-05:00"
}