{
  "actions": [
    {
      "acted_at": "2005-06-29", 
      "committee": "House Committee on Resources", 
      "references": [], 
      "status": "REFERRED", 
      "text": "Referred to the House Committee on Resources.", 
      "type": "referral"
    }
  ], 
  "amendments": [], 
  "bill_id": "hr3110-109", 
  "bill_type": "hr", 
  "committees": [
    {
      "activity": [
        "referral", 
        "in committee"
      ], 
      "committee": "House Resources", 
      "committee_id": "HSII"
    }
  ], 
  "congress": "109", 
  "cosponsors": [], 
  "enacted_as": null, 
  "history": {
    "awaiting_signature": false, 
    "enacted": false, 
    "vetoed": false
  }, 
  "introduced_at": "2005-06-29", 
  "number": "3110", 
  "official_title": "To amend the Endangered Species Act of 1973 to provide for treatment of distinct population segments of the Eastern oyster as separate species.", 
  "popular_title": null, 
  "related_bills": [], 
  "short_title": null, 
  "sponsor": {
    "district": "1", 
    "name": "Jindal, Bobby", 
    "state": "LA", 
    "thomas_id": "01785", 
    "title": "Rep", 
    "type": "person"
  }, 
  "status": "REFERRED", 
  "status_at": "2005-06-29", 
  "subjects": [
    "Animal breeding", 
    "Animals", 
    "Endangered species", 
    "Environmental protection", 
    "Marine and coastal resources, fisheries", 
    "Public lands and natural resources", 
    "Shellfish", 
    "Wildlife conservation"
  ], 
  "subjects_top_term": "Animals", 
  "summary": {
    "as": "Introduced", 
    "date": "2005-06-29", 
    "text": "Amends the Endangered Species Act of 1973 to treat distinct population segments of the Eastern oyster as separate species."
  }, 
  "titles": [
    {
      "as": "introduced", 
      "title": "To amend the Endangered Species Act of 1973 to provide for treatment of distinct population segments of the Eastern oyster as separate species.", 
      "type": "official"
    }
  ], 
  "updated_at": "2013-02-02T20:40:33-05:00"
}