{
  "actions": [
    {
      "acted_at": "2005-09-22", 
      "committee": "House Committee on Resources", 
      "references": [], 
      "status": "REFERRED", 
      "text": "Referred to the House Committee on Resources.", 
      "type": "referral"
    }, 
    {
      "acted_at": "2005-09-28", 
      "in_committee": "House Committee on Resources", 
      "references": [], 
      "subcommittee": "National Parks", 
      "text": "Referred to the Subcommittee on National Parks.", 
      "type": "referral"
    }
  ], 
  "amendments": [], 
  "bill_id": "hr3866-109", 
  "bill_type": "hr", 
  "committees": [
    {
      "activity": [
        "referral", 
        "in committee"
      ], 
      "committee": "House Resources", 
      "committee_id": "HSII"
    }, 
    {
      "activity": [
        "referral"
      ], 
      "committee": "House Resources", 
      "committee_id": "HSII", 
      "subcommittee": "Subcommittee on National Parks, Recreation, and Public Lands", 
      "subcommittee_id": "10"
    }
  ], 
  "congress": "109", 
  "cosponsors": [], 
  "enacted_as": null, 
  "history": {
    "awaiting_signature": false, 
    "enacted": false, 
    "vetoed": false
  }, 
  "introduced_at": "2005-09-22", 
  "number": "3866", 
  "official_title": "To authorize the Secretary of the Interior to conduct a special resources study to evaluate resources along the coastal region of the State of Delaware and to determine the suitability and feasibility of establishing a unit of the National Park System in Delaware.", 
  "popular_title": null, 
  "related_bills": [
    {
      "bill_id": "s1627-109", 
      "reason": "identical"
    }
  ], 
  "short_title": "Delaware National Coastal Special Resources Study Act", 
  "sponsor": {
    "district": null, 
    "name": "Castle, Michael N.", 
    "state": "DE", 
    "thomas_id": "00183", 
    "title": "Rep", 
    "type": "person"
  }, 
  "status": "REFERRED", 
  "status_at": "2005-09-22", 
  "subjects": [
    "Armed forces and national security", 
    "Black history", 
    "Boats and boating", 
    "Civil rights and liberties, minority issues", 
    "Civil rights movements", 
    "Coastal zone", 
    "Colonial affairs", 
    "Commemorations", 
    "Commerce", 
    "Congress", 
    "Congressional reporting requirements", 
    "Delaware", 
    "Europe", 
    "Fishing", 
    "Governmental investigations", 
    "Historic sites", 
    "History", 
    "Industrialization", 
    "International affairs", 
    "Marine and coastal resources, fisheries", 
    "Marine transportation", 
    "Military history", 
    "Minorities", 
    "National parks", 
    "Native Americans", 
    "Outdoor recreation", 
    "Public lands and natural resources", 
    "Slavery", 
    "Sports and recreation", 
    "Swimming", 
    "Transportation and public works", 
    "United Kingdom"
  ], 
  "subjects_top_term": "Public lands and natural resources", 
  "summary": {
    "as": "Introduced", 
    "date": "2005-09-22", 
    "text": "Delaware National Coastal Special Resources Study Act - Directs the Secretary of the Interior to conduct a special resources study of the national significance, suitability, and feasibility of including sites in the coastal region of Delaware in the National Park System (NPS). Requires such study to include an analysis and any recommendations concerning the suitability and feasibility of designating one or more sites along the Delaware coast, including Fort Christina, as a unit of the NPS."
  }, 
  "titles": [
    {
      "as": "introduced", 
      "title": "Delaware National Coastal Special Resources Study Act", 
      "type": "short"
    }, 
    {
      "as": "introduced", 
      "title": "To authorize the Secretary of the Interior to conduct a special resources study to evaluate resources along the coastal region of the State of Delaware and to determine the suitability and feasibility of establishing a unit of the National Park System in Delaware.", 
      "type": "official"
    }
  ], 
  "updated_at": "2013-02-02T20:40:52-05:00"
}