{
  "actions": [
    {
      "acted_at": "2006-07-28", 
      "committee": "House Committee on Transportation and Infrastructure", 
      "references": [], 
      "status": "REFERRED", 
      "text": "Referred to the House Committee on Transportation and Infrastructure.", 
      "type": "referral"
    }, 
    {
      "acted_at": "2006-07-31", 
      "in_committee": "House Committee on Transportation and Infrastructure", 
      "references": [], 
      "subcommittee": "Economic Development, Public Buildings and Emergency Management", 
      "text": "Referred to the Subcommittee on Economic Development, Public Buildings and Emergency Management.", 
      "type": "referral"
    }
  ], 
  "amendments": [], 
  "bill_id": "hr6026-109", 
  "bill_type": "hr", 
  "committees": [
    {
      "activity": [
        "referral", 
        "in committee"
      ], 
      "committee": "House Transportation and Infrastructure", 
      "committee_id": "HSPW"
    }, 
    {
      "activity": [
        "referral"
      ], 
      "committee": "House Transportation and Infrastructure", 
      "committee_id": "HSPW", 
      "subcommittee": "Subcommittee on Economic Development, Public Buildings and Emergency Management", 
      "subcommittee_id": "13"
    }
  ], 
  "congress": "109", 
  "cosponsors": [], 
  "enacted_as": null, 
  "history": {
    "awaiting_signature": false, 
    "enacted": false, 
    "vetoed": false
  }, 
  "introduced_at": "2006-07-28", 
  "number": "6026", 
  "official_title": "To authorize the Administrator of General Services to convey a parcel of real property to the Alaska Railroad Corporation in exchange for replacement property and other consideration.", 
  "popular_title": null, 
  "related_bills": [], 
  "short_title": null, 
  "sponsor": {
    "district": null, 
    "name": "Young, Don", 
    "state": "AK", 
    "thomas_id": "01256", 
    "title": "Rep", 
    "type": "person"
  }, 
  "status": "REFERRED", 
  "status_at": "2006-07-28", 
  "subjects": [
    "Alaska", 
    "Government operations and politics", 
    "Land transfers", 
    "Public lands and natural resources", 
    "Railroads", 
    "Transportation and public works"
  ], 
  "subjects_top_term": "Public lands and natural resources", 
  "summary": {
    "as": "Introduced", 
    "date": "2006-07-28", 
    "text": "Requires the Administrator of the General Services Administration (GSA) to convey all right, title, and interest of the United States in and to the GSA Fleet Management Center to the Alaska Railroad Corporation in exchange for suitable replacement property and such other consideration."
  }, 
  "titles": [
    {
      "as": "introduced", 
      "title": "To authorize the Administrator of General Services to convey a parcel of real property to the Alaska Railroad Corporation in exchange for replacement property and other consideration.", 
      "type": "official"
    }
  ], 
  "updated_at": "2013-02-02T20:41:52-05:00"
}