{
  "actions": [
    {
      "acted_at": "2005-02-08", 
      "committee": "House Committee on Transportation and Infrastructure", 
      "references": [], 
      "status": "REFERRED", 
      "text": "Referred to the House Committee on Transportation and Infrastructure.", 
      "type": "referral"
    }, 
    {
      "acted_at": "2005-02-09", 
      "in_committee": "House Committee on Transportation and Infrastructure", 
      "references": [], 
      "subcommittee": "Water Resources and Environment", 
      "text": "Referred to the Subcommittee on Water Resources and Environment.", 
      "type": "referral"
    }
  ], 
  "amendments": [], 
  "bill_id": "hr667-109", 
  "bill_type": "hr", 
  "committees": [
    {
      "activity": [
        "referral", 
        "in committee"
      ], 
      "committee": "House Transportation and Infrastructure", 
      "committee_id": "HSPW"
    }, 
    {
      "activity": [
        "referral"
      ], 
      "committee": "House Transportation and Infrastructure", 
      "committee_id": "HSPW", 
      "subcommittee": "Subcommittee on Water Resources and Environment", 
      "subcommittee_id": "02"
    }
  ], 
  "congress": "109", 
  "cosponsors": [], 
  "enacted_as": null, 
  "history": {
    "awaiting_signature": false, 
    "enacted": false, 
    "vetoed": false
  }, 
  "introduced_at": "2005-02-08", 
  "number": "667", 
  "official_title": "To direct the Secretary of the Army to carry out the dredging project, Menominee Harbor, Menominee River, Michigan and Wisconsin.", 
  "popular_title": null, 
  "related_bills": [
    {
      "bill_id": "s617-109", 
      "reason": "related"
    }, 
    {
      "bill_id": "s617-109", 
      "reason": "identical"
    }
  ], 
  "short_title": null, 
  "sponsor": {
    "district": "1", 
    "name": "Stupak, Bart", 
    "state": "MI", 
    "thomas_id": "01123", 
    "title": "Rep", 
    "type": "person"
  }, 
  "status": "REFERRED", 
  "status_at": "2005-02-08", 
  "subjects": [
    "Civil engineering", 
    "Cost effectiveness", 
    "Dredging", 
    "Finance and financial sector", 
    "Harbors", 
    "Infrastructure", 
    "Inland water transportation", 
    "Michigan", 
    "Navigation", 
    "Rivers", 
    "Transportation and public works", 
    "Water resources development", 
    "Wisconsin"
  ], 
  "subjects_top_term": "Transportation and public works", 
  "summary": {
    "as": "Introduced", 
    "date": "2005-02-08", 
    "text": "Directs the Secretary of the Army to carry out a previously deauthorized navigation project for Menominee Harbor and River, Michigan and Wisconsin, notwithstanding that the benefits may not exceed the estimated costs of the project."
  }, 
  "titles": [
    {
      "as": "introduced", 
      "title": "To direct the Secretary of the Army to carry out the dredging project, Menominee Harbor, Menominee River, Michigan and Wisconsin.", 
      "type": "official"
    }
  ], 
  "updated_at": "2013-02-02T20:39:24-05:00"
}