{
  "actions": [
    {
      "acted_at": "2005-01-06", 
      "committee": "House Committee on Energy and Commerce", 
      "references": [], 
      "status": "REFERRED", 
      "text": "Referred to the House Committee on Energy and Commerce.", 
      "type": "referral"
    }, 
    {
      "acted_at": "2005-02-04", 
      "in_committee": "House Committee on Energy and Commerce", 
      "references": [], 
      "subcommittee": "Health", 
      "text": "Referred to the Subcommittee on Health.", 
      "type": "referral"
    }
  ], 
  "amendments": [], 
  "bill_id": "hr286-109", 
  "bill_type": "hr", 
  "committees": [
    {
      "activity": [
        "referral", 
        "in committee"
      ], 
      "committee": "House Energy and Commerce", 
      "committee_id": "HSIF"
    }, 
    {
      "activity": [
        "referral"
      ], 
      "committee": "House Energy and Commerce", 
      "committee_id": "HSIF", 
      "subcommittee": "Subcommittee on Health", 
      "subcommittee_id": "14"
    }
  ], 
  "congress": "109", 
  "cosponsors": [], 
  "enacted_as": null, 
  "history": {
    "awaiting_signature": false, 
    "enacted": false, 
    "vetoed": false
  }, 
  "introduced_at": "2005-01-06", 
  "number": "286", 
  "official_title": "To amend title XIX of the Social Security Act to require States that provide Medicaid prescription drug coverage to cover drugs medically necessary to treat obesity.", 
  "popular_title": null, 
  "related_bills": [], 
  "short_title": "Medicaid Obesity Treatment Act of 2005", 
  "sponsor": {
    "district": "10", 
    "name": "Towns, Edolphus", 
    "state": "NY", 
    "thomas_id": "01165", 
    "title": "Rep", 
    "type": "person"
  }, 
  "status": "REFERRED", 
  "status_at": "2005-01-06", 
  "subjects": [
    "Drugs", 
    "Health", 
    "Medicaid", 
    "Obesity", 
    "Social welfare"
  ], 
  "subjects_top_term": "Health", 
  "summary": {
    "as": "Introduced", 
    "date": "2005-01-06", 
    "text": "Medicaid Obesity Treatment Act of 2005 - Amends title XIX (Medicaid) of the Social Security Act to require Medicaid drug coverage of drugs prescribed for treatment of obesity."
  }, 
  "titles": [
    {
      "as": "introduced", 
      "title": "Medicaid Obesity Treatment Act of 2005", 
      "type": "short"
    }, 
    {
      "as": "introduced", 
      "title": "To amend title XIX of the Social Security Act to require States that provide Medicaid prescription drug coverage to cover drugs medically necessary to treat obesity.", 
      "type": "official"
    }
  ], 
  "updated_at": "2013-02-02T20:39:12-05:00"
}