{
  "actions": [
    {
      "acted_at": "2005-05-26", 
      "committee": "House Committee on Transportation and Infrastructure", 
      "references": [], 
      "status": "REFERRED", 
      "text": "Referred to the House Committee on Transportation and Infrastructure.", 
      "type": "referral"
    }, 
    {
      "acted_at": "2005-05-27", 
      "in_committee": "House Committee on Transportation and Infrastructure", 
      "references": [], 
      "subcommittee": "Water Resources and Environment", 
      "text": "Referred to the Subcommittee on Water Resources and Environment.", 
      "type": "referral"
    }
  ], 
  "amendments": [], 
  "bill_id": "hr2686-109", 
  "bill_type": "hr", 
  "committees": [
    {
      "activity": [
        "referral", 
        "in committee"
      ], 
      "committee": "House Transportation and Infrastructure", 
      "committee_id": "HSPW"
    }, 
    {
      "activity": [
        "referral"
      ], 
      "committee": "House Transportation and Infrastructure", 
      "committee_id": "HSPW", 
      "subcommittee": "Subcommittee on Water Resources and Environment", 
      "subcommittee_id": "02"
    }
  ], 
  "congress": "109", 
  "cosponsors": [
    {
      "district": "1", 
      "name": "Brady, Robert A.", 
      "sponsored_at": "2005-07-14", 
      "state": "PA", 
      "thomas_id": "01469", 
      "title": "Rep", 
      "withdrawn_at": null
    }, 
    {
      "district": "1", 
      "name": "Brown, Henry E., Jr.", 
      "sponsored_at": "2005-06-30", 
      "state": "SC", 
      "thomas_id": "01669", 
      "title": "Rep", 
      "withdrawn_at": null
    }, 
    {
      "district": "1", 
      "name": "Butterfield, G. K.", 
      "sponsored_at": "2005-07-28", 
      "state": "NC", 
      "thomas_id": "01761", 
      "title": "Rep", 
      "withdrawn_at": null
    }, 
    {
      "district": "44", 
      "name": "Calvert, Ken", 
      "sponsored_at": "2005-07-14", 
      "state": "CA", 
      "thomas_id": "00165", 
      "title": "Rep", 
      "withdrawn_at": null
    }, 
    {
      "district": "53", 
      "name": "Davis, Susan A.", 
      "sponsored_at": "2005-05-26", 
      "state": "CA", 
      "thomas_id": "01641", 
      "title": "Rep", 
      "withdrawn_at": null
    }, 
    {
      "district": "3", 
      "name": "Ehlers, Vernon J.", 
      "sponsored_at": "2005-06-30", 
      "state": "MI", 
      "thomas_id": "00339", 
      "title": "Rep", 
      "withdrawn_at": null
    }, 
    {
      "district": "3", 
      "name": "English, Phil", 
      "sponsored_at": "2005-06-30", 
      "state": "PA", 
      "thomas_id": "00347", 
      "title": "Rep", 
      "withdrawn_at": null
    }, 
    {
      "district": null, 
      "name": "Faleomavaega, Eni F.H.", 
      "sponsored_at": "2005-07-14", 
      "state": "AS", 
      "thomas_id": "00367", 
      "title": "Rep", 
      "withdrawn_at": null
    }, 
    {
      "district": "2", 
      "name": "Hoekstra, Peter", 
      "sponsored_at": "2005-07-28", 
      "state": "MI", 
      "thomas_id": "00547", 
      "title": "Rep", 
      "withdrawn_at": null
    }, 
    {
      "district": "6", 
      "name": "Kennedy, Mark R.", 
      "sponsored_at": "2005-07-14", 
      "state": "MN", 
      "thomas_id": "01652", 
      "title": "Rep", 
      "withdrawn_at": null
    }, 
    {
      "district": "12", 
      "name": "Levin, Sander M.", 
      "sponsored_at": "2005-07-14", 
      "state": "MI", 
      "thomas_id": "00683", 
      "title": "Rep", 
      "withdrawn_at": null
    }, 
    {
      "district": "7", 
      "name": "McIntyre, Mike", 
      "sponsored_at": "2005-07-28", 
      "state": "NC", 
      "thomas_id": "01505", 
      "title": "Rep", 
      "withdrawn_at": null
    }, 
    {
      "district": "27", 
      "name": "Ortiz, Solomon P.", 
      "sponsored_at": "2005-07-14", 
      "state": "TX", 
      "thomas_id": "00880", 
      "title": "Rep", 
      "withdrawn_at": null
    }, 
    {
      "district": "3", 
      "name": "Saxton, Jim", 
      "sponsored_at": "2005-05-26", 
      "state": "NJ", 
      "thomas_id": "01023", 
      "title": "Rep", 
      "withdrawn_at": null
    }, 
    {
      "district": "22", 
      "name": "Shaw, E. Clay, Jr.", 
      "sponsored_at": "2005-07-14", 
      "state": "FL", 
      "thomas_id": "01047", 
      "title": "Rep", 
      "withdrawn_at": null
    }
  ], 
  "enacted_as": null, 
  "history": {
    "awaiting_signature": false, 
    "enacted": false, 
    "vetoed": false
  }, 
  "introduced_at": "2005-05-26", 
  "number": "2686", 
  "official_title": "To amend the Federal Water Pollution Control Act to authorize appropriations for grants for coastal recreation water quality monitoring and notification programs.", 
  "popular_title": null, 
  "related_bills": [], 
  "short_title": null, 
  "sponsor": {
    "district": "2", 
    "name": "LoBiondo, Frank A.", 
    "state": "NJ", 
    "thomas_id": "00699", 
    "title": "Rep", 
    "type": "person"
  }, 
  "status": "REFERRED", 
  "status_at": "2005-05-26", 
  "subjects": [
    "Authorization", 
    "Beaches", 
    "Coastal zone", 
    "Economics and public finance", 
    "Environmental Protection Agency", 
    "Environmental health", 
    "Environmental monitoring", 
    "Environmental protection", 
    "Federal aid to water pollution control", 
    "Government operations and politics", 
    "Government publicity", 
    "Health", 
    "Health warnings", 
    "Marine and coastal resources, fisheries", 
    "Marine pollution", 
    "Outdoor recreation", 
    "Pollution measurement", 
    "Sports and recreation", 
    "Water quality"
  ], 
  "subjects_top_term": "Environmental protection", 
  "summary": {
    "as": "Introduced", 
    "date": "2005-05-26", 
    "text": "Amends the Federal Water Pollution Control Act to extend through FY2010 the authorization of appropriations for grants to states and local governments for coastal recreation water quality monitoring and notification programs. Amends the Beaches Environmental Assessment and Coastal Health Act of 2000 to extend through FY2010 the authorization of appropriations for such Act."
  }, 
  "titles": [
    {
      "as": "introduced", 
      "title": "To amend the Federal Water Pollution Control Act to authorize appropriations for grants for coastal recreation water quality monitoring and notification programs.", 
      "type": "official"
    }
  ], 
  "updated_at": "2013-02-02T20:40:20-05:00"
}