{
  "actions": [
    {
      "acted_at": "2005-05-11", 
      "committee": "House Committee on Ways and Means", 
      "references": [], 
      "status": "REFERRED", 
      "text": "Referred to the House Committee on Ways and Means.", 
      "type": "referral"
    }, 
    {
      "acted_at": "2005-05-16", 
      "in_committee": "House Committee on Ways and Means", 
      "references": [], 
      "subcommittee": "Trade", 
      "text": "Referred to the Subcommittee on Trade.", 
      "type": "referral"
    }
  ], 
  "amendments": [], 
  "bill_id": "hr2261-109", 
  "bill_type": "hr", 
  "committees": [
    {
      "activity": [
        "referral", 
        "in committee"
      ], 
      "committee": "House Ways and Means", 
      "committee_id": "HSWM"
    }, 
    {
      "activity": [
        "referral"
      ], 
      "committee": "House Ways and Means", 
      "committee_id": "HSWM", 
      "subcommittee": "Subcommittee on Trade", 
      "subcommittee_id": "04"
    }
  ], 
  "congress": "109", 
  "cosponsors": [], 
  "enacted_as": null, 
  "history": {
    "awaiting_signature": false, 
    "enacted": false, 
    "vetoed": false
  }, 
  "introduced_at": "2005-05-11", 
  "number": "2261", 
  "official_title": "To extend the suspension of duty on a certain ion exchange resin.", 
  "popular_title": null, 
  "related_bills": [
    {
      "bill_id": "hr2262-109", 
      "reason": "related"
    }, 
    {
      "bill_id": "hr2265-109", 
      "reason": "related"
    }, 
    {
      "bill_id": "hr2266-109", 
      "reason": "related"
    }
  ], 
  "short_title": null, 
  "sponsor": {
    "district": "3", 
    "name": "English, Phil", 
    "state": "PA", 
    "thomas_id": "00347", 
    "title": "Rep", 
    "type": "person"
  }, 
  "status": "REFERRED", 
  "status_at": "2005-05-11", 
  "subjects": [
    "Commerce", 
    "Foreign trade and international finance", 
    "Polymers", 
    "Tariff"
  ], 
  "subjects_top_term": "Foreign trade and international finance", 
  "summary": {
    "as": "Introduced", 
    "date": "2005-05-11", 
    "text": "Amends the Harmonized Tariff Schedule of the United States to extend the suspension, through December 31, 2009, of the duty on a certain ion exchange resin."
  }, 
  "titles": [
    {
      "as": "introduced", 
      "title": "To extend the suspension of duty on a certain ion exchange resin.", 
      "type": "official"
    }
  ], 
  "updated_at": "2013-02-02T20:40:09-05:00"
}