{
  "actions": [
    {
      "acted_at": "2006-05-19", 
      "committee": "Committee on Energy and Commerce, and in addition to the Committee on Ways and Means, for a period to be subsequently determined by the Speaker, in each case for consideration of such provisions as fall within the jurisdiction of the committee concerned", 
      "references": [], 
      "status": "REFERRED", 
      "text": "Referred to the Committee on Energy and Commerce, and in addition to the Committee on Ways and Means, for a period to be subsequently determined by the Speaker, in each case for consideration of such provisions as fall within the jurisdiction of the committee concerned.", 
      "type": "referral"
    }, 
    {
      "acted_at": "2006-05-19", 
      "committee": "House Energy and Commerce", 
      "references": [], 
      "text": "Referred to House Energy and Commerce", 
      "type": "referral"
    }, 
    {
      "acted_at": "2006-05-19", 
      "committee": "House Ways and Means", 
      "references": [], 
      "text": "Referred to House Ways and Means", 
      "type": "referral"
    }, 
    {
      "acted_at": "2006-06-05", 
      "in_committee": "House Energy and Commerce", 
      "references": [], 
      "subcommittee": "Health", 
      "text": "Referred to the Subcommittee on Health.", 
      "type": "referral"
    }
  ], 
  "amendments": [], 
  "bill_id": "hr5433-109", 
  "bill_type": "hr", 
  "committees": [
    {
      "activity": [
        "referral", 
        "in committee"
      ], 
      "committee": "House Energy and Commerce", 
      "committee_id": "HSIF"
    }, 
    {
      "activity": [
        "referral"
      ], 
      "committee": "House Energy and Commerce", 
      "committee_id": "HSIF", 
      "subcommittee": "Subcommittee on Health", 
      "subcommittee_id": "14"
    }, 
    {
      "activity": [
        "referral", 
        "in committee"
      ], 
      "committee": "House Ways and Means", 
      "committee_id": "HSWM"
    }
  ], 
  "congress": "109", 
  "cosponsors": [
    {
      "district": "3", 
      "name": "Blumenauer, Earl", 
      "sponsored_at": "2006-05-19", 
      "state": "OR", 
      "thomas_id": "00099", 
      "title": "Rep", 
      "withdrawn_at": null
    }, 
    {
      "district": "4", 
      "name": "DeFazio, Peter A.", 
      "sponsored_at": "2006-05-19", 
      "state": "OR", 
      "thomas_id": "00279", 
      "title": "Rep", 
      "withdrawn_at": null
    }
  ], 
  "enacted_as": null, 
  "history": {
    "awaiting_signature": false, 
    "enacted": false, 
    "vetoed": false
  }, 
  "introduced_at": "2006-05-19", 
  "number": "5433", 
  "official_title": "To amend title XVIII of the Social Security Act to provide for a Medicare Prescription Drug Ombudsman.", 
  "popular_title": null, 
  "related_bills": [], 
  "short_title": null, 
  "sponsor": {
    "district": "5", 
    "name": "Hooley, Darlene", 
    "state": "OR", 
    "thomas_id": "01491", 
    "title": "Rep", 
    "type": "person"
  }, 
  "status": "REFERRED", 
  "status_at": "2006-05-19", 
  "subjects": [
    "Access to health care", 
    "Commerce", 
    "Congressional reporting requirements", 
    "Consumer complaints", 
    "Department of Health and Human Services", 
    "Drug industry", 
    "Drugs", 
    "Executive reorganization", 
    "Government operations and politics", 
    "Health", 
    "Health insurance", 
    "Health maintenance organizations", 
    "Managed care", 
    "Medicaid", 
    "Medicare", 
    "Ombudsman", 
    "Prescription pricing", 
    "Social welfare"
  ], 
  "subjects_top_term": "Health", 
  "summary": {
    "as": "Introduced", 
    "date": "2006-05-19", 
    "text": "Amends title XVIII (Medicare) of the Social Security Act to establish within the Department of Health and Human Services an Office of the Medicare Prescription Drug Ombudsman, appointed by the Secretary of Health and Human Services, whose assistance includes registering complaints and helping to resolve disputes about the benefits under prescription drug plans under Medicare part D (Voluntary Prescription Drug Benefit Program)."
  }, 
  "titles": [
    {
      "as": "introduced", 
      "title": "To amend title XVIII of the Social Security Act to provide for a Medicare Prescription Drug Ombudsman.", 
      "type": "official"
    }
  ], 
  "updated_at": "2013-02-02T20:41:36-05:00"
}