{
  "actions": [
    {
      "acted_at": "2005-11-04", 
      "committee": "House Committee on Ways and Means", 
      "references": [], 
      "status": "REFERRED", 
      "text": "Referred to the House Committee on Ways and Means.", 
      "type": "referral"
    }
  ], 
  "amendments": [], 
  "bill_id": "hr4236-109", 
  "bill_type": "hr", 
  "committees": [
    {
      "activity": [
        "referral", 
        "in committee"
      ], 
      "committee": "House Ways and Means", 
      "committee_id": "HSWM"
    }
  ], 
  "congress": "109", 
  "cosponsors": [
    {
      "district": "6", 
      "name": "Bartlett, Roscoe G.", 
      "sponsored_at": "2006-03-07", 
      "state": "MD", 
      "thomas_id": "00060", 
      "title": "Rep", 
      "withdrawn_at": null
    }, 
    {
      "district": "7", 
      "name": "Beauprez, Bob", 
      "sponsored_at": "2005-11-04", 
      "state": "CO", 
      "thomas_id": "01712", 
      "title": "Rep", 
      "withdrawn_at": null
    }, 
    {
      "district": "3", 
      "name": "Boswell, Leonard L.", 
      "sponsored_at": "2006-04-25", 
      "state": "IA", 
      "thomas_id": "01466", 
      "title": "Rep", 
      "withdrawn_at": null
    }, 
    {
      "district": "5", 
      "name": "Brown-Waite, Ginny", 
      "sponsored_at": "2005-12-16", 
      "state": "FL", 
      "thomas_id": "01713", 
      "title": "Rep", 
      "withdrawn_at": null
    }, 
    {
      "district": "44", 
      "name": "Calvert, Ken", 
      "sponsored_at": "2006-03-28", 
      "state": "CA", 
      "thomas_id": "00165", 
      "title": "Rep", 
      "withdrawn_at": null
    }, 
    {
      "district": "11", 
      "name": "Conaway, K. Michael", 
      "sponsored_at": "2006-02-14", 
      "state": "TX", 
      "thomas_id": "01805", 
      "title": "Rep", 
      "withdrawn_at": null
    }, 
    {
      "district": "20", 
      "name": "Costa, Jim", 
      "sponsored_at": "2006-04-27", 
      "state": "CA", 
      "thomas_id": "01774", 
      "title": "Rep", 
      "withdrawn_at": null
    }, 
    {
      "district": null, 
      "name": "Cubin, Barbara", 
      "sponsored_at": "2006-05-18", 
      "state": "WY", 
      "thomas_id": "00254", 
      "title": "Rep", 
      "withdrawn_at": null
    }, 
    {
      "district": "4", 
      "name": "Davis, Lincoln", 
      "sponsored_at": "2005-11-17", 
      "state": "TN", 
      "thomas_id": "01747", 
      "title": "Rep", 
      "withdrawn_at": null
    }, 
    {
      "district": "3", 
      "name": "English, Phil", 
      "sponsored_at": "2005-11-04", 
      "state": "PA", 
      "thomas_id": "00347", 
      "title": "Rep", 
      "withdrawn_at": null
    }, 
    {
      "district": "16", 
      "name": "Foley, Mark", 
      "sponsored_at": "2005-11-04", 
      "state": "FL", 
      "thomas_id": "00396", 
      "title": "Rep", 
      "withdrawn_at": null
    }, 
    {
      "district": "6", 
      "name": "Goodlatte, Bob", 
      "sponsored_at": "2005-11-17", 
      "state": "VA", 
      "thomas_id": "00446", 
      "title": "Rep", 
      "withdrawn_at": null
    }, 
    {
      "district": "4", 
      "name": "Hastings, Doc", 
      "sponsored_at": "2005-12-14", 
      "state": "WA", 
      "thomas_id": "00512", 
      "title": "Rep", 
      "withdrawn_at": null
    }, 
    {
      "district": "2", 
      "name": "Herger, Wally", 
      "sponsored_at": "2005-11-04", 
      "state": "CA", 
      "thomas_id": "00533", 
      "title": "Rep", 
      "withdrawn_at": null
    }, 
    {
      "district": null, 
      "name": "Herseth, Stephanie", 
      "sponsored_at": "2006-05-02", 
      "state": "SD", 
      "thomas_id": "01760", 
      "title": "Rep", 
      "withdrawn_at": null
    }, 
    {
      "district": "9", 
      "name": "Hulshof, Kenny C.", 
      "sponsored_at": "2005-11-04", 
      "state": "MO", 
      "thomas_id": "01492", 
      "title": "Rep", 
      "withdrawn_at": null
    }, 
    {
      "district": "4", 
      "name": "Latham, Tom", 
      "sponsored_at": "2006-07-19", 
      "state": "IA", 
      "thomas_id": "00666", 
      "title": "Rep", 
      "withdrawn_at": null
    }, 
    {
      "district": "2", 
      "name": "Lewis, Ron", 
      "sponsored_at": "2005-11-04", 
      "state": "KY", 
      "thomas_id": "00689", 
      "title": "Rep", 
      "withdrawn_at": null
    }, 
    {
      "district": "3", 
      "name": "Lucas, Frank D.", 
      "sponsored_at": "2005-11-04", 
      "state": "OK", 
      "thomas_id": "00711", 
      "title": "Rep", 
      "withdrawn_at": null
    }, 
    {
      "district": "3", 
      "name": "Marshall, Jim", 
      "sponsored_at": "2006-05-17", 
      "state": "GA", 
      "thomas_id": "01718", 
      "title": "Rep", 
      "withdrawn_at": null
    }, 
    {
      "district": "3", 
      "name": "Melancon, Charlie", 
      "sponsored_at": "2006-05-02", 
      "state": "LA", 
      "thomas_id": "01786", 
      "title": "Rep", 
      "withdrawn_at": null
    }, 
    {
      "district": "3", 
      "name": "Moore, Dennis", 
      "sponsored_at": "2006-04-25", 
      "state": "KS", 
      "thomas_id": "01561", 
      "title": "Rep", 
      "withdrawn_at": null
    }, 
    {
      "district": "1", 
      "name": "Moran, Jerry", 
      "sponsored_at": "2006-03-07", 
      "state": "KS", 
      "thomas_id": "01507", 
      "title": "Rep", 
      "withdrawn_at": null
    }, 
    {
      "district": "19", 
      "name": "Neugebauer, Randy", 
      "sponsored_at": "2006-03-29", 
      "state": "TX", 
      "thomas_id": "01758", 
      "title": "Rep", 
      "withdrawn_at": null
    }, 
    {
      "district": "1", 
      "name": "Nussle, Jim", 
      "sponsored_at": "2005-11-04", 
      "state": "IA", 
      "thomas_id": "00871", 
      "title": "Rep", 
      "withdrawn_at": null
    }, 
    {
      "district": "3", 
      "name": "Osborne, Tom", 
      "sponsored_at": "2006-03-29", 
      "state": "NE", 
      "thomas_id": "01658", 
      "title": "Rep", 
      "withdrawn_at": null
    }, 
    {
      "district": "1", 
      "name": "Otter, C. L. (Butch)", 
      "sponsored_at": "2005-12-16", 
      "state": "ID", 
      "thomas_id": "01646", 
      "title": "Rep", 
      "withdrawn_at": null
    }, 
    {
      "district": "6", 
      "name": "Pence, Mike", 
      "sponsored_at": "2006-05-02", 
      "state": "IN", 
      "thomas_id": "01649", 
      "title": "Rep", 
      "withdrawn_at": null
    }, 
    {
      "district": "11", 
      "name": "Pombo, Richard W.", 
      "sponsored_at": "2006-05-02", 
      "state": "CA", 
      "thomas_id": "00921", 
      "title": "Rep", 
      "withdrawn_at": null
    }, 
    {
      "district": null, 
      "name": "Pomeroy, Earl", 
      "sponsored_at": "2005-11-04", 
      "state": "ND", 
      "thomas_id": "00922", 
      "title": "Rep", 
      "withdrawn_at": null
    }, 
    {
      "district": "3", 
      "name": "Rahall, Nick J., II", 
      "sponsored_at": "2006-03-29", 
      "state": "WV", 
      "thomas_id": "00940", 
      "title": "Rep", 
      "withdrawn_at": null
    }, 
    {
      "district": "3", 
      "name": "Ramstad, Jim", 
      "sponsored_at": "2005-11-04", 
      "state": "MN", 
      "thomas_id": "00942", 
      "title": "Rep", 
      "withdrawn_at": null
    }, 
    {
      "district": null, 
      "name": "Rehberg, Dennis R.", 
      "sponsored_at": "2006-07-20", 
      "state": "MT", 
      "thomas_id": "01657", 
      "title": "Rep", 
      "withdrawn_at": null
    }, 
    {
      "district": "9", 
      "name": "Shuster, Bill", 
      "sponsored_at": "2006-07-18", 
      "state": "PA", 
      "thomas_id": "01681", 
      "title": "Rep", 
      "withdrawn_at": null
    }, 
    {
      "district": "6", 
      "name": "Strickland, Ted", 
      "sponsored_at": "2006-03-28", 
      "state": "OH", 
      "thomas_id": "01118", 
      "title": "Rep", 
      "withdrawn_at": null
    }, 
    {
      "district": "3", 
      "name": "Turner, Michael R.", 
      "sponsored_at": "2006-02-01", 
      "state": "OH", 
      "thomas_id": "01741", 
      "title": "Rep", 
      "withdrawn_at": null
    }, 
    {
      "district": "11", 
      "name": "Weller, Jerry", 
      "sponsored_at": "2005-11-04", 
      "state": "IL", 
      "thomas_id": "01216", 
      "title": "Rep", 
      "withdrawn_at": null
    }, 
    {
      "district": "1", 
      "name": "Whitfield, Ed", 
      "sponsored_at": "2006-06-16", 
      "state": "KY", 
      "thomas_id": "01222", 
      "title": "Rep", 
      "withdrawn_at": null
    }
  ], 
  "enacted_as": null, 
  "history": {
    "awaiting_signature": false, 
    "enacted": false, 
    "vetoed": false
  }, 
  "introduced_at": "2005-11-04", 
  "number": "4236", 
  "official_title": "To amend the Internal Revenue Code of 1986 to treat certain farming business machinery and equipment as 5-year property for purposes of depreciation.", 
  "popular_title": null, 
  "related_bills": [
    {
      "bill_id": "s1864-109", 
      "reason": "identical"
    }
  ], 
  "short_title": null, 
  "sponsor": {
    "district": "2", 
    "name": "Chocola, Chris", 
    "state": "IN", 
    "thomas_id": "01726", 
    "title": "Rep", 
    "type": "person"
  }, 
  "status": "REFERRED", 
  "status_at": "2005-11-04", 
  "subjects": [
    "Agricultural machinery", 
    "Agriculture and food", 
    "Commerce", 
    "Depreciation and amortization", 
    "Income tax", 
    "Tax deductions", 
    "Taxation"
  ], 
  "subjects_top_term": "Taxation", 
  "summary": {
    "as": "Introduced", 
    "date": "2005-11-04", 
    "text": "Amends the Internal Revenue Code to allow a five-year depreciation recovery period for certain farming business machinery or equipment placed in service before January 1, 2010."
  }, 
  "titles": [
    {
      "as": "introduced", 
      "title": "To amend the Internal Revenue Code of 1986 to treat certain farming business machinery and equipment as 5-year property for purposes of depreciation.", 
      "type": "official"
    }
  ], 
  "updated_at": "2013-02-02T20:41:02-05:00"
}