{
  "actions": [
    {
      "acted_at": "2005-12-16", 
      "committee": "Committee on Ways and Means, and in addition to the Committee on Energy and Commerce, for a period to be subsequently determined by the Speaker, in each case for consideration of such provisions as fall within the jurisdiction of the committee concerned", 
      "references": [], 
      "status": "REFERRED", 
      "text": "Referred to the Committee on Ways and Means, and in addition to the Committee on Energy and Commerce, for a period to be subsequently determined by the Speaker, in each case for consideration of such provisions as fall within the jurisdiction of the committee concerned.", 
      "type": "referral"
    }, 
    {
      "acted_at": "2005-12-16", 
      "committee": "House Ways and Means", 
      "references": [], 
      "text": "Referred to House Ways and Means", 
      "type": "referral"
    }, 
    {
      "acted_at": "2005-12-16", 
      "committee": "House Energy and Commerce", 
      "references": [], 
      "text": "Referred to House Energy and Commerce", 
      "type": "referral"
    }, 
    {
      "acted_at": "2006-01-03", 
      "in_committee": "House Energy and Commerce", 
      "references": [], 
      "subcommittee": "Health, for a period to be subsequently determined by the Chairman", 
      "text": "Referred to the Subcommittee on Health, for a period to be subsequently determined by the Chairman.", 
      "type": "referral"
    }
  ], 
  "amendments": [], 
  "bill_id": "hr4599-109", 
  "bill_type": "hr", 
  "committees": [
    {
      "activity": [
        "referral", 
        "in committee"
      ], 
      "committee": "House Ways and Means", 
      "committee_id": "HSWM"
    }, 
    {
      "activity": [
        "referral", 
        "in committee"
      ], 
      "committee": "House Energy and Commerce", 
      "committee_id": "HSIF"
    }, 
    {
      "activity": [
        "referral"
      ], 
      "committee": "House Energy and Commerce", 
      "committee_id": "HSIF", 
      "subcommittee": "Subcommittee on Health", 
      "subcommittee_id": "14"
    }
  ], 
  "congress": "109", 
  "cosponsors": [], 
  "enacted_as": null, 
  "history": {
    "awaiting_signature": false, 
    "enacted": false, 
    "vetoed": false
  }, 
  "introduced_at": "2005-12-16", 
  "number": "4599", 
  "official_title": "To amend the Internal Revenue Code of 1986 to establish and provide a checkoff for a Breast and Prostate Cancer Research Fund, and for other purposes.", 
  "popular_title": null, 
  "related_bills": [], 
  "short_title": "Taxpayers' Cancer Research Funding Act of 2005", 
  "sponsor": {
    "district": "3", 
    "name": "King, Peter T.", 
    "state": "NY", 
    "thomas_id": "00635", 
    "title": "Rep", 
    "type": "person"
  }, 
  "status": "REFERRED", 
  "status_at": "2005-12-16", 
  "subjects": [
    "Breast cancer", 
    "Checkoff", 
    "Economics and public finance", 
    "Federal aid to research", 
    "Government trust funds", 
    "Health", 
    "Income tax", 
    "Medical research", 
    "Prostate cancer", 
    "Research grants", 
    "Science, technology, communications", 
    "Tax returns", 
    "Taxation", 
    "Women"
  ], 
  "subjects_top_term": "Taxation", 
  "summary": {
    "as": "Introduced", 
    "date": "2005-12-16", 
    "text": "Taxpayers' Cancer Research Funding Act of 2005 - Amends the Internal Revenue Code to allow taxpayers to designate on their tax returns a $5 contribution to the Breast and Prostate Cancer Research Fund ($10 for joint returns). Establishes in the Treasury the Breast and Prostate Cancer Research Fund to award grants for breast or prostate cancer research."
  }, 
  "titles": [
    {
      "as": "introduced", 
      "title": "Taxpayers' Cancer Research Funding Act of 2005", 
      "type": "short"
    }, 
    {
      "as": "introduced", 
      "title": "To amend the Internal Revenue Code of 1986 to establish and provide a checkoff for a Breast and Prostate Cancer Research Fund, and for other purposes.", 
      "type": "official"
    }
  ], 
  "updated_at": "2013-02-02T20:41:12-05:00"
}