{
  "actions": [
    {
      "acted_at": "2005-12-15", 
      "committee": "House Committee on Agriculture", 
      "references": [], 
      "status": "REFERRED", 
      "text": "Referred to the House Committee on Agriculture.", 
      "type": "referral"
    }, 
    {
      "acted_at": "2006-01-09", 
      "in_committee": "House Committee on Agriculture", 
      "references": [], 
      "subcommittee": "Department Operations, Oversight, Nutrition and Forestry", 
      "text": "Referred to the Subcommittee on Department Operations, Oversight, Nutrition and Forestry.", 
      "type": "referral"
    }, 
    {
      "acted_at": "2006-07-21", 
      "in_committee": "House Committee on Agriculture", 
      "references": [], 
      "text": "Executive Comment Requested from USDA.", 
      "type": "action"
    }, 
    {
      "acted_at": "2006-09-21", 
      "in_committee": "House Committee on Agriculture", 
      "references": [], 
      "text": "Committee Consideration and Mark-up Session Held.", 
      "type": "action"
    }, 
    {
      "acted_at": "2006-09-21", 
      "in_committee": "House Committee on Agriculture", 
      "references": [], 
      "text": "Subcommittee on Department Operations, Oversight, Nutrition and Forestry Discharged.", 
      "type": "action"
    }, 
    {
      "acted_at": "2006-09-21", 
      "in_committee": "House Committee on Agriculture", 
      "references": [], 
      "status": "REPORTED", 
      "text": "Ordered to be Reported (Amended) by Voice Vote.", 
      "type": "calendar"
    }, 
    {
      "acted_at": "2006-09-26T13:53:00-04:00", 
      "references": [], 
      "text": "Mr. Goodlatte moved to suspend the rules and pass the bill, as amended.", 
      "type": "action"
    }, 
    {
      "acted_at": "2006-09-26T13:53:00-04:00", 
      "references": [
        {
          "reference": "CR H7374-7375", 
          "type": "consideration"
        }
      ], 
      "text": "Considered under suspension of the rules.", 
      "type": "action"
    }, 
    {
      "acted_at": "2006-09-26T13:54:00-04:00", 
      "references": [], 
      "text": "DEBATE - The House proceeded with forty minutes of debate on H.R. 4559.", 
      "type": "action"
    }, 
    {
      "acted_at": "2006-09-26T13:56:00-04:00", 
      "how": "by voice vote", 
      "references": [
        {
          "reference": "CR H7374-7375", 
          "type": "text"
        }
      ], 
      "result": "pass", 
      "status": "PASS_OVER:HOUSE", 
      "suspension": null, 
      "text": "On motion to suspend the rules and pass the bill, as amended Agreed to by voice vote.", 
      "type": "vote", 
      "vote_type": "vote", 
      "where": "h"
    }, 
    {
      "acted_at": "2006-09-26T13:56:00-04:00", 
      "references": [], 
      "text": "Motion to reconsider laid on the table Agreed to without objection.", 
      "type": "action"
    }, 
    {
      "acted_at": "2006-09-26T13:56:00-04:00", 
      "references": [], 
      "text": "The title of the measure was amended. Agreed to without objection.", 
      "type": "action"
    }, 
    {
      "acted_at": "2006-09-27", 
      "references": [], 
      "text": "Received in the Senate, read twice.", 
      "type": "action"
    }, 
    {
      "acted_at": "2006-11-16", 
      "how": "by Unanimous Consent", 
      "references": [
        {
          "reference": "CR S11096", 
          "type": "consideration"
        }, 
        {
          "reference": "CR S11096", 
          "type": "text as passed Senate"
        }
      ], 
      "result": "pass", 
      "status": "PASSED:BILL", 
      "text": "Passed Senate without amendment by Unanimous Consent.", 
      "type": "vote", 
      "vote_type": "vote2", 
      "where": "s"
    }, 
    {
      "acted_at": "2006-11-16", 
      "references": [], 
      "text": "Cleared for White House.", 
      "type": "topresident"
    }, 
    {
      "acted_at": "2006-11-17", 
      "references": [], 
      "text": "Message on Senate action sent to the House.", 
      "type": "action"
    }, 
    {
      "acted_at": "2006-12-04", 
      "references": [], 
      "text": "Presented to President.", 
      "type": "topresident"
    }, 
    {
      "acted_at": "2006-12-12", 
      "references": [], 
      "text": "Signed by President.", 
      "type": "signed"
    }, 
    {
      "acted_at": "2006-12-12", 
      "congress": "109", 
      "law": "public", 
      "number": "387", 
      "references": [], 
      "status": "ENACTED:SIGNED", 
      "text": "Became Public Law No: 109-387.", 
      "type": "enacted"
    }
  ], 
  "amendments": [], 
  "bill_id": "hr4559-109", 
  "bill_type": "hr", 
  "committees": [
    {
      "activity": [
        "referral", 
        "markup"
      ], 
      "committee": "House Agriculture", 
      "committee_id": "HSAG"
    }, 
    {
      "activity": [
        "referral", 
        "discharged"
      ], 
      "committee": "House Agriculture", 
      "committee_id": "HSAG", 
      "subcommittee": "Subcommittee on Department Operations, Oversight, Dairy, Nutrition, and Forestry", 
      "subcommittee_id": "22"
    }
  ], 
  "congress": "109", 
  "cosponsors": [], 
  "enacted_as": {
    "congress": "109", 
    "law_type": "public", 
    "number": "387"
  }, 
  "history": {
    "awaiting_signature": false, 
    "enacted": true, 
    "enacted_at": "2006-12-12", 
    "house_passage_result": "pass", 
    "house_passage_result_at": "2006-09-26T13:56:00-04:00", 
    "senate_passage_result": "pass", 
    "senate_passage_result_at": "2006-11-16", 
    "vetoed": false
  }, 
  "introduced_at": "2005-12-15", 
  "number": "4559", 
  "official_title": "To provide for the conveyance of certain National Forest System land to the towns of Laona and Wabeno, Wisconsin, and for other purposes.", 
  "popular_title": null, 
  "related_bills": [], 
  "short_title": null, 
  "sponsor": {
    "district": "8", 
    "name": "Green, Mark", 
    "state": "WI", 
    "thomas_id": "01559", 
    "title": "Rep", 
    "type": "person"
  }, 
  "status": "ENACTED:SIGNED", 
  "status_at": "2006-12-12", 
  "subjects": [
    "Commerce", 
    "Government operations and politics", 
    "Industrial parks", 
    "Land transfers", 
    "National forests", 
    "Public lands and natural resources", 
    "Small towns", 
    "Wisconsin"
  ], 
  "subjects_top_term": "Public lands and natural resources", 
  "summary": {
    "as": "Public Law", 
    "date": "2006-12-12", 
    "text": "Directs the Secretary of Agriculture to convey two specified parcels of National Forest System (NFS) land in Forest County, Wisconsin, to the towns of Laona and Wabeno, at their request, for use as industrial park sites in exchange for the appraised fair market value of the parcels. Requires, if necessary, the exact acreage and legal description of such lands to be determined by surveys satisfactory to the Secretary. Requires the costs of a survey to be borne by the recipient of the land. Provides for the deposit and use of proceeds from the conveyance of land under this Act, including making such proceeds available to the Secretary to acquire land and interests in land for inclusion in the Chequamegon-Nicolet National Forest. Withdraws the land to be conveyed from location, entry, and patent under the public land laws, mining laws, and mineral leasing laws, including geothermal leasing laws."
  }, 
  "titles": [
    {
      "as": "introduced", 
      "title": "To provide for the conveyance of certain National Forest System land to the towns of Laona and Wabeno, Wisconsin, to authorize the Secretary of Agriculture to convey certain isolated parcels of National Forest System land in Florence and Langlade Counties, Wisconsin, and for other purposes.", 
      "type": "official"
    }, 
    {
      "as": "amended by house", 
      "title": "To provide for the conveyance of certain National Forest System land to the towns of Laona and Wabeno, Wisconsin, and for other purposes.", 
      "type": "official"
    }
  ], 
  "updated_at": "2013-02-02T20:41:11-05:00"
}