{
  "actions": [
    {
      "acted_at": "2006-09-29", 
      "committee": "House Committee on Ways and Means", 
      "references": [], 
      "status": "REFERRED", 
      "text": "Referred to the House Committee on Ways and Means.", 
      "type": "referral"
    }
  ], 
  "amendments": [], 
  "bill_id": "hr6296-109", 
  "bill_type": "hr", 
  "committees": [
    {
      "activity": [
        "referral", 
        "in committee"
      ], 
      "committee": "House Ways and Means", 
      "committee_id": "HSWM"
    }
  ], 
  "congress": "109", 
  "cosponsors": [], 
  "enacted_as": null, 
  "history": {
    "awaiting_signature": false, 
    "enacted": false, 
    "vetoed": false
  }, 
  "introduced_at": "2006-09-29", 
  "number": "6296", 
  "official_title": "To amend the Medicare Prescription Drug, Improvement, and Modernization Act of 2003 to restore State authority to waive the application of the 35-mile rule to permit the designation of a critical access hospital in Cass County, Minnesota.", 
  "popular_title": null, 
  "related_bills": [
    {
      "bill_id": "s4011-109", 
      "reason": "identical"
    }
  ], 
  "short_title": null, 
  "sponsor": {
    "district": "8", 
    "name": "Oberstar, James L.", 
    "state": "MN", 
    "thomas_id": "00876", 
    "title": "Rep", 
    "type": "person"
  }, 
  "status": "REFERRED", 
  "status_at": "2006-09-29", 
  "subjects": [
    "Access to health care", 
    "Health", 
    "Hospitals", 
    "Housing and community development", 
    "Medicare", 
    "Minnesota", 
    "Rural health", 
    "Social welfare"
  ], 
  "subjects_top_term": "Health", 
  "summary": {
    "as": "Introduced", 
    "date": "2006-09-29", 
    "text": "Amends the Medicare Prescription Drug, Improvement, and Modernization Act of 2003 to permit the designation of a critical access hospital in Cass County, Minnesota, by exempting it from the requirement that it be certified by the state before January 1, 2006, as being a necessary provider of health care services to residents in the area. (Thus restores to Minnesota state authority to waive the application of the 35-mile rule.)"
  }, 
  "titles": [
    {
      "as": "introduced", 
      "title": "To amend the Medicare Prescription Drug, Improvement, and Modernization Act of 2003 to restore State authority to waive the application of the 35-mile rule to permit the designation of a critical access hospital in Cass County, Minnesota.", 
      "type": "official"
    }
  ], 
  "updated_at": "2013-02-02T20:41:59-05:00"
}