{
  "actions": [
    {
      "acted_at": "2006-03-08", 
      "committee": "Committee on Armed Services, and in addition to the Committees on Energy and Commerce, Education and the Workforce, Homeland Security, and International Relations, for a period to be subsequently determined by the Speaker, in each case for consideration of such provisions as fall within the jurisdiction of the committee concerned", 
      "references": [], 
      "status": "REFERRED", 
      "text": "Referred to the Committee on Armed Services, and in addition to the Committees on Energy and Commerce, Education and the Workforce, Homeland Security, and International Relations, for a period to be subsequently determined by the Speaker, in each case for consideration of such provisions as fall within the jurisdiction of the committee concerned.", 
      "type": "referral"
    }, 
    {
      "acted_at": "2006-03-08", 
      "committee": "House Armed Services", 
      "references": [], 
      "text": "Referred to House Armed Services", 
      "type": "referral"
    }, 
    {
      "acted_at": "2006-03-08", 
      "committee": "House Energy and Commerce", 
      "references": [], 
      "text": "Referred to House Energy and Commerce", 
      "type": "referral"
    }, 
    {
      "acted_at": "2006-03-08", 
      "committee": "House Education and the Workforce", 
      "references": [], 
      "text": "Referred to House Education and the Workforce", 
      "type": "referral"
    }, 
    {
      "acted_at": "2006-03-08", 
      "committee": "House Homeland Security", 
      "references": [], 
      "text": "Referred to House Homeland Security", 
      "type": "referral"
    }, 
    {
      "acted_at": "2006-03-08", 
      "committee": "House International Relations", 
      "references": [], 
      "text": "Referred to House International Relations", 
      "type": "referral"
    }, 
    {
      "acted_at": "2006-03-17", 
      "in_committee": "House Energy and Commerce", 
      "references": [], 
      "subcommittee": "Health, for a period to be subsequently determined by the Chairman", 
      "text": "Referred to the Subcommittee on Health, for a period to be subsequently determined by the Chairman.", 
      "type": "referral"
    }, 
    {
      "acted_at": "2006-03-22", 
      "in_committee": "House Armed Services", 
      "references": [], 
      "subcommittee": "Military Personnel", 
      "text": "Referred to the Subcommittee on Military Personnel.", 
      "type": "referral"
    }, 
    {
      "acted_at": "2006-05-01", 
      "in_committee": "House Education and the Workforce", 
      "references": [], 
      "subcommittee": "21st Century Competitiveness", 
      "text": "Referred to the Subcommittee on 21st Century Competitiveness.", 
      "type": "referral"
    }, 
    {
      "acted_at": "2006-05-01", 
      "in_committee": "House Education and the Workforce", 
      "references": [], 
      "subcommittee": "Education Reform", 
      "text": "Referred to the Subcommittee on Education Reform.", 
      "type": "referral"
    }
  ], 
  "amendments": [], 
  "bill_id": "hr4898-109", 
  "bill_type": "hr", 
  "committees": [
    {
      "activity": [
        "referral", 
        "in committee"
      ], 
      "committee": "House Armed Services", 
      "committee_id": "HSAS"
    }, 
    {
      "activity": [
        "referral"
      ], 
      "committee": "House Armed Services", 
      "committee_id": "HSAS", 
      "subcommittee": "Subcommittee on Military Personnel", 
      "subcommittee_id": "02"
    }, 
    {
      "activity": [
        "referral", 
        "in committee"
      ], 
      "committee": "House Energy and Commerce", 
      "committee_id": "HSIF"
    }, 
    {
      "activity": [
        "referral"
      ], 
      "committee": "House Energy and Commerce", 
      "committee_id": "HSIF", 
      "subcommittee": "Subcommittee on Health", 
      "subcommittee_id": "14"
    }, 
    {
      "activity": [
        "referral", 
        "in committee"
      ], 
      "committee": "House Education and the Workforce", 
      "committee_id": "HSED"
    }, 
    {
      "activity": [
        "referral"
      ], 
      "committee": "House Education and the Workforce", 
      "committee_id": "HSED", 
      "subcommittee": "Subcommittee on 21st Century Competitiveness", 
      "subcommittee_id": "13"
    }, 
    {
      "activity": [
        "referral"
      ], 
      "committee": "House Education and the Workforce", 
      "committee_id": "HSED", 
      "subcommittee": "Subcommittee on Education Reform", 
      "subcommittee_id": "14"
    }, 
    {
      "activity": [
        "referral", 
        "in committee"
      ], 
      "committee": "House Homeland Security", 
      "committee_id": "HSHM"
    }, 
    {
      "activity": [
        "referral", 
        "in committee"
      ], 
      "committee": "House International Relations", 
      "committee_id": "HSFA"
    }
  ], 
  "congress": "109", 
  "cosponsors": [
    {
      "district": "31", 
      "name": "Becerra, Xavier", 
      "sponsored_at": "2006-03-30", 
      "state": "CA", 
      "thomas_id": "00070", 
      "title": "Rep", 
      "withdrawn_at": null
    }, 
    {
      "district": "3", 
      "name": "Brown, Corrine", 
      "sponsored_at": "2006-03-30", 
      "state": "FL", 
      "thomas_id": "00132", 
      "title": "Rep", 
      "withdrawn_at": null
    }, 
    {
      "district": "7", 
      "name": "Carson, Julia", 
      "sponsored_at": "2006-03-28", 
      "state": "IN", 
      "thomas_id": "01473", 
      "title": "Rep", 
      "withdrawn_at": null
    }, 
    {
      "district": null, 
      "name": "Christensen, Donna M.", 
      "sponsored_at": "2006-04-04", 
      "state": "VI", 
      "thomas_id": "01474", 
      "title": "Rep", 
      "withdrawn_at": null
    }, 
    {
      "district": "1", 
      "name": "Clay, Wm. Lacy", 
      "sponsored_at": "2006-03-08", 
      "state": "MO", 
      "thomas_id": "01654", 
      "title": "Rep", 
      "withdrawn_at": null
    }, 
    {
      "district": "14", 
      "name": "Conyers, John, Jr.", 
      "sponsored_at": "2006-03-08", 
      "state": "MI", 
      "thomas_id": "00229", 
      "title": "Rep", 
      "withdrawn_at": null
    }, 
    {
      "district": "7", 
      "name": "Davis, Danny K.", 
      "sponsored_at": "2006-03-08", 
      "state": "IL", 
      "thomas_id": "01477", 
      "title": "Rep", 
      "withdrawn_at": null
    }, 
    {
      "district": "17", 
      "name": "Evans, Lane", 
      "sponsored_at": "2006-03-28", 
      "state": "IL", 
      "thomas_id": "00361", 
      "title": "Rep", 
      "withdrawn_at": null
    }, 
    {
      "district": "17", 
      "name": "Farr, Sam", 
      "sponsored_at": "2006-03-30", 
      "state": "CA", 
      "thomas_id": "00368", 
      "title": "Rep", 
      "withdrawn_at": null
    }, 
    {
      "district": "51", 
      "name": "Filner, Bob", 
      "sponsored_at": "2006-03-30", 
      "state": "CA", 
      "thomas_id": "00381", 
      "title": "Rep", 
      "withdrawn_at": null
    }, 
    {
      "district": "7", 
      "name": "Grijalva, Raul M.", 
      "sponsored_at": "2006-03-08", 
      "state": "AZ", 
      "thomas_id": "01708", 
      "title": "Rep", 
      "withdrawn_at": null
    }, 
    {
      "district": "4", 
      "name": "Gutierrez, Luis V.", 
      "sponsored_at": "2006-03-30", 
      "state": "IL", 
      "thomas_id": "00478", 
      "title": "Rep", 
      "withdrawn_at": null
    }, 
    {
      "district": "22", 
      "name": "Hinchey, Maurice D.", 
      "sponsored_at": "2006-03-28", 
      "state": "NY", 
      "thomas_id": "00541", 
      "title": "Rep", 
      "withdrawn_at": null
    }, 
    {
      "district": "15", 
      "name": "Honda, Michael M.", 
      "sponsored_at": "2006-03-08", 
      "state": "CA", 
      "thomas_id": "01634", 
      "title": "Rep", 
      "withdrawn_at": null
    }, 
    {
      "district": "2", 
      "name": "Jackson, Jesse L., Jr.", 
      "sponsored_at": "2006-03-30", 
      "state": "IL", 
      "thomas_id": "00587", 
      "title": "Rep", 
      "withdrawn_at": null
    }, 
    {
      "district": "18", 
      "name": "Jackson-Lee, Sheila", 
      "sponsored_at": "2006-03-08", 
      "state": "TX", 
      "thomas_id": "00588", 
      "title": "Rep", 
      "withdrawn_at": null
    }, 
    {
      "district": "11", 
      "name": "Jones, Stephanie Tubbs", 
      "sponsored_at": "2006-03-30", 
      "state": "OH", 
      "thomas_id": "01581", 
      "title": "Rep", 
      "withdrawn_at": null
    }, 
    {
      "district": "9", 
      "name": "Kaptur, Marcy", 
      "sponsored_at": "2006-03-30", 
      "state": "OH", 
      "thomas_id": "00616", 
      "title": "Rep", 
      "withdrawn_at": null
    }, 
    {
      "district": "13", 
      "name": "Kilpatrick, Carolyn C.", 
      "sponsored_at": "2006-03-28", 
      "state": "MI", 
      "thomas_id": "01497", 
      "title": "Rep", 
      "withdrawn_at": null
    }, 
    {
      "district": "10", 
      "name": "Kucinich, Dennis J.", 
      "sponsored_at": "2006-03-08", 
      "state": "OH", 
      "thomas_id": "01499", 
      "title": "Rep", 
      "withdrawn_at": null
    }, 
    {
      "district": "9", 
      "name": "Lee, Barbara", 
      "sponsored_at": "2006-03-08", 
      "state": "CA", 
      "thomas_id": "01501", 
      "title": "Rep", 
      "withdrawn_at": null
    }, 
    {
      "district": "5", 
      "name": "Lewis, John", 
      "sponsored_at": "2006-03-30", 
      "state": "GA", 
      "thomas_id": "00688", 
      "title": "Rep", 
      "withdrawn_at": null
    }, 
    {
      "district": "14", 
      "name": "Maloney, Carolyn B.", 
      "sponsored_at": "2006-04-04", 
      "state": "NY", 
      "thomas_id": "00729", 
      "title": "Rep", 
      "withdrawn_at": null
    }, 
    {
      "district": "7", 
      "name": "McDermott, Jim", 
      "sponsored_at": "2006-03-08", 
      "state": "WA", 
      "thomas_id": "00766", 
      "title": "Rep", 
      "withdrawn_at": null
    }, 
    {
      "district": "3", 
      "name": "McGovern, James P.", 
      "sponsored_at": "2006-03-08", 
      "state": "MA", 
      "thomas_id": "01504", 
      "title": "Rep", 
      "withdrawn_at": null
    }, 
    {
      "district": "4", 
      "name": "McKinney, Cynthia A.", 
      "sponsored_at": "2006-03-08", 
      "state": "GA", 
      "thomas_id": "00780", 
      "title": "Rep", 
      "withdrawn_at": null
    }, 
    {
      "district": "4", 
      "name": "Moore, Gwen", 
      "sponsored_at": "2006-04-04", 
      "state": "WI", 
      "thomas_id": "01811", 
      "title": "Rep", 
      "withdrawn_at": null
    }, 
    {
      "district": "8", 
      "name": "Nadler, Jerrold", 
      "sponsored_at": "2006-03-08", 
      "state": "NY", 
      "thomas_id": "00850", 
      "title": "Rep", 
      "withdrawn_at": null
    }, 
    {
      "district": "1", 
      "name": "Olver, John W.", 
      "sponsored_at": "2006-03-30", 
      "state": "MA", 
      "thomas_id": "00879", 
      "title": "Rep", 
      "withdrawn_at": null
    }, 
    {
      "district": "11", 
      "name": "Owens, Major R.", 
      "sponsored_at": "2006-03-08", 
      "state": "NY", 
      "thomas_id": "00883", 
      "title": "Rep", 
      "withdrawn_at": null
    }, 
    {
      "district": "1", 
      "name": "Rush, Bobby L.", 
      "sponsored_at": "2006-03-30", 
      "state": "IL", 
      "thomas_id": "01003", 
      "title": "Rep", 
      "withdrawn_at": null
    }, 
    {
      "district": "9", 
      "name": "Schakowsky, Janice D.", 
      "sponsored_at": "2006-03-08", 
      "state": "IL", 
      "thomas_id": "01588", 
      "title": "Rep", 
      "withdrawn_at": null
    }, 
    {
      "district": "16", 
      "name": "Serrano, Jose E.", 
      "sponsored_at": "2006-03-28", 
      "state": "NY", 
      "thomas_id": "01042", 
      "title": "Rep", 
      "withdrawn_at": null
    }, 
    {
      "district": "32", 
      "name": "Solis, Hilda L.", 
      "sponsored_at": "2006-03-30", 
      "state": "CA", 
      "thomas_id": "01636", 
      "title": "Rep", 
      "withdrawn_at": null
    }, 
    {
      "district": "13", 
      "name": "Stark, Fortney Pete", 
      "sponsored_at": "2006-03-08", 
      "state": "CA", 
      "thomas_id": "01101", 
      "title": "Rep", 
      "withdrawn_at": null
    }, 
    {
      "district": "2", 
      "name": "Thompson, Bennie G.", 
      "sponsored_at": "2006-03-30", 
      "state": "MS", 
      "thomas_id": "01151", 
      "title": "Rep", 
      "withdrawn_at": null
    }, 
    {
      "district": "12", 
      "name": "Velazquez, Nydia M.", 
      "sponsored_at": "2006-03-30", 
      "state": "NY", 
      "thomas_id": "01184", 
      "title": "Rep", 
      "withdrawn_at": null
    }, 
    {
      "district": "33", 
      "name": "Watson, Diane E.", 
      "sponsored_at": "2006-03-30", 
      "state": "CA", 
      "thomas_id": "01682", 
      "title": "Rep", 
      "withdrawn_at": null
    }
  ], 
  "enacted_as": null, 
  "history": {
    "awaiting_signature": false, 
    "enacted": false, 
    "vetoed": false
  }, 
  "introduced_at": "2006-03-08", 
  "number": "4898", 
  "official_title": "To reallocate funds toward sensible priorities such as improved children's education, increased children's access to health care, expanded job training, and increased energy efficiency and conservation through a reduction of wasteful defense spending, and for other purposes.", 
  "popular_title": null, 
  "related_bills": [], 
  "short_title": "Common Sense Budget Act of 2006", 
  "sponsor": {
    "district": "6", 
    "name": "Woolsey, Lynn C.", 
    "state": "CA", 
    "thomas_id": "01242", 
    "title": "Rep", 
    "type": "person"
  }, 
  "status": "REFERRED", 
  "status_at": "2006-03-08", 
  "subjects": [
    "Alternative energy sources", 
    "Armed forces and national security", 
    "Ballistic missile defenses", 
    "Budget deficits", 
    "Building construction", 
    "Crime and law enforcement", 
    "Defense budgets", 
    "Department of Defense", 
    "Department of Education", 
    "Department of Energy", 
    "Department of Health and Human Services", 
    "Department of Homeland Security", 
    "Department of Labor", 
    "Department of State", 
    "Developing countries", 
    "Disaster relief", 
    "Dislocated workers", 
    "Economic assistance", 
    "Economics and public finance", 
    "Education", 
    "Elementary and secondary education", 
    "Emergency management", 
    "Energy", 
    "Energy conservation", 
    "Energy efficiency", 
    "Families", 
    "Federal aid to child health services", 
    "Federal aid to education", 
    "Federal aid to research", 
    "Federal budgets", 
    "Fighter aircraft", 
    "Finance and financial sector", 
    "Government operations and politics", 
    "Government spending reductions", 
    "Health", 
    "Health insurance", 
    "Illiteracy", 
    "International affairs", 
    "International relief", 
    "Job hunting", 
    "Labor and employment", 
    "Medical research", 
    "Medically uninsured", 
    "Military aircraft", 
    "Military personnel", 
    "Military research", 
    "Nuclear ships", 
    "Nuclear weapons", 
    "Poor children", 
    "Poverty", 
    "Productivity in government", 
    "Reprogramming of appropriated funds", 
    "Research and development", 
    "Research grants", 
    "School buildings", 
    "Science, technology, communications", 
    "Security measures", 
    "Social welfare", 
    "Space activities", 
    "Space warfare", 
    "Submarines", 
    "Sustainable development", 
    "Terrorism", 
    "Unemployment", 
    "Warships", 
    "Waste in government spending", 
    "World health"
  ], 
  "subjects_top_term": "Armed forces and national security", 
  "summary": {
    "as": "Introduced", 
    "date": "2006-03-08", 
    "text": "Common Sense Budget Act of 2006 - Requires certain reductions in amounts appropriated for FY2007 for specified Department of Defense (DOD) and Department of Energy (DOE) programs. Makes amounts from such reductions available for: (1) modernization of school facilities; (2) state child health plans; (3) adult and dislocated worker employment and training activities; (4) programs to increase energy efficiency and conservation and increase investment in sustainable and renewable energy alternatives; (5) sustainable development and humanitarian assistance programs to alleviate global poverty, illiteracy, unemployment, disease, and disaster; (6) homeland security safeguard improvements; (7) reduction of the deficit; and (8) medical research."
  }, 
  "titles": [
    {
      "as": "introduced", 
      "title": "Common Sense Budget Act of 2006", 
      "type": "short"
    }, 
    {
      "as": "introduced", 
      "title": "To reallocate funds toward sensible priorities such as improved children's education, increased children's access to health care, expanded job training, and increased energy efficiency and conservation through a reduction of wasteful defense spending, and for other purposes.", 
      "type": "official"
    }
  ], 
  "updated_at": "2013-02-02T20:41:20-05:00"
}