{
  "actions": [
    {
      "acted_at": "2006-12-06", 
      "committee": "Committee on Energy and Commerce, and in addition to the Committee on Ways and Means, for a period to be subsequently determined by the Speaker, in each case for consideration of such provisions as fall within the jurisdiction of the committee concerned", 
      "references": [], 
      "status": "REFERRED", 
      "text": "Referred to the Committee on Energy and Commerce, and in addition to the Committee on Ways and Means, for a period to be subsequently determined by the Speaker, in each case for consideration of such provisions as fall within the jurisdiction of the committee concerned.", 
      "type": "referral"
    }, 
    {
      "acted_at": "2006-12-06", 
      "committee": "House Energy and Commerce", 
      "references": [], 
      "text": "Referred to House Energy and Commerce", 
      "type": "referral"
    }, 
    {
      "acted_at": "2006-12-06", 
      "committee": "House Ways and Means", 
      "references": [], 
      "text": "Referred to House Ways and Means", 
      "type": "referral"
    }
  ], 
  "amendments": [], 
  "bill_id": "hr6395-109", 
  "bill_type": "hr", 
  "committees": [
    {
      "activity": [
        "referral", 
        "in committee"
      ], 
      "committee": "House Energy and Commerce", 
      "committee_id": "HSIF"
    }, 
    {
      "activity": [
        "referral", 
        "in committee"
      ], 
      "committee": "House Ways and Means", 
      "committee_id": "HSWM"
    }
  ], 
  "congress": "109", 
  "cosponsors": [], 
  "enacted_as": null, 
  "history": {
    "awaiting_signature": false, 
    "enacted": false, 
    "vetoed": false
  }, 
  "introduced_at": "2006-12-06", 
  "number": "6395", 
  "official_title": "To ensure an adequate supply of public health professionals, and for other purposes.", 
  "popular_title": null, 
  "related_bills": [], 
  "short_title": "Expanding, Rebuilding, and Improving Access to Qualified Health Care Professionals in Hurricanes Katrina and Rita Affected Areas Act", 
  "sponsor": {
    "district": "2", 
    "name": "Jefferson, William J.", 
    "state": "LA", 
    "thomas_id": "00592", 
    "title": "Rep", 
    "type": "person"
  }, 
  "status": "REFERRED", 
  "status_at": "2006-12-06", 
  "subjects": [
    "Alabama", 
    "Authorization", 
    "Block grants", 
    "Building construction", 
    "Child health", 
    "Clinics", 
    "Continuing education", 
    "Department of Health and Human Services", 
    "Disaster relief", 
    "Economics and public finance", 
    "Education", 
    "Emergency management", 
    "Emergency medicine", 
    "Families", 
    "Federal aid to education", 
    "Federal aid to health facilities", 
    "Floods", 
    "Government operations and politics", 
    "Government publicity", 
    "Grants-in-aid", 
    "Health", 
    "Higher education", 
    "Hurricane aftermath legislation", 
    "Labor and employment", 
    "Louisiana", 
    "Maintenance and repair", 
    "Medical education", 
    "Minorities", 
    "Minorities in medicine", 
    "Minority education", 
    "Minority health", 
    "Mississippi", 
    "Public health personnel", 
    "Recruiting of employees", 
    "Scholarships", 
    "Social welfare", 
    "Student loan funds", 
    "Texas", 
    "Trauma care"
  ], 
  "subjects_top_term": "Health", 
  "summary": {
    "as": "Introduced", 
    "date": "2006-12-06", 
    "text": "Expanding, Rebuilding, and Improving Access to Qualified Health Care Professionals in Hurricanes Katrina and Rita Affected Areas Act - Amends the Public Health Service Act to require the Secretary of Health and Human Services to establish: (1) the Hurricanes Katrina and Rita Public Health Workforce Scholarship Program to ensure an adequate supply of public health professionals in state and local public health agencies in areas directly affected by Hurricane Katrina or Rita; and (2) the Hurricanes Katrina and Rita Public Health Workforce Loan Repayment Program for individuals agreeing to work at a public health agency. Provides for an additional loan repayment incentive amount for working in a Hurricane Katrina or Rita priority service area. Provides for grants to test, implement, and evaluate models of cultural competence training. Reauthorizes appropriations for: (1) assistance to individuals from disadvantaged backgrounds to undertake education to enter a health profession; (2) assistance to schools for programs of excellence in health professions education for underrepresented minorities; and (3) a loan repayment program for qualified health professionals that agree to conduct certain prevention activities. Allows the Secretary to make grants for scholarships to individuals changing careers to a health profession. Gives priority to individuals who are from disadvantaged backgrounds and who seek to work in areas affected by Hurricane Katrina or Rita. Requires the Secretary to make additional payments under title XX (Block Grants to States for Social Services) of the Social Security Act to states directly affected by Hurricane Katrina or Rita for: (1) health services; (2) health professional recruitment, training, and retention programs; and (3) repair, renovation, and construction of health facilities."
  }, 
  "titles": [
    {
      "as": "introduced", 
      "title": "Expanding, Rebuilding, and Improving Access to Qualified Health Care Professionals in Hurricanes Katrina and Rita Affected Areas Act", 
      "type": "short"
    }, 
    {
      "as": "introduced", 
      "title": "To ensure an adequate supply of public health professionals, and for other purposes.", 
      "type": "official"
    }
  ], 
  "updated_at": "2013-02-02T20:42:01-05:00"
}