{
  "actions": [
    {
      "acted_at": "2005-03-03", 
      "committee": "House Committee on International Relations", 
      "references": [], 
      "status": "REFERRED", 
      "text": "Referred to the House Committee on International Relations.", 
      "type": "referral"
    }
  ], 
  "amendments": [], 
  "bill_id": "hr1133-109", 
  "bill_type": "hr", 
  "committees": [
    {
      "activity": [
        "referral", 
        "in committee"
      ], 
      "committee": "House International Relations", 
      "committee_id": "HSFA"
    }
  ], 
  "congress": "109", 
  "cosponsors": [
    {
      "district": "5", 
      "name": "Ackerman, Gary L.", 
      "sponsored_at": "2005-05-03", 
      "state": "NY", 
      "thomas_id": "00004", 
      "title": "Rep", 
      "withdrawn_at": null
    }, 
    {
      "district": "1", 
      "name": "Berkley, Shelley", 
      "sponsored_at": "2005-07-14", 
      "state": "NV", 
      "thomas_id": "01576", 
      "title": "Rep", 
      "withdrawn_at": null
    }, 
    {
      "district": "28", 
      "name": "Berman, Howard L.", 
      "sponsored_at": "2005-04-13", 
      "state": "CA", 
      "thomas_id": "00082", 
      "title": "Rep", 
      "withdrawn_at": null
    }, 
    {
      "district": "3", 
      "name": "Blumenauer, Earl", 
      "sponsored_at": "2005-04-13", 
      "state": "OR", 
      "thomas_id": "00099", 
      "title": "Rep", 
      "withdrawn_at": null
    }, 
    {
      "district": "5", 
      "name": "Burton, Dan", 
      "sponsored_at": "2005-05-19", 
      "state": "IN", 
      "thomas_id": "00154", 
      "title": "Rep", 
      "withdrawn_at": null
    }, 
    {
      "district": "3", 
      "name": "Carnahan, Russ", 
      "sponsored_at": "2005-06-22", 
      "state": "MO", 
      "thomas_id": "01789", 
      "title": "Rep", 
      "withdrawn_at": null
    }, 
    {
      "district": "7", 
      "name": "Crowley, Joseph", 
      "sponsored_at": "2005-05-19", 
      "state": "NY", 
      "thomas_id": "01604", 
      "title": "Rep", 
      "withdrawn_at": null
    }, 
    {
      "district": "21", 
      "name": "Diaz-Balart, Lincoln", 
      "sponsored_at": "2005-05-19", 
      "state": "FL", 
      "thomas_id": "00294", 
      "title": "Rep", 
      "withdrawn_at": null
    }, 
    {
      "district": "17", 
      "name": "Evans, Lane", 
      "sponsored_at": "2005-06-22", 
      "state": "IL", 
      "thomas_id": "00361", 
      "title": "Rep", 
      "withdrawn_at": null
    }, 
    {
      "district": null, 
      "name": "Faleomavaega, Eni F.H.", 
      "sponsored_at": "2005-05-26", 
      "state": "AS", 
      "thomas_id": "00367", 
      "title": "Rep", 
      "withdrawn_at": null
    }, 
    {
      "district": "23", 
      "name": "Hastings, Alcee L.", 
      "sponsored_at": "2005-05-19", 
      "state": "FL", 
      "thomas_id": "00511", 
      "title": "Rep", 
      "withdrawn_at": null
    }, 
    {
      "district": "6", 
      "name": "Kennedy, Mark R.", 
      "sponsored_at": "2005-04-13", 
      "state": "MN", 
      "thomas_id": "01652", 
      "title": "Rep", 
      "withdrawn_at": null
    }, 
    {
      "district": "1", 
      "name": "Kennedy, Patrick J.", 
      "sponsored_at": "2005-04-13", 
      "state": "RI", 
      "thomas_id": "00627", 
      "title": "Rep", 
      "withdrawn_at": null
    }, 
    {
      "district": "29", 
      "name": "Kuhl, John R. \"Randy\", Jr.", 
      "sponsored_at": "2005-04-13", 
      "state": "NY", 
      "thomas_id": "01795", 
      "title": "Rep", 
      "withdrawn_at": null
    }, 
    {
      "district": "12", 
      "name": "Lantos, Tom", 
      "sponsored_at": "2005-03-03", 
      "state": "CA", 
      "thomas_id": "00663", 
      "title": "Rep", 
      "withdrawn_at": null
    }, 
    {
      "district": "3", 
      "name": "McGovern, James P.", 
      "sponsored_at": "2005-05-03", 
      "state": "MA", 
      "thomas_id": "01504", 
      "title": "Rep", 
      "withdrawn_at": null
    }, 
    {
      "district": "21", 
      "name": "McNulty, Michael R.", 
      "sponsored_at": "2005-05-19", 
      "state": "NY", 
      "thomas_id": "00785", 
      "title": "Rep", 
      "withdrawn_at": null
    }, 
    {
      "district": "6", 
      "name": "Pallone, Frank, Jr.", 
      "sponsored_at": "2005-04-13", 
      "state": "NJ", 
      "thomas_id": "00887", 
      "title": "Rep", 
      "withdrawn_at": null
    }, 
    {
      "district": "10", 
      "name": "Payne, Donald M.", 
      "sponsored_at": "2005-03-03", 
      "state": "NJ", 
      "thomas_id": "00902", 
      "title": "Rep", 
      "withdrawn_at": null
    }, 
    {
      "district": "8", 
      "name": "Pelosi, Nancy", 
      "sponsored_at": "2005-04-21", 
      "state": "CA", 
      "thomas_id": "00905", 
      "title": "Rep", 
      "withdrawn_at": null
    }, 
    {
      "district": "4", 
      "name": "Price, David E.", 
      "sponsored_at": "2005-05-26", 
      "state": "NC", 
      "thomas_id": "00930", 
      "title": "Rep", 
      "withdrawn_at": null
    }, 
    {
      "district": "18", 
      "name": "Ros-Lehtinen, Ileana", 
      "sponsored_at": "2005-04-13", 
      "state": "FL", 
      "thomas_id": "00985", 
      "title": "Rep", 
      "withdrawn_at": null
    }, 
    {
      "district": "29", 
      "name": "Schiff, Adam B.", 
      "sponsored_at": "2005-04-13", 
      "state": "CA", 
      "thomas_id": "01635", 
      "title": "Rep", 
      "withdrawn_at": null
    }, 
    {
      "district": "4", 
      "name": "Smith, Christopher H.", 
      "sponsored_at": "2005-03-03", 
      "state": "NJ", 
      "thomas_id": "01071", 
      "title": "Rep", 
      "withdrawn_at": null
    }, 
    {
      "district": "3", 
      "name": "Souder, Mark E.", 
      "sponsored_at": "2005-05-03", 
      "state": "IN", 
      "thomas_id": "01089", 
      "title": "Rep", 
      "withdrawn_at": null
    }, 
    {
      "district": "6", 
      "name": "Tancredo, Thomas G.", 
      "sponsored_at": "2005-04-13", 
      "state": "CO", 
      "thomas_id": "01592", 
      "title": "Rep", 
      "withdrawn_at": null
    }, 
    {
      "district": "20", 
      "name": "Wasserman Schultz, Debbie", 
      "sponsored_at": "2005-05-26", 
      "state": "FL", 
      "thomas_id": "01777", 
      "title": "Rep", 
      "withdrawn_at": null
    }
  ], 
  "enacted_as": null, 
  "history": {
    "awaiting_signature": false, 
    "enacted": false, 
    "vetoed": false
  }, 
  "introduced_at": "2005-03-03", 
  "number": "1133", 
  "official_title": "To advance and strengthen democracy globally through peaceful means and to assist foreign countries to implement democratic forms of government, to strengthen respect for individual freedom, religious freedom, and human rights in foreign countries through increased United States advocacy, to strengthen alliances of democratic countries, to increase funding for programs of nongovernmental organizations, individuals, and private groups that promote democracy, and for other purposes.", 
  "popular_title": null, 
  "related_bills": [
    {
      "bill_id": "s516-109", 
      "reason": "related"
    }
  ], 
  "short_title": "ADVANCE Democracy Act of 2005", 
  "sponsor": {
    "district": "10", 
    "name": "Wolf, Frank R.", 
    "state": "VA", 
    "thomas_id": "01238", 
    "title": "Rep", 
    "type": "person"
  }, 
  "status": "REFERRED", 
  "status_at": "2005-03-03", 
  "subjects": [
    "Administration of justice", 
    "Administrative procedure", 
    "Africa (Sub-Saharan)", 
    "Alliances", 
    "American investments", 
    "Armed forces and national security", 
    "Arms control", 
    "Arms sales", 
    "Arts, culture, religion", 
    "Asia", 
    "Awards, medals, prizes", 
    "Ballots", 
    "Central Asia", 
    "Civil rights and liberties, minority issues", 
    "Collective security", 
    "Commemorations", 
    "Commerce", 
    "Conferences", 
    "Congress", 
    "Congress and foreign policy", 
    "Congressional oversight", 
    "Congressional reporting requirements", 
    "Congressional tributes", 
    "Crime and law enforcement", 
    "Crimes against humanity", 
    "Criminal investigation", 
    "Cultural relations", 
    "Declaration of Independence", 
    "Democracy", 
    "Department of State", 
    "Developing countries", 
    "Development credit institutions", 
    "Diplomacy", 
    "Diplomats", 
    "Dissenters", 
    "Drug abuse", 
    "Drug law enforcement", 
    "Drug traffic", 
    "East Asia", 
    "Economic assistance", 
    "Education", 
    "Electronic government information", 
    "Embassies", 
    "Employee rights", 
    "Employee training", 
    "Environmental protection", 
    "Ethnic relations", 
    "Europe", 
    "Executive Office of the President", 
    "Executive reorganization", 
    "Export controls", 
    "Export finance", 
    "Families", 
    "Federal advisory bodies", 
    "Federal employees", 
    "Federal officials", 
    "Forced labor", 
    "Foreign leaders", 
    "Foreign loans", 
    "Foreign service", 
    "Foreign trade and international finance", 
    "Free enterprise", 
    "Freedom of association", 
    "Freedom of speech", 
    "Freedom of the press", 
    "Genocide", 
    "Government ethics", 
    "Government operations and politics", 
    "Government procurement", 
    "Government property", 
    "Government publicity", 
    "Government trust funds", 
    "Governmental investigations", 
    "Higher education", 
    "Human rights", 
    "Hungary", 
    "Immigration", 
    "Import restrictions", 
    "International affairs", 
    "International agencies", 
    "International broadcasting", 
    "International cooperation in science", 
    "International environmental cooperation", 
    "International labor activities", 
    "International law", 
    "Internet", 
    "Investment guaranty insurance", 
    "Labor and employment", 
    "Language and languages", 
    "Law", 
    "Licenses", 
    "Marine and coastal resources, fisheries", 
    "Marine resources conservation", 
    "Married people", 
    "Mass media", 
    "Middle East and North Africa", 
    "Military attaches", 
    "Minorities", 
    "Murder", 
    "Nongovernmental organizations", 
    "Nonviolence", 
    "Nuclear nonproliferation", 
    "Ocean", 
    "Opposition (Political science)", 
    "Parliamentary government", 
    "Peace", 
    "Performance measurement", 
    "Pluralism (Social sciences)", 
    "Political participation", 
    "Political parties", 
    "Political persecution", 
    "Political rights", 
    "Political violence", 
    "Population", 
    "President and foreign policy", 
    "Presidential appointments", 
    "Presidential messages", 
    "Promotions", 
    "Prostitution", 
    "Public corruption", 
    "Racial discrimination", 
    "Refugees", 
    "Regionalism (International organization)", 
    "Religion", 
    "Religious liberty", 
    "Right of property", 
    "Rule of law", 
    "Salaries", 
    "Sanctions (International law)", 
    "Science, technology, communications", 
    "Sex discrimination", 
    "Slavery", 
    "South Asia", 
    "Standards", 
    "Strategic planning", 
    "Technology transfer", 
    "Torture", 
    "Translating and interpreting", 
    "United Nations", 
    "Visas", 
    "Voting rights", 
    "War crimes", 
    "Web sites", 
    "Women", 
    "Women's rights"
  ], 
  "subjects_top_term": "International affairs", 
  "summary": {
    "as": "Introduced", 
    "date": "2005-03-03", 
    "text": "Advance Democratic Values, Address Nondemocratic Countries, and Enhance Democracy Act of 2005 or the ADVANCE Democracy Act of 2005 - States that the promotion of freedom and democracy in foreign countries is a fundamental component of U.S. foreign policy. Amends the State Department Basic Authorities Act of 1956 to establish the position of Under Secretary of State for Global Affairs, who shall have primary responsibility to assist the Secretary of State in implementing policies and activities relating to the transition to, and development of, democracy in nondemocratic countries. Establishes within the Department of State: (1) an Office of Democratic Movements and Transitions; and (2) a position of Deputy Assistant Secretary of State for Democracy, Human Rights, and Labor. Directs the Secretary to establish at least one Regional Democracy Hub in U.S. missions in: (1) the Western Hemisphere; (2) Europe; (3) South Asia; (4) the Near East; (5) East Asia and the Pacific; and (6) Africa. Sets forth provisions respecting strategies and activities to enhance democracy in foreign countries. Establishes a Democracy Promotion and Human Rights Advisory Board. Directs the Secretary to: (1) establish an Internet site for global democracy and human rights; (2) require each chief of mission in each foreign country categorized as nondemocratic to develop a strategy to promote democracy and support individuals and nongovernmental organizations that are committed to democratic principles. Amends the Foreign Service Act of 1980 to include training in democracy and the promotion of democracy and human rights in provisions respecting Foreign Service training, performance pay, promotions, and chief-of-mission appointments. Expresses the sense of Congress with respect to alliances with other democratic countries, including: (1) creation of Democracy Caucuses; (2) strengthening the Community of Democracies; (3) support for the initiative of the Government of Hungary and the governments of other European countries to establish a Democracy Transition Center; and (4) support for regional initiatives. Authorizes the Secretary to make grants to U.S. nongovernmental organizations to assist the Community of Democracies. Provides funding for the Human Rights and Democracy Fund. Sets forth presidential actions with respect to nondemocratic countries. Directs the President to collect information regarding incidents that may constitute crimes against humanity, genocide, slavery, or other violations of international humanitarian law by leaders or other government officials of nondemocratic countries. Amends the the National Security Act of 1947, as amended by the International Religious Freedom Act of 1998, to express the sense of Congress that there should be within the National Security Council (NSC) a Special Assistant to the President on Nondemocratic Countries and Transition to Democracy."
  }, 
  "titles": [
    {
      "as": "introduced", 
      "title": "ADVANCE Democracy Act of 2005", 
      "type": "short"
    }, 
    {
      "as": "introduced", 
      "title": "Advance Democratic Values, Address Nondemocratic Countries, and Enhance Democracy Act of 2005", 
      "type": "short"
    }, 
    {
      "as": "introduced", 
      "title": "To advance and strengthen democracy globally through peaceful means and to assist foreign countries to implement democratic forms of government, to strengthen respect for individual freedom, religious freedom, and human rights in foreign countries through increased United States advocacy, to strengthen alliances of democratic countries, to increase funding for programs of nongovernmental organizations, individuals, and private groups that promote democracy, and for other purposes.", 
      "type": "official"
    }
  ], 
  "updated_at": "2013-02-02T20:39:38-05:00"
}