{
  "actions": [
    {
      "acted_at": "2006-03-09", 
      "references": [
        {
          "reference": "CR E337-338", 
          "type": null
        }
      ], 
      "text": "Sponsor introductory remarks on measure.", 
      "type": "action"
    }, 
    {
      "acted_at": "2006-03-09", 
      "committee": "Committee on Government Reform, and in addition to the Committee on Rules, for a period to be subsequently determined by the Speaker, in each case for consideration of such provisions as fall within the jurisdiction of the committee concerned", 
      "references": [], 
      "status": "REFERRED", 
      "text": "Referred to the Committee on Government Reform, and in addition to the Committee on Rules, for a period to be subsequently determined by the Speaker, in each case for consideration of such provisions as fall within the jurisdiction of the committee concerned.", 
      "type": "referral"
    }, 
    {
      "acted_at": "2006-03-09", 
      "committee": "House Government Reform", 
      "references": [], 
      "text": "Referred to House Government Reform", 
      "type": "referral"
    }, 
    {
      "acted_at": "2006-03-09", 
      "committee": "House Rules", 
      "references": [], 
      "text": "Referred to House Rules", 
      "type": "referral"
    }
  ], 
  "amendments": [], 
  "bill_id": "hr4926-109", 
  "bill_type": "hr", 
  "committees": [
    {
      "activity": [
        "referral", 
        "in committee"
      ], 
      "committee": "House Government Reform", 
      "committee_id": "HSGO"
    }, 
    {
      "activity": [
        "referral", 
        "in committee"
      ], 
      "committee": "House Rules", 
      "committee_id": "HSRU"
    }
  ], 
  "congress": "109", 
  "cosponsors": [], 
  "enacted_as": null, 
  "history": {
    "awaiting_signature": false, 
    "enacted": false, 
    "vetoed": false
  }, 
  "introduced_at": "2006-03-09", 
  "number": "4926", 
  "official_title": "To amend the District of Columbia Home Rule Act to eliminate Congressional review of newly-passed District laws.", 
  "popular_title": null, 
  "related_bills": [], 
  "short_title": "District of Columbia Legislative Autonomy Act of 2006", 
  "sponsor": {
    "district": null, 
    "name": "Norton, Eleanor Holmes", 
    "state": "DC", 
    "thomas_id": "00868", 
    "title": "Rep", 
    "type": "person"
  }, 
  "status": "REFERRED", 
  "status_at": "2006-03-09", 
  "subjects": [
    "Congress", 
    "Congressional oversight", 
    "Congressional veto", 
    "District of Columbia", 
    "Government operations and politics", 
    "House rules and procedure", 
    "Legislative resolutions", 
    "Local laws", 
    "Municipal home rule", 
    "Senate rules and procedure"
  ], 
  "subjects_top_term": "Government operations and politics", 
  "summary": {
    "as": "Introduced", 
    "date": "2006-03-09", 
    "text": "District of Columbia Legislative Autonomy Act of 2006 - Amends the District of Columbia Home Rule Act to eliminate congressional review of newly-passed District laws."
  }, 
  "titles": [
    {
      "as": "introduced", 
      "title": "District of Columbia Legislative Autonomy Act of 2006", 
      "type": "short"
    }, 
    {
      "as": "introduced", 
      "title": "To amend the District of Columbia Home Rule Act to eliminate Congressional review of newly-passed District laws.", 
      "type": "official"
    }
  ], 
  "updated_at": "2013-02-02T20:41:21-05:00"
}