{
  "actions": [
    {
      "acted_at": "2006-02-08", 
      "references": [
        {
          "reference": "CR E103", 
          "type": null
        }
      ], 
      "text": "Sponsor introductory remarks on measure.", 
      "type": "action"
    }, 
    {
      "acted_at": "2006-02-08", 
      "committee": "House Committee on the Judiciary", 
      "references": [], 
      "status": "REFERRED", 
      "text": "Referred to the House Committee on the Judiciary.", 
      "type": "referral"
    }
  ], 
  "amendments": [], 
  "bill_id": "hr4732-109", 
  "bill_type": "hr", 
  "committees": [
    {
      "activity": [
        "referral", 
        "in committee"
      ], 
      "committee": "House Judiciary", 
      "committee_id": "HSJU"
    }
  ], 
  "congress": "109", 
  "cosponsors": [
    {
      "district": "2", 
      "name": "Gibbons, Jim", 
      "sponsored_at": "2006-03-02", 
      "state": "NV", 
      "thomas_id": "01485", 
      "title": "Rep", 
      "withdrawn_at": null
    }
  ], 
  "enacted_as": null, 
  "history": {
    "awaiting_signature": false, 
    "enacted": false, 
    "vetoed": false
  }, 
  "introduced_at": "2006-02-08", 
  "number": "4732", 
  "official_title": "To amend title 18, United States Code, to provide Federal penalties for killing federally funded public safety officers.", 
  "popular_title": null, 
  "related_bills": [
    {
      "bill_id": "s1605-109", 
      "reason": "related"
    }
  ], 
  "short_title": "Sergeant Henry Prendes Memorial Act of 2006", 
  "sponsor": {
    "district": "3", 
    "name": "Porter, Jon C.", 
    "state": "NV", 
    "thomas_id": "01739", 
    "title": "Rep", 
    "type": "person"
  }, 
  "status": "REFERRED", 
  "status_at": "2006-02-08", 
  "subjects": [
    "Armed forces and national security", 
    "Capital punishment", 
    "Clergy", 
    "Conspiracy", 
    "Crime and law enforcement", 
    "Emergency management", 
    "Fines (Penalties)", 
    "Fire fighters", 
    "Government operations and politics", 
    "Health", 
    "Homicide", 
    "Judicial officers", 
    "Law", 
    "Law enforcement officers", 
    "Life imprisonment", 
    "Mandatory sentences", 
    "National Guard", 
    "Paramedical personnel", 
    "Police", 
    "Religion", 
    "Sentences (Criminal procedure)"
  ], 
  "subjects_top_term": "Crime and law enforcement", 
  "summary": {
    "as": "Introduced", 
    "date": "2006-02-08", 
    "text": "Sergeant Henry Prendes Memorial Act of 2006 - Amends the federal criminal code to impose penalties for killing, or attempting or conspiring to kill, a current or former federally-funded public safety officer engaged in official duties or on account of the performance of official duties."
  }, 
  "titles": [
    {
      "as": "introduced", 
      "title": "Sergeant Henry Prendes Memorial Act of 2006", 
      "type": "short"
    }, 
    {
      "as": "introduced", 
      "title": "To amend title 18, United States Code, to provide Federal penalties for killing federally funded public safety officers.", 
      "type": "official"
    }
  ], 
  "updated_at": "2013-02-02T20:41:15-05:00"
}