{
  "actions": [
    {
      "acted_at": "2006-06-08", 
      "references": [
        {
          "reference": "CR E1067", 
          "type": null
        }
      ], 
      "text": "Sponsor introductory remarks on measure.", 
      "type": "action"
    }, 
    {
      "acted_at": "2006-06-08", 
      "committee": "House Committee on Resources", 
      "references": [], 
      "status": "REFERRED", 
      "text": "Referred to the House Committee on Resources.", 
      "type": "referral"
    }, 
    {
      "acted_at": "2006-06-21", 
      "in_committee": "House Committee on Resources", 
      "references": [], 
      "text": "Executive Comment Requested from Interior.", 
      "type": "action"
    }, 
    {
      "acted_at": "2006-06-21", 
      "in_committee": "House Committee on Resources", 
      "references": [], 
      "subcommittee": "Water and Power", 
      "text": "Referred to the Subcommittee on Water and Power.", 
      "type": "referral"
    }
  ], 
  "amendments": [], 
  "bill_id": "hr5565-109", 
  "bill_type": "hr", 
  "committees": [
    {
      "activity": [
        "referral", 
        "in committee"
      ], 
      "committee": "House Resources", 
      "committee_id": "HSII"
    }, 
    {
      "activity": [
        "referral"
      ], 
      "committee": "House Resources", 
      "committee_id": "HSII", 
      "subcommittee": "Subcommittee on Water and Power", 
      "subcommittee_id": "13"
    }
  ], 
  "congress": "109", 
  "cosponsors": [], 
  "enacted_as": null, 
  "history": {
    "awaiting_signature": false, 
    "enacted": false, 
    "vetoed": false
  }, 
  "introduced_at": "2006-06-08", 
  "number": "5565", 
  "official_title": "To enhance and provide to the Oglala Sioux Tribe and Angostura Irrigation Project certain benefits of the Pick-Sloan Missouri River basin program.", 
  "popular_title": null, 
  "related_bills": [], 
  "short_title": "Oglala Sioux Tribe Angostura Irrigation Project Modernization and Development Act", 
  "sponsor": {
    "district": null, 
    "name": "Herseth, Stephanie", 
    "state": "SD", 
    "thomas_id": "01760", 
    "title": "Rep", 
    "type": "person"
  }, 
  "status": "REFERRED", 
  "status_at": "2006-06-08", 
  "subjects": [
    "Agriculture and food", 
    "Animals", 
    "Auditing", 
    "Dams", 
    "Economics and public finance", 
    "Education", 
    "Elementary and secondary education", 
    "Environmental protection", 
    "Federal aid to Indians", 
    "Finance and financial sector", 
    "Fishery management", 
    "Government operations and politics", 
    "Government paperwork", 
    "Government trust funds", 
    "Health", 
    "Housing and community development", 
    "Indian economic development", 
    "Indian education", 
    "Indian lands", 
    "Indian medical care", 
    "Indian water rights", 
    "Infrastructure", 
    "Infrastructure (Economics)", 
    "Interest", 
    "Investment of public funds", 
    "Irrigation", 
    "Maintenance and repair", 
    "Minorities", 
    "Missouri River development", 
    "Native Americans", 
    "Outdoor recreation", 
    "Planning", 
    "Public lands and natural resources", 
    "Reservoirs", 
    "Restoration ecology", 
    "Riparian ecology", 
    "South Dakota", 
    "Sports and recreation", 
    "Water pollution control", 
    "Water quality", 
    "Water resources development", 
    "Water supply", 
    "Wildlife conservation"
  ], 
  "subjects_top_term": "Native Americans", 
  "summary": {
    "as": "Introduced", 
    "date": "2006-06-08", 
    "text": "Oglala Sioux Tribe Angostura Irrigation Project Rehabilitation and Development Act - Directs the Secretary of the Interior to: (1) carry out the modernization and improvement of the facilities at the Angostura Unit of the Pick-Sloan Missouri River basin program; and (2) provide for the delivery of water saved through such modernization and improvement for fish and wildlife purposes and environmental restoration on the Pine Ridge Indian Reservation (South Dakota). Establishes the Oglala Sioux Tribal Development Trust Fund. Requires the governing body of the Oglala Sioux Tribe of South Dakota to prepare a plan for the use of payments to the Tribe out of the Fund. Prohibits distribution of any payment to any member of the Tribe on a per capita basis. States that no payment made to the Tribe shall result in the reduction or denial of any entitlement service or program."
  }, 
  "titles": [
    {
      "as": "introduced", 
      "title": "Oglala Sioux Tribe Angostura Irrigation Project Modernization and Development Act", 
      "type": "short"
    }, 
    {
      "as": "introduced", 
      "title": "To enhance and provide to the Oglala Sioux Tribe and Angostura Irrigation Project certain benefits of the Pick-Sloan Missouri River basin program.", 
      "type": "official"
    }
  ], 
  "updated_at": "2013-02-02T20:41:40-05:00"
}