{
  "actions": [
    {
      "acted_at": "2005-02-15", 
      "committee": "Committee on Energy and Commerce, and in addition to the Committee on Ways and Means, for a period to be subsequently determined by the Speaker, in each case for consideration of such provisions as fall within the jurisdiction of the committee concerned", 
      "references": [], 
      "status": "REFERRED", 
      "text": "Referred to the Committee on Energy and Commerce, and in addition to the Committee on Ways and Means, for a period to be subsequently determined by the Speaker, in each case for consideration of such provisions as fall within the jurisdiction of the committee concerned.", 
      "type": "referral"
    }, 
    {
      "acted_at": "2005-02-15", 
      "committee": "House Energy and Commerce", 
      "references": [], 
      "text": "Referred to House Energy and Commerce", 
      "type": "referral"
    }, 
    {
      "acted_at": "2005-02-15", 
      "committee": "House Ways and Means", 
      "references": [], 
      "text": "Referred to House Ways and Means", 
      "type": "referral"
    }, 
    {
      "acted_at": "2005-03-03", 
      "in_committee": "House Ways and Means", 
      "references": [], 
      "subcommittee": "Health", 
      "text": "Referred to the Subcommittee on Health.", 
      "type": "referral"
    }, 
    {
      "acted_at": "2005-03-14", 
      "in_committee": "House Energy and Commerce", 
      "references": [], 
      "subcommittee": "Health", 
      "text": "Referred to the Subcommittee on Health.", 
      "type": "referral"
    }
  ], 
  "amendments": [], 
  "bill_id": "hr827-109", 
  "bill_type": "hr", 
  "committees": [
    {
      "activity": [
        "referral", 
        "in committee"
      ], 
      "committee": "House Energy and Commerce", 
      "committee_id": "HSIF"
    }, 
    {
      "activity": [
        "referral"
      ], 
      "committee": "House Energy and Commerce", 
      "committee_id": "HSIF", 
      "subcommittee": "Subcommittee on Health", 
      "subcommittee_id": "14"
    }, 
    {
      "activity": [
        "referral", 
        "in committee"
      ], 
      "committee": "House Ways and Means", 
      "committee_id": "HSWM"
    }, 
    {
      "activity": [
        "referral"
      ], 
      "committee": "House Ways and Means", 
      "committee_id": "HSWM", 
      "subcommittee": "Subcommittee on Health", 
      "subcommittee_id": "02"
    }
  ], 
  "congress": "109", 
  "cosponsors": [
    {
      "district": "2", 
      "name": "Bass, Charles F.", 
      "sponsored_at": "2005-06-30", 
      "state": "NH", 
      "thomas_id": "00063", 
      "title": "Rep", 
      "withdrawn_at": null
    }, 
    {
      "district": "9", 
      "name": "Bilirakis, Michael", 
      "sponsored_at": "2005-06-30", 
      "state": "FL", 
      "thomas_id": "00089", 
      "title": "Rep", 
      "withdrawn_at": null
    }, 
    {
      "district": "45", 
      "name": "Bono Mack, Mary", 
      "sponsored_at": "2005-06-30", 
      "state": "CA", 
      "thomas_id": "01465", 
      "title": "Rep", 
      "withdrawn_at": null
    }, 
    {
      "district": "4", 
      "name": "Buyer, Steve", 
      "sponsored_at": "2005-03-09", 
      "state": "IN", 
      "thomas_id": "00160", 
      "title": "Rep", 
      "withdrawn_at": null
    }, 
    {
      "district": "4", 
      "name": "Camp, Dave", 
      "sponsored_at": "2005-04-13", 
      "state": "MI", 
      "thomas_id": "00166", 
      "title": "Rep", 
      "withdrawn_at": null
    }, 
    {
      "district": "7", 
      "name": "Cantor, Eric", 
      "sponsored_at": "2005-07-25", 
      "state": "VA", 
      "thomas_id": "01674", 
      "title": "Rep", 
      "withdrawn_at": null
    }, 
    {
      "district": "17", 
      "name": "Engel, Eliot L.", 
      "sponsored_at": "2005-06-14", 
      "state": "NY", 
      "thomas_id": "00344", 
      "title": "Rep", 
      "withdrawn_at": null
    }, 
    {
      "district": "3", 
      "name": "English, Phil", 
      "sponsored_at": "2005-10-20", 
      "state": "PA", 
      "thomas_id": "00347", 
      "title": "Rep", 
      "withdrawn_at": null
    }, 
    {
      "district": "14", 
      "name": "Eshoo, Anna G.", 
      "sponsored_at": "2005-05-05", 
      "state": "CA", 
      "thomas_id": "00355", 
      "title": "Rep", 
      "withdrawn_at": null
    }, 
    {
      "district": "7", 
      "name": "Ferguson, Mike", 
      "sponsored_at": "2005-05-03", 
      "state": "NJ", 
      "thomas_id": "01659", 
      "title": "Rep", 
      "withdrawn_at": null
    }, 
    {
      "district": "5", 
      "name": "Gillmor, Paul E.", 
      "sponsored_at": "2005-04-21", 
      "state": "OH", 
      "thomas_id": "00439", 
      "title": "Rep", 
      "withdrawn_at": null
    }, 
    {
      "district": "29", 
      "name": "Green, Gene", 
      "sponsored_at": "2005-02-15", 
      "state": "TX", 
      "thomas_id": "00462", 
      "title": "Rep", 
      "withdrawn_at": null
    }, 
    {
      "district": "5", 
      "name": "Hayworth, J. D.", 
      "sponsored_at": "2005-05-03", 
      "state": "AZ", 
      "thomas_id": "00520", 
      "title": "Rep", 
      "withdrawn_at": null
    }, 
    {
      "district": "9", 
      "name": "Hulshof, Kenny C.", 
      "sponsored_at": "2005-03-08", 
      "state": "MO", 
      "thomas_id": "01492", 
      "title": "Rep", 
      "withdrawn_at": null
    }, 
    {
      "district": "1", 
      "name": "Inslee, Jay", 
      "sponsored_at": "2005-03-15", 
      "state": "WA", 
      "thomas_id": "00584", 
      "title": "Rep", 
      "withdrawn_at": null
    }, 
    {
      "district": "3", 
      "name": "Johnson, Sam", 
      "sponsored_at": "2005-06-15", 
      "state": "TX", 
      "thomas_id": "00603", 
      "title": "Rep", 
      "withdrawn_at": null
    }, 
    {
      "district": "5", 
      "name": "Kildee, Dale E.", 
      "sponsored_at": "2005-03-08", 
      "state": "MI", 
      "thomas_id": "00631", 
      "title": "Rep", 
      "withdrawn_at": null
    }, 
    {
      "district": "9", 
      "name": "Lee, Barbara", 
      "sponsored_at": "2005-03-09", 
      "state": "CA", 
      "thomas_id": "01501", 
      "title": "Rep", 
      "withdrawn_at": null
    }, 
    {
      "district": "2", 
      "name": "Lewis, Ron", 
      "sponsored_at": "2005-02-15", 
      "state": "KY", 
      "thomas_id": "00689", 
      "title": "Rep", 
      "withdrawn_at": null
    }, 
    {
      "district": "7", 
      "name": "McDermott, Jim", 
      "sponsored_at": "2005-03-17", 
      "state": "WA", 
      "thomas_id": "00766", 
      "title": "Rep", 
      "withdrawn_at": null
    }, 
    {
      "district": "27", 
      "name": "Ortiz, Solomon P.", 
      "sponsored_at": "2005-03-09", 
      "state": "TX", 
      "thomas_id": "00880", 
      "title": "Rep", 
      "withdrawn_at": null
    }, 
    {
      "district": "8", 
      "name": "Pascrell, Bill, Jr.", 
      "sponsored_at": "2005-06-09", 
      "state": "NJ", 
      "thomas_id": "01510", 
      "title": "Rep", 
      "withdrawn_at": null
    }, 
    {
      "district": "10", 
      "name": "Payne, Donald M.", 
      "sponsored_at": "2005-04-05", 
      "state": "NJ", 
      "thomas_id": "00902", 
      "title": "Rep", 
      "withdrawn_at": null
    }, 
    {
      "district": "3", 
      "name": "Pickering, Charles W. \"Chip\"", 
      "sponsored_at": "2005-06-30", 
      "state": "MS", 
      "thomas_id": "01513", 
      "title": "Rep", 
      "withdrawn_at": null
    }, 
    {
      "district": "3", 
      "name": "Ramstad, Jim", 
      "sponsored_at": "2005-05-03", 
      "state": "MN", 
      "thomas_id": "00942", 
      "title": "Rep", 
      "withdrawn_at": null
    }, 
    {
      "district": "26", 
      "name": "Reynolds, Thomas M.", 
      "sponsored_at": "2005-10-18", 
      "state": "NY", 
      "thomas_id": "01587", 
      "title": "Rep", 
      "withdrawn_at": null
    }, 
    {
      "district": "9", 
      "name": "Rothman, Steven R.", 
      "sponsored_at": "2005-06-16", 
      "state": "NJ", 
      "thomas_id": "01520", 
      "title": "Rep", 
      "withdrawn_at": null
    }, 
    {
      "district": "32", 
      "name": "Sessions, Pete", 
      "sponsored_at": "2005-04-26", 
      "state": "TX", 
      "thomas_id": "01525", 
      "title": "Rep", 
      "withdrawn_at": null
    }, 
    {
      "district": "22", 
      "name": "Shaw, E. Clay, Jr.", 
      "sponsored_at": "2005-07-12", 
      "state": "FL", 
      "thomas_id": "01047", 
      "title": "Rep", 
      "withdrawn_at": null
    }, 
    {
      "district": "3", 
      "name": "Souder, Mark E.", 
      "sponsored_at": "2005-04-19", 
      "state": "IN", 
      "thomas_id": "01089", 
      "title": "Rep", 
      "withdrawn_at": null
    }, 
    {
      "district": "20", 
      "name": "Sweeney, John E.", 
      "sponsored_at": "2005-10-18", 
      "state": "NY", 
      "thomas_id": "01591", 
      "title": "Rep", 
      "withdrawn_at": null
    }, 
    {
      "district": "11", 
      "name": "Weller, Jerry", 
      "sponsored_at": "2005-10-20", 
      "state": "IL", 
      "thomas_id": "01216", 
      "title": "Rep", 
      "withdrawn_at": null
    }, 
    {
      "district": "1", 
      "name": "Whitfield, Ed", 
      "sponsored_at": "2005-07-21", 
      "state": "KY", 
      "thomas_id": "01222", 
      "title": "Rep", 
      "withdrawn_at": null
    }
  ], 
  "enacted_as": null, 
  "history": {
    "awaiting_signature": false, 
    "enacted": false, 
    "vetoed": false
  }, 
  "introduced_at": "2005-02-15", 
  "number": "827", 
  "official_title": "To amend title XVIII of the Social Security Act to provide for coverage of ultrasound screening for abdominal aortic aneurysms under part B of the Medicare Program.", 
  "popular_title": null, 
  "related_bills": [], 
  "short_title": "Screening Abdominal Aortic Aneurysms Very Efficiently (SAAAVE) Act of 2005", 
  "sponsor": {
    "district": "19", 
    "name": "Shimkus, John", 
    "state": "IL", 
    "thomas_id": "01527", 
    "title": "Rep", 
    "type": "person"
  }, 
  "status": "REFERRED", 
  "status_at": "2005-02-15", 
  "subjects": [
    "Accreditation (Medical care)", 
    "Administrative procedure", 
    "Cardiovascular diseases", 
    "Coinsurance", 
    "Department of Health and Human Services", 
    "Economics and public finance", 
    "Education", 
    "Federal aid to health facilities", 
    "Finance and financial sector", 
    "Government operations and politics", 
    "Government publicity", 
    "Health", 
    "Health education", 
    "Higher education", 
    "Imaging systems in medicine", 
    "Law", 
    "Medical economics", 
    "Medical education", 
    "Medical fees", 
    "Medical screening", 
    "Medical tests", 
    "Medicare", 
    "Quality of care", 
    "Science, technology, communications", 
    "Social welfare", 
    "Standards"
  ], 
  "subjects_top_term": "Health", 
  "summary": {
    "as": "Introduced", 
    "date": "2005-02-15", 
    "text": "Screening Abdominal Aortic Aneurysms Very Efficiently (SAAAVE) Act of 2005 - Amends title XVIII (Medicare) of the Social Security Act to provide for Medicare coverage of ultrasound screening for abdominal aortic aneurysms. Directs the Secretary of Health and Human Services to carry out a national education and information campaign to promote awareness among health care practitioners and the general public with respect to the importance of early detection and treatment of abdominal aortic aneurysms."
  }, 
  "titles": [
    {
      "as": "introduced", 
      "title": "Screening Abdominal Aortic Aneurysms Very Efficiently (SAAAVE) Act of 2005", 
      "type": "short"
    }, 
    {
      "as": "introduced", 
      "title": "To amend title XVIII of the Social Security Act to provide for coverage of ultrasound screening for abdominal aortic aneurysms under part B of the Medicare Program.", 
      "type": "official"
    }
  ], 
  "updated_at": "2013-02-02T20:39:29-05:00"
}