{
  "actions": [
    {
      "acted_at": "2005-10-26", 
      "committee": "House Committee on Energy and Commerce", 
      "references": [], 
      "status": "REFERRED", 
      "text": "Referred to the House Committee on Energy and Commerce.", 
      "type": "referral"
    }, 
    {
      "acted_at": "2005-10-27", 
      "references": [
        {
          "reference": "CR E2184", 
          "type": null
        }
      ], 
      "text": "Sponsor introductory remarks on measure.", 
      "type": "action"
    }, 
    {
      "acted_at": "2005-11-04", 
      "in_committee": "House Committee on Energy and Commerce", 
      "references": [], 
      "subcommittee": "Commerce, Trade and Consumer Protection", 
      "text": "Referred to the Subcommittee on Commerce, Trade and Consumer Protection.", 
      "type": "referral"
    }
  ], 
  "amendments": [], 
  "bill_id": "hr4154-109", 
  "bill_type": "hr", 
  "committees": [
    {
      "activity": [
        "referral", 
        "in committee"
      ], 
      "committee": "House Energy and Commerce", 
      "committee_id": "HSIF"
    }, 
    {
      "activity": [
        "referral"
      ], 
      "committee": "House Energy and Commerce", 
      "committee_id": "HSIF", 
      "subcommittee": "Subcommittee on Commerce, Trade and Consumer Protection", 
      "subcommittee_id": "17"
    }
  ], 
  "congress": "109", 
  "cosponsors": [], 
  "enacted_as": null, 
  "history": {
    "awaiting_signature": false, 
    "enacted": false, 
    "vetoed": false
  }, 
  "introduced_at": "2005-10-26", 
  "number": "4154", 
  "official_title": "To require the Consumer Product Safety Commission to issue safety standards for lead-containing dishware.", 
  "popular_title": null, 
  "related_bills": [], 
  "short_title": null, 
  "sponsor": {
    "district": "3", 
    "name": "Udall, Tom", 
    "state": "NM", 
    "thomas_id": "01567", 
    "title": "Rep", 
    "type": "person"
  }, 
  "status": "REFERRED", 
  "status_at": "2005-10-26", 
  "subjects": [
    "Administrative procedure", 
    "Agriculture and food", 
    "Commerce", 
    "Consumer Product Safety Commission", 
    "Environmental protection", 
    "Food safety", 
    "Food service", 
    "Government operations and politics", 
    "Independent regulatory commissions", 
    "Labeling", 
    "Law", 
    "Lead", 
    "Product safety", 
    "Public lands and natural resources", 
    "Standards"
  ], 
  "subjects_top_term": "Commerce", 
  "summary": {
    "as": "Introduced", 
    "date": "2005-10-26", 
    "text": "Directs the Consumer Product Safety Commission to issue consumer product safety standards for glassware, dishware, and any other cooking utensil, drinking utensil, or eating utensil containing lead. Requires such standard to determine the amount of lead that shall be considered hazardous. Allows such standard to require product labeling, or declare products containing an unacceptable amount of lead to be banned hazardous products."
  }, 
  "titles": [
    {
      "as": "introduced", 
      "title": "To require the Consumer Product Safety Commission to issue safety standards for lead-containing dishware.", 
      "type": "official"
    }
  ], 
  "updated_at": "2013-02-02T20:41:00-05:00"
}