{
  "actions": [
    {
      "acted_at": "2005-02-09", 
      "committee": "Committee on the Budget, and in addition to the Committee on Government Reform, for a period to be subsequently determined by the Speaker, in each case for consideration of such provisions as fall within the jurisdiction of the committee concerned", 
      "references": [], 
      "status": "REFERRED", 
      "text": "Referred to the Committee on the Budget, and in addition to the Committee on Government Reform, for a period to be subsequently determined by the Speaker, in each case for consideration of such provisions as fall within the jurisdiction of the committee concerned.", 
      "type": "referral"
    }, 
    {
      "acted_at": "2005-02-09", 
      "committee": "House Budget", 
      "references": [], 
      "text": "Referred to House Budget", 
      "type": "referral"
    }, 
    {
      "acted_at": "2005-02-09", 
      "committee": "House Government Reform", 
      "references": [], 
      "text": "Referred to House Government Reform", 
      "type": "referral"
    }
  ], 
  "amendments": [], 
  "bill_id": "hr692-109", 
  "bill_type": "hr", 
  "committees": [
    {
      "activity": [
        "referral", 
        "in committee"
      ], 
      "committee": "House Budget", 
      "committee_id": "HSBU"
    }, 
    {
      "activity": [
        "referral", 
        "in committee"
      ], 
      "committee": "House Government Reform", 
      "committee_id": "HSGO"
    }
  ], 
  "congress": "109", 
  "cosponsors": [
    {
      "district": "3", 
      "name": "Boozman, John", 
      "sponsored_at": "2005-03-14", 
      "state": "AR", 
      "thomas_id": "01687", 
      "title": "Rep", 
      "withdrawn_at": null
    }, 
    {
      "district": "51", 
      "name": "Filner, Bob", 
      "sponsored_at": "2005-03-14", 
      "state": "CA", 
      "thomas_id": "00381", 
      "title": "Rep", 
      "withdrawn_at": null
    }, 
    {
      "district": "16", 
      "name": "Foley, Mark", 
      "sponsored_at": "2005-02-15", 
      "state": "FL", 
      "thomas_id": "00396", 
      "title": "Rep", 
      "withdrawn_at": null
    }, 
    {
      "district": "6", 
      "name": "Gordon, Bart", 
      "sponsored_at": "2005-03-02", 
      "state": "TN", 
      "thomas_id": "00448", 
      "title": "Rep", 
      "withdrawn_at": null
    }, 
    {
      "district": "7", 
      "name": "Grijalva, Raul M.", 
      "sponsored_at": "2005-02-15", 
      "state": "AZ", 
      "thomas_id": "01708", 
      "title": "Rep", 
      "withdrawn_at": null
    }, 
    {
      "district": "12", 
      "name": "Levin, Sander M.", 
      "sponsored_at": "2005-02-15", 
      "state": "MI", 
      "thomas_id": "00683", 
      "title": "Rep", 
      "withdrawn_at": null
    }, 
    {
      "district": "19", 
      "name": "Wexler, Robert", 
      "sponsored_at": "2005-04-08", 
      "state": "FL", 
      "thomas_id": "01537", 
      "title": "Rep", 
      "withdrawn_at": null
    }
  ], 
  "enacted_as": null, 
  "history": {
    "awaiting_signature": false, 
    "enacted": false, 
    "vetoed": false
  }, 
  "introduced_at": "2005-02-09", 
  "number": "692", 
  "official_title": "To amend title 5, United States Code, to provide that the Civil Service Retirement and Disability Fund be excluded from the Federal budget.", 
  "popular_title": null, 
  "related_bills": [], 
  "short_title": null, 
  "sponsor": {
    "district": "9", 
    "name": "Bilirakis, Michael", 
    "state": "FL", 
    "thomas_id": "00089", 
    "title": "Rep", 
    "type": "person"
  }, 
  "status": "REFERRED", 
  "status_at": "2005-02-09", 
  "subjects": [
    "Civil service retirement", 
    "Congress", 
    "Congressional budget", 
    "Disability insurance", 
    "Disabled", 
    "Economics and public finance", 
    "Federal budgets", 
    "Federal employees", 
    "Government operations and politics", 
    "Government spending reductions", 
    "Government trust funds", 
    "Labor and employment", 
    "Off-budget expenditures"
  ], 
  "subjects_top_term": "Government operations and politics", 
  "summary": {
    "as": "Introduced", 
    "date": "2005-02-09", 
    "text": "Excludes the Civil Service Retirement and Disability Fund from the Federal and congressional budgets and exempts it from any general budget limitation imposed by statute on U.S. budget outlays."
  }, 
  "titles": [
    {
      "as": "introduced", 
      "title": "To amend title 5, United States Code, to provide that the Civil Service Retirement and Disability Fund be excluded from the Federal budget.", 
      "type": "official"
    }
  ], 
  "updated_at": "2013-02-02T20:39:24-05:00"
}