{
  "actions": [
    {
      "acted_at": "2005-10-19", 
      "committee": "House Committee on Ways and Means", 
      "references": [], 
      "status": "REFERRED", 
      "text": "Referred to the House Committee on Ways and Means.", 
      "type": "referral"
    }
  ], 
  "amendments": [], 
  "bill_id": "hr4086-109", 
  "bill_type": "hr", 
  "committees": [
    {
      "activity": [
        "referral", 
        "in committee"
      ], 
      "committee": "House Ways and Means", 
      "committee_id": "HSWM"
    }
  ], 
  "congress": "109", 
  "cosponsors": [
    {
      "district": "18", 
      "name": "Jackson-Lee, Sheila", 
      "sponsored_at": "2005-11-09", 
      "state": "TX", 
      "thomas_id": "00588", 
      "title": "Rep", 
      "withdrawn_at": null
    }, 
    {
      "district": "1", 
      "name": "Miller, Jeff", 
      "sponsored_at": "2005-11-09", 
      "state": "FL", 
      "thomas_id": "01685", 
      "title": "Rep", 
      "withdrawn_at": null
    }, 
    {
      "district": "14", 
      "name": "Paul, Ron", 
      "sponsored_at": "2005-11-09", 
      "state": "TX", 
      "thomas_id": "00900", 
      "title": "Rep", 
      "withdrawn_at": null
    }, 
    {
      "district": "4", 
      "name": "Taylor, Gene", 
      "sponsored_at": "2005-10-26", 
      "state": "MS", 
      "thomas_id": "01142", 
      "title": "Rep", 
      "withdrawn_at": null
    }
  ], 
  "enacted_as": null, 
  "history": {
    "awaiting_signature": false, 
    "enacted": false, 
    "vetoed": false
  }, 
  "introduced_at": "2005-10-19", 
  "number": "4086", 
  "official_title": "To amend the Internal Revenue Code of 1986 to provide a tax credit for health insurance costs of eligible disaster relief recipients.", 
  "popular_title": null, 
  "related_bills": [], 
  "short_title": null, 
  "sponsor": {
    "district": "1", 
    "name": "Jindal, Bobby", 
    "state": "LA", 
    "thomas_id": "01785", 
    "title": "Rep", 
    "type": "person"
  }, 
  "status": "REFERRED", 
  "status_at": "2005-10-19", 
  "subjects": [
    "Coinsurance", 
    "Disaster relief", 
    "Disasters", 
    "Dismissal of employees", 
    "Emergency management", 
    "Employee health benefits", 
    "Finance and financial sector", 
    "Health insurance", 
    "Hurricane aftermath legislation", 
    "Income tax", 
    "Insurance premiums", 
    "Labor and employment", 
    "Medical economics", 
    "Tax credits", 
    "Taxation", 
    "Unemployment"
  ], 
  "subjects_top_term": "Taxation", 
  "summary": {
    "as": "Introduced", 
    "date": "2005-10-19", 
    "text": "Amends the Internal Revenue Code to qualify disaster relief recipients living or working in a federally-declared disaster area for the tax credit for health insurance costs and for advance payments of such credit."
  }, 
  "titles": [
    {
      "as": "introduced", 
      "title": "To amend the Internal Revenue Code of 1986 to provide a tax credit for health insurance costs of eligible disaster relief recipients.", 
      "type": "official"
    }
  ], 
  "updated_at": "2013-02-02T20:40:58-05:00"
}