{
  "actions": [
    {
      "acted_at": "2006-04-27", 
      "references": [
        {
          "reference": "CR E658", 
          "type": null
        }
      ], 
      "text": "Sponsor introductory remarks on measure.", 
      "type": "action"
    }, 
    {
      "acted_at": "2006-04-27", 
      "committee": "House Committee on Government Reform", 
      "references": [], 
      "status": "REFERRED", 
      "text": "Referred to the House Committee on Government Reform.", 
      "type": "referral"
    }, 
    {
      "acted_at": "2006-05-04", 
      "in_committee": "House Committee on Government Reform", 
      "references": [], 
      "text": "Committee Consideration and Mark-up Session Held.", 
      "type": "action"
    }, 
    {
      "acted_at": "2006-05-04", 
      "in_committee": "House Committee on Government Reform", 
      "references": [], 
      "status": "REPORTED", 
      "text": "Ordered to be Reported by Unanimous Consent.", 
      "type": "calendar"
    }, 
    {
      "acted_at": "2006-06-06T22:26:00-04:00", 
      "references": [], 
      "text": "Mr. Issa moved to suspend the rules and pass the bill.", 
      "type": "action"
    }, 
    {
      "acted_at": "2006-06-06T22:27:00-04:00", 
      "references": [
        {
          "reference": "CR H3409-3410", 
          "type": "consideration"
        }
      ], 
      "text": "Considered under suspension of the rules.", 
      "type": "action"
    }, 
    {
      "acted_at": "2006-06-06T22:27:00-04:00", 
      "references": [], 
      "text": "DEBATE - The House proceeded with forty minutes of debate on H.R. 5245.", 
      "type": "action"
    }, 
    {
      "acted_at": "2006-06-06T22:31:00-04:00", 
      "how": "by voice vote", 
      "references": [
        {
          "reference": "CR H3409", 
          "type": "text"
        }
      ], 
      "result": "pass", 
      "status": "PASS_OVER:HOUSE", 
      "suspension": null, 
      "text": "On motion to suspend the rules and pass the bill Agreed to by voice vote.", 
      "type": "vote", 
      "vote_type": "vote", 
      "where": "h"
    }, 
    {
      "acted_at": "2006-06-06T22:31:00-04:00", 
      "references": [], 
      "text": "Motion to reconsider laid on the table Agreed to without objection.", 
      "type": "action"
    }, 
    {
      "acted_at": "2006-06-07", 
      "committee": "Committee on Homeland Security and Governmental Affairs", 
      "references": [], 
      "text": "Received in the Senate and Read twice and referred to the Committee on Homeland Security and Governmental Affairs.", 
      "type": "referral"
    }, 
    {
      "acted_at": "2006-06-14", 
      "in_committee": "Committee on Homeland Security and Governmental Affairs", 
      "references": [], 
      "text": "Committee on Homeland Security and Governmental Affairs. Ordered to be reported without amendment favorably.", 
      "type": "calendar"
    }, 
    {
      "acted_at": "2006-06-22", 
      "committee": "Homeland Security and Governmental Affairs", 
      "references": [], 
      "text": "Committee on Homeland Security and Governmental Affairs. Reported by Senator Collins without amendment. Without written report.", 
      "type": "reported"
    }, 
    {
      "acted_at": "2006-06-22", 
      "calendar": "Senate Legislative", 
      "number": "494", 
      "references": [], 
      "text": "Placed on Senate Legislative Calendar under General Orders. Calendar No. 494.", 
      "type": "calendar", 
      "under": "General Orders"
    }, 
    {
      "acted_at": "2006-07-20", 
      "how": "by Unanimous Consent", 
      "references": [
        {
          "reference": "CR S8092", 
          "type": "consideration"
        }
      ], 
      "result": "pass", 
      "status": "PASSED:BILL", 
      "text": "Passed Senate without amendment by Unanimous Consent.", 
      "type": "vote", 
      "vote_type": "vote2", 
      "where": "s"
    }, 
    {
      "acted_at": "2006-07-20", 
      "references": [], 
      "text": "Cleared for White House.", 
      "type": "topresident"
    }, 
    {
      "acted_at": "2006-07-21", 
      "references": [], 
      "text": "Message on Senate action sent to the House.", 
      "type": "action"
    }, 
    {
      "acted_at": "2006-07-26", 
      "references": [], 
      "text": "Presented to President.", 
      "type": "topresident"
    }, 
    {
      "acted_at": "2006-08-02", 
      "references": [], 
      "text": "Signed by President.", 
      "type": "signed"
    }, 
    {
      "acted_at": "2006-08-02", 
      "congress": "109", 
      "law": "public", 
      "number": "263", 
      "references": [], 
      "status": "ENACTED:SIGNED", 
      "text": "Became Public Law No: 109-263.", 
      "type": "enacted"
    }
  ], 
  "amendments": [], 
  "bill_id": "hr5245-109", 
  "bill_type": "hr", 
  "committees": [
    {
      "activity": [
        "referral", 
        "markup"
      ], 
      "committee": "House Government Reform", 
      "committee_id": "HSGO"
    }, 
    {
      "activity": [
        "referral", 
        "markup", 
        "reporting"
      ], 
      "committee": "Senate Homeland Security and Governmental Affairs", 
      "committee_id": "SSGA"
    }
  ], 
  "congress": "109", 
  "cosponsors": [
    {
      "district": "14", 
      "name": "Conyers, John, Jr.", 
      "sponsored_at": "2006-04-27", 
      "state": "MI", 
      "thomas_id": "00229", 
      "title": "Rep", 
      "withdrawn_at": null
    }, 
    {
      "district": "7", 
      "name": "Grijalva, Raul M.", 
      "sponsored_at": "2006-04-27", 
      "state": "AZ", 
      "thomas_id": "01708", 
      "title": "Rep", 
      "withdrawn_at": null
    }, 
    {
      "district": "22", 
      "name": "Hinchey, Maurice D.", 
      "sponsored_at": "2006-04-27", 
      "state": "NY", 
      "thomas_id": "00541", 
      "title": "Rep", 
      "withdrawn_at": null
    }, 
    {
      "district": "7", 
      "name": "McDermott, Jim", 
      "sponsored_at": "2006-04-27", 
      "state": "WA", 
      "thomas_id": "00766", 
      "title": "Rep", 
      "withdrawn_at": null
    }, 
    {
      "district": "27", 
      "name": "Sherman, Brad", 
      "sponsored_at": "2006-04-27", 
      "state": "CA", 
      "thomas_id": "01526", 
      "title": "Rep", 
      "withdrawn_at": null
    }
  ], 
  "enacted_as": {
    "congress": "109", 
    "law_type": "public", 
    "number": "263"
  }, 
  "history": {
    "awaiting_signature": false, 
    "enacted": true, 
    "enacted_at": "2006-08-02", 
    "house_passage_result": "pass", 
    "house_passage_result_at": "2006-06-06T22:31:00-04:00", 
    "senate_passage_result": "pass", 
    "senate_passage_result_at": "2006-07-20", 
    "vetoed": false
  }, 
  "introduced_at": "2006-04-27", 
  "number": "5245", 
  "official_title": "To designate the facility of the United States Postal Service located at 1 Marble Street in Fair Haven, Vermont, as the \"Matthew Lyon Post Office Building\".", 
  "popular_title": null, 
  "related_bills": [], 
  "short_title": null, 
  "sponsor": {
    "district": null, 
    "name": "Sanders, Bernard", 
    "state": "VT", 
    "thomas_id": "01010", 
    "title": "Rep", 
    "type": "person"
  }, 
  "status": "ENACTED:SIGNED", 
  "status_at": "2006-08-02", 
  "subjects": [
    "American Revolution", 
    "Arts, culture, religion", 
    "Authors and authorship", 
    "Civil rights and liberties, minority issues", 
    "Commemorations", 
    "Congress", 
    "Ex-Members of Congress", 
    "Freedom of speech", 
    "Government operations and politics", 
    "History", 
    "Names", 
    "Postal facilities", 
    "Vermont"
  ], 
  "subjects_top_term": "Commemorations", 
  "summary": {
    "as": "Public Law", 
    "date": "2006-08-02", 
    "text": "Designates the facility of the United States Postal Service located at 1 Marble Street in Fair Haven, Vermont, as the \"Matthew Lyon Post Office Building.\""
  }, 
  "titles": [
    {
      "as": "introduced", 
      "title": "To designate the facility of the United States Postal Service located at 1 Marble Street in Fair Haven, Vermont, as the \"Matthew Lyon Post Office Building\".", 
      "type": "official"
    }
  ], 
  "updated_at": "2013-02-02T20:41:31-05:00"
}