{
  "actions": [
    {
      "acted_at": "2005-06-14", 
      "committee": "House Committee on Financial Services", 
      "references": [], 
      "status": "REFERRED", 
      "text": "Referred to the House Committee on Financial Services.", 
      "type": "referral"
    }, 
    {
      "acted_at": "2005-06-23", 
      "references": [
        {
          "reference": "CR H5082-5083", 
          "type": null
        }
      ], 
      "text": "Sponsor introductory remarks on measure.", 
      "type": "action"
    }, 
    {
      "acted_at": "2005-07-29", 
      "in_committee": "House Committee on Financial Services", 
      "references": [], 
      "subcommittee": "Housing and Community Opportunity", 
      "text": "Referred to the Subcommittee on Housing and Community Opportunity.", 
      "type": "referral"
    }, 
    {
      "acted_at": "2005-12-14T19:07:00-05:00", 
      "references": [], 
      "text": "Mr. Fitzpatrick (PA) moved to suspend the rules and pass the bill.", 
      "type": "action"
    }, 
    {
      "acted_at": "2005-12-14T19:07:00-05:00", 
      "references": [
        {
          "reference": "CR H11586-11588", 
          "type": "consideration"
        }
      ], 
      "text": "Considered under suspension of the rules.", 
      "type": "action"
    }, 
    {
      "acted_at": "2005-12-14T19:07:00-05:00", 
      "references": [], 
      "text": "DEBATE - The House proceeded with forty minutes of debate on H.R. 2892.", 
      "type": "action"
    }, 
    {
      "acted_at": "2005-12-14T19:21:00-05:00", 
      "how": "by voice vote", 
      "references": [
        {
          "reference": "CR H11586", 
          "type": "text"
        }
      ], 
      "result": "pass", 
      "status": "PASS_OVER:HOUSE", 
      "suspension": null, 
      "text": "On motion to suspend the rules and pass the bill Agreed to by voice vote.", 
      "type": "vote", 
      "vote_type": "vote", 
      "where": "h"
    }, 
    {
      "acted_at": "2005-12-14T19:21:00-05:00", 
      "references": [], 
      "text": "Motion to reconsider laid on the table Agreed to without objection.", 
      "type": "action"
    }, 
    {
      "acted_at": "2005-12-15", 
      "references": [], 
      "text": "Received in the Senate. Read the first time. Placed on Senate Legislative Calendar under Read the First Time.", 
      "type": "action"
    }, 
    {
      "acted_at": "2005-12-16", 
      "calendar": "Senate Legislative", 
      "number": "351", 
      "references": [], 
      "text": "Read the second time. Placed on Senate Legislative Calendar under General Orders. Calendar No. 351.", 
      "type": "calendar", 
      "under": "General Orders"
    }
  ], 
  "amendments": [], 
  "bill_id": "hr2892-109", 
  "bill_type": "hr", 
  "committees": [
    {
      "activity": [
        "referral"
      ], 
      "committee": "House Financial Services", 
      "committee_id": "HSBA"
    }, 
    {
      "activity": [
        "referral"
      ], 
      "committee": "House Financial Services", 
      "committee_id": "HSBA", 
      "subcommittee": "Subcommittee on Housing and Community Opportunity", 
      "subcommittee_id": "04"
    }
  ], 
  "congress": "109", 
  "cosponsors": [
    {
      "district": "1", 
      "name": "Brown, Henry E., Jr.", 
      "sponsored_at": "2005-07-11", 
      "state": "SC", 
      "thomas_id": "01669", 
      "title": "Rep", 
      "withdrawn_at": null
    }, 
    {
      "district": "5", 
      "name": "Brown-Waite, Ginny", 
      "sponsored_at": "2005-06-14", 
      "state": "FL", 
      "thomas_id": "01713", 
      "title": "Rep", 
      "withdrawn_at": null
    }, 
    {
      "district": "8", 
      "name": "Capuano, Michael E.", 
      "sponsored_at": "2005-11-02", 
      "state": "MA", 
      "thomas_id": "01564", 
      "title": "Rep", 
      "withdrawn_at": null
    }, 
    {
      "district": "14", 
      "name": "Conyers, John, Jr.", 
      "sponsored_at": "2005-12-13", 
      "state": "MI", 
      "thomas_id": "00229", 
      "title": "Rep", 
      "withdrawn_at": null
    }, 
    {
      "district": "7", 
      "name": "Cummings, Elijah E.", 
      "sponsored_at": "2005-11-15", 
      "state": "MD", 
      "thomas_id": "00256", 
      "title": "Rep", 
      "withdrawn_at": null
    }, 
    {
      "district": "4", 
      "name": "Davis, Geoff", 
      "sponsored_at": "2005-10-19", 
      "state": "KY", 
      "thomas_id": "01784", 
      "title": "Rep", 
      "withdrawn_at": null
    }, 
    {
      "district": "3", 
      "name": "DeLauro, Rosa L.", 
      "sponsored_at": "2005-12-14", 
      "state": "CT", 
      "thomas_id": "00281", 
      "title": "Rep", 
      "withdrawn_at": null
    }, 
    {
      "district": "14", 
      "name": "Eshoo, Anna G.", 
      "sponsored_at": "2005-07-22", 
      "state": "CA", 
      "thomas_id": "00355", 
      "title": "Rep", 
      "withdrawn_at": null
    }, 
    {
      "district": "17", 
      "name": "Farr, Sam", 
      "sponsored_at": "2005-10-17", 
      "state": "CA", 
      "thomas_id": "00368", 
      "title": "Rep", 
      "withdrawn_at": null
    }, 
    {
      "district": "51", 
      "name": "Filner, Bob", 
      "sponsored_at": "2005-10-19", 
      "state": "CA", 
      "thomas_id": "00381", 
      "title": "Rep", 
      "withdrawn_at": null
    }, 
    {
      "district": null, 
      "name": "Fortuno, Luis G.", 
      "sponsored_at": "2005-12-13", 
      "state": "PR", 
      "thomas_id": "01800", 
      "title": "Rep", 
      "withdrawn_at": null
    }, 
    {
      "district": "4", 
      "name": "Frank, Barney", 
      "sponsored_at": "2005-06-14", 
      "state": "MA", 
      "thomas_id": "00407", 
      "title": "Rep", 
      "withdrawn_at": null
    }, 
    {
      "district": "6", 
      "name": "Gerlach, Jim", 
      "sponsored_at": "2005-07-12", 
      "state": "PA", 
      "thomas_id": "01743", 
      "title": "Rep", 
      "withdrawn_at": null
    }, 
    {
      "district": "7", 
      "name": "Grijalva, Raul M.", 
      "sponsored_at": "2005-11-08", 
      "state": "AZ", 
      "thomas_id": "01708", 
      "title": "Rep", 
      "withdrawn_at": null
    }, 
    {
      "district": "13", 
      "name": "Harris, Katherine", 
      "sponsored_at": "2005-06-14", 
      "state": "FL", 
      "thomas_id": "01714", 
      "title": "Rep", 
      "withdrawn_at": null
    }, 
    {
      "district": "12", 
      "name": "Holt, Rush D.", 
      "sponsored_at": "2005-12-06", 
      "state": "NJ", 
      "thomas_id": "01580", 
      "title": "Rep", 
      "withdrawn_at": null
    }, 
    {
      "district": "1", 
      "name": "Inslee, Jay", 
      "sponsored_at": "2005-07-22", 
      "state": "WA", 
      "thomas_id": "00584", 
      "title": "Rep", 
      "withdrawn_at": null
    }, 
    {
      "district": "19", 
      "name": "Kelly, Sue W.", 
      "sponsored_at": "2005-06-14", 
      "state": "NY", 
      "thomas_id": "00624", 
      "title": "Rep", 
      "withdrawn_at": null
    }, 
    {
      "district": "2", 
      "name": "Kline, John", 
      "sponsored_at": "2005-10-06", 
      "state": "MN", 
      "thomas_id": "01733", 
      "title": "Rep", 
      "withdrawn_at": null
    }, 
    {
      "district": "29", 
      "name": "Kuhl, John R. \"Randy\", Jr.", 
      "sponsored_at": "2005-12-06", 
      "state": "NY", 
      "thomas_id": "01795", 
      "title": "Rep", 
      "withdrawn_at": null
    }, 
    {
      "district": "1", 
      "name": "Larson, John B.", 
      "sponsored_at": "2005-12-07", 
      "state": "CT", 
      "thomas_id": "01583", 
      "title": "Rep", 
      "withdrawn_at": null
    }, 
    {
      "district": "14", 
      "name": "Maloney, Carolyn B.", 
      "sponsored_at": "2005-10-17", 
      "state": "NY", 
      "thomas_id": "00729", 
      "title": "Rep", 
      "withdrawn_at": null
    }, 
    {
      "district": "7", 
      "name": "Markey, Edward J.", 
      "sponsored_at": "2005-11-08", 
      "state": "MA", 
      "thomas_id": "00735", 
      "title": "Rep", 
      "withdrawn_at": null
    }, 
    {
      "district": "2", 
      "name": "Matheson, Jim", 
      "sponsored_at": "2005-06-14", 
      "state": "UT", 
      "thomas_id": "01671", 
      "title": "Rep", 
      "withdrawn_at": null
    }, 
    {
      "district": "3", 
      "name": "McGovern, James P.", 
      "sponsored_at": "2005-07-22", 
      "state": "MA", 
      "thomas_id": "01504", 
      "title": "Rep", 
      "withdrawn_at": null
    }, 
    {
      "district": "10", 
      "name": "McHenry, Patrick T.", 
      "sponsored_at": "2005-06-14", 
      "state": "NC", 
      "thomas_id": "01792", 
      "title": "Rep", 
      "withdrawn_at": null
    }, 
    {
      "district": "13", 
      "name": "Miller, Brad", 
      "sponsored_at": "2005-07-22", 
      "state": "NC", 
      "thomas_id": "01735", 
      "title": "Rep", 
      "withdrawn_at": null
    }, 
    {
      "district": "42", 
      "name": "Miller, Gary G.", 
      "sponsored_at": "2005-06-14", 
      "state": "CA", 
      "thomas_id": "01584", 
      "title": "Rep", 
      "withdrawn_at": null
    }, 
    {
      "district": "7", 
      "name": "Miller, George", 
      "sponsored_at": "2005-11-17", 
      "state": "CA", 
      "thomas_id": "00808", 
      "title": "Rep", 
      "withdrawn_at": null
    }, 
    {
      "district": "4", 
      "name": "Price, David E.", 
      "sponsored_at": "2005-06-14", 
      "state": "NC", 
      "thomas_id": "00930", 
      "title": "Rep", 
      "withdrawn_at": null
    }, 
    {
      "district": null, 
      "name": "Sanders, Bernard", 
      "sponsored_at": "2005-11-15", 
      "state": "VT", 
      "thomas_id": "01010", 
      "title": "Rep", 
      "withdrawn_at": null
    }, 
    {
      "district": "16", 
      "name": "Serrano, Jose E.", 
      "sponsored_at": "2005-10-07", 
      "state": "NY", 
      "thomas_id": "01042", 
      "title": "Rep", 
      "withdrawn_at": null
    }, 
    {
      "district": "4", 
      "name": "Shays, Christopher", 
      "sponsored_at": "2005-12-14", 
      "state": "CT", 
      "thomas_id": "01048", 
      "title": "Rep", 
      "withdrawn_at": null
    }, 
    {
      "district": "6", 
      "name": "Tierney, John F.", 
      "sponsored_at": "2005-12-06", 
      "state": "MA", 
      "thomas_id": "01535", 
      "title": "Rep", 
      "withdrawn_at": null
    }
  ], 
  "enacted_as": null, 
  "history": {
    "awaiting_signature": false, 
    "enacted": false, 
    "house_passage_result": "pass", 
    "house_passage_result_at": "2005-12-14T19:21:00-05:00", 
    "vetoed": false
  }, 
  "introduced_at": "2005-06-14", 
  "number": "2892", 
  "official_title": "To amend section 255 of the National Housing Act to remove the limitation on the number of reverse mortgages that may be insured under the FHA mortgage insurance program for such mortgages.", 
  "popular_title": null, 
  "related_bills": [
    {
      "bill_id": "s1710-109", 
      "reason": "identical"
    }
  ], 
  "short_title": "Reverse Mortgages to Help America's Seniors Act", 
  "sponsor": {
    "district": "8", 
    "name": "Fitzpatrick, Michael G.", 
    "state": "PA", 
    "thomas_id": "01797", 
    "title": "Rep", 
    "type": "person"
  }, 
  "status": "PASS_OVER:HOUSE", 
  "status_at": "2005-12-14T19:21:00-05:00", 
  "subjects": [
    "Economics and public finance", 
    "Federally-guaranteed loans", 
    "Finance and financial sector", 
    "Home equity conversion", 
    "Housing and community development", 
    "Housing for the aged", 
    "Mortgage guaranty insurance", 
    "Social welfare"
  ], 
  "subjects_top_term": "Housing and community development", 
  "summary": {
    "as": "Passed House without amendment", 
    "date": "2005-12-14", 
    "text": "Reverse Mortgages to Help America's Seniors Act - Amends the National Housing Act to remove the aggregate and insurance benefit limitations on the number of home equity conversion (reverse) mortgages for elderly homeowners that may be insured by the Federal Housing Administration (FHA)."
  }, 
  "titles": [
    {
      "as": "introduced", 
      "title": "Reverse Mortgages to Help America's Seniors Act", 
      "type": "short"
    }, 
    {
      "as": "passed house", 
      "title": "Reverse Mortgages to Help America's Seniors Act", 
      "type": "short"
    }, 
    {
      "as": "introduced", 
      "title": "To amend section 255 of the National Housing Act to remove the limitation on the number of reverse mortgages that may be insured under the FHA mortgage insurance program for such mortgages.", 
      "type": "official"
    }
  ], 
  "updated_at": "2013-02-02T20:40:26-05:00"
}