{
  "actions": [
    {
      "acted_at": "2005-05-26", 
      "committee": "House Committee on Ways and Means", 
      "references": [], 
      "status": "REFERRED", 
      "text": "Referred to the House Committee on Ways and Means.", 
      "type": "referral"
    }
  ], 
  "amendments": [], 
  "bill_id": "hr2647-109", 
  "bill_type": "hr", 
  "committees": [
    {
      "activity": [
        "referral", 
        "in committee"
      ], 
      "committee": "House Ways and Means", 
      "committee_id": "HSWM"
    }
  ], 
  "congress": "109", 
  "cosponsors": [
    {
      "district": "3", 
      "name": "English, Phil", 
      "sponsored_at": "2005-06-14", 
      "state": "PA", 
      "thomas_id": "00347", 
      "title": "Rep", 
      "withdrawn_at": null
    }, 
    {
      "district": "3", 
      "name": "Ramstad, Jim", 
      "sponsored_at": "2005-06-14", 
      "state": "MN", 
      "thomas_id": "00942", 
      "title": "Rep", 
      "withdrawn_at": null
    }
  ], 
  "enacted_as": null, 
  "history": {
    "awaiting_signature": false, 
    "enacted": false, 
    "vetoed": false
  }, 
  "introduced_at": "2005-05-26", 
  "number": "2647", 
  "official_title": "To amend the Internal Revenue Code of 1986 to clarify that qualified personal service corporations may continue to use the cash method of accounting, and for other purposes.", 
  "popular_title": null, 
  "related_bills": [
    {
      "bill_id": "s1782-109", 
      "reason": "identical"
    }
  ], 
  "short_title": "Qualified Personal Service Corporations Clarification Act of 2005", 
  "sponsor": {
    "district": "1", 
    "name": "Nussle, Jim", 
    "state": "IA", 
    "thomas_id": "00871", 
    "title": "Rep", 
    "type": "person"
  }, 
  "status": "REFERRED", 
  "status_at": "2005-05-26", 
  "subjects": [
    "Accounting", 
    "Affiliated corporations", 
    "Architecture", 
    "Arts, culture, religion", 
    "Commerce", 
    "Corporation taxes", 
    "Employee ownership", 
    "Engineering", 
    "Finance and financial sector", 
    "Income tax", 
    "Infrastructure", 
    "Labor and employment", 
    "Partnerships", 
    "Service industries", 
    "Stockholders", 
    "Stocks", 
    "Subsidiary corporations", 
    "Tax administration", 
    "Taxation"
  ], 
  "subjects_top_term": "Taxation", 
  "summary": {
    "as": "Introduced", 
    "date": "2005-05-26", 
    "text": "Qualified Personal Service Corporations Clarification Act of 2005 - Amends the Internal Revenue Code to modify the criteria for determining whether a corporation is a qualified personal service corporation. Includes within the definition of qualified personal service corporation a qualifying corporation substantially all of whose stock is held by certain former employees (thus permitting such corporation to use the cash method of accounting)."
  }, 
  "titles": [
    {
      "as": "introduced", 
      "title": "Qualified Personal Service Corporations Clarification Act of 2005", 
      "type": "short"
    }, 
    {
      "as": "introduced", 
      "title": "To amend the Internal Revenue Code of 1986 to clarify that qualified personal service corporations may continue to use the cash method of accounting, and for other purposes.", 
      "type": "official"
    }
  ], 
  "updated_at": "2013-02-02T20:40:19-05:00"
}