{
  "actions": [
    {
      "acted_at": "2006-05-18", 
      "committee": "House Committee on the Judiciary", 
      "references": [], 
      "status": "REFERRED", 
      "text": "Referred to the House Committee on the Judiciary.", 
      "type": "referral"
    }
  ], 
  "amendments": [], 
  "bill_id": "hr5422-109", 
  "bill_type": "hr", 
  "committees": [
    {
      "activity": [
        "referral", 
        "in committee"
      ], 
      "committee": "House Judiciary", 
      "committee_id": "HSJU"
    }
  ], 
  "congress": "109", 
  "cosponsors": [
    {
      "district": "3", 
      "name": "Cannon, Chris", 
      "sponsored_at": "2006-05-18", 
      "state": "UT", 
      "thomas_id": "01470", 
      "title": "Rep", 
      "withdrawn_at": null
    }, 
    {
      "district": "1", 
      "name": "Chabot, Steve", 
      "sponsored_at": "2006-05-18", 
      "state": "OH", 
      "thomas_id": "00186", 
      "title": "Rep", 
      "withdrawn_at": null
    }, 
    {
      "district": "6", 
      "name": "Goodlatte, Bob", 
      "sponsored_at": "2006-05-18", 
      "state": "VA", 
      "thomas_id": "00446", 
      "title": "Rep", 
      "withdrawn_at": null
    }, 
    {
      "district": "8", 
      "name": "Green, Mark", 
      "sponsored_at": "2006-05-18", 
      "state": "WI", 
      "thomas_id": "01559", 
      "title": "Rep", 
      "withdrawn_at": null
    }
  ], 
  "enacted_as": null, 
  "history": {
    "awaiting_signature": false, 
    "enacted": false, 
    "vetoed": false
  }, 
  "introduced_at": "2006-05-18", 
  "number": "5422", 
  "official_title": "To amend the Internet Tax Freedom Act to make permanent the moratorium on taxes on internet access and on multiple and discriminatory taxes on electronic commerce.", 
  "popular_title": null, 
  "related_bills": [
    {
      "bill_id": "hr1684-109", 
      "reason": "related"
    }, 
    {
      "bill_id": "hr1685-109", 
      "reason": "related"
    }, 
    {
      "bill_id": "hr4862-109", 
      "reason": "related"
    }, 
    {
      "bill_id": "s849-109", 
      "reason": "related"
    }
  ], 
  "short_title": null, 
  "sponsor": {
    "district": "5", 
    "name": "Sensenbrenner, F. James, Jr.", 
    "state": "WI", 
    "thomas_id": "01041", 
    "title": "Rep", 
    "type": "person"
  }, 
  "status": "REFERRED", 
  "status_at": "2006-05-18", 
  "subjects": [
    "Commerce", 
    "Electronic commerce", 
    "Electronic mail systems", 
    "Excise tax", 
    "Federal preemption", 
    "Government operations and politics", 
    "Intergovernmental tax relations", 
    "Internet", 
    "Local laws", 
    "Local taxation", 
    "Sales tax", 
    "Science, technology, communications", 
    "State laws", 
    "State taxation", 
    "Tax administration", 
    "Tax exemption", 
    "Taxation"
  ], 
  "subjects_top_term": "Taxation", 
  "summary": {
    "as": "Introduced", 
    "date": "2006-05-18", 
    "text": "Amends the Internet Tax Freedom Act to make permanent the ban on state taxation of Internet access and on multiple or discriminatory taxes on electronic commerce. Allows states which imposed and enforced certain taxes on Internet access prior to October 1, 1998, to retain such taxes if they enact statutes prior to November 1, 2007, (November 1, 2006, in the case of a telecommunications service tax) expressly providing for the continued application of such taxes to Internet access."
  }, 
  "titles": [
    {
      "as": "introduced", 
      "title": "To amend the Internet Tax Freedom Act to make permanent the moratorium on taxes on internet access and on multiple and discriminatory taxes on electronic commerce.", 
      "type": "official"
    }
  ], 
  "updated_at": "2013-02-02T20:41:36-05:00"
}