{
  "actions": [
    {
      "acted_at": "2005-12-13", 
      "committee": "House Committee on House Administration", 
      "references": [], 
      "status": "REFERRED", 
      "text": "Referred to the House Committee on House Administration.", 
      "type": "referral"
    }, 
    {
      "acted_at": "2005-12-19T06:18:00-05:00", 
      "references": [], 
      "text": "Committee on House Administration discharged.", 
      "type": "action"
    }, 
    {
      "acted_at": "2005-12-19T06:18:00-05:00", 
      "references": [], 
      "text": "Mr. Pombo asked unanimous consent to discharge from committee and consider.", 
      "type": "action"
    }, 
    {
      "acted_at": "2005-12-19T06:19:00-05:00", 
      "references": [
        {
          "reference": "CR H12283-12285", 
          "type": "consideration"
        }, 
        {
          "reference": "CR H12284", 
          "type": "text of measure as introduced"
        }
      ], 
      "text": "Considered by unanimous consent.", 
      "type": "action"
    }, 
    {
      "acted_at": "2005-12-19T06:19:00-05:00", 
      "how": "without objection", 
      "references": [], 
      "result": "pass", 
      "status": "PASS_OVER:HOUSE", 
      "suspension": null, 
      "text": "On passage Passed without objection.", 
      "type": "vote", 
      "vote_type": "vote", 
      "where": "h"
    }, 
    {
      "acted_at": "2005-12-19T06:19:00-05:00", 
      "references": [], 
      "text": "Motion to reconsider laid on the table Agreed to without objection.", 
      "type": "action"
    }, 
    {
      "acted_at": "2005-12-19", 
      "references": [], 
      "text": "Received in the Senate.", 
      "type": "action"
    }, 
    {
      "acted_at": "2006-01-27", 
      "committee": "Committee on Rules and Administration", 
      "references": [], 
      "text": "Read twice and referred to the Committee on Rules and Administration.", 
      "type": "referral"
    }, 
    {
      "acted_at": "2006-12-06", 
      "references": [
        {
          "reference": "CR S11243", 
          "type": "consideration"
        }
      ], 
      "text": "Senate Committee on Rules and Administration discharged by Unanimous Consent.", 
      "type": "action"
    }, 
    {
      "acted_at": "2006-12-06", 
      "how": "by Unanimous Consent", 
      "references": [], 
      "result": "pass", 
      "status": "PASSED:BILL", 
      "text": "Passed Senate without amendment by Unanimous Consent.", 
      "type": "vote", 
      "vote_type": "vote2", 
      "where": "s"
    }, 
    {
      "acted_at": "2006-12-06", 
      "references": [], 
      "text": "Message on Senate action sent to the House.", 
      "type": "action"
    }, 
    {
      "acted_at": "2006-12-06", 
      "references": [], 
      "text": "Cleared for White House.", 
      "type": "topresident"
    }, 
    {
      "acted_at": "2006-12-11", 
      "references": [], 
      "text": "Presented to President.", 
      "type": "topresident"
    }, 
    {
      "acted_at": "2006-12-20", 
      "references": [], 
      "text": "Signed by President.", 
      "type": "signed"
    }, 
    {
      "acted_at": "2006-12-20", 
      "congress": "109", 
      "law": "public", 
      "number": "427", 
      "references": [], 
      "status": "ENACTED:SIGNED", 
      "text": "Became Public Law No: 109-427.", 
      "type": "enacted"
    }
  ], 
  "amendments": [
    {
      "amendment_id": "h677-109", 
      "amendment_type": "h", 
      "chamber": "h", 
      "number": "677"
    }
  ], 
  "bill_id": "hr4510-109", 
  "bill_type": "hr", 
  "committees": [
    {
      "activity": [
        "referral", 
        "discharged"
      ], 
      "committee": "House Administration", 
      "committee_id": "HSHA"
    }, 
    {
      "activity": [
        "referral", 
        "discharged"
      ], 
      "committee": "Senate Rules and Administration", 
      "committee_id": "SSRA"
    }
  ], 
  "congress": "109", 
  "cosponsors": [
    {
      "district": "1", 
      "name": "Abercrombie, Neil", 
      "sponsored_at": "2005-12-15", 
      "state": "HI", 
      "thomas_id": "00002", 
      "title": "Rep", 
      "withdrawn_at": null
    }, 
    {
      "district": "5", 
      "name": "Ackerman, Gary L.", 
      "sponsored_at": "2005-12-15", 
      "state": "NY", 
      "thomas_id": "00004", 
      "title": "Rep", 
      "withdrawn_at": null
    }, 
    {
      "district": "1", 
      "name": "Allen, Thomas H.", 
      "sponsored_at": "2005-12-18", 
      "state": "ME", 
      "thomas_id": "01461", 
      "title": "Rep", 
      "withdrawn_at": null
    }, 
    {
      "district": "1", 
      "name": "Andrews, Robert E.", 
      "sponsored_at": "2005-12-16", 
      "state": "NJ", 
      "thomas_id": "00021", 
      "title": "Rep", 
      "withdrawn_at": null
    }, 
    {
      "district": "43", 
      "name": "Baca, Joe", 
      "sponsored_at": "2005-12-15", 
      "state": "CA", 
      "thomas_id": "01614", 
      "title": "Rep", 
      "withdrawn_at": null
    }, 
    {
      "district": "3", 
      "name": "Baird, Brian", 
      "sponsored_at": "2005-12-17", 
      "state": "WA", 
      "thomas_id": "01557", 
      "title": "Rep", 
      "withdrawn_at": null
    }, 
    {
      "district": "2", 
      "name": "Baldwin, Tammy", 
      "sponsored_at": "2005-12-15", 
      "state": "WI", 
      "thomas_id": "01558", 
      "title": "Rep", 
      "withdrawn_at": null
    }, 
    {
      "district": "12", 
      "name": "Barrow, John", 
      "sponsored_at": "2005-12-15", 
      "state": "GA", 
      "thomas_id": "01780", 
      "title": "Rep", 
      "withdrawn_at": null
    }, 
    {
      "district": "8", 
      "name": "Bean, Melissa L.", 
      "sponsored_at": "2005-12-17", 
      "state": "IL", 
      "thomas_id": "01782", 
      "title": "Rep", 
      "withdrawn_at": null
    }, 
    {
      "district": "31", 
      "name": "Becerra, Xavier", 
      "sponsored_at": "2005-12-15", 
      "state": "CA", 
      "thomas_id": "00070", 
      "title": "Rep", 
      "withdrawn_at": null
    }, 
    {
      "district": "1", 
      "name": "Berkley, Shelley", 
      "sponsored_at": "2005-12-15", 
      "state": "NV", 
      "thomas_id": "01576", 
      "title": "Rep", 
      "withdrawn_at": null
    }, 
    {
      "district": "28", 
      "name": "Berman, Howard L.", 
      "sponsored_at": "2005-12-16", 
      "state": "CA", 
      "thomas_id": "00082", 
      "title": "Rep", 
      "withdrawn_at": null
    }, 
    {
      "district": "1", 
      "name": "Berry, Marion", 
      "sponsored_at": "2005-12-15", 
      "state": "AR", 
      "thomas_id": "01462", 
      "title": "Rep", 
      "withdrawn_at": null
    }, 
    {
      "district": "13", 
      "name": "Biggert, Judy", 
      "sponsored_at": "2005-12-15", 
      "state": "IL", 
      "thomas_id": "01577", 
      "title": "Rep", 
      "withdrawn_at": null
    }, 
    {
      "district": "1", 
      "name": "Bishop, Rob", 
      "sponsored_at": "2005-12-16", 
      "state": "UT", 
      "thomas_id": "01753", 
      "title": "Rep", 
      "withdrawn_at": null
    }, 
    {
      "district": "2", 
      "name": "Bishop, Sanford D., Jr.", 
      "sponsored_at": "2005-12-13", 
      "state": "GA", 
      "thomas_id": "00091", 
      "title": "Rep", 
      "withdrawn_at": null
    }, 
    {
      "district": "1", 
      "name": "Bishop, Timothy H.", 
      "sponsored_at": "2005-12-18", 
      "state": "NY", 
      "thomas_id": "01740", 
      "title": "Rep", 
      "withdrawn_at": null
    }, 
    {
      "district": "3", 
      "name": "Blumenauer, Earl", 
      "sponsored_at": "2005-12-17", 
      "state": "OR", 
      "thomas_id": "00099", 
      "title": "Rep", 
      "withdrawn_at": null
    }, 
    {
      "district": "24", 
      "name": "Boehlert, Sherwood", 
      "sponsored_at": "2005-12-15", 
      "state": "NY", 
      "thomas_id": "00101", 
      "title": "Rep", 
      "withdrawn_at": null
    }, 
    {
      "district": "45", 
      "name": "Bono Mack, Mary", 
      "sponsored_at": "2005-12-16", 
      "state": "CA", 
      "thomas_id": "01465", 
      "title": "Rep", 
      "withdrawn_at": null
    }, 
    {
      "district": "3", 
      "name": "Boswell, Leonard L.", 
      "sponsored_at": "2005-12-15", 
      "state": "IA", 
      "thomas_id": "01466", 
      "title": "Rep", 
      "withdrawn_at": null
    }, 
    {
      "district": "1", 
      "name": "Brady, Robert A.", 
      "sponsored_at": "2005-12-13", 
      "state": "PA", 
      "thomas_id": "01469", 
      "title": "Rep", 
      "withdrawn_at": null
    }, 
    {
      "district": "3", 
      "name": "Brown, Corrine", 
      "sponsored_at": "2005-12-15", 
      "state": "FL", 
      "thomas_id": "00132", 
      "title": "Rep", 
      "withdrawn_at": null
    }, 
    {
      "district": "13", 
      "name": "Brown, Sherrod", 
      "sponsored_at": "2005-12-13", 
      "state": "OH", 
      "thomas_id": "00136", 
      "title": "Rep", 
      "withdrawn_at": null
    }, 
    {
      "district": "5", 
      "name": "Burton, Dan", 
      "sponsored_at": "2005-12-15", 
      "state": "IN", 
      "thomas_id": "00154", 
      "title": "Rep", 
      "withdrawn_at": null
    }, 
    {
      "district": "1", 
      "name": "Butterfield, G. K.", 
      "sponsored_at": "2005-12-15", 
      "state": "NC", 
      "thomas_id": "01761", 
      "title": "Rep", 
      "withdrawn_at": null
    }, 
    {
      "district": "4", 
      "name": "Camp, Dave", 
      "sponsored_at": "2005-12-15", 
      "state": "MI", 
      "thomas_id": "00166", 
      "title": "Rep", 
      "withdrawn_at": null
    }, 
    {
      "district": "23", 
      "name": "Capps, Lois", 
      "sponsored_at": "2005-12-13", 
      "state": "CA", 
      "thomas_id": "01471", 
      "title": "Rep", 
      "withdrawn_at": null
    }, 
    {
      "district": "8", 
      "name": "Capuano, Michael E.", 
      "sponsored_at": "2005-12-16", 
      "state": "MA", 
      "thomas_id": "01564", 
      "title": "Rep", 
      "withdrawn_at": null
    }, 
    {
      "district": "3", 
      "name": "Cardin, Benjamin L.", 
      "sponsored_at": "2005-12-16", 
      "state": "MD", 
      "thomas_id": "00174", 
      "title": "Rep", 
      "withdrawn_at": null
    }, 
    {
      "district": "3", 
      "name": "Carnahan, Russ", 
      "sponsored_at": "2005-12-15", 
      "state": "MO", 
      "thomas_id": "01789", 
      "title": "Rep", 
      "withdrawn_at": null
    }, 
    {
      "district": "7", 
      "name": "Carson, Julia", 
      "sponsored_at": "2005-12-16", 
      "state": "IN", 
      "thomas_id": "01473", 
      "title": "Rep", 
      "withdrawn_at": null
    }, 
    {
      "district": null, 
      "name": "Castle, Michael N.", 
      "sponsored_at": "2005-12-17", 
      "state": "DE", 
      "thomas_id": "00183", 
      "title": "Rep", 
      "withdrawn_at": null
    }, 
    {
      "district": "1", 
      "name": "Chabot, Steve", 
      "sponsored_at": "2005-12-13", 
      "state": "OH", 
      "thomas_id": "00186", 
      "title": "Rep", 
      "withdrawn_at": null
    }, 
    {
      "district": "6", 
      "name": "Chandler, Ben", 
      "sponsored_at": "2005-12-16", 
      "state": "KY", 
      "thomas_id": "01759", 
      "title": "Rep", 
      "withdrawn_at": null
    }, 
    {
      "district": null, 
      "name": "Christensen, Donna M.", 
      "sponsored_at": "2005-12-18", 
      "state": "VI", 
      "thomas_id": "01474", 
      "title": "Rep", 
      "withdrawn_at": null
    }, 
    {
      "district": "1", 
      "name": "Clay, Wm. Lacy", 
      "sponsored_at": "2005-12-15", 
      "state": "MO", 
      "thomas_id": "01654", 
      "title": "Rep", 
      "withdrawn_at": null
    }, 
    {
      "district": "5", 
      "name": "Cleaver, Emanuel", 
      "sponsored_at": "2005-12-15", 
      "state": "MO", 
      "thomas_id": "01790", 
      "title": "Rep", 
      "withdrawn_at": null
    }, 
    {
      "district": "6", 
      "name": "Clyburn, James E.", 
      "sponsored_at": "2005-12-15", 
      "state": "SC", 
      "thomas_id": "00208", 
      "title": "Rep", 
      "withdrawn_at": null
    }, 
    {
      "district": "14", 
      "name": "Conyers, John, Jr.", 
      "sponsored_at": "2005-12-13", 
      "state": "MI", 
      "thomas_id": "00229", 
      "title": "Rep", 
      "withdrawn_at": null
    }, 
    {
      "district": "5", 
      "name": "Cooper, Jim", 
      "sponsored_at": "2005-12-16", 
      "state": "TN", 
      "thomas_id": "00231", 
      "title": "Rep", 
      "withdrawn_at": null
    }, 
    {
      "district": "20", 
      "name": "Costa, Jim", 
      "sponsored_at": "2005-12-15", 
      "state": "CA", 
      "thomas_id": "01774", 
      "title": "Rep", 
      "withdrawn_at": null
    }, 
    {
      "district": "12", 
      "name": "Costello, Jerry F.", 
      "sponsored_at": "2005-12-15", 
      "state": "IL", 
      "thomas_id": "00238", 
      "title": "Rep", 
      "withdrawn_at": null
    }, 
    {
      "district": "4", 
      "name": "Crenshaw, Ander", 
      "sponsored_at": "2005-12-17", 
      "state": "FL", 
      "thomas_id": "01643", 
      "title": "Rep", 
      "withdrawn_at": null
    }, 
    {
      "district": "28", 
      "name": "Cuellar, Henry", 
      "sponsored_at": "2005-12-16", 
      "state": "TX", 
      "thomas_id": "01807", 
      "title": "Rep", 
      "withdrawn_at": null
    }, 
    {
      "district": "7", 
      "name": "Culberson, John Abney", 
      "sponsored_at": "2005-12-16", 
      "state": "TX", 
      "thomas_id": "01670", 
      "title": "Rep", 
      "withdrawn_at": null
    }, 
    {
      "district": "7", 
      "name": "Cummings, Elijah E.", 
      "sponsored_at": "2005-12-15", 
      "state": "MD", 
      "thomas_id": "00256", 
      "title": "Rep", 
      "withdrawn_at": null
    }, 
    {
      "district": "7", 
      "name": "Davis, Artur", 
      "sponsored_at": "2005-12-15", 
      "state": "AL", 
      "thomas_id": "01705", 
      "title": "Rep", 
      "withdrawn_at": null
    }, 
    {
      "district": "7", 
      "name": "Davis, Danny K.", 
      "sponsored_at": "2005-12-15", 
      "state": "IL", 
      "thomas_id": "01477", 
      "title": "Rep", 
      "withdrawn_at": null
    }, 
    {
      "district": "11", 
      "name": "Davis, Jim", 
      "sponsored_at": "2005-12-17", 
      "state": "FL", 
      "thomas_id": "01478", 
      "title": "Rep", 
      "withdrawn_at": null
    }, 
    {
      "district": "53", 
      "name": "Davis, Susan A.", 
      "sponsored_at": "2005-12-15", 
      "state": "CA", 
      "thomas_id": "01641", 
      "title": "Rep", 
      "withdrawn_at": null
    }, 
    {
      "district": "11", 
      "name": "Davis, Tom", 
      "sponsored_at": "2005-12-16", 
      "state": "VA", 
      "thomas_id": "00274", 
      "title": "Rep", 
      "withdrawn_at": null
    }, 
    {
      "district": "4", 
      "name": "DeFazio, Peter A.", 
      "sponsored_at": "2005-12-17", 
      "state": "OR", 
      "thomas_id": "00279", 
      "title": "Rep", 
      "withdrawn_at": null
    }, 
    {
      "district": "1", 
      "name": "DeGette, Diana", 
      "sponsored_at": "2005-12-16", 
      "state": "CO", 
      "thomas_id": "01479", 
      "title": "Rep", 
      "withdrawn_at": null
    }, 
    {
      "district": "10", 
      "name": "Delahunt, William D.", 
      "sponsored_at": "2005-12-15", 
      "state": "MA", 
      "thomas_id": "01480", 
      "title": "Rep", 
      "withdrawn_at": null
    }, 
    {
      "district": "3", 
      "name": "DeLauro, Rosa L.", 
      "sponsored_at": "2005-12-17", 
      "state": "CT", 
      "thomas_id": "00281", 
      "title": "Rep", 
      "withdrawn_at": null
    }, 
    {
      "district": "15", 
      "name": "Dent, Charles W.", 
      "sponsored_at": "2005-12-18", 
      "state": "PA", 
      "thomas_id": "01799", 
      "title": "Rep", 
      "withdrawn_at": null
    }, 
    {
      "district": "21", 
      "name": "Diaz-Balart, Lincoln", 
      "sponsored_at": "2005-12-13", 
      "state": "FL", 
      "thomas_id": "00294", 
      "title": "Rep", 
      "withdrawn_at": null
    }, 
    {
      "district": "25", 
      "name": "Diaz-Balart, Mario", 
      "sponsored_at": "2005-12-18", 
      "state": "FL", 
      "thomas_id": "01717", 
      "title": "Rep", 
      "withdrawn_at": null
    }, 
    {
      "district": "6", 
      "name": "Dicks, Norman D.", 
      "sponsored_at": "2005-12-15", 
      "state": "WA", 
      "thomas_id": "00297", 
      "title": "Rep", 
      "withdrawn_at": null
    }, 
    {
      "district": "15", 
      "name": "Dingell, John D.", 
      "sponsored_at": "2005-12-13", 
      "state": "MI", 
      "thomas_id": "00299", 
      "title": "Rep", 
      "withdrawn_at": null
    }, 
    {
      "district": "25", 
      "name": "Doggett, Lloyd", 
      "sponsored_at": "2005-12-16", 
      "state": "TX", 
      "thomas_id": "00303", 
      "title": "Rep", 
      "withdrawn_at": null
    }, 
    {
      "district": "14", 
      "name": "Doyle, Michael F.", 
      "sponsored_at": "2005-12-17", 
      "state": "PA", 
      "thomas_id": "00316", 
      "title": "Rep", 
      "withdrawn_at": null
    }, 
    {
      "district": "5", 
      "name": "Emanuel, Rahm", 
      "sponsored_at": "2005-12-15", 
      "state": "IL", 
      "thomas_id": "01725", 
      "title": "Rep", 
      "withdrawn_at": null
    }, 
    {
      "district": "8", 
      "name": "Emerson, Jo Ann", 
      "sponsored_at": "2005-12-15", 
      "state": "MO", 
      "thomas_id": "01481", 
      "title": "Rep", 
      "withdrawn_at": null
    }, 
    {
      "district": "17", 
      "name": "Engel, Eliot L.", 
      "sponsored_at": "2005-12-17", 
      "state": "NY", 
      "thomas_id": "00344", 
      "title": "Rep", 
      "withdrawn_at": null
    }, 
    {
      "district": "3", 
      "name": "English, Phil", 
      "sponsored_at": "2005-12-18", 
      "state": "PA", 
      "thomas_id": "00347", 
      "title": "Rep", 
      "withdrawn_at": null
    }, 
    {
      "district": "14", 
      "name": "Eshoo, Anna G.", 
      "sponsored_at": "2005-12-16", 
      "state": "CA", 
      "thomas_id": "00355", 
      "title": "Rep", 
      "withdrawn_at": null
    }, 
    {
      "district": "2", 
      "name": "Etheridge, Bob", 
      "sponsored_at": "2005-12-17", 
      "state": "NC", 
      "thomas_id": "01482", 
      "title": "Rep", 
      "withdrawn_at": null
    }, 
    {
      "district": "17", 
      "name": "Evans, Lane", 
      "sponsored_at": "2005-12-17", 
      "state": "IL", 
      "thomas_id": "00361", 
      "title": "Rep", 
      "withdrawn_at": null
    }, 
    {
      "district": "17", 
      "name": "Farr, Sam", 
      "sponsored_at": "2005-12-16", 
      "state": "CA", 
      "thomas_id": "00368", 
      "title": "Rep", 
      "withdrawn_at": null
    }, 
    {
      "district": "2", 
      "name": "Fattah, Chaka", 
      "sponsored_at": "2005-12-15", 
      "state": "PA", 
      "thomas_id": "00371", 
      "title": "Rep", 
      "withdrawn_at": null
    }, 
    {
      "district": "24", 
      "name": "Feeney, Tom", 
      "sponsored_at": "2005-12-18", 
      "state": "FL", 
      "thomas_id": "01716", 
      "title": "Rep", 
      "withdrawn_at": null
    }, 
    {
      "district": "51", 
      "name": "Filner, Bob", 
      "sponsored_at": "2005-12-15", 
      "state": "CA", 
      "thomas_id": "00381", 
      "title": "Rep", 
      "withdrawn_at": null
    }, 
    {
      "district": "9", 
      "name": "Ford, Harold E., Jr.", 
      "sponsored_at": "2005-12-16", 
      "state": "TN", 
      "thomas_id": "01483", 
      "title": "Rep", 
      "withdrawn_at": null
    }, 
    {
      "district": "4", 
      "name": "Frank, Barney", 
      "sponsored_at": "2005-12-16", 
      "state": "MA", 
      "thomas_id": "00407", 
      "title": "Rep", 
      "withdrawn_at": null
    }, 
    {
      "district": "24", 
      "name": "Gallegly, Elton", 
      "sponsored_at": "2005-12-18", 
      "state": "CA", 
      "thomas_id": "00425", 
      "title": "Rep", 
      "withdrawn_at": null
    }, 
    {
      "district": "1", 
      "name": "Gilchrest, Wayne T.", 
      "sponsored_at": "2005-12-13", 
      "state": "MD", 
      "thomas_id": "00438", 
      "title": "Rep", 
      "withdrawn_at": null
    }, 
    {
      "district": "5", 
      "name": "Gillmor, Paul E.", 
      "sponsored_at": "2005-12-18", 
      "state": "OH", 
      "thomas_id": "00439", 
      "title": "Rep", 
      "withdrawn_at": null
    }, 
    {
      "district": "20", 
      "name": "Gonzalez, Charles A.", 
      "sponsored_at": "2005-12-16", 
      "state": "TX", 
      "thomas_id": "01555", 
      "title": "Rep", 
      "withdrawn_at": null
    }, 
    {
      "district": "6", 
      "name": "Gordon, Bart", 
      "sponsored_at": "2005-12-17", 
      "state": "TN", 
      "thomas_id": "00448", 
      "title": "Rep", 
      "withdrawn_at": null
    }, 
    {
      "district": "9", 
      "name": "Green, Al", 
      "sponsored_at": "2005-12-15", 
      "state": "TX", 
      "thomas_id": "01803", 
      "title": "Rep", 
      "withdrawn_at": null
    }, 
    {
      "district": "29", 
      "name": "Green, Gene", 
      "sponsored_at": "2005-12-13", 
      "state": "TX", 
      "thomas_id": "00462", 
      "title": "Rep", 
      "withdrawn_at": null
    }, 
    {
      "district": "7", 
      "name": "Grijalva, Raul M.", 
      "sponsored_at": "2005-12-15", 
      "state": "AZ", 
      "thomas_id": "01708", 
      "title": "Rep", 
      "withdrawn_at": null
    }, 
    {
      "district": "4", 
      "name": "Gutierrez, Luis V.", 
      "sponsored_at": "2005-12-15", 
      "state": "IL", 
      "thomas_id": "00478", 
      "title": "Rep", 
      "withdrawn_at": null
    }, 
    {
      "district": "1", 
      "name": "Gutknecht, Gil", 
      "sponsored_at": "2005-12-16", 
      "state": "MN", 
      "thomas_id": "00479", 
      "title": "Rep", 
      "withdrawn_at": null
    }, 
    {
      "district": "36", 
      "name": "Harman, Jane", 
      "sponsored_at": "2005-12-16", 
      "state": "CA", 
      "thomas_id": "00502", 
      "title": "Rep", 
      "withdrawn_at": null
    }, 
    {
      "district": "13", 
      "name": "Harris, Katherine", 
      "sponsored_at": "2005-12-18", 
      "state": "FL", 
      "thomas_id": "01714", 
      "title": "Rep", 
      "withdrawn_at": null
    }, 
    {
      "district": "4", 
      "name": "Hart, Melissa A.", 
      "sponsored_at": "2005-12-15", 
      "state": "PA", 
      "thomas_id": "01666", 
      "title": "Rep", 
      "withdrawn_at": null
    }, 
    {
      "district": "23", 
      "name": "Hastings, Alcee L.", 
      "sponsored_at": "2005-12-13", 
      "state": "FL", 
      "thomas_id": "00511", 
      "title": "Rep", 
      "withdrawn_at": null
    }, 
    {
      "district": "5", 
      "name": "Hayworth, J. D.", 
      "sponsored_at": "2005-12-16", 
      "state": "AZ", 
      "thomas_id": "00520", 
      "title": "Rep", 
      "withdrawn_at": null
    }, 
    {
      "district": null, 
      "name": "Herseth, Stephanie", 
      "sponsored_at": "2005-12-15", 
      "state": "SD", 
      "thomas_id": "01760", 
      "title": "Rep", 
      "withdrawn_at": null
    }, 
    {
      "district": "27", 
      "name": "Higgins, Brian", 
      "sponsored_at": "2005-12-15", 
      "state": "NY", 
      "thomas_id": "01794", 
      "title": "Rep", 
      "withdrawn_at": null
    }, 
    {
      "district": "22", 
      "name": "Hinchey, Maurice D.", 
      "sponsored_at": "2005-12-15", 
      "state": "NY", 
      "thomas_id": "00541", 
      "title": "Rep", 
      "withdrawn_at": null
    }, 
    {
      "district": "15", 
      "name": "Hinojosa, Ruben", 
      "sponsored_at": "2005-12-18", 
      "state": "TX", 
      "thomas_id": "01490", 
      "title": "Rep", 
      "withdrawn_at": null
    }, 
    {
      "district": "7", 
      "name": "Hobson, David L.", 
      "sponsored_at": "2005-12-17", 
      "state": "OH", 
      "thomas_id": "00545", 
      "title": "Rep", 
      "withdrawn_at": null
    }, 
    {
      "district": "2", 
      "name": "Hoekstra, Peter", 
      "sponsored_at": "2005-12-13", 
      "state": "MI", 
      "thomas_id": "00547", 
      "title": "Rep", 
      "withdrawn_at": null
    }, 
    {
      "district": "12", 
      "name": "Holt, Rush D.", 
      "sponsored_at": "2005-12-15", 
      "state": "NJ", 
      "thomas_id": "01580", 
      "title": "Rep", 
      "withdrawn_at": null
    }, 
    {
      "district": "15", 
      "name": "Honda, Michael M.", 
      "sponsored_at": "2005-12-15", 
      "state": "CA", 
      "thomas_id": "01634", 
      "title": "Rep", 
      "withdrawn_at": null
    }, 
    {
      "district": "5", 
      "name": "Hooley, Darlene", 
      "sponsored_at": "2005-12-16", 
      "state": "OR", 
      "thomas_id": "01491", 
      "title": "Rep", 
      "withdrawn_at": null
    }, 
    {
      "district": "5", 
      "name": "Hoyer, Steny H.", 
      "sponsored_at": "2005-12-16", 
      "state": "MD", 
      "thomas_id": "00566", 
      "title": "Rep", 
      "withdrawn_at": null
    }, 
    {
      "district": "1", 
      "name": "Inslee, Jay", 
      "sponsored_at": "2005-12-18", 
      "state": "WA", 
      "thomas_id": "00584", 
      "title": "Rep", 
      "withdrawn_at": null
    }, 
    {
      "district": "2", 
      "name": "Israel, Steve", 
      "sponsored_at": "2005-12-15", 
      "state": "NY", 
      "thomas_id": "01663", 
      "title": "Rep", 
      "withdrawn_at": null
    }, 
    {
      "district": "2", 
      "name": "Jackson, Jesse L., Jr.", 
      "sponsored_at": "2005-12-15", 
      "state": "IL", 
      "thomas_id": "00587", 
      "title": "Rep", 
      "withdrawn_at": null
    }, 
    {
      "district": "2", 
      "name": "Jefferson, William J.", 
      "sponsored_at": "2005-12-15", 
      "state": "LA", 
      "thomas_id": "00592", 
      "title": "Rep", 
      "withdrawn_at": null
    }, 
    {
      "district": "1", 
      "name": "Jenkins, William L.", 
      "sponsored_at": "2005-12-16", 
      "state": "TN", 
      "thomas_id": "01494", 
      "title": "Rep", 
      "withdrawn_at": null
    }, 
    {
      "district": "30", 
      "name": "Johnson, Eddie Bernice", 
      "sponsored_at": "2005-12-15", 
      "state": "TX", 
      "thomas_id": "00599", 
      "title": "Rep", 
      "withdrawn_at": null
    }, 
    {
      "district": "5", 
      "name": "Johnson, Nancy L.", 
      "sponsored_at": "2005-12-16", 
      "state": "CT", 
      "thomas_id": "00602", 
      "title": "Rep", 
      "withdrawn_at": null
    }, 
    {
      "district": "11", 
      "name": "Jones, Stephanie Tubbs", 
      "sponsored_at": "2005-12-15", 
      "state": "OH", 
      "thomas_id": "01581", 
      "title": "Rep", 
      "withdrawn_at": null
    }, 
    {
      "district": "11", 
      "name": "Kanjorski, Paul E.", 
      "sponsored_at": "2005-12-17", 
      "state": "PA", 
      "thomas_id": "00615", 
      "title": "Rep", 
      "withdrawn_at": null
    }, 
    {
      "district": "9", 
      "name": "Kaptur, Marcy", 
      "sponsored_at": "2005-12-13", 
      "state": "OH", 
      "thomas_id": "00616", 
      "title": "Rep", 
      "withdrawn_at": null
    }, 
    {
      "district": "19", 
      "name": "Kelly, Sue W.", 
      "sponsored_at": "2005-12-16", 
      "state": "NY", 
      "thomas_id": "00624", 
      "title": "Rep", 
      "withdrawn_at": null
    }, 
    {
      "district": "1", 
      "name": "Kennedy, Patrick J.", 
      "sponsored_at": "2005-12-17", 
      "state": "RI", 
      "thomas_id": "00627", 
      "title": "Rep", 
      "withdrawn_at": null
    }, 
    {
      "district": "5", 
      "name": "Kildee, Dale E.", 
      "sponsored_at": "2005-12-15", 
      "state": "MI", 
      "thomas_id": "00631", 
      "title": "Rep", 
      "withdrawn_at": null
    }, 
    {
      "district": "13", 
      "name": "Kilpatrick, Carolyn C.", 
      "sponsored_at": "2005-12-13", 
      "state": "MI", 
      "thomas_id": "01497", 
      "title": "Rep", 
      "withdrawn_at": null
    }, 
    {
      "district": "3", 
      "name": "Kind, Ron", 
      "sponsored_at": "2005-12-16", 
      "state": "WI", 
      "thomas_id": "01498", 
      "title": "Rep", 
      "withdrawn_at": null
    }, 
    {
      "district": "10", 
      "name": "Kucinich, Dennis J.", 
      "sponsored_at": "2005-12-16", 
      "state": "OH", 
      "thomas_id": "01499", 
      "title": "Rep", 
      "withdrawn_at": null
    }, 
    {
      "district": "2", 
      "name": "Langevin, James R.", 
      "sponsored_at": "2005-12-15", 
      "state": "RI", 
      "thomas_id": "01668", 
      "title": "Rep", 
      "withdrawn_at": null
    }, 
    {
      "district": "12", 
      "name": "Lantos, Tom", 
      "sponsored_at": "2005-12-16", 
      "state": "CA", 
      "thomas_id": "00663", 
      "title": "Rep", 
      "withdrawn_at": null
    }, 
    {
      "district": "1", 
      "name": "Larson, John B.", 
      "sponsored_at": "2005-12-17", 
      "state": "CT", 
      "thomas_id": "01583", 
      "title": "Rep", 
      "withdrawn_at": null
    }, 
    {
      "district": "14", 
      "name": "LaTourette, Steven C.", 
      "sponsored_at": "2005-12-16", 
      "state": "OH", 
      "thomas_id": "00667", 
      "title": "Rep", 
      "withdrawn_at": null
    }, 
    {
      "district": "2", 
      "name": "Leach, James A.", 
      "sponsored_at": "2005-12-15", 
      "state": "IA", 
      "thomas_id": "00672", 
      "title": "Rep", 
      "withdrawn_at": null
    }, 
    {
      "district": "9", 
      "name": "Lee, Barbara", 
      "sponsored_at": "2005-12-13", 
      "state": "CA", 
      "thomas_id": "01501", 
      "title": "Rep", 
      "withdrawn_at": null
    }, 
    {
      "district": "12", 
      "name": "Levin, Sander M.", 
      "sponsored_at": "2005-12-17", 
      "state": "MI", 
      "thomas_id": "00683", 
      "title": "Rep", 
      "withdrawn_at": null
    }, 
    {
      "district": "5", 
      "name": "Lewis, John", 
      "sponsored_at": "2005-12-15", 
      "state": "GA", 
      "thomas_id": "00688", 
      "title": "Rep", 
      "withdrawn_at": null
    }, 
    {
      "district": "2", 
      "name": "Lewis, Ron", 
      "sponsored_at": "2005-12-16", 
      "state": "KY", 
      "thomas_id": "00689", 
      "title": "Rep", 
      "withdrawn_at": null
    }, 
    {
      "district": "16", 
      "name": "Lofgren, Zoe", 
      "sponsored_at": "2005-12-15", 
      "state": "CA", 
      "thomas_id": "00701", 
      "title": "Rep", 
      "withdrawn_at": null
    }, 
    {
      "district": "18", 
      "name": "Lowey, Nita M.", 
      "sponsored_at": "2005-12-17", 
      "state": "NY", 
      "thomas_id": "00709", 
      "title": "Rep", 
      "withdrawn_at": null
    }, 
    {
      "district": "3", 
      "name": "Lucas, Frank D.", 
      "sponsored_at": "2005-12-18", 
      "state": "OK", 
      "thomas_id": "00711", 
      "title": "Rep", 
      "withdrawn_at": null
    }, 
    {
      "district": "9", 
      "name": "Lynch, Stephen F.", 
      "sponsored_at": "2005-12-15", 
      "state": "MA", 
      "thomas_id": "01686", 
      "title": "Rep", 
      "withdrawn_at": null
    }, 
    {
      "district": "14", 
      "name": "Maloney, Carolyn B.", 
      "sponsored_at": "2005-12-13", 
      "state": "NY", 
      "thomas_id": "00729", 
      "title": "Rep", 
      "withdrawn_at": null
    }, 
    {
      "district": "7", 
      "name": "Markey, Edward J.", 
      "sponsored_at": "2005-12-13", 
      "state": "MA", 
      "thomas_id": "00735", 
      "title": "Rep", 
      "withdrawn_at": null
    }, 
    {
      "district": "3", 
      "name": "Marshall, Jim", 
      "sponsored_at": "2005-12-15", 
      "state": "GA", 
      "thomas_id": "01718", 
      "title": "Rep", 
      "withdrawn_at": null
    }, 
    {
      "district": "2", 
      "name": "Matheson, Jim", 
      "sponsored_at": "2005-12-16", 
      "state": "UT", 
      "thomas_id": "01671", 
      "title": "Rep", 
      "withdrawn_at": null
    }, 
    {
      "district": "5", 
      "name": "Matsui, Doris O.", 
      "sponsored_at": "2005-12-13", 
      "state": "CA", 
      "thomas_id": "01814", 
      "title": "Rep", 
      "withdrawn_at": null
    }, 
    {
      "district": "4", 
      "name": "McCarthy, Carolyn", 
      "sponsored_at": "2005-12-15", 
      "state": "NY", 
      "thomas_id": "01503", 
      "title": "Rep", 
      "withdrawn_at": null
    }, 
    {
      "district": "4", 
      "name": "McCollum, Betty", 
      "sponsored_at": "2005-12-15", 
      "state": "MN", 
      "thomas_id": "01653", 
      "title": "Rep", 
      "withdrawn_at": null
    }, 
    {
      "district": "7", 
      "name": "McDermott, Jim", 
      "sponsored_at": "2005-12-13", 
      "state": "WA", 
      "thomas_id": "00766", 
      "title": "Rep", 
      "withdrawn_at": null
    }, 
    {
      "district": "3", 
      "name": "McGovern, James P.", 
      "sponsored_at": "2005-12-16", 
      "state": "MA", 
      "thomas_id": "01504", 
      "title": "Rep", 
      "withdrawn_at": null
    }, 
    {
      "district": "4", 
      "name": "McKinney, Cynthia A.", 
      "sponsored_at": "2005-12-15", 
      "state": "GA", 
      "thomas_id": "00780", 
      "title": "Rep", 
      "withdrawn_at": null
    }, 
    {
      "district": "21", 
      "name": "McNulty, Michael R.", 
      "sponsored_at": "2005-12-16", 
      "state": "NY", 
      "thomas_id": "00785", 
      "title": "Rep", 
      "withdrawn_at": null
    }, 
    {
      "district": "5", 
      "name": "Meehan, Martin T.", 
      "sponsored_at": "2005-12-15", 
      "state": "MA", 
      "thomas_id": "00788", 
      "title": "Rep", 
      "withdrawn_at": null
    }, 
    {
      "district": "17", 
      "name": "Meek, Kendrick B.", 
      "sponsored_at": "2005-12-15", 
      "state": "FL", 
      "thomas_id": "01715", 
      "title": "Rep", 
      "withdrawn_at": null
    }, 
    {
      "district": "6", 
      "name": "Meeks, Gregory W.", 
      "sponsored_at": "2005-12-13", 
      "state": "NY", 
      "thomas_id": "01506", 
      "title": "Rep", 
      "withdrawn_at": null
    }, 
    {
      "district": "3", 
      "name": "Melancon, Charlie", 
      "sponsored_at": "2005-12-15", 
      "state": "LA", 
      "thomas_id": "01786", 
      "title": "Rep", 
      "withdrawn_at": null
    }, 
    {
      "district": "13", 
      "name": "Menendez, Robert", 
      "sponsored_at": "2005-12-17", 
      "state": "NJ", 
      "thomas_id": "00791", 
      "title": "Rep", 
      "withdrawn_at": null
    }, 
    {
      "district": "2", 
      "name": "Michaud, Michael H.", 
      "sponsored_at": "2005-12-15", 
      "state": "ME", 
      "thomas_id": "01730", 
      "title": "Rep", 
      "withdrawn_at": null
    }, 
    {
      "district": "37", 
      "name": "Millender-McDonald, Juanita", 
      "sponsored_at": "2005-12-13", 
      "state": "CA", 
      "thomas_id": "00805", 
      "title": "Rep", 
      "withdrawn_at": null
    }, 
    {
      "district": "7", 
      "name": "Miller, George", 
      "sponsored_at": "2005-12-15", 
      "state": "CA", 
      "thomas_id": "00808", 
      "title": "Rep", 
      "withdrawn_at": null
    }, 
    {
      "district": "1", 
      "name": "Mollohan, Alan B.", 
      "sponsored_at": "2005-12-16", 
      "state": "WV", 
      "thomas_id": "00824", 
      "title": "Rep", 
      "withdrawn_at": null
    }, 
    {
      "district": "3", 
      "name": "Moore, Dennis", 
      "sponsored_at": "2005-12-16", 
      "state": "KS", 
      "thomas_id": "01561", 
      "title": "Rep", 
      "withdrawn_at": null
    }, 
    {
      "district": "4", 
      "name": "Moore, Gwen", 
      "sponsored_at": "2005-12-15", 
      "state": "WI", 
      "thomas_id": "01811", 
      "title": "Rep", 
      "withdrawn_at": null
    }, 
    {
      "district": "8", 
      "name": "Moran, James P.", 
      "sponsored_at": "2005-12-15", 
      "state": "VA", 
      "thomas_id": "00832", 
      "title": "Rep", 
      "withdrawn_at": null
    }, 
    {
      "district": "18", 
      "name": "Murphy, Tim", 
      "sponsored_at": "2005-12-18", 
      "state": "PA", 
      "thomas_id": "01744", 
      "title": "Rep", 
      "withdrawn_at": null
    }, 
    {
      "district": "9", 
      "name": "Myrick, Sue Wilkins", 
      "sponsored_at": "2005-12-16", 
      "state": "NC", 
      "thomas_id": "00849", 
      "title": "Rep", 
      "withdrawn_at": null
    }, 
    {
      "district": "8", 
      "name": "Nadler, Jerrold", 
      "sponsored_at": "2005-12-17", 
      "state": "NY", 
      "thomas_id": "00850", 
      "title": "Rep", 
      "withdrawn_at": null
    }, 
    {
      "district": "38", 
      "name": "Napolitano, Grace F.", 
      "sponsored_at": "2005-12-15", 
      "state": "CA", 
      "thomas_id": "01602", 
      "title": "Rep", 
      "withdrawn_at": null
    }, 
    {
      "district": "2", 
      "name": "Neal, Richard E.", 
      "sponsored_at": "2005-12-17", 
      "state": "MA", 
      "thomas_id": "00854", 
      "title": "Rep", 
      "withdrawn_at": null
    }, 
    {
      "district": "18", 
      "name": "Ney, Robert W.", 
      "sponsored_at": "2005-12-15", 
      "state": "OH", 
      "thomas_id": "00862", 
      "title": "Rep", 
      "withdrawn_at": null
    }, 
    {
      "district": "8", 
      "name": "Oberstar, James L.", 
      "sponsored_at": "2005-12-15", 
      "state": "MN", 
      "thomas_id": "00876", 
      "title": "Rep", 
      "withdrawn_at": null
    }, 
    {
      "district": "7", 
      "name": "Obey, David R.", 
      "sponsored_at": "2005-12-18", 
      "state": "WI", 
      "thomas_id": "00877", 
      "title": "Rep", 
      "withdrawn_at": null
    }, 
    {
      "district": "1", 
      "name": "Olver, John W.", 
      "sponsored_at": "2005-12-15", 
      "state": "MA", 
      "thomas_id": "00879", 
      "title": "Rep", 
      "withdrawn_at": null
    }, 
    {
      "district": "27", 
      "name": "Ortiz, Solomon P.", 
      "sponsored_at": "2005-12-15", 
      "state": "TX", 
      "thomas_id": "00880", 
      "title": "Rep", 
      "withdrawn_at": null
    }, 
    {
      "district": "11", 
      "name": "Owens, Major R.", 
      "sponsored_at": "2005-12-17", 
      "state": "NY", 
      "thomas_id": "00883", 
      "title": "Rep", 
      "withdrawn_at": null
    }, 
    {
      "district": "4", 
      "name": "Oxley, Michael G.", 
      "sponsored_at": "2005-12-16", 
      "state": "OH", 
      "thomas_id": "00885", 
      "title": "Rep", 
      "withdrawn_at": null
    }, 
    {
      "district": "6", 
      "name": "Pallone, Frank, Jr.", 
      "sponsored_at": "2005-12-13", 
      "state": "NJ", 
      "thomas_id": "00887", 
      "title": "Rep", 
      "withdrawn_at": null
    }, 
    {
      "district": "8", 
      "name": "Pascrell, Bill, Jr.", 
      "sponsored_at": "2005-12-15", 
      "state": "NJ", 
      "thomas_id": "01510", 
      "title": "Rep", 
      "withdrawn_at": null
    }, 
    {
      "district": "4", 
      "name": "Pastor, Ed", 
      "sponsored_at": "2005-12-16", 
      "state": "AZ", 
      "thomas_id": "00893", 
      "title": "Rep", 
      "withdrawn_at": null
    }, 
    {
      "district": "10", 
      "name": "Payne, Donald M.", 
      "sponsored_at": "2005-12-15", 
      "state": "NJ", 
      "thomas_id": "00902", 
      "title": "Rep", 
      "withdrawn_at": null
    }, 
    {
      "district": "8", 
      "name": "Pelosi, Nancy", 
      "sponsored_at": "2005-12-16", 
      "state": "CA", 
      "thomas_id": "00905", 
      "title": "Rep", 
      "withdrawn_at": null
    }, 
    {
      "district": "6", 
      "name": "Petri, Thomas E.", 
      "sponsored_at": "2005-12-16", 
      "state": "WI", 
      "thomas_id": "00912", 
      "title": "Rep", 
      "withdrawn_at": null
    }, 
    {
      "district": "4", 
      "name": "Price, David E.", 
      "sponsored_at": "2005-12-18", 
      "state": "NC", 
      "thomas_id": "00930", 
      "title": "Rep", 
      "withdrawn_at": null
    }, 
    {
      "district": "15", 
      "name": "Pryce, Deborah", 
      "sponsored_at": "2005-12-18", 
      "state": "OH", 
      "thomas_id": "00933", 
      "title": "Rep", 
      "withdrawn_at": null
    }, 
    {
      "district": "3", 
      "name": "Ramstad, Jim", 
      "sponsored_at": "2005-12-16", 
      "state": "MN", 
      "thomas_id": "00942", 
      "title": "Rep", 
      "withdrawn_at": null
    }, 
    {
      "district": "15", 
      "name": "Rangel, Charles B.", 
      "sponsored_at": "2005-12-16", 
      "state": "NY", 
      "thomas_id": "00944", 
      "title": "Rep", 
      "withdrawn_at": null
    }, 
    {
      "district": "1", 
      "name": "Renzi, Rick", 
      "sponsored_at": "2005-12-16", 
      "state": "AZ", 
      "thomas_id": "01706", 
      "title": "Rep", 
      "withdrawn_at": null
    }, 
    {
      "district": "16", 
      "name": "Reyes, Silvestre", 
      "sponsored_at": "2005-12-16", 
      "state": "TX", 
      "thomas_id": "01516", 
      "title": "Rep", 
      "withdrawn_at": null
    }, 
    {
      "district": "46", 
      "name": "Rohrabacher, Dana", 
      "sponsored_at": "2005-12-16", 
      "state": "CA", 
      "thomas_id": "00979", 
      "title": "Rep", 
      "withdrawn_at": null
    }, 
    {
      "district": "18", 
      "name": "Ros-Lehtinen, Ileana", 
      "sponsored_at": "2005-12-16", 
      "state": "FL", 
      "thomas_id": "00985", 
      "title": "Rep", 
      "withdrawn_at": null
    }, 
    {
      "district": "4", 
      "name": "Ross, Mike", 
      "sponsored_at": "2005-12-16", 
      "state": "AR", 
      "thomas_id": "01632", 
      "title": "Rep", 
      "withdrawn_at": null
    }, 
    {
      "district": "9", 
      "name": "Rothman, Steven R.", 
      "sponsored_at": "2005-12-16", 
      "state": "NJ", 
      "thomas_id": "01520", 
      "title": "Rep", 
      "withdrawn_at": null
    }, 
    {
      "district": "40", 
      "name": "Royce, Edward R.", 
      "sponsored_at": "2005-12-16", 
      "state": "CA", 
      "thomas_id": "00998", 
      "title": "Rep", 
      "withdrawn_at": null
    }, 
    {
      "district": "1", 
      "name": "Rush, Bobby L.", 
      "sponsored_at": "2005-12-13", 
      "state": "IL", 
      "thomas_id": "01003", 
      "title": "Rep", 
      "withdrawn_at": null
    }, 
    {
      "district": "5", 
      "name": "Sabo, Martin Olav", 
      "sponsored_at": "2005-12-15", 
      "state": "MN", 
      "thomas_id": "01007", 
      "title": "Rep", 
      "withdrawn_at": null
    }, 
    {
      "district": "39", 
      "name": "Sanchez, Linda T.", 
      "sponsored_at": "2005-12-15", 
      "state": "CA", 
      "thomas_id": "01757", 
      "title": "Rep", 
      "withdrawn_at": null
    }, 
    {
      "district": "47", 
      "name": "Sanchez, Loretta", 
      "sponsored_at": "2005-12-16", 
      "state": "CA", 
      "thomas_id": "01522", 
      "title": "Rep", 
      "withdrawn_at": null
    }, 
    {
      "district": null, 
      "name": "Sanders, Bernard", 
      "sponsored_at": "2005-12-15", 
      "state": "VT", 
      "thomas_id": "01010", 
      "title": "Rep", 
      "withdrawn_at": null
    }, 
    {
      "district": "9", 
      "name": "Schakowsky, Janice D.", 
      "sponsored_at": "2005-12-15", 
      "state": "IL", 
      "thomas_id": "01588", 
      "title": "Rep", 
      "withdrawn_at": null
    }, 
    {
      "district": "29", 
      "name": "Schiff, Adam B.", 
      "sponsored_at": "2005-12-16", 
      "state": "CA", 
      "thomas_id": "01635", 
      "title": "Rep", 
      "withdrawn_at": null
    }, 
    {
      "district": "2", 
      "name": "Schmidt, Jean", 
      "sponsored_at": "2005-12-18", 
      "state": "OH", 
      "thomas_id": "01815", 
      "title": "Rep", 
      "withdrawn_at": null
    }, 
    {
      "district": "13", 
      "name": "Schwartz, Allyson Y.", 
      "sponsored_at": "2005-12-16", 
      "state": "PA", 
      "thomas_id": "01798", 
      "title": "Rep", 
      "withdrawn_at": null
    }, 
    {
      "district": "13", 
      "name": "Scott, David", 
      "sponsored_at": "2005-12-15", 
      "state": "GA", 
      "thomas_id": "01722", 
      "title": "Rep", 
      "withdrawn_at": null
    }, 
    {
      "district": "3", 
      "name": "Scott, Robert C. \"Bobby\"", 
      "sponsored_at": "2005-12-16", 
      "state": "VA", 
      "thomas_id": "01037", 
      "title": "Rep", 
      "withdrawn_at": null
    }, 
    {
      "district": "16", 
      "name": "Serrano, Jose E.", 
      "sponsored_at": "2005-12-13", 
      "state": "NY", 
      "thomas_id": "01042", 
      "title": "Rep", 
      "withdrawn_at": null
    }, 
    {
      "district": "4", 
      "name": "Shays, Christopher", 
      "sponsored_at": "2005-12-16", 
      "state": "CT", 
      "thomas_id": "01048", 
      "title": "Rep", 
      "withdrawn_at": null
    }, 
    {
      "district": "27", 
      "name": "Sherman, Brad", 
      "sponsored_at": "2005-12-18", 
      "state": "CA", 
      "thomas_id": "01526", 
      "title": "Rep", 
      "withdrawn_at": null
    }, 
    {
      "district": "19", 
      "name": "Shimkus, John", 
      "sponsored_at": "2005-12-13", 
      "state": "IL", 
      "thomas_id": "01527", 
      "title": "Rep", 
      "withdrawn_at": null
    }, 
    {
      "district": "9", 
      "name": "Shuster, Bill", 
      "sponsored_at": "2005-12-16", 
      "state": "PA", 
      "thomas_id": "01681", 
      "title": "Rep", 
      "withdrawn_at": null
    }, 
    {
      "district": "2", 
      "name": "Simmons, Rob", 
      "sponsored_at": "2005-12-15", 
      "state": "CT", 
      "thomas_id": "01642", 
      "title": "Rep", 
      "withdrawn_at": null
    }, 
    {
      "district": "4", 
      "name": "Skelton, Ike", 
      "sponsored_at": "2005-12-16", 
      "state": "MO", 
      "thomas_id": "01064", 
      "title": "Rep", 
      "withdrawn_at": null
    }, 
    {
      "district": "28", 
      "name": "Slaughter, Louise McIntosh", 
      "sponsored_at": "2005-12-13", 
      "state": "NY", 
      "thomas_id": "01069", 
      "title": "Rep", 
      "withdrawn_at": null
    }, 
    {
      "district": "2", 
      "name": "Snyder, Vic", 
      "sponsored_at": "2005-12-15", 
      "state": "AR", 
      "thomas_id": "01530", 
      "title": "Rep", 
      "withdrawn_at": null
    }, 
    {
      "district": "32", 
      "name": "Solis, Hilda L.", 
      "sponsored_at": "2005-12-15", 
      "state": "CA", 
      "thomas_id": "01636", 
      "title": "Rep", 
      "withdrawn_at": null
    }, 
    {
      "district": "5", 
      "name": "Spratt, John M., Jr.", 
      "sponsored_at": "2005-12-16", 
      "state": "SC", 
      "thomas_id": "01092", 
      "title": "Rep", 
      "withdrawn_at": null
    }, 
    {
      "district": "13", 
      "name": "Stark, Fortney Pete", 
      "sponsored_at": "2005-12-16", 
      "state": "CA", 
      "thomas_id": "01101", 
      "title": "Rep", 
      "withdrawn_at": null
    }, 
    {
      "district": "6", 
      "name": "Strickland, Ted", 
      "sponsored_at": "2005-12-16", 
      "state": "OH", 
      "thomas_id": "01118", 
      "title": "Rep", 
      "withdrawn_at": null
    }, 
    {
      "district": "20", 
      "name": "Sweeney, John E.", 
      "sponsored_at": "2005-12-18", 
      "state": "NY", 
      "thomas_id": "01591", 
      "title": "Rep", 
      "withdrawn_at": null
    }, 
    {
      "district": "10", 
      "name": "Tauscher, Ellen O.", 
      "sponsored_at": "2005-12-15", 
      "state": "CA", 
      "thomas_id": "01533", 
      "title": "Rep", 
      "withdrawn_at": null
    }, 
    {
      "district": "11", 
      "name": "Taylor, Charles H.", 
      "sponsored_at": "2005-12-15", 
      "state": "NC", 
      "thomas_id": "01141", 
      "title": "Rep", 
      "withdrawn_at": null
    }, 
    {
      "district": "4", 
      "name": "Taylor, Gene", 
      "sponsored_at": "2005-12-15", 
      "state": "MS", 
      "thomas_id": "01142", 
      "title": "Rep", 
      "withdrawn_at": null
    }, 
    {
      "district": "2", 
      "name": "Thompson, Bennie G.", 
      "sponsored_at": "2005-12-15", 
      "state": "MS", 
      "thomas_id": "01151", 
      "title": "Rep", 
      "withdrawn_at": null
    }, 
    {
      "district": "1", 
      "name": "Thompson, Mike", 
      "sponsored_at": "2005-12-17", 
      "state": "CA", 
      "thomas_id": "01593", 
      "title": "Rep", 
      "withdrawn_at": null
    }, 
    {
      "district": "12", 
      "name": "Tiberi, Patrick J.", 
      "sponsored_at": "2005-12-18", 
      "state": "OH", 
      "thomas_id": "01664", 
      "title": "Rep", 
      "withdrawn_at": null
    }, 
    {
      "district": "6", 
      "name": "Tierney, John F.", 
      "sponsored_at": "2005-12-15", 
      "state": "MA", 
      "thomas_id": "01535", 
      "title": "Rep", 
      "withdrawn_at": null
    }, 
    {
      "district": "10", 
      "name": "Towns, Edolphus", 
      "sponsored_at": "2005-12-16", 
      "state": "NY", 
      "thomas_id": "01165", 
      "title": "Rep", 
      "withdrawn_at": null
    }, 
    {
      "district": "3", 
      "name": "Turner, Michael R.", 
      "sponsored_at": "2005-12-18", 
      "state": "OH", 
      "thomas_id": "01741", 
      "title": "Rep", 
      "withdrawn_at": null
    }, 
    {
      "district": "2", 
      "name": "Udall, Mark", 
      "sponsored_at": "2005-12-16", 
      "state": "CO", 
      "thomas_id": "01595", 
      "title": "Rep", 
      "withdrawn_at": null
    }, 
    {
      "district": "3", 
      "name": "Udall, Tom", 
      "sponsored_at": "2005-12-15", 
      "state": "NM", 
      "thomas_id": "01567", 
      "title": "Rep", 
      "withdrawn_at": null
    }, 
    {
      "district": "6", 
      "name": "Upton, Fred", 
      "sponsored_at": "2005-12-15", 
      "state": "MI", 
      "thomas_id": "01177", 
      "title": "Rep", 
      "withdrawn_at": null
    }, 
    {
      "district": "8", 
      "name": "Van Hollen, Chris", 
      "sponsored_at": "2005-12-16", 
      "state": "MD", 
      "thomas_id": "01729", 
      "title": "Rep", 
      "withdrawn_at": null
    }, 
    {
      "district": "12", 
      "name": "Velazquez, Nydia M.", 
      "sponsored_at": "2005-12-15", 
      "state": "NY", 
      "thomas_id": "01184", 
      "title": "Rep", 
      "withdrawn_at": null
    }, 
    {
      "district": "20", 
      "name": "Wasserman Schultz, Debbie", 
      "sponsored_at": "2005-12-15", 
      "state": "FL", 
      "thomas_id": "01777", 
      "title": "Rep", 
      "withdrawn_at": null
    }, 
    {
      "district": "35", 
      "name": "Waters, Maxine", 
      "sponsored_at": "2005-12-16", 
      "state": "CA", 
      "thomas_id": "01205", 
      "title": "Rep", 
      "withdrawn_at": null
    }, 
    {
      "district": "33", 
      "name": "Watson, Diane E.", 
      "sponsored_at": "2005-12-13", 
      "state": "CA", 
      "thomas_id": "01682", 
      "title": "Rep", 
      "withdrawn_at": null
    }, 
    {
      "district": "12", 
      "name": "Watt, Melvin L.", 
      "sponsored_at": "2005-12-16", 
      "state": "NC", 
      "thomas_id": "01207", 
      "title": "Rep", 
      "withdrawn_at": null
    }, 
    {
      "district": "30", 
      "name": "Waxman, Henry A.", 
      "sponsored_at": "2005-12-15", 
      "state": "CA", 
      "thomas_id": "01209", 
      "title": "Rep", 
      "withdrawn_at": null
    }, 
    {
      "district": "9", 
      "name": "Weiner, Anthony D.", 
      "sponsored_at": "2005-12-15", 
      "state": "NY", 
      "thomas_id": "01597", 
      "title": "Rep", 
      "withdrawn_at": null
    }, 
    {
      "district": "19", 
      "name": "Wexler, Robert", 
      "sponsored_at": "2005-12-18", 
      "state": "FL", 
      "thomas_id": "01537", 
      "title": "Rep", 
      "withdrawn_at": null
    }, 
    {
      "district": "6", 
      "name": "Woolsey, Lynn C.", 
      "sponsored_at": "2005-12-13", 
      "state": "CA", 
      "thomas_id": "01242", 
      "title": "Rep", 
      "withdrawn_at": null
    }, 
    {
      "district": "1", 
      "name": "Wu, David", 
      "sponsored_at": "2005-12-16", 
      "state": "OR", 
      "thomas_id": "01598", 
      "title": "Rep", 
      "withdrawn_at": null
    }, 
    {
      "district": "4", 
      "name": "Wynn, Albert Russell", 
      "sponsored_at": "2005-12-15", 
      "state": "MD", 
      "thomas_id": "01251", 
      "title": "Rep", 
      "withdrawn_at": null
    }, 
    {
      "district": "10", 
      "name": "Young, C.W. Bill", 
      "sponsored_at": "2005-12-15", 
      "state": "FL", 
      "thomas_id": "01255", 
      "title": "Rep", 
      "withdrawn_at": null
    }
  ], 
  "enacted_as": {
    "congress": "109", 
    "law_type": "public", 
    "number": "427"
  }, 
  "history": {
    "awaiting_signature": false, 
    "enacted": true, 
    "enacted_at": "2006-12-20", 
    "house_passage_result": "pass", 
    "house_passage_result_at": "2005-12-19T06:19:00-05:00", 
    "senate_passage_result": "pass", 
    "senate_passage_result_at": "2006-12-06", 
    "vetoed": false
  }, 
  "introduced_at": "2005-12-13", 
  "number": "4510", 
  "official_title": "To direct the Joint Committee on the Library to accept the donation of a bust depicting Sojourner Truth and to display the bust in a suitable location in the rotunda of the Capitol.", 
  "popular_title": null, 
  "related_bills": [
    {
      "bill_id": "s3910-109", 
      "reason": "related"
    }
  ], 
  "short_title": null, 
  "sponsor": {
    "district": "18", 
    "name": "Jackson-Lee, Sheila", 
    "state": "TX", 
    "thomas_id": "00588", 
    "title": "Rep", 
    "type": "person"
  }, 
  "status": "ENACTED:SIGNED", 
  "status_at": "2006-12-20", 
  "subjects": [
    "Arts, culture, religion", 
    "Blacks", 
    "Capitol (Washington, D.C.)", 
    "Civil rights and liberties, minority issues", 
    "Civil rights workers", 
    "Commemorations", 
    "Congress", 
    "Congressional tributes", 
    "Gifts", 
    "Government operations and politics", 
    "Minorities", 
    "Monuments and memorials", 
    "Sculpture", 
    "Slavery", 
    "Voting rights", 
    "Women", 
    "Women's rights"
  ], 
  "subjects_top_term": "Commemorations", 
  "summary": {
    "as": "Public Law", 
    "date": "2006-12-20", 
    "text": "Directs the Joint Committee on the Library to accept the donation of a bust depicting Sojourner Truth and display it in a suitable permanent location in the the Capitol."
  }, 
  "titles": [
    {
      "as": "introduced", 
      "title": "To direct the Joint Committee on the Library to accept the donation of a bust depicting Sojourner Truth and to display the bust in a suitable location in the rotunda of the Capitol.", 
      "type": "official"
    }
  ], 
  "updated_at": "2013-02-02T20:41:09-05:00"
}