{
  "actions": [
    {
      "acted_at": "2005-12-08", 
      "committee": "House Committee on Ways and Means", 
      "references": [], 
      "status": "REFERRED", 
      "text": "Referred to the House Committee on Ways and Means.", 
      "type": "referral"
    }
  ], 
  "amendments": [], 
  "bill_id": "hr4487-109", 
  "bill_type": "hr", 
  "committees": [
    {
      "activity": [
        "referral", 
        "in committee"
      ], 
      "committee": "House Ways and Means", 
      "committee_id": "HSWM"
    }
  ], 
  "congress": "109", 
  "cosponsors": [], 
  "enacted_as": null, 
  "history": {
    "awaiting_signature": false, 
    "enacted": false, 
    "vetoed": false
  }, 
  "introduced_at": "2005-12-08", 
  "number": "4487", 
  "official_title": "To extend the temporary suspension of duty on certain manufacturing equipment.", 
  "popular_title": null, 
  "related_bills": [
    {
      "bill_id": "hr4482-109", 
      "reason": "related"
    }, 
    {
      "bill_id": "s2207-109", 
      "reason": "related"
    }, 
    {
      "bill_id": "s2352-109", 
      "reason": "related"
    }
  ], 
  "short_title": null, 
  "sponsor": {
    "district": "4", 
    "name": "Inglis, Bob", 
    "state": "SC", 
    "thomas_id": "00582", 
    "title": "Rep", 
    "type": "person"
  }, 
  "status": "REFERRED", 
  "status_at": "2005-12-08", 
  "subjects": [
    "Commerce", 
    "Foreign trade and international finance", 
    "Machinery", 
    "Tariff", 
    "Tire industry", 
    "Transportation and public works"
  ], 
  "subjects_top_term": "Foreign trade and international finance", 
  "summary": {
    "as": "Introduced", 
    "date": "2005-12-08", 
    "text": "Amends the Harmonized Tariff Schedule of the United States to extend the suspension, through December 31, 2008, of the duty on certain manufacturing equipment."
  }, 
  "titles": [
    {
      "as": "introduced", 
      "title": "To extend the temporary suspension of duty on certain manufacturing equipment.", 
      "type": "official"
    }
  ], 
  "updated_at": "2013-02-02T20:41:09-05:00"
}