{
  "actions": [
    {
      "acted_at": "2005-06-08", 
      "committee": "Committee on Ways and Means, and in addition to the Committee on Education and the Workforce, for a period to be subsequently determined by the Speaker, in each case for consideration of such provisions as fall within the jurisdiction of the committee concerned", 
      "references": [], 
      "status": "REFERRED", 
      "text": "Referred to the Committee on Ways and Means, and in addition to the Committee on Education and the Workforce, for a period to be subsequently determined by the Speaker, in each case for consideration of such provisions as fall within the jurisdiction of the committee concerned.", 
      "type": "referral"
    }, 
    {
      "acted_at": "2005-06-08", 
      "committee": "House Ways and Means", 
      "references": [], 
      "text": "Referred to House Ways and Means", 
      "type": "referral"
    }, 
    {
      "acted_at": "2005-06-08", 
      "committee": "House Education and the Workforce", 
      "references": [], 
      "text": "Referred to House Education and the Workforce", 
      "type": "referral"
    }, 
    {
      "acted_at": "2005-07-11", 
      "in_committee": "House Education and the Workforce", 
      "references": [], 
      "subcommittee": "21st Century Competitiveness", 
      "text": "Referred to the Subcommittee on 21st Century Competitiveness.", 
      "type": "referral"
    }
  ], 
  "amendments": [], 
  "bill_id": "hr2815-109", 
  "bill_type": "hr", 
  "committees": [
    {
      "activity": [
        "referral", 
        "in committee"
      ], 
      "committee": "House Ways and Means", 
      "committee_id": "HSWM"
    }, 
    {
      "activity": [
        "referral", 
        "in committee"
      ], 
      "committee": "House Education and the Workforce", 
      "committee_id": "HSED"
    }, 
    {
      "activity": [
        "referral"
      ], 
      "committee": "House Education and the Workforce", 
      "committee_id": "HSED", 
      "subcommittee": "Subcommittee on 21st Century Competitiveness", 
      "subcommittee_id": "13"
    }
  ], 
  "congress": "109", 
  "cosponsors": [
    {
      "district": "7", 
      "name": "Crowley, Joseph", 
      "sponsored_at": "2005-09-13", 
      "state": "NY", 
      "thomas_id": "01604", 
      "title": "Rep", 
      "withdrawn_at": null
    }, 
    {
      "district": "9", 
      "name": "Ford, Harold E., Jr.", 
      "sponsored_at": "2005-06-29", 
      "state": "TN", 
      "thomas_id": "01483", 
      "title": "Rep", 
      "withdrawn_at": null
    }, 
    {
      "district": "20", 
      "name": "Gonzalez, Charles A.", 
      "sponsored_at": "2005-06-24", 
      "state": "TX", 
      "thomas_id": "01555", 
      "title": "Rep", 
      "withdrawn_at": null
    }, 
    {
      "district": "29", 
      "name": "Green, Gene", 
      "sponsored_at": "2005-06-24", 
      "state": "TX", 
      "thomas_id": "00462", 
      "title": "Rep", 
      "withdrawn_at": null
    }, 
    {
      "district": "23", 
      "name": "Hastings, Alcee L.", 
      "sponsored_at": "2005-07-11", 
      "state": "FL", 
      "thomas_id": "00511", 
      "title": "Rep", 
      "withdrawn_at": null
    }, 
    {
      "district": "15", 
      "name": "Hinojosa, Ruben", 
      "sponsored_at": "2005-07-11", 
      "state": "TX", 
      "thomas_id": "01490", 
      "title": "Rep", 
      "withdrawn_at": null
    }, 
    {
      "district": "9", 
      "name": "Lynch, Stephen F.", 
      "sponsored_at": "2005-06-24", 
      "state": "MA", 
      "thomas_id": "01686", 
      "title": "Rep", 
      "withdrawn_at": null
    }, 
    {
      "district": "3", 
      "name": "McGovern, James P.", 
      "sponsored_at": "2005-06-29", 
      "state": "MA", 
      "thomas_id": "01504", 
      "title": "Rep", 
      "withdrawn_at": null
    }, 
    {
      "district": "6", 
      "name": "Meeks, Gregory W.", 
      "sponsored_at": "2005-09-13", 
      "state": "NY", 
      "thomas_id": "01506", 
      "title": "Rep", 
      "withdrawn_at": null
    }, 
    {
      "district": "27", 
      "name": "Ortiz, Solomon P.", 
      "sponsored_at": "2005-06-24", 
      "state": "TX", 
      "thomas_id": "00880", 
      "title": "Rep", 
      "withdrawn_at": null
    }, 
    {
      "district": "11", 
      "name": "Owens, Major R.", 
      "sponsored_at": "2005-06-24", 
      "state": "NY", 
      "thomas_id": "00883", 
      "title": "Rep", 
      "withdrawn_at": null
    }, 
    {
      "district": "2", 
      "name": "Ruppersberger, C. A. Dutch", 
      "sponsored_at": "2005-06-24", 
      "state": "MD", 
      "thomas_id": "01728", 
      "title": "Rep", 
      "withdrawn_at": null
    }, 
    {
      "district": "3", 
      "name": "Salazar, John T.", 
      "sponsored_at": "2005-07-12", 
      "state": "CO", 
      "thomas_id": "01775", 
      "title": "Rep", 
      "withdrawn_at": null
    }, 
    {
      "district": null, 
      "name": "Sanders, Bernard", 
      "sponsored_at": "2005-06-29", 
      "state": "VT", 
      "thomas_id": "01010", 
      "title": "Rep", 
      "withdrawn_at": null
    }, 
    {
      "district": "20", 
      "name": "Wasserman Schultz, Debbie", 
      "sponsored_at": "2005-07-11", 
      "state": "FL", 
      "thomas_id": "01777", 
      "title": "Rep", 
      "withdrawn_at": null
    }
  ], 
  "enacted_as": null, 
  "history": {
    "awaiting_signature": false, 
    "enacted": false, 
    "vetoed": false
  }, 
  "introduced_at": "2005-06-08", 
  "number": "2815", 
  "official_title": "To amend the Internal Revenue Code of 1986 to expand and enhance the HOPE and Lifetime Learning Credits, and to amend the Higher Education Act of 1965 to provide loan forgiveness opportunities for public service employees.", 
  "popular_title": null, 
  "related_bills": [
    {
      "bill_id": "s2243-109", 
      "reason": "related"
    }
  ], 
  "short_title": "College Access and Affordability Act", 
  "sponsor": {
    "district": "13", 
    "name": "Menendez, Robert", 
    "state": "NJ", 
    "thomas_id": "00791", 
    "title": "Rep", 
    "type": "person"
  }, 
  "status": "REFERRED", 
  "status_at": "2005-06-08", 
  "subjects": [
    "Bilingualism", 
    "Child welfare", 
    "College costs", 
    "Cost of living adjustments", 
    "Crime and law enforcement", 
    "Depressed areas", 
    "Disabled", 
    "Economics and public finance", 
    "Education", 
    "Education of the disadvantaged", 
    "Elementary and secondary education", 
    "Elementary education", 
    "Emergency management", 
    "Emergency medicine", 
    "Federal aid to education", 
    "Fire fighters", 
    "Government lending", 
    "Health", 
    "Higher education", 
    "Indexing (Economic policy)", 
    "Law enforcement officers", 
    "Mathematics", 
    "Nurses", 
    "Nursing education", 
    "Paramedical personnel", 
    "Police", 
    "Scholarships", 
    "Science, technology, communications", 
    "Scientific education", 
    "Secondary education", 
    "Social welfare", 
    "Social work", 
    "Special education", 
    "Student loan funds", 
    "Tax credits", 
    "Teacher education", 
    "Teachers", 
    "Tuition tax credits"
  ], 
  "subjects_top_term": "Higher education", 
  "summary": {
    "as": "Introduced", 
    "date": "2005-06-08", 
    "text": "College Access and Affordability Act - Amends the Internal Revenue Code to: (1) increase to $4,000 the maximum amount of qualified tuition and related expenses eligible for the Hope Scholarship Credit and adjust such amount for inflation beginning in 2006; (2) increase to $58,000 the modified adjusted gross income threshold for determining reductions in the allowable amount of the Hope Scholarship Credit; and (3) increase from two to four the number of years a Hope Scholarship Credit may be claimed. Amends the Higher Education Act of 1965 to provide for student loan forgiveness up to $20,000 for individuals in qualified public service positions who are not in default of their loan obligations. Defines \"qualified public service positions\" to include: (1) highly qualified teachers of mathematics, science, and bilingual and special education in low-income communities; (2) firefighters, police officers, or emergency medical technicians serving low-income communities; (3) nurses serving low-income communities; and (4) public or private child welfare workers."
  }, 
  "titles": [
    {
      "as": "introduced", 
      "title": "College Access and Affordability Act", 
      "type": "short"
    }, 
    {
      "as": "introduced", 
      "title": "To amend the Internal Revenue Code of 1986 to expand and enhance the HOPE and Lifetime Learning Credits, and to amend the Higher Education Act of 1965 to provide loan forgiveness opportunities for public service employees.", 
      "type": "official"
    }
  ], 
  "updated_at": "2013-02-02T20:40:23-05:00"
}