{
  "actions": [
    {
      "acted_at": "2005-05-11", 
      "committee": "House Committee on Ways and Means", 
      "references": [], 
      "status": "REFERRED", 
      "text": "Referred to the House Committee on Ways and Means.", 
      "type": "referral"
    }, 
    {
      "acted_at": "2005-05-18", 
      "in_committee": "House Committee on Ways and Means", 
      "references": [], 
      "subcommittee": "Trade", 
      "text": "Referred to the Subcommittee on Trade.", 
      "type": "referral"
    }
  ], 
  "amendments": [], 
  "bill_id": "hr2288-109", 
  "bill_type": "hr", 
  "committees": [
    {
      "activity": [
        "referral", 
        "in committee"
      ], 
      "committee": "House Ways and Means", 
      "committee_id": "HSWM"
    }, 
    {
      "activity": [
        "referral"
      ], 
      "committee": "House Ways and Means", 
      "committee_id": "HSWM", 
      "subcommittee": "Subcommittee on Trade", 
      "subcommittee_id": "04"
    }
  ], 
  "congress": "109", 
  "cosponsors": [], 
  "enacted_as": null, 
  "history": {
    "awaiting_signature": false, 
    "enacted": false, 
    "vetoed": false
  }, 
  "introduced_at": "2005-05-11", 
  "number": "2288", 
  "official_title": "To suspend temporarily the duty on certain cases for toys.", 
  "popular_title": null, 
  "related_bills": [
    {
      "bill_id": "hr2289-109", 
      "reason": "related"
    }, 
    {
      "bill_id": "s1069-109", 
      "reason": "identical"
    }, 
    {
      "bill_id": "s1070-109", 
      "reason": "related"
    }
  ], 
  "short_title": null, 
  "sponsor": {
    "district": "36", 
    "name": "Harman, Jane", 
    "state": "CA", 
    "thomas_id": "00502", 
    "title": "Rep", 
    "type": "person"
  }, 
  "status": "REFERRED", 
  "status_at": "2005-05-11", 
  "subjects": [
    "Commerce", 
    "Families", 
    "Foreign trade and international finance", 
    "Packaging", 
    "Plastics", 
    "Tariff", 
    "Textile fabrics", 
    "Toys"
  ], 
  "subjects_top_term": "Foreign trade and international finance", 
  "summary": {
    "as": "Introduced", 
    "date": "2005-05-11", 
    "text": "Amends the Harmonized Tariff Schedule of the United States to suspend, through December 31, 2008, the duty on certain cases for toys."
  }, 
  "titles": [
    {
      "as": "introduced", 
      "title": "To suspend temporarily the duty on certain cases for toys.", 
      "type": "official"
    }
  ], 
  "updated_at": "2013-02-02T20:40:09-05:00"
}