{
  "actions": [
    {
      "acted_at": "2005-04-13", 
      "committee": "House Committee on Government Reform", 
      "references": [], 
      "status": "REFERRED", 
      "text": "Referred to the House Committee on Government Reform.", 
      "type": "referral"
    }
  ], 
  "amendments": [], 
  "bill_id": "hr1620-109", 
  "bill_type": "hr", 
  "committees": [
    {
      "activity": [
        "referral", 
        "in committee"
      ], 
      "committee": "House Government Reform", 
      "committee_id": "HSGO"
    }
  ], 
  "congress": "109", 
  "cosponsors": [
    {
      "district": "3", 
      "name": "Baird, Brian", 
      "sponsored_at": "2005-04-26", 
      "state": "WA", 
      "thomas_id": "01557", 
      "title": "Rep", 
      "withdrawn_at": null
    }, 
    {
      "district": "28", 
      "name": "Berman, Howard L.", 
      "sponsored_at": "2005-04-26", 
      "state": "CA", 
      "thomas_id": "00082", 
      "title": "Rep", 
      "withdrawn_at": null
    }, 
    {
      "district": "8", 
      "name": "Green, Mark", 
      "sponsored_at": "2005-06-07", 
      "state": "WI", 
      "thomas_id": "01559", 
      "title": "Rep", 
      "withdrawn_at": null
    }, 
    {
      "district": "7", 
      "name": "Grijalva, Raul M.", 
      "sponsored_at": "2005-09-06", 
      "state": "AZ", 
      "thomas_id": "01708", 
      "title": "Rep", 
      "withdrawn_at": null
    }, 
    {
      "district": "14", 
      "name": "Maloney, Carolyn B.", 
      "sponsored_at": "2005-05-10", 
      "state": "NY", 
      "thomas_id": "00729", 
      "title": "Rep", 
      "withdrawn_at": null
    }, 
    {
      "district": "11", 
      "name": "Owens, Major R.", 
      "sponsored_at": "2005-05-03", 
      "state": "NY", 
      "thomas_id": "00883", 
      "title": "Rep", 
      "withdrawn_at": null
    }, 
    {
      "district": "10", 
      "name": "Payne, Donald M.", 
      "sponsored_at": "2005-07-14", 
      "state": "NJ", 
      "thomas_id": "00902", 
      "title": "Rep", 
      "withdrawn_at": null
    }, 
    {
      "district": "21", 
      "name": "Smith, Lamar", 
      "sponsored_at": "2005-04-13", 
      "state": "TX", 
      "thomas_id": "01075", 
      "title": "Rep", 
      "withdrawn_at": null
    }, 
    {
      "district": "2", 
      "name": "Udall, Mark", 
      "sponsored_at": "2005-04-26", 
      "state": "CO", 
      "thomas_id": "01595", 
      "title": "Rep", 
      "withdrawn_at": null
    }
  ], 
  "enacted_as": null, 
  "history": {
    "awaiting_signature": false, 
    "enacted": false, 
    "vetoed": false
  }, 
  "introduced_at": "2005-04-13", 
  "number": "1620", 
  "official_title": "To establish the Commission on Freedom of Information Act Processing Delays.", 
  "popular_title": null, 
  "related_bills": [], 
  "short_title": "Faster FOIA Act of 2005", 
  "sponsor": {
    "district": "27", 
    "name": "Sherman, Brad", 
    "state": "CA", 
    "thomas_id": "01526", 
    "title": "Rep", 
    "type": "person"
  }, 
  "status": "REFERRED", 
  "status_at": "2005-04-13", 
  "subjects": [
    "Administrative fees", 
    "Administrative procedure", 
    "Civil rights and liberties, minority issues", 
    "Congress", 
    "Congressional Research Service", 
    "Congressional agencies", 
    "Congressional reporting requirements", 
    "Economics and public finance", 
    "Federal advisory bodies", 
    "Freedom of information", 
    "Government Accountability Office (GAO)", 
    "Government operations and politics", 
    "Governmental investigations", 
    "Law", 
    "Legislation", 
    "Library of Congress"
  ], 
  "subjects_top_term": "Government operations and politics", 
  "summary": {
    "as": "Introduced", 
    "date": "2005-04-13", 
    "text": "Faster FOIA Act of 2005 - Establishes a 16-member Commission on Freedom of Information Act Processing Delays to conduct a study concerning methods to reduce delays in processing Freedom of Information Act (FOIA) requests submitted to Federal agencies."
  }, 
  "titles": [
    {
      "as": "introduced", 
      "title": "Faster FOIA Act of 2005", 
      "type": "short"
    }, 
    {
      "as": "introduced", 
      "title": "To establish the Commission on Freedom of Information Act Processing Delays.", 
      "type": "official"
    }
  ], 
  "updated_at": "2013-02-02T20:39:53-05:00"
}