{
  "actions": [
    {
      "acted_at": "2005-03-08", 
      "committee": "Committee on Armed Services, and in addition to the Committees on Energy and Commerce, Education and the Workforce, and Ways and Means, for a period to be subsequently determined by the Speaker, in each case for consideration of such provisions as fall within the jurisdiction of the committee concerned", 
      "references": [], 
      "status": "REFERRED", 
      "text": "Referred to the Committee on Armed Services, and in addition to the Committees on Energy and Commerce, Education and the Workforce, and Ways and Means, for a period to be subsequently determined by the Speaker, in each case for consideration of such provisions as fall within the jurisdiction of the committee concerned.", 
      "type": "referral"
    }, 
    {
      "acted_at": "2005-03-08", 
      "committee": "House Armed Services", 
      "references": [], 
      "text": "Referred to House Armed Services", 
      "type": "referral"
    }, 
    {
      "acted_at": "2005-03-08", 
      "committee": "House Energy and Commerce", 
      "references": [], 
      "text": "Referred to House Energy and Commerce", 
      "type": "referral"
    }, 
    {
      "acted_at": "2005-03-08", 
      "committee": "House Education and the Workforce", 
      "references": [], 
      "text": "Referred to House Education and the Workforce", 
      "type": "referral"
    }, 
    {
      "acted_at": "2005-03-08", 
      "committee": "House Ways and Means", 
      "references": [], 
      "text": "Referred to House Ways and Means", 
      "type": "referral"
    }, 
    {
      "acted_at": "2005-03-11", 
      "in_committee": "House Ways and Means", 
      "references": [], 
      "subcommittee": "Health", 
      "text": "Referred to the Subcommittee on Health.", 
      "type": "referral"
    }, 
    {
      "acted_at": "2005-03-14", 
      "in_committee": "House Energy and Commerce", 
      "references": [], 
      "subcommittee": "Health, for a period to be subsequently determined by the Chairman", 
      "text": "Referred to the Subcommittee on Health, for a period to be subsequently determined by the Chairman.", 
      "type": "referral"
    }, 
    {
      "acted_at": "2005-03-17", 
      "in_committee": "House Armed Services", 
      "references": [], 
      "text": "Executive Comment Requested from DOD.", 
      "type": "action"
    }, 
    {
      "acted_at": "2005-03-17", 
      "in_committee": "House Armed Services", 
      "references": [], 
      "subcommittee": "Military Personnel", 
      "text": "Referred to the Subcommittee on Military Personnel.", 
      "type": "referral"
    }, 
    {
      "acted_at": "2005-04-18", 
      "in_committee": "House Education and the Workforce", 
      "references": [], 
      "subcommittee": "Employer-Employee Relations", 
      "text": "Referred to the Subcommittee on Employer-Employee Relations.", 
      "type": "referral"
    }
  ], 
  "amendments": [], 
  "bill_id": "hr1169-109", 
  "bill_type": "hr", 
  "committees": [
    {
      "activity": [
        "referral", 
        "in committee"
      ], 
      "committee": "House Armed Services", 
      "committee_id": "HSAS"
    }, 
    {
      "activity": [
        "referral"
      ], 
      "committee": "House Armed Services", 
      "committee_id": "HSAS", 
      "subcommittee": "Subcommittee on Military Personnel", 
      "subcommittee_id": "02"
    }, 
    {
      "activity": [
        "referral", 
        "in committee"
      ], 
      "committee": "House Energy and Commerce", 
      "committee_id": "HSIF"
    }, 
    {
      "activity": [
        "referral"
      ], 
      "committee": "House Energy and Commerce", 
      "committee_id": "HSIF", 
      "subcommittee": "Subcommittee on Health", 
      "subcommittee_id": "14"
    }, 
    {
      "activity": [
        "referral", 
        "in committee"
      ], 
      "committee": "House Education and the Workforce", 
      "committee_id": "HSED"
    }, 
    {
      "activity": [
        "referral"
      ], 
      "committee": "House Education and the Workforce", 
      "committee_id": "HSED", 
      "subcommittee": "Subcommittee on Employer-Employee Relations", 
      "subcommittee_id": "02"
    }, 
    {
      "activity": [
        "referral", 
        "in committee"
      ], 
      "committee": "House Ways and Means", 
      "committee_id": "HSWM"
    }, 
    {
      "activity": [
        "referral"
      ], 
      "committee": "House Ways and Means", 
      "committee_id": "HSWM", 
      "subcommittee": "Subcommittee on Health", 
      "subcommittee_id": "02"
    }
  ], 
  "congress": "109", 
  "cosponsors": [
    {
      "district": "1", 
      "name": "Abercrombie, Neil", 
      "sponsored_at": "2005-03-08", 
      "state": "HI", 
      "thomas_id": "00002", 
      "title": "Rep", 
      "withdrawn_at": null
    }, 
    {
      "district": "4", 
      "name": "Taylor, Gene", 
      "sponsored_at": "2005-03-08", 
      "state": "MS", 
      "thomas_id": "01142", 
      "title": "Rep", 
      "withdrawn_at": null
    }
  ], 
  "enacted_as": null, 
  "history": {
    "awaiting_signature": false, 
    "enacted": false, 
    "vetoed": false
  }, 
  "introduced_at": "2005-03-08", 
  "number": "1169", 
  "official_title": "To enhance the benefits and protections for members of the reserve components of the Armed Forces who are called or ordered to extended active duty, and for other purposes.", 
  "popular_title": null, 
  "related_bills": [
    {
      "bill_id": "s32-109", 
      "reason": "related"
    }
  ], 
  "short_title": "Reserves Pay and Benefits Modernization Act", 
  "sponsor": {
    "district": "1", 
    "name": "Larson, John B.", 
    "state": "CT", 
    "thomas_id": "01583", 
    "title": "Rep", 
    "type": "person"
  }, 
  "status": "REFERRED", 
  "status_at": "2005-03-08", 
  "subjects": [
    "Administrative procedure", 
    "Advice and consent of the Senate", 
    "Afghanistan", 
    "Armed forces abroad", 
    "Armed forces and national security", 
    "Armed forces reserves", 
    "Congress", 
    "Congress and military policy", 
    "Congressional reporting requirements", 
    "Day care", 
    "Department of Defense", 
    "Executive reorganization", 
    "Families", 
    "Federal officials", 
    "Finance and financial sector", 
    "Government operations and politics", 
    "Government publicity", 
    "Health", 
    "Health insurance continuation", 
    "Insurance premiums", 
    "Iraq", 
    "Iraq compilation", 
    "Law", 
    "Managed care", 
    "Middle East and North Africa", 
    "Military and naval supplies", 
    "Military dependents", 
    "Military medicine", 
    "Military operations", 
    "Military pay", 
    "Military pensions", 
    "Military readiness", 
    "National Guard", 
    "Presidential appointments", 
    "Recruiting and enlistment", 
    "South Asia"
  ], 
  "subjects_top_term": "Armed forces and national security", 
  "summary": {
    "as": "Introduced", 
    "date": "2005-03-08", 
    "text": "Reserves Pay and Benefits Modernization Act - Requires the Secretary of Defense to limit the length of assignment of reservists during U.S. Central Command deployments of not less than one year. Requires the Secretary to submit to specified congressional committees a report on Department of Defense policies and communications regarding the length of deployments for reservists in connection with Operation Iraqi Freedom. Directs the Secretary of the Army to designate a senior level official of the Department of the Army to implement recommendations for executive action to address military pay problems. Removes conditions on Ready Reserve members' eligibility for TRICARE enrollment. Makes such eligibility permanent. Requires the Secretary concerned to pay applicable premiums to continue qualified health benefit plan coverage for family members of eligible reservists serving on active duty for the benefits coverage continuation period. Authorizes the Secretary of Defense to fund child care for members of the Armed Forces on active duty for Operation Enduring Freedom or Operation Iraqi Freedom. Reduces from 60 to 55 the age at which members of Reserve components may receive military retirement pay. Establishes the position of Deputy Under Secretary of Defense for Personnel and Readiness (Reserve Affairs). Eliminates the position of Assistant Secretary of Defense for Reserve Affairs. Reduces the number of Assistant Secretaries of Defense. Requires recruiters to fully define and disclose exactly what an individual's commitment to military service will entail, including an explanation of \"Stop Loss\" orders and their effect on the duration of such service."
  }, 
  "titles": [
    {
      "as": "introduced", 
      "title": "Reserves Pay and Benefits Modernization Act", 
      "type": "short"
    }, 
    {
      "as": "introduced", 
      "title": "To enhance the benefits and protections for members of the reserve components of the Armed Forces who are called or ordered to extended active duty, and for other purposes.", 
      "type": "official"
    }
  ], 
  "updated_at": "2013-02-02T20:39:39-05:00"
}