{
  "actions": [
    {
      "acted_at": "2005-09-13", 
      "committee": "Committee on Transportation and Infrastructure, and in addition to the Committees on Financial Services, and Agriculture, for a period to be subsequently determined by the Speaker, in each case for consideration of such provisions as fall within the jurisdiction of the committee concerned", 
      "references": [], 
      "status": "REFERRED", 
      "text": "Referred to the Committee on Transportation and Infrastructure, and in addition to the Committees on Financial Services, and Agriculture, for a period to be subsequently determined by the Speaker, in each case for consideration of such provisions as fall within the jurisdiction of the committee concerned.", 
      "type": "referral"
    }, 
    {
      "acted_at": "2005-09-14", 
      "in_committee": "Committee on Transportation and Infrastructure, and in addition to the Committees on Financial Services, and Agriculture, for a period to be subsequently determined by the Speaker, in each case for consideration of such provisions as fall within the jurisdiction of the committee concerned", 
      "references": [], 
      "subcommittee": "Economic Development, Public Buildings and Emergency Management", 
      "text": "Referred to the Subcommittee on Economic Development, Public Buildings and Emergency Management.", 
      "type": "referral"
    }
  ], 
  "amendments": [], 
  "bill_id": "hr3749-109", 
  "bill_type": "hr", 
  "committees": [
    {
      "activity": [
        "referral", 
        "in committee"
      ], 
      "committee": "House Transportation and Infrastructure", 
      "committee_id": "HSPW"
    }, 
    {
      "activity": [
        "referral"
      ], 
      "committee": "House Transportation and Infrastructure", 
      "committee_id": "HSPW", 
      "subcommittee": "Subcommittee on Economic Development, Public Buildings and Emergency Management", 
      "subcommittee_id": "13"
    }
  ], 
  "congress": "109", 
  "cosponsors": [
    {
      "district": "3", 
      "name": "Blumenauer, Earl", 
      "sponsored_at": "2005-09-19", 
      "state": "OR", 
      "thomas_id": "00099", 
      "title": "Rep", 
      "withdrawn_at": null
    }, 
    {
      "district": "4", 
      "name": "McCollum, Betty", 
      "sponsored_at": "2005-09-27", 
      "state": "MN", 
      "thomas_id": "01653", 
      "title": "Rep", 
      "withdrawn_at": null
    }, 
    {
      "district": "6", 
      "name": "Petri, Thomas E.", 
      "sponsored_at": "2005-09-19", 
      "state": "WI", 
      "thomas_id": "00912", 
      "title": "Rep", 
      "withdrawn_at": null
    }
  ], 
  "enacted_as": null, 
  "history": {
    "awaiting_signature": false, 
    "enacted": false, 
    "vetoed": false
  }, 
  "introduced_at": "2005-09-13", 
  "number": "3749", 
  "official_title": "To establish a national commission to address the rebirth and renewal of neighborhoods and communities affected by Hurricane Katrina.", 
  "popular_title": null, 
  "related_bills": [], 
  "short_title": "Gulf State Community Renewal Commission Act", 
  "sponsor": {
    "district": "2", 
    "name": "Leach, James A.", 
    "state": "IA", 
    "thomas_id": "00672", 
    "title": "Rep", 
    "type": "person"
  }, 
  "status": "REFERRED", 
  "status_at": "2005-09-13", 
  "subjects": [
    "Agriculture and food", 
    "Alabama", 
    "Commerce", 
    "Community development", 
    "Congress", 
    "Congressional reporting requirements", 
    "Disaster relief", 
    "Economics and public finance", 
    "Emergency management", 
    "Environmental protection", 
    "Federal advisory bodies", 
    "Floods", 
    "Government operations and politics", 
    "Housing and community development", 
    "Hurricane aftermath legislation", 
    "Hurricanes", 
    "Infrastructure", 
    "Job creation", 
    "Labor and employment", 
    "Louisiana", 
    "Mississippi", 
    "Presidential commissions", 
    "Regional economic development", 
    "Regional planning", 
    "Rural economic development", 
    "Tourism", 
    "Transportation and public works", 
    "Transportation engineering", 
    "Transportation planning", 
    "Urban affairs", 
    "Urban economic development", 
    "Water resources development"
  ], 
  "subjects_top_term": "Emergency management", 
  "summary": {
    "as": "Introduced", 
    "date": "2005-09-13", 
    "text": "Gulf State Community Renewal Commission Act - Establishes the Gulf State Community Renewal Commission to: (1) examine, evaluate, and report on the rebuilding of both urban and rural communities in areas that were affected by Hurricane Katrina; (2) identify actions necessary for rebuilding such communities and neighborhoods; and (3) create rebuilding models and plans. Requires the models and plans to address: (1) transportation needs; (2) economic development and job creation; (3) the tourism industry; (4) housing needs; (5) agriculture development; (6) environmental concerns; and (7) natural disaster mitigation."
  }, 
  "titles": [
    {
      "as": "introduced", 
      "title": "Gulf State Community Renewal Commission Act", 
      "type": "short"
    }, 
    {
      "as": "introduced", 
      "title": "To establish a national commission to address the rebirth and renewal of neighborhoods and communities affected by Hurricane Katrina.", 
      "type": "official"
    }
  ], 
  "updated_at": "2013-02-02T20:40:49-05:00"
}