{
  "actions": [
    {
      "acted_at": "2005-03-03", 
      "committee": "House Committee on Transportation and Infrastructure", 
      "references": [], 
      "status": "REFERRED", 
      "text": "Referred to the House Committee on Transportation and Infrastructure.", 
      "type": "referral"
    }, 
    {
      "acted_at": "2005-03-04", 
      "in_committee": "House Committee on Transportation and Infrastructure", 
      "references": [], 
      "subcommittee": "Highways, Transit and Pipelines", 
      "text": "Referred to the Subcommittee on Highways, Transit and Pipelines.", 
      "type": "referral"
    }
  ], 
  "amendments": [], 
  "bill_id": "hr1112-109", 
  "bill_type": "hr", 
  "committees": [
    {
      "activity": [
        "referral", 
        "in committee"
      ], 
      "committee": "House Transportation and Infrastructure", 
      "committee_id": "HSPW"
    }, 
    {
      "activity": [
        "referral"
      ], 
      "committee": "House Transportation and Infrastructure", 
      "committee_id": "HSPW", 
      "subcommittee": "Subcommittee on Highways, Transit and Pipelines", 
      "subcommittee_id": "12"
    }
  ], 
  "congress": "109", 
  "cosponsors": [], 
  "enacted_as": null, 
  "history": {
    "awaiting_signature": false, 
    "enacted": false, 
    "vetoed": false
  }, 
  "introduced_at": "2005-03-03", 
  "number": "1112", 
  "official_title": "To amend title 23, United States Code, relating to rail line acquisition and relocation projects.", 
  "popular_title": null, 
  "related_bills": [], 
  "short_title": null, 
  "sponsor": {
    "district": "24", 
    "name": "Marchant, Kenny", 
    "state": "TX", 
    "thomas_id": "01806", 
    "title": "Rep", 
    "type": "person"
  }, 
  "status": "REFERRED", 
  "status_at": "2005-03-03", 
  "subjects": [
    "Bridges", 
    "Economics and public finance", 
    "Federal aid to transportation", 
    "Government operations and politics", 
    "Government procurement", 
    "Highway finance", 
    "Infrastructure", 
    "Land transfers", 
    "Maintenance and repair", 
    "Public lands and natural resources", 
    "Railroad engineering", 
    "Railroad freight operations", 
    "Railroad passenger traffic", 
    "Railroad safety", 
    "Railroad terminals", 
    "Railroads", 
    "Relocation", 
    "Right-of-way", 
    "Road construction", 
    "Traffic accidents and safety", 
    "Traffic congestion", 
    "Transportation and public works"
  ], 
  "subjects_top_term": "Transportation and public works", 
  "summary": {
    "as": "Introduced", 
    "date": "2005-03-03", 
    "text": "Amends Federal highway law to authorize a State to obligate surface transportation program funds for: (1) the acquisition by the State department or local transportation agency of passenger or freight rail facilities to improve such facilities and provide congestion relief and improved safety on highways located near them; and (2) the relocation of passenger and freight rail lines that provide a public benefit."
  }, 
  "titles": [
    {
      "as": "introduced", 
      "title": "To amend title 23, United States Code, relating to rail line acquisition and relocation projects.", 
      "type": "official"
    }
  ], 
  "updated_at": "2013-02-02T20:39:37-05:00"
}