{
  "actions": [
    {
      "acted_at": "2005-05-18", 
      "committee": "House Committee on Ways and Means", 
      "references": [], 
      "status": "REFERRED", 
      "text": "Referred to the House Committee on Ways and Means.", 
      "type": "referral"
    }, 
    {
      "acted_at": "2005-05-26", 
      "in_committee": "House Committee on Ways and Means", 
      "references": [], 
      "subcommittee": "Trade", 
      "text": "Referred to the Subcommittee on Trade.", 
      "type": "referral"
    }
  ], 
  "amendments": [], 
  "bill_id": "hr2436-109", 
  "bill_type": "hr", 
  "committees": [
    {
      "activity": [
        "referral", 
        "in committee"
      ], 
      "committee": "House Ways and Means", 
      "committee_id": "HSWM"
    }, 
    {
      "activity": [
        "referral"
      ], 
      "committee": "House Ways and Means", 
      "committee_id": "HSWM", 
      "subcommittee": "Subcommittee on Trade", 
      "subcommittee_id": "04"
    }
  ], 
  "congress": "109", 
  "cosponsors": [], 
  "enacted_as": null, 
  "history": {
    "awaiting_signature": false, 
    "enacted": false, 
    "vetoed": false
  }, 
  "introduced_at": "2005-05-18", 
  "number": "2436", 
  "official_title": "To temporarily suspend the duty on Baytron and Baytron P.", 
  "popular_title": null, 
  "related_bills": [
    {
      "bill_id": "s1458-109", 
      "reason": "identical"
    }
  ], 
  "short_title": null, 
  "sponsor": {
    "district": "18", 
    "name": "Murphy, Tim", 
    "state": "PA", 
    "thomas_id": "01744", 
    "title": "Rep", 
    "type": "person"
  }, 
  "status": "REFERRED", 
  "status_at": "2005-05-18", 
  "subjects": [
    "Commerce", 
    "Foreign trade and international finance", 
    "Plastics", 
    "Tariff"
  ], 
  "subjects_top_term": "Foreign trade and international finance", 
  "summary": {
    "as": "Introduced", 
    "date": "2005-05-18", 
    "text": "Amends the Harmonized Tariff Schedule of the United States to: (1) modify the article description for certain aqueous dispersions (Baytron and Baytron P); and (2) suspend, through December 31, 2006, the duty on them."
  }, 
  "titles": [
    {
      "as": "introduced", 
      "title": "To temporarily suspend the duty on Baytron and Baytron P.", 
      "type": "official"
    }
  ], 
  "updated_at": "2013-02-02T20:40:14-05:00"
}