{
  "actions": [
    {
      "acted_at": "2006-06-21", 
      "committee": "House Committee on the Judiciary", 
      "references": [], 
      "status": "REFERRED", 
      "text": "Referred to the House Committee on the Judiciary.", 
      "type": "referral"
    }
  ], 
  "amendments": [], 
  "bill_id": "hr5661-109", 
  "bill_type": "hr", 
  "committees": [
    {
      "activity": [
        "referral", 
        "in committee"
      ], 
      "committee": "House Judiciary", 
      "committee_id": "HSJU"
    }
  ], 
  "congress": "109", 
  "cosponsors": [], 
  "enacted_as": null, 
  "history": {
    "awaiting_signature": false, 
    "enacted": false, 
    "vetoed": false
  }, 
  "introduced_at": "2006-06-21", 
  "number": "5661", 
  "official_title": "To amend title 18, United States Code, to prohibit the unauthorized removal or use of personal information contained in a database owned, operated, or maintained by the Federal Government.", 
  "popular_title": null, 
  "related_bills": [
    {
      "bill_id": "s3506-109", 
      "reason": "related"
    }
  ], 
  "short_title": "Data Theft Prevention Act of 2006", 
  "sponsor": {
    "district": "3", 
    "name": "Brown, Corrine", 
    "state": "FL", 
    "thomas_id": "00132", 
    "title": "Rep", 
    "type": "person"
  }, 
  "status": "REFERRED", 
  "status_at": "2006-06-21", 
  "subjects": [
    "Civil rights and liberties, minority issues", 
    "Computer crimes", 
    "Crime and law enforcement", 
    "Data banks", 
    "Fines (Penalties)", 
    "Government operations and politics", 
    "Health", 
    "Health information systems", 
    "Identification devices", 
    "Identity theft", 
    "Larceny", 
    "Medical records", 
    "Right of privacy", 
    "Science, technology, communications"
  ], 
  "subjects_top_term": "Crime and law enforcement", 
  "summary": {
    "as": "Introduced", 
    "date": "2006-06-21", 
    "text": "Data Theft Prevention Act of 2006 - Amends the federal criminal code to prohibit: (1) the unauthorized viewing, use, downloading, or removal of any means of identification or individually identifiable health information contained in a federal database or the transfer of such information to another database; and (2) the use of such information to violate federal or state criminal law."
  }, 
  "titles": [
    {
      "as": "introduced", 
      "title": "Data Theft Prevention Act of 2006", 
      "type": "short"
    }, 
    {
      "as": "introduced", 
      "title": "To amend title 18, United States Code, to prohibit the unauthorized removal or use of personal information contained in a database owned, operated, or maintained by the Federal Government.", 
      "type": "official"
    }
  ], 
  "updated_at": "2013-02-02T20:41:43-05:00"
}