{
  "actions": [
    {
      "acted_at": "2006-03-28", 
      "committee": "House Committee on Resources", 
      "references": [], 
      "status": "REFERRED", 
      "text": "Referred to the House Committee on Resources.", 
      "type": "referral"
    }, 
    {
      "acted_at": "2006-04-04", 
      "in_committee": "House Committee on Resources", 
      "references": [], 
      "subcommittee": "National Parks", 
      "text": "Referred to the Subcommittee on National Parks.", 
      "type": "referral"
    }, 
    {
      "acted_at": "2006-04-04", 
      "in_committee": "House Committee on Resources", 
      "references": [], 
      "text": "Executive Comment Requested from Interior.", 
      "type": "action"
    }
  ], 
  "amendments": [], 
  "bill_id": "hr5034-109", 
  "bill_type": "hr", 
  "committees": [
    {
      "activity": [
        "referral", 
        "in committee"
      ], 
      "committee": "House Resources", 
      "committee_id": "HSII"
    }, 
    {
      "activity": [
        "referral"
      ], 
      "committee": "House Resources", 
      "committee_id": "HSII", 
      "subcommittee": "Subcommittee on National Parks, Recreation, and Public Lands", 
      "subcommittee_id": "10"
    }
  ], 
  "congress": "109", 
  "cosponsors": [], 
  "enacted_as": null, 
  "history": {
    "awaiting_signature": false, 
    "enacted": false, 
    "vetoed": false
  }, 
  "introduced_at": "2006-03-28", 
  "number": "5034", 
  "official_title": "To redesignate the White Rocks National Recreation Area in the State of Vermont as the \"Robert T. Stafford White Rocks National Recreation Area\".", 
  "popular_title": null, 
  "related_bills": [
    {
      "bill_id": "s2447-109", 
      "reason": "identical"
    }
  ], 
  "short_title": null, 
  "sponsor": {
    "district": null, 
    "name": "Sanders, Bernard", 
    "state": "VT", 
    "thomas_id": "01010", 
    "title": "Rep", 
    "type": "person"
  }, 
  "status": "REFERRED", 
  "status_at": "2006-03-28", 
  "subjects": [
    "Commemorations", 
    "Congress", 
    "Congressional tributes", 
    "Ex-Members of Congress", 
    "Names", 
    "National recreation areas", 
    "Public lands and natural resources", 
    "Senate", 
    "Vermont"
  ], 
  "subjects_top_term": "Public lands and natural resources", 
  "summary": {
    "as": "Introduced", 
    "date": "2006-03-28", 
    "text": "Redesignates the White Rocks National Recreation Area in Vermont as the \"Robert T. Stafford White Rocks National Recreation Area\"."
  }, 
  "titles": [
    {
      "as": "introduced", 
      "title": "To redesignate the White Rocks National Recreation Area in the State of Vermont as the \"Robert T. Stafford White Rocks National Recreation Area\".", 
      "type": "official"
    }
  ], 
  "updated_at": "2013-02-02T20:41:25-05:00"
}