{
  "actions": [
    {
      "acted_at": "2005-03-17", 
      "references": [
        {
          "reference": "CR E501-502", 
          "type": null
        }
      ], 
      "text": "Sponsor introductory remarks on measure.", 
      "type": "action"
    }, 
    {
      "acted_at": "2005-03-17", 
      "committee": "House Committee on the Judiciary", 
      "references": [], 
      "status": "REFERRED", 
      "text": "Referred to the House Committee on the Judiciary.", 
      "type": "referral"
    }, 
    {
      "acted_at": "2005-05-10", 
      "in_committee": "House Committee on the Judiciary", 
      "references": [], 
      "subcommittee": "Commercial and Administrative Law", 
      "text": "Referred to the Subcommittee on Commercial and Administrative Law.", 
      "type": "referral"
    }
  ], 
  "amendments": [], 
  "bill_id": "hr1427-109", 
  "bill_type": "hr", 
  "committees": [
    {
      "activity": [
        "referral", 
        "in committee"
      ], 
      "committee": "House Judiciary", 
      "committee_id": "HSJU"
    }, 
    {
      "activity": [
        "referral"
      ], 
      "committee": "House Judiciary", 
      "committee_id": "HSJU", 
      "subcommittee": "Subcommittee on Commercial and Administrative Law", 
      "subcommittee_id": "09"
    }
  ], 
  "congress": "109", 
  "cosponsors": [], 
  "enacted_as": null, 
  "history": {
    "awaiting_signature": false, 
    "enacted": false, 
    "vetoed": false
  }, 
  "introduced_at": "2005-03-17", 
  "number": "1427", 
  "official_title": "To amend title 31, United States Code, to eliminate the 10-year limitation on the collection of nontax debt.", 
  "popular_title": null, 
  "related_bills": [], 
  "short_title": null, 
  "sponsor": {
    "district": "19", 
    "name": "Platts, Todd Russell", 
    "state": "PA", 
    "thomas_id": "01667", 
    "title": "Rep", 
    "type": "person"
  }, 
  "status": "REFERRED", 
  "status_at": "2005-03-17", 
  "subjects": [
    "Claims", 
    "Collection of accounts", 
    "Economics and public finance", 
    "Law", 
    "Limitation of actions"
  ], 
  "subjects_top_term": "Law", 
  "summary": {
    "as": "Introduced", 
    "date": "2005-03-17", 
    "text": "Amends Federal law regarding collection by administrative offset of claims of the U.S. Government to apply its requirements to a non-tax money claim or debt owed to the United States regardless of the period it has been outstanding. (Present law excludes from collection by administrative offset any claims outstanding for more than ten years)."
  }, 
  "titles": [
    {
      "as": "introduced", 
      "title": "To amend title 31, United States Code, to eliminate the 10-year limitation on the collection of nontax debt.", 
      "type": "official"
    }
  ], 
  "updated_at": "2013-02-02T20:39:47-05:00"
}