{
  "actions": [
    {
      "acted_at": "2005-12-15", 
      "committee": "Committee on Energy and Commerce, and in addition to the Committee on Ways and Means, for a period to be subsequently determined by the Speaker, in each case for consideration of such provisions as fall within the jurisdiction of the committee concerned", 
      "references": [], 
      "status": "REFERRED", 
      "text": "Referred to the Committee on Energy and Commerce, and in addition to the Committee on Ways and Means, for a period to be subsequently determined by the Speaker, in each case for consideration of such provisions as fall within the jurisdiction of the committee concerned.", 
      "type": "referral"
    }, 
    {
      "acted_at": "2005-12-15", 
      "committee": "House Energy and Commerce", 
      "references": [], 
      "text": "Referred to House Energy and Commerce", 
      "type": "referral"
    }, 
    {
      "acted_at": "2005-12-15", 
      "committee": "House Ways and Means", 
      "references": [], 
      "text": "Referred to House Ways and Means", 
      "type": "referral"
    }, 
    {
      "acted_at": "2006-01-03", 
      "in_committee": "House Energy and Commerce", 
      "references": [], 
      "subcommittee": "Health", 
      "text": "Referred to the Subcommittee on Health.", 
      "type": "referral"
    }
  ], 
  "amendments": [], 
  "bill_id": "hr4557-109", 
  "bill_type": "hr", 
  "committees": [
    {
      "activity": [
        "referral", 
        "in committee"
      ], 
      "committee": "House Energy and Commerce", 
      "committee_id": "HSIF"
    }, 
    {
      "activity": [
        "referral"
      ], 
      "committee": "House Energy and Commerce", 
      "committee_id": "HSIF", 
      "subcommittee": "Subcommittee on Health", 
      "subcommittee_id": "14"
    }, 
    {
      "activity": [
        "referral", 
        "in committee"
      ], 
      "committee": "House Ways and Means", 
      "committee_id": "HSWM"
    }
  ], 
  "congress": "109", 
  "cosponsors": [], 
  "enacted_as": null, 
  "history": {
    "awaiting_signature": false, 
    "enacted": false, 
    "vetoed": false
  }, 
  "introduced_at": "2005-12-15", 
  "number": "4557", 
  "official_title": "To amend part D of title XVIII of the Social Security Act to remove the Medicare prescription drug benefit late enrollment penalty and to extend the initial enrollment period for 2006 through July 15, 2006.", 
  "popular_title": null, 
  "related_bills": [
    {
      "bill_id": "hr4715-109", 
      "reason": "related"
    }, 
    {
      "bill_id": "hr5336-109", 
      "reason": "related"
    }
  ], 
  "short_title": "Medicare Prescription Drug Late Enrollment Penalty Repeal Act of 2005", 
  "sponsor": {
    "district": "6", 
    "name": "Gerlach, Jim", 
    "state": "PA", 
    "thomas_id": "01743", 
    "title": "Rep", 
    "type": "person"
  }, 
  "status": "REFERRED", 
  "status_at": "2005-12-15", 
  "subjects": [
    "Drugs", 
    "Finance and financial sector", 
    "Health", 
    "Health insurance", 
    "Health maintenance organizations", 
    "Insurance premiums", 
    "Managed care", 
    "Medical economics", 
    "Medicare", 
    "Prescription pricing", 
    "Social welfare"
  ], 
  "subjects_top_term": "Health", 
  "summary": {
    "as": "Introduced", 
    "date": "2005-12-15", 
    "text": "Medicare Prescription Drug Late Enrollment Penalty Repeal Act of 2005 - Amends part D (Voluntary Prescription Drug Benefit Program) of title XVIII (Medicare) of the Social Security Act to repeal the Medicare prescription drug benefit late enrollment penalty and to extend the initial enrollment period for 2006 through July 15, 2006."
  }, 
  "titles": [
    {
      "as": "introduced", 
      "title": "Medicare Prescription Drug Late Enrollment Penalty Repeal Act of 2005", 
      "type": "short"
    }, 
    {
      "as": "introduced", 
      "title": "To amend part D of title XVIII of the Social Security Act to remove the Medicare prescription drug benefit late enrollment penalty and to extend the initial enrollment period for 2006 through July 15, 2006.", 
      "type": "official"
    }
  ], 
  "updated_at": "2013-02-02T20:41:11-05:00"
}