{
  "actions": [
    {
      "acted_at": "2006-03-07", 
      "committee": "House Committee on Agriculture", 
      "references": [], 
      "status": "REFERRED", 
      "text": "Referred to the House Committee on Agriculture.", 
      "type": "referral"
    }, 
    {
      "acted_at": "2006-03-16", 
      "in_committee": "House Committee on Agriculture", 
      "references": [], 
      "subcommittee": "Department Operations, Oversight, Nutrition and Forestry", 
      "text": "Referred to the Subcommittee on Department Operations, Oversight, Nutrition and Forestry.", 
      "type": "referral"
    }
  ], 
  "amendments": [], 
  "bill_id": "hr4897-109", 
  "bill_type": "hr", 
  "committees": [
    {
      "activity": [
        "referral", 
        "in committee"
      ], 
      "committee": "House Agriculture", 
      "committee_id": "HSAG"
    }, 
    {
      "activity": [
        "referral"
      ], 
      "committee": "House Agriculture", 
      "committee_id": "HSAG", 
      "subcommittee": "Subcommittee on Department Operations, Oversight, Dairy, Nutrition, and Forestry", 
      "subcommittee_id": "22"
    }
  ], 
  "congress": "109", 
  "cosponsors": [
    {
      "district": "13", 
      "name": "Brown, Sherrod", 
      "sponsored_at": "2006-03-30", 
      "state": "OH", 
      "thomas_id": "00136", 
      "title": "Rep", 
      "withdrawn_at": null
    }, 
    {
      "district": "3", 
      "name": "Carnahan, Russ", 
      "sponsored_at": "2006-05-02", 
      "state": "MO", 
      "thomas_id": "01789", 
      "title": "Rep", 
      "withdrawn_at": null
    }, 
    {
      "district": "17", 
      "name": "Edwards, Chet", 
      "sponsored_at": "2006-03-30", 
      "state": "TX", 
      "thomas_id": "00335", 
      "title": "Rep", 
      "withdrawn_at": null
    }, 
    {
      "district": "3", 
      "name": "English, Phil", 
      "sponsored_at": "2006-03-30", 
      "state": "PA", 
      "thomas_id": "00347", 
      "title": "Rep", 
      "withdrawn_at": null
    }, 
    {
      "district": "17", 
      "name": "Evans, Lane", 
      "sponsored_at": "2006-03-30", 
      "state": "IL", 
      "thomas_id": "00361", 
      "title": "Rep", 
      "withdrawn_at": null
    }, 
    {
      "district": "7", 
      "name": "Grijalva, Raul M.", 
      "sponsored_at": "2006-03-30", 
      "state": "AZ", 
      "thomas_id": "01708", 
      "title": "Rep", 
      "withdrawn_at": null
    }, 
    {
      "district": "15", 
      "name": "Hinojosa, Ruben", 
      "sponsored_at": "2006-04-25", 
      "state": "TX", 
      "thomas_id": "01490", 
      "title": "Rep", 
      "withdrawn_at": null
    }, 
    {
      "district": "17", 
      "name": "Holden, Tim", 
      "sponsored_at": "2006-04-05", 
      "state": "PA", 
      "thomas_id": "00550", 
      "title": "Rep", 
      "withdrawn_at": null
    }, 
    {
      "district": "4", 
      "name": "Latham, Tom", 
      "sponsored_at": "2006-03-07", 
      "state": "IA", 
      "thomas_id": "00666", 
      "title": "Rep", 
      "withdrawn_at": null
    }, 
    {
      "district": "2", 
      "name": "Leach, James A.", 
      "sponsored_at": "2006-03-30", 
      "state": "IA", 
      "thomas_id": "00672", 
      "title": "Rep", 
      "withdrawn_at": null
    }, 
    {
      "district": "23", 
      "name": "McHugh, John M.", 
      "sponsored_at": "2006-04-25", 
      "state": "NY", 
      "thomas_id": "00773", 
      "title": "Rep", 
      "withdrawn_at": null
    }, 
    {
      "district": null, 
      "name": "Sanders, Bernard", 
      "sponsored_at": "2006-05-18", 
      "state": "VT", 
      "thomas_id": "01010", 
      "title": "Rep", 
      "withdrawn_at": null
    }, 
    {
      "district": "2", 
      "name": "Terry, Lee", 
      "sponsored_at": "2006-04-05", 
      "state": "NE", 
      "thomas_id": "01566", 
      "title": "Rep", 
      "withdrawn_at": null
    }
  ], 
  "enacted_as": null, 
  "history": {
    "awaiting_signature": false, 
    "enacted": false, 
    "vetoed": false
  }, 
  "introduced_at": "2006-03-07", 
  "number": "4897", 
  "official_title": "To reauthorize the Renewable Energy Systems and Energy Efficiency Improvements Program of the Department of Agriculture through fiscal year 2011 and to increase the annual level of Commodity Credit Corporation funding for the program.", 
  "popular_title": null, 
  "related_bills": [], 
  "short_title": "Renewable Energy Systems and Energy Efficiency Improvements Program Act of 2006", 
  "sponsor": {
    "district": "2", 
    "name": "Udall, Mark", 
    "state": "CO", 
    "thomas_id": "01595", 
    "title": "Rep", 
    "type": "person"
  }, 
  "status": "REFERRED", 
  "status_at": "2006-03-07", 
  "subjects": [
    "Agricultural credit", 
    "Agricultural subsidies", 
    "Agriculture and food", 
    "Alternative energy sources", 
    "Authorization", 
    "Commerce", 
    "Department of Agriculture", 
    "Economics and public finance", 
    "Energy", 
    "Energy efficiency", 
    "Federally-guaranteed loans", 
    "Government lending", 
    "Government operations and politics", 
    "Housing and community development", 
    "Small business", 
    "Subsidies"
  ], 
  "subjects_top_term": "Agriculture and food", 
  "summary": {
    "as": "Introduced", 
    "date": "2006-03-07", 
    "text": "Renewable Energy Systems and Energy Efficiency Improvements Program Act of 2006 - Amends the Farm Security and Rural Investment Act of 2002, as amended by the Deficit Reduction Act of 2005, to increase and extend through FY2011 Commodity Credit Corporation (CCC) funding authority for renewable energy systems and energy efficiency improvements for farmers, ranchers, and rural small businesses."
  }, 
  "titles": [
    {
      "as": "introduced", 
      "title": "Renewable Energy Systems and Energy Efficiency Improvements Program Act of 2006", 
      "type": "short"
    }, 
    {
      "as": "introduced", 
      "title": "To reauthorize the Renewable Energy Systems and Energy Efficiency Improvements Program of the Department of Agriculture through fiscal year 2011 and to increase the annual level of Commodity Credit Corporation funding for the program.", 
      "type": "official"
    }
  ], 
  "updated_at": "2013-02-02T20:41:20-05:00"
}