{
  "actions": [
    {
      "acted_at": "2005-05-10", 
      "committee": "House Committee on the Judiciary", 
      "references": [], 
      "status": "REFERRED", 
      "text": "Referred to the House Committee on the Judiciary.", 
      "type": "referral"
    }, 
    {
      "acted_at": "2005-06-06", 
      "in_committee": "House Committee on the Judiciary", 
      "references": [], 
      "subcommittee": "the Constitution", 
      "text": "Referred to the Subcommittee on the Constitution.", 
      "type": "referral"
    }
  ], 
  "amendments": [], 
  "bill_id": "hr2219-109", 
  "bill_type": "hr", 
  "committees": [
    {
      "activity": [
        "referral", 
        "in committee"
      ], 
      "committee": "House Judiciary", 
      "committee_id": "HSJU"
    }, 
    {
      "activity": [
        "referral"
      ], 
      "committee": "House Judiciary", 
      "committee_id": "HSJU", 
      "subcommittee": "Subcommittee on Constitution", 
      "subcommittee_id": "10"
    }
  ], 
  "congress": "109", 
  "cosponsors": [], 
  "enacted_as": null, 
  "history": {
    "awaiting_signature": false, 
    "enacted": false, 
    "vetoed": false
  }, 
  "introduced_at": "2005-05-10", 
  "number": "2219", 
  "official_title": "To ensure that, during time of war and in another country, the United States does not detain a United States citizen unless the United States first ensures that the citizen's fundamental rights to information, counsel, and communication are protected.", 
  "popular_title": null, 
  "related_bills": [], 
  "short_title": "Fair Treatment of Americans by Americans Act", 
  "sponsor": {
    "district": "6", 
    "name": "Gerlach, Jim", 
    "state": "PA", 
    "thomas_id": "01743", 
    "title": "Rep", 
    "type": "person"
  }, 
  "status": "REFERRED", 
  "status_at": "2005-05-10", 
  "subjects": [
    "Americans in foreign countries", 
    "Armed forces and national security", 
    "Civil rights and liberties, minority issues", 
    "Crime and law enforcement", 
    "Criminal justice information", 
    "Detention of persons", 
    "Due process of law", 
    "Families", 
    "Family services", 
    "Fines (Penalties)", 
    "Government operations and politics", 
    "Government paperwork", 
    "International affairs", 
    "Law", 
    "Right to counsel", 
    "War"
  ], 
  "subjects_top_term": "Law", 
  "summary": {
    "as": "Introduced", 
    "date": "2005-05-10", 
    "text": "Fair Treatment of Americans by Americans Act - Prohibits U.S. agents, during times of war and in another country with respect to which no protective treaty or international agreement is in effect, from detaining, or causing to be detained, a U.S. citizen unless the citizen receives: (1) reasonably adequate information concerning the reasons for detention; (2) reasonable access to counsel; and (3) reasonable opportunity and assistance to regularly communicate with family members. Establishes criminal penalties for violations of this Act."
  }, 
  "titles": [
    {
      "as": "introduced", 
      "title": "Fair Treatment of Americans by Americans Act", 
      "type": "short"
    }, 
    {
      "as": "introduced", 
      "title": "To ensure that, during time of war and in another country, the United States does not detain a United States citizen unless the United States first ensures that the citizen's fundamental rights to information, counsel, and communication are protected.", 
      "type": "official"
    }
  ], 
  "updated_at": "2013-02-02T20:40:08-05:00"
}