{
  "actions": [
    {
      "acted_at": "2005-05-26", 
      "committee": "House Committee on Energy and Commerce", 
      "references": [], 
      "status": "REFERRED", 
      "text": "Referred to the House Committee on Energy and Commerce.", 
      "type": "referral"
    }, 
    {
      "acted_at": "2005-06-17", 
      "in_committee": "House Committee on Energy and Commerce", 
      "references": [], 
      "subcommittee": "Health", 
      "text": "Referred to the Subcommittee on Health.", 
      "type": "referral"
    }
  ], 
  "amendments": [], 
  "bill_id": "hr2729-109", 
  "bill_type": "hr", 
  "committees": [
    {
      "activity": [
        "referral", 
        "in committee"
      ], 
      "committee": "House Energy and Commerce", 
      "committee_id": "HSIF"
    }, 
    {
      "activity": [
        "referral"
      ], 
      "committee": "House Energy and Commerce", 
      "committee_id": "HSIF", 
      "subcommittee": "Subcommittee on Health", 
      "subcommittee_id": "14"
    }
  ], 
  "congress": "109", 
  "cosponsors": [], 
  "enacted_as": null, 
  "history": {
    "awaiting_signature": false, 
    "enacted": false, 
    "vetoed": false
  }, 
  "introduced_at": "2005-05-26", 
  "number": "2729", 
  "official_title": "To amend the Public Health Service Act to protect certain health care providers against legal liability for providing emergency and related care to uninsured individuals.", 
  "popular_title": null, 
  "related_bills": [
    {
      "bill_id": "s2750-109", 
      "reason": "related"
    }
  ], 
  "short_title": "Ensuring Access to Emergency Rooms Act of 2005", 
  "sponsor": {
    "district": "3", 
    "name": "Shadegg, John B.", 
    "state": "AZ", 
    "thomas_id": "01043", 
    "title": "Rep", 
    "type": "person"
  }, 
  "status": "REFERRED", 
  "status_at": "2005-05-26", 
  "subjects": [
    "Actions and defenses", 
    "Appropriations", 
    "Commerce", 
    "Contractors", 
    "Economics and public finance", 
    "Emergency management", 
    "Emergency medicine", 
    "Government liability", 
    "Group medical practice", 
    "Health", 
    "Hospitals", 
    "Law", 
    "Liability (Law)", 
    "Medical malpractice", 
    "Medically uninsured", 
    "Medicare", 
    "Physicians", 
    "Public health personnel", 
    "Social welfare"
  ], 
  "subjects_top_term": "Health", 
  "summary": {
    "as": "Introduced", 
    "date": "2005-05-26", 
    "text": "Ensuring Access to Emergency Rooms Act of 2005 - Amends the Public Health Service Act to deem hospitals, emergency rooms, physicians, and physicians groups that provide emergency care to uninsured individuals employees of the Public Health Service for purposes of any civil action that may arise due to items and services furnished and post-stabilization services provided to such individuals. Requires the Attorney General to make separate estimates as to the cost of claims expected to arise under this Act and to establish separate funds for such claims. Requires the Secretary of Health and Human Services to limit the total amount of payments under this Act to the amounts appropriated in advance for such purposes."
  }, 
  "titles": [
    {
      "as": "introduced", 
      "title": "Ensuring Access to Emergency Rooms Act of 2005", 
      "type": "short"
    }, 
    {
      "as": "introduced", 
      "title": "To amend the Public Health Service Act to protect certain health care providers against legal liability for providing emergency and related care to uninsured individuals.", 
      "type": "official"
    }
  ], 
  "updated_at": "2013-02-02T20:40:21-05:00"
}