{
  "actions": [
    {
      "acted_at": "2005-07-28", 
      "committee": "House Committee on the Judiciary", 
      "references": [], 
      "status": "REFERRED", 
      "text": "Referred to the House Committee on the Judiciary.", 
      "type": "referral"
    }, 
    {
      "acted_at": "2005-09-19", 
      "in_committee": "House Committee on the Judiciary", 
      "references": [], 
      "subcommittee": "Crime, Terrorism, and Homeland Security", 
      "text": "Referred to the Subcommittee on Crime, Terrorism, and Homeland Security.", 
      "type": "referral"
    }
  ], 
  "amendments": [], 
  "bill_id": "hr3572-109", 
  "bill_type": "hr", 
  "committees": [
    {
      "activity": [
        "referral", 
        "in committee"
      ], 
      "committee": "House Judiciary", 
      "committee_id": "HSJU"
    }, 
    {
      "activity": [
        "referral"
      ], 
      "committee": "House Judiciary", 
      "committee_id": "HSJU", 
      "subcommittee": "Subcommittee on Crime, Terrorism, and Homeland Security", 
      "subcommittee_id": "08"
    }
  ], 
  "congress": "109", 
  "cosponsors": [
    {
      "district": "18", 
      "name": "Cardoza, Dennis A.", 
      "sponsored_at": "2005-07-28", 
      "state": "CA", 
      "thomas_id": "01709", 
      "title": "Rep", 
      "withdrawn_at": null
    }, 
    {
      "district": "7", 
      "name": "Crowley, Joseph", 
      "sponsored_at": "2005-07-28", 
      "state": "NY", 
      "thomas_id": "01604", 
      "title": "Rep", 
      "withdrawn_at": null
    }, 
    {
      "district": "5", 
      "name": "Lewis, John", 
      "sponsored_at": "2005-07-28", 
      "state": "GA", 
      "thomas_id": "00688", 
      "title": "Rep", 
      "withdrawn_at": null
    }
  ], 
  "enacted_as": null, 
  "history": {
    "awaiting_signature": false, 
    "enacted": false, 
    "vetoed": false
  }, 
  "introduced_at": "2005-07-28", 
  "number": "3572", 
  "official_title": "To amend the Omnibus Crime Control and Safe Streets Act of 1968 to allow the Attorney General to award grants under a homeland security overtime program to reimburse law enforcement agencies for past overtime expenditures and to require the Attorney General to waive the matching funds requirement for such grants.", 
  "popular_title": null, 
  "related_bills": [], 
  "short_title": "Homeland Security Overtime Reimbursement Act", 
  "sponsor": {
    "district": "18", 
    "name": "Lowey, Nita M.", 
    "state": "NY", 
    "thomas_id": "00709", 
    "title": "Rep", 
    "type": "person"
  }, 
  "status": "REFERRED", 
  "status_at": "2005-07-28", 
  "subjects": [
    "Crime and law enforcement", 
    "Economics and public finance", 
    "Federal aid to law enforcement", 
    "Government operations and politics", 
    "Hours of labor", 
    "Intergovernmental fiscal relations", 
    "Labor and employment", 
    "Law enforcement officers", 
    "Police", 
    "Police training", 
    "Puerto Rico", 
    "Terrorism", 
    "Wages"
  ], 
  "subjects_top_term": "Crime and law enforcement", 
  "summary": {
    "as": "Introduced", 
    "date": "2005-07-28", 
    "text": "Homeland Security Overtime Reimbursement Act - Amends the Omnibus Crime Control and Safe Streets Act of 1968 to authorize a recipient of a grant under a homeland security overtime program (i.e., a program for which a grant is made to fund overtime expenditures to law enforcement agencies for training and increased patrols related to homeland security concerns) to use grant funds to pay for homeland security overtime expenditures incurred during the fiscal year before the grant is made. Directs that: (1) the Attorney General waive the requirement of a nonfederal contribution for any portion of a grant used to pay for such expenditures; and (2) Puerto Rico be considered both a unit of local government and a state for purposes of such a program."
  }, 
  "titles": [
    {
      "as": "introduced", 
      "title": "Homeland Security Overtime Reimbursement Act", 
      "type": "short"
    }, 
    {
      "as": "introduced", 
      "title": "To amend the Omnibus Crime Control and Safe Streets Act of 1968 to allow the Attorney General to award grants under a homeland security overtime program to reimburse law enforcement agencies for past overtime expenditures and to require the Attorney General to waive the matching funds requirement for such grants.", 
      "type": "official"
    }
  ], 
  "updated_at": "2013-02-02T20:40:44-05:00"
}