{
  "actions": [
    {
      "acted_at": "2005-04-14", 
      "committee": "House Committee on Financial Services", 
      "references": [], 
      "status": "REFERRED", 
      "text": "Referred to the House Committee on Financial Services.", 
      "type": "referral"
    }, 
    {
      "acted_at": "2005-05-19", 
      "in_committee": "House Committee on Financial Services", 
      "references": [], 
      "subcommittee": "Capital Markets, Insurance and Government Sponsored Enterprises", 
      "text": "Referred to the Subcommittee on Capital Markets, Insurance and Government Sponsored Enterprises.", 
      "type": "referral"
    }
  ], 
  "amendments": [], 
  "bill_id": "hr1641-109", 
  "bill_type": "hr", 
  "committees": [
    {
      "activity": [
        "referral", 
        "in committee"
      ], 
      "committee": "House Financial Services", 
      "committee_id": "HSBA"
    }, 
    {
      "activity": [
        "referral"
      ], 
      "committee": "House Financial Services", 
      "committee_id": "HSBA", 
      "subcommittee": "Subcommittee on Capital Markets, Insurance and Government Sponsored Enterprises", 
      "subcommittee_id": "16"
    }
  ], 
  "congress": "109", 
  "cosponsors": [], 
  "enacted_as": null, 
  "history": {
    "awaiting_signature": false, 
    "enacted": false, 
    "vetoed": false
  }, 
  "introduced_at": "2005-04-14", 
  "number": "1641", 
  "official_title": "To make the internal control requirements of the Sarbanes-Oxley Act of 2002 voluntary.", 
  "popular_title": null, 
  "related_bills": [], 
  "short_title": "Competitiveness Enhancement and Opportunity Act of 2005", 
  "sponsor": {
    "district": "6", 
    "name": "Flake, Jeff", 
    "state": "AZ", 
    "thomas_id": "01633", 
    "title": "Rep", 
    "type": "person"
  }, 
  "status": "REFERRED", 
  "status_at": "2005-04-14", 
  "subjects": [
    "Accounting", 
    "Administrative procedure", 
    "Auditing", 
    "Chief executive officers", 
    "Commerce", 
    "Corporate accountability", 
    "Corporate finance", 
    "Corporate management", 
    "Finance and financial sector", 
    "Financial statements", 
    "Government operations and politics", 
    "Government paperwork", 
    "Independent regulatory commissions", 
    "Information disclosure (Securities law)", 
    "Law", 
    "Securities and Exchange Commission"
  ], 
  "subjects_top_term": "Finance and financial sector", 
  "summary": {
    "as": "Introduced", 
    "date": "2005-04-14", 
    "text": "Competitiveness Enhancement and Opportunity Act of 2005 - Amends the Sarbanes-Oxley Act of 2002 with respect to inclusion in the annual financial report of a securities issuer of an assessment of the effectiveness of its internal controls and procedures. Makes such inclusion voluntary rather than mandatory by changing the Securities and Exchange Commission's authority to prescribe rules for the annual report to make inclusion of an internal control report something permitted instead of (as currently) required."
  }, 
  "titles": [
    {
      "as": "introduced", 
      "title": "Competitiveness Enhancement and Opportunity Act of 2005", 
      "type": "short"
    }, 
    {
      "as": "introduced", 
      "title": "To make the internal control requirements of the Sarbanes-Oxley Act of 2002 voluntary.", 
      "type": "official"
    }
  ], 
  "updated_at": "2013-02-02T20:39:53-05:00"
}