{
  "actions": [
    {
      "acted_at": "2006-07-18", 
      "committee": "House Committee on Government Reform", 
      "references": [], 
      "status": "REFERRED", 
      "text": "Referred to the House Committee on Government Reform.", 
      "type": "referral"
    }
  ], 
  "amendments": [], 
  "bill_id": "hr5826-109", 
  "bill_type": "hr", 
  "committees": [
    {
      "activity": [
        "referral", 
        "in committee"
      ], 
      "committee": "House Government Reform", 
      "committee_id": "HSGO"
    }
  ], 
  "congress": "109", 
  "cosponsors": [], 
  "enacted_as": null, 
  "history": {
    "awaiting_signature": false, 
    "enacted": false, 
    "vetoed": false
  }, 
  "introduced_at": "2006-07-18", 
  "number": "5826", 
  "official_title": "To amend title 5, United States Code, to provide for greater flexibility in the number of levels of benefits that may be offered by certain health plans under chapter 89 of such title.", 
  "popular_title": null, 
  "related_bills": [], 
  "short_title": null, 
  "sponsor": {
    "district": "6", 
    "name": "Kennedy, Mark R.", 
    "state": "MN", 
    "thomas_id": "01652", 
    "title": "Rep", 
    "type": "person"
  }, 
  "status": "REFERRED", 
  "status_at": "2006-07-18", 
  "subjects": [
    "Federal employees", 
    "Government employees' health insurance", 
    "Government operations and politics", 
    "Health"
  ], 
  "subjects_top_term": "Government operations and politics", 
  "summary": {
    "as": "Introduced", 
    "date": "2006-07-18", 
    "text": "Amends federal health insurance provisions to provide for greater flexibility in the number of levels of benefits that may be offered by certain health benefits plans under the Federal Employees Health Benefits Program (FEHBP)."
  }, 
  "titles": [
    {
      "as": "introduced", 
      "title": "To amend title 5, United States Code, to provide for greater flexibility in the number of levels of benefits that may be offered by certain health plans under chapter 89 of such title.", 
      "type": "official"
    }
  ], 
  "updated_at": "2013-02-02T20:41:47-05:00"
}