{
  "actions": [
    {
      "acted_at": "2005-02-02", 
      "committee": "House Committee on Resources", 
      "references": [], 
      "status": "REFERRED", 
      "text": "Referred to the House Committee on Resources.", 
      "type": "referral"
    }, 
    {
      "acted_at": "2005-02-15", 
      "in_committee": "House Committee on Resources", 
      "references": [], 
      "subcommittee": "National Parks", 
      "text": "Referred to the Subcommittee on National Parks.", 
      "type": "referral"
    }, 
    {
      "acted_at": "2005-05-23T15:17:00-04:00", 
      "references": [], 
      "text": "Mr. Radanovich moved to suspend the rules and pass the bill.", 
      "type": "action"
    }, 
    {
      "acted_at": "2005-05-23T15:18:00-04:00", 
      "references": [
        {
          "reference": "CR H3714-3716", 
          "type": "consideration"
        }
      ], 
      "text": "Considered under suspension of the rules.", 
      "type": "action"
    }, 
    {
      "acted_at": "2005-05-23T15:18:00-04:00", 
      "references": [], 
      "text": "DEBATE - The House proceeded with forty minutes of debate on H.R. 606.", 
      "type": "action"
    }, 
    {
      "acted_at": "2005-05-23T15:21:00-04:00", 
      "how": "by voice vote", 
      "references": [
        {
          "reference": "CR H3714", 
          "type": "text"
        }
      ], 
      "result": "pass", 
      "status": "PASS_OVER:HOUSE", 
      "suspension": null, 
      "text": "On motion to suspend the rules and pass the bill Agreed to by voice vote.", 
      "type": "vote", 
      "vote_type": "vote", 
      "where": "h"
    }, 
    {
      "acted_at": "2005-05-23T15:21:00-04:00", 
      "references": [], 
      "text": "Motion to reconsider laid on the table Agreed to without objection.", 
      "type": "action"
    }, 
    {
      "acted_at": "2005-05-24", 
      "committee": "Committee on Energy and Natural Resources", 
      "references": [], 
      "text": "Received in the Senate and Read twice and referred to the Committee on Energy and Natural Resources.", 
      "type": "referral"
    }, 
    {
      "acted_at": "2005-10-19", 
      "committee": "Energy and Natural Resources", 
      "references": [], 
      "text": "Committee on Energy and Natural Resources. Reported by Senator Domenici without amendment. With written report No. 109-157.", 
      "type": "reported"
    }, 
    {
      "acted_at": "2005-10-19", 
      "calendar": "Senate Legislative", 
      "number": "249", 
      "references": [], 
      "text": "Placed on Senate Legislative Calendar under General Orders. Calendar No. 249.", 
      "type": "calendar", 
      "under": "General Orders"
    }, 
    {
      "acted_at": "2005-11-16", 
      "how": "by Unanimous Consent", 
      "references": [
        {
          "reference": "CR S13057", 
          "type": "consideration"
        }
      ], 
      "result": "pass", 
      "status": "PASSED:BILL", 
      "text": "Passed Senate without amendment by Unanimous Consent.", 
      "type": "vote", 
      "vote_type": "vote2", 
      "where": "s"
    }, 
    {
      "acted_at": "2005-11-16", 
      "references": [], 
      "text": "Message on Senate action sent to the House.", 
      "type": "action"
    }, 
    {
      "acted_at": "2005-11-16", 
      "references": [], 
      "text": "Cleared for White House.", 
      "type": "topresident"
    }, 
    {
      "acted_at": "2005-11-28", 
      "references": [], 
      "text": "Presented to President.", 
      "type": "topresident"
    }, 
    {
      "acted_at": "2005-12-01", 
      "references": [], 
      "text": "Signed by President.", 
      "type": "signed"
    }, 
    {
      "acted_at": "2005-12-01", 
      "congress": "109", 
      "law": "public", 
      "number": "119", 
      "references": [], 
      "status": "ENACTED:SIGNED", 
      "text": "Became Public Law No: 109-119.", 
      "type": "enacted"
    }
  ], 
  "amendments": [], 
  "bill_id": "hr606-109", 
  "bill_type": "hr", 
  "committees": [
    {
      "activity": [
        "referral"
      ], 
      "committee": "House Resources", 
      "committee_id": "HSII"
    }, 
    {
      "activity": [
        "referral"
      ], 
      "committee": "House Resources", 
      "committee_id": "HSII", 
      "subcommittee": "Subcommittee on National Parks, Recreation, and Public Lands", 
      "subcommittee_id": "10"
    }, 
    {
      "activity": [
        "referral", 
        "reporting"
      ], 
      "committee": "Senate Energy and Natural Resources", 
      "committee_id": "SSEG"
    }
  ], 
  "congress": "109", 
  "cosponsors": [
    {
      "district": "1", 
      "name": "Abercrombie, Neil", 
      "sponsored_at": "2005-02-02", 
      "state": "HI", 
      "thomas_id": "00002", 
      "title": "Rep", 
      "withdrawn_at": null
    }, 
    {
      "district": "28", 
      "name": "Berman, Howard L.", 
      "sponsored_at": "2005-02-09", 
      "state": "CA", 
      "thomas_id": "00082", 
      "title": "Rep", 
      "withdrawn_at": null
    }, 
    {
      "district": null, 
      "name": "Bordallo, Madeleine Z.", 
      "sponsored_at": "2005-03-17", 
      "state": "GU", 
      "thomas_id": "01723", 
      "title": "Rep", 
      "withdrawn_at": null
    }, 
    {
      "district": "23", 
      "name": "Capps, Lois", 
      "sponsored_at": "2005-03-09", 
      "state": "CA", 
      "thomas_id": "01471", 
      "title": "Rep", 
      "withdrawn_at": null
    }, 
    {
      "district": "2", 
      "name": "Case, Ed", 
      "sponsored_at": "2005-02-02", 
      "state": "HI", 
      "thomas_id": "01693", 
      "title": "Rep", 
      "withdrawn_at": null
    }, 
    {
      "district": "20", 
      "name": "Costa, Jim", 
      "sponsored_at": "2005-03-02", 
      "state": "CA", 
      "thomas_id": "01774", 
      "title": "Rep", 
      "withdrawn_at": null
    }, 
    {
      "district": "7", 
      "name": "Crowley, Joseph", 
      "sponsored_at": "2005-02-02", 
      "state": "NY", 
      "thomas_id": "01604", 
      "title": "Rep", 
      "withdrawn_at": null
    }, 
    {
      "district": "53", 
      "name": "Davis, Susan A.", 
      "sponsored_at": "2005-03-09", 
      "state": "CA", 
      "thomas_id": "01641", 
      "title": "Rep", 
      "withdrawn_at": null
    }, 
    {
      "district": "14", 
      "name": "Eshoo, Anna G.", 
      "sponsored_at": "2005-02-15", 
      "state": "CA", 
      "thomas_id": "00355", 
      "title": "Rep", 
      "withdrawn_at": null
    }, 
    {
      "district": "17", 
      "name": "Farr, Sam", 
      "sponsored_at": "2005-02-02", 
      "state": "CA", 
      "thomas_id": "00368", 
      "title": "Rep", 
      "withdrawn_at": null
    }, 
    {
      "district": "4", 
      "name": "Gutierrez, Luis V.", 
      "sponsored_at": "2005-03-02", 
      "state": "IL", 
      "thomas_id": "00478", 
      "title": "Rep", 
      "withdrawn_at": null
    }, 
    {
      "district": "15", 
      "name": "Honda, Michael M.", 
      "sponsored_at": "2005-02-02", 
      "state": "CA", 
      "thomas_id": "01634", 
      "title": "Rep", 
      "withdrawn_at": null
    }, 
    {
      "district": "18", 
      "name": "Jackson-Lee, Sheila", 
      "sponsored_at": "2005-02-09", 
      "state": "TX", 
      "thomas_id": "00588", 
      "title": "Rep", 
      "withdrawn_at": null
    }, 
    {
      "district": "12", 
      "name": "Lantos, Tom", 
      "sponsored_at": "2005-02-09", 
      "state": "CA", 
      "thomas_id": "00663", 
      "title": "Rep", 
      "withdrawn_at": null
    }, 
    {
      "district": "9", 
      "name": "Lee, Barbara", 
      "sponsored_at": "2005-02-02", 
      "state": "CA", 
      "thomas_id": "01501", 
      "title": "Rep", 
      "withdrawn_at": null
    }, 
    {
      "district": "5", 
      "name": "Lewis, John", 
      "sponsored_at": "2005-03-17", 
      "state": "GA", 
      "thomas_id": "00688", 
      "title": "Rep", 
      "withdrawn_at": null
    }, 
    {
      "district": "16", 
      "name": "Lofgren, Zoe", 
      "sponsored_at": "2005-02-09", 
      "state": "CA", 
      "thomas_id": "00701", 
      "title": "Rep", 
      "withdrawn_at": null
    }, 
    {
      "district": "7", 
      "name": "McDermott, Jim", 
      "sponsored_at": "2005-02-02", 
      "state": "WA", 
      "thomas_id": "00766", 
      "title": "Rep", 
      "withdrawn_at": null
    }, 
    {
      "district": "6", 
      "name": "Meeks, Gregory W.", 
      "sponsored_at": "2005-03-09", 
      "state": "NY", 
      "thomas_id": "01506", 
      "title": "Rep", 
      "withdrawn_at": null
    }, 
    {
      "district": "11", 
      "name": "Owens, Major R.", 
      "sponsored_at": "2005-02-02", 
      "state": "NY", 
      "thomas_id": "00883", 
      "title": "Rep", 
      "withdrawn_at": null
    }, 
    {
      "district": "8", 
      "name": "Pelosi, Nancy", 
      "sponsored_at": "2005-02-02", 
      "state": "CA", 
      "thomas_id": "00905", 
      "title": "Rep", 
      "withdrawn_at": null
    }, 
    {
      "district": "34", 
      "name": "Roybal-Allard, Lucille", 
      "sponsored_at": "2005-03-09", 
      "state": "CA", 
      "thomas_id": "00997", 
      "title": "Rep", 
      "withdrawn_at": null
    }, 
    {
      "district": null, 
      "name": "Sanders, Bernard", 
      "sponsored_at": "2005-02-09", 
      "state": "VT", 
      "thomas_id": "01010", 
      "title": "Rep", 
      "withdrawn_at": null
    }, 
    {
      "district": "29", 
      "name": "Schiff, Adam B.", 
      "sponsored_at": "2005-03-09", 
      "state": "CA", 
      "thomas_id": "01635", 
      "title": "Rep", 
      "withdrawn_at": null
    }, 
    {
      "district": "27", 
      "name": "Sherman, Brad", 
      "sponsored_at": "2005-02-02", 
      "state": "CA", 
      "thomas_id": "01526", 
      "title": "Rep", 
      "withdrawn_at": null
    }, 
    {
      "district": "9", 
      "name": "Smith, Adam", 
      "sponsored_at": "2005-02-09", 
      "state": "WA", 
      "thomas_id": "01528", 
      "title": "Rep", 
      "withdrawn_at": null
    }, 
    {
      "district": "32", 
      "name": "Solis, Hilda L.", 
      "sponsored_at": "2005-02-02", 
      "state": "CA", 
      "thomas_id": "01636", 
      "title": "Rep", 
      "withdrawn_at": null
    }, 
    {
      "district": "3", 
      "name": "Souder, Mark E.", 
      "sponsored_at": "2005-02-02", 
      "state": "IN", 
      "thomas_id": "01089", 
      "title": "Rep", 
      "withdrawn_at": null
    }, 
    {
      "district": "13", 
      "name": "Stark, Fortney Pete", 
      "sponsored_at": "2005-04-18", 
      "state": "CA", 
      "thomas_id": "01101", 
      "title": "Rep", 
      "withdrawn_at": null
    }, 
    {
      "district": "10", 
      "name": "Tauscher, Ellen O.", 
      "sponsored_at": "2005-02-15", 
      "state": "CA", 
      "thomas_id": "01533", 
      "title": "Rep", 
      "withdrawn_at": null
    }, 
    {
      "district": "35", 
      "name": "Waters, Maxine", 
      "sponsored_at": "2005-04-05", 
      "state": "CA", 
      "thomas_id": "01205", 
      "title": "Rep", 
      "withdrawn_at": null
    }, 
    {
      "district": "33", 
      "name": "Watson, Diane E.", 
      "sponsored_at": "2005-02-09", 
      "state": "CA", 
      "thomas_id": "01682", 
      "title": "Rep", 
      "withdrawn_at": null
    }, 
    {
      "district": "30", 
      "name": "Waxman, Henry A.", 
      "sponsored_at": "2005-02-09", 
      "state": "CA", 
      "thomas_id": "01209", 
      "title": "Rep", 
      "withdrawn_at": null
    }, 
    {
      "district": "1", 
      "name": "Wu, David", 
      "sponsored_at": "2005-02-02", 
      "state": "OR", 
      "thomas_id": "01598", 
      "title": "Rep", 
      "withdrawn_at": null
    }
  ], 
  "enacted_as": {
    "congress": "109", 
    "law_type": "public", 
    "number": "119"
  }, 
  "history": {
    "awaiting_signature": false, 
    "enacted": true, 
    "enacted_at": "2005-12-01", 
    "house_passage_result": "pass", 
    "house_passage_result_at": "2005-05-23T15:21:00-04:00", 
    "senate_passage_result": "pass", 
    "senate_passage_result_at": "2005-11-16", 
    "vetoed": false
  }, 
  "introduced_at": "2005-02-02", 
  "number": "606", 
  "official_title": "To authorize appropriations to the Secretary of the Interior for the restoration of the Angel Island Immigration Station in the State of California.", 
  "popular_title": null, 
  "related_bills": [
    {
      "bill_id": "s262-109", 
      "reason": "related"
    }
  ], 
  "short_title": "Angel Island Immigration Station Restoration and Preservation Act", 
  "sponsor": {
    "district": "6", 
    "name": "Woolsey, Lynn C.", 
    "state": "CA", 
    "thomas_id": "01242", 
    "title": "Rep", 
    "type": "person"
  }, 
  "status": "ENACTED:SIGNED", 
  "status_at": "2005-12-01", 
  "subjects": [
    "California", 
    "Commemorations", 
    "Federal installations", 
    "Health", 
    "Historic sites", 
    "History", 
    "Hospitals", 
    "Immigration", 
    "Islands", 
    "Marine and coastal resources, fisheries", 
    "Public lands and natural resources"
  ], 
  "subjects_top_term": "Public lands and natural resources", 
  "summary": {
    "as": "Public Law", 
    "date": "2005-12-01", 
    "text": "Angel Island Immigration Station Restoration and Preservation Act - Authorizes appropriations to the Secretary of the Interior for restoring the Angel Island Immigration Station in San Francisco Bay, in coordination with the Angel Island Immigration Station Foundation and the California Department of Parks and Recreation. Limits federal funding under this Act to 50% of the total funds from all sources spent to restore the Angel Island Immigration Station. Requires: (1) funds appropriated by this Act to be used first for restoration of the Immigration Station Hospital on Angel Island; and (2) any remaining funds to be used solely for the restoration of the Angel Island Immigration Station."
  }, 
  "titles": [
    {
      "as": "introduced", 
      "title": "Angel Island Immigration Station Restoration and Preservation Act", 
      "type": "short"
    }, 
    {
      "as": "passed house", 
      "title": "Angel Island Immigration Station Restoration and Preservation Act", 
      "type": "short"
    }, 
    {
      "as": "reported to senate", 
      "title": "Angel Island Immigration Station Restoration and Preservation Act", 
      "type": "short"
    }, 
    {
      "as": "passed senate", 
      "title": "Angel Island Immigration Station Restoration and Preservation Act", 
      "type": "short"
    }, 
    {
      "as": "enacted", 
      "title": "Angel Island Immigration Station Restoration and Preservation Act", 
      "type": "short"
    }, 
    {
      "as": "introduced", 
      "title": "To authorize appropriations to the Secretary of the Interior for the restoration of the Angel Island Immigration Station in the State of California.", 
      "type": "official"
    }
  ], 
  "updated_at": "2013-02-02T20:39:22-05:00"
}