{
  "actions": [
    {
      "acted_at": "2005-09-07", 
      "committee": "House Committee on Ways and Means", 
      "references": [], 
      "status": "REFERRED", 
      "text": "Referred to the House Committee on Ways and Means.", 
      "type": "referral"
    }, 
    {
      "acted_at": "2005-09-12", 
      "in_committee": "House Committee on Ways and Means", 
      "references": [], 
      "subcommittee": "Trade", 
      "text": "Referred to the Subcommittee on Trade.", 
      "type": "referral"
    }
  ], 
  "amendments": [], 
  "bill_id": "hr3678-109", 
  "bill_type": "hr", 
  "committees": [
    {
      "activity": [
        "referral", 
        "in committee"
      ], 
      "committee": "House Ways and Means", 
      "committee_id": "HSWM"
    }, 
    {
      "activity": [
        "referral"
      ], 
      "committee": "House Ways and Means", 
      "committee_id": "HSWM", 
      "subcommittee": "Subcommittee on Trade", 
      "subcommittee_id": "04"
    }
  ], 
  "congress": "109", 
  "cosponsors": [], 
  "enacted_as": null, 
  "history": {
    "awaiting_signature": false, 
    "enacted": false, 
    "vetoed": false
  }, 
  "introduced_at": "2005-09-07", 
  "number": "3678", 
  "official_title": "To suspend temporarily the duty on floor coverings and mats of vulcanized rubber.", 
  "popular_title": null, 
  "related_bills": [
    {
      "bill_id": "s2716-109", 
      "reason": "related"
    }
  ], 
  "short_title": null, 
  "sponsor": {
    "district": "1", 
    "name": "Berry, Marion", 
    "state": "AR", 
    "thomas_id": "01462", 
    "title": "Rep", 
    "type": "person"
  }, 
  "status": "REFERRED", 
  "status_at": "2005-09-07", 
  "subjects": [
    "Commerce", 
    "Foreign trade and international finance", 
    "Rubber", 
    "Tariff"
  ], 
  "subjects_top_term": "Foreign trade and international finance", 
  "summary": {
    "as": "Introduced", 
    "date": "2005-09-07", 
    "text": "Amends the Harmonized Tariff Schedule of the United States to suspend, through December 31, 2009, the duty on floor coverings and mats of vulcanized rubber."
  }, 
  "titles": [
    {
      "as": "introduced", 
      "title": "To suspend temporarily the duty on floor coverings and mats of vulcanized rubber.", 
      "type": "official"
    }
  ], 
  "updated_at": "2013-02-02T20:40:47-05:00"
}