{
  "actions": [
    {
      "acted_at": "2005-06-28", 
      "committee": "House Committee on Education and the Workforce", 
      "references": [], 
      "status": "REFERRED", 
      "text": "Referred to the House Committee on Education and the Workforce.", 
      "type": "referral"
    }, 
    {
      "acted_at": "2005-07-25", 
      "in_committee": "House Committee on Education and the Workforce", 
      "references": [], 
      "subcommittee": "Employer-Employee Relations", 
      "text": "Referred to the Subcommittee on Employer-Employee Relations.", 
      "type": "referral"
    }
  ], 
  "amendments": [], 
  "bill_id": "hr3088-109", 
  "bill_type": "hr", 
  "committees": [
    {
      "activity": [
        "referral", 
        "in committee"
      ], 
      "committee": "House Education and the Workforce", 
      "committee_id": "HSED"
    }, 
    {
      "activity": [
        "referral"
      ], 
      "committee": "House Education and the Workforce", 
      "committee_id": "HSED", 
      "subcommittee": "Subcommittee on Employer-Employee Relations", 
      "subcommittee_id": "02"
    }
  ], 
  "congress": "109", 
  "cosponsors": [
    {
      "district": "9", 
      "name": "Boucher, Rick", 
      "sponsored_at": "2005-06-28", 
      "state": "VA", 
      "thomas_id": "00113", 
      "title": "Rep", 
      "withdrawn_at": null
    }
  ], 
  "enacted_as": null, 
  "history": {
    "awaiting_signature": false, 
    "enacted": false, 
    "vetoed": false
  }, 
  "introduced_at": "2005-06-28", 
  "number": "3088", 
  "official_title": "To provide mortgage payment assistance for certain employees who are separated from employment.", 
  "popular_title": null, 
  "related_bills": [], 
  "short_title": "Homestead Preservation Act", 
  "sponsor": {
    "district": "5", 
    "name": "Goode, Virgil H., Jr.", 
    "state": "VA", 
    "thomas_id": "01486", 
    "title": "Rep", 
    "type": "person"
  }, 
  "status": "REFERRED", 
  "status_at": "2005-06-28", 
  "subjects": [
    "Dislocated workers", 
    "Economics and public finance", 
    "Federal aid to housing", 
    "Finance and financial sector", 
    "Government lending", 
    "Housing and community development", 
    "Interest rates", 
    "Labor and employment", 
    "Mortgages"
  ], 
  "subjects_top_term": "Labor and employment", 
  "summary": {
    "as": "Introduced", 
    "date": "2005-06-28", 
    "text": "Homestead Preservation Act - Directs the Secretary of Labor to establish a program of low-interest loan (residential) mortgage assistance to eligible persons who are separated from their employment. Limits assistance to 12 months, and requires repayment within five years."
  }, 
  "titles": [
    {
      "as": "introduced", 
      "title": "Homestead Preservation Act", 
      "type": "short"
    }, 
    {
      "as": "introduced", 
      "title": "To provide mortgage payment assistance for certain employees who are separated from employment.", 
      "type": "official"
    }
  ], 
  "updated_at": "2013-02-02T20:40:32-05:00"
}