{
  "actions": [
    {
      "acted_at": "2005-04-14", 
      "committee": "Committee on Government Reform, and in addition to the Committees on Appropriations, and Rules, for a period to be subsequently determined by the Speaker, in each case for consideration of such provisions as fall within the jurisdiction of the committee concerned", 
      "references": [], 
      "status": "REFERRED", 
      "text": "Referred to the Committee on Government Reform, and in addition to the Committees on Appropriations, and Rules, for a period to be subsequently determined by the Speaker, in each case for consideration of such provisions as fall within the jurisdiction of the committee concerned.", 
      "type": "referral"
    }, 
    {
      "acted_at": "2005-04-14", 
      "committee": "House Government Reform", 
      "references": [], 
      "text": "Referred to House Government Reform", 
      "type": "referral"
    }, 
    {
      "acted_at": "2005-04-14", 
      "committee": "House Appropriations", 
      "references": [], 
      "text": "Referred to House Appropriations", 
      "type": "referral"
    }, 
    {
      "acted_at": "2005-04-14", 
      "committee": "House Rules", 
      "references": [], 
      "text": "Referred to House Rules", 
      "type": "referral"
    }
  ], 
  "amendments": [], 
  "bill_id": "hr1629-109", 
  "bill_type": "hr", 
  "committees": [
    {
      "activity": [
        "referral", 
        "in committee"
      ], 
      "committee": "House Government Reform", 
      "committee_id": "HSGO"
    }, 
    {
      "activity": [
        "referral", 
        "in committee"
      ], 
      "committee": "House Appropriations", 
      "committee_id": "HSAP"
    }, 
    {
      "activity": [
        "referral", 
        "in committee"
      ], 
      "committee": "House Rules", 
      "committee_id": "HSRU"
    }
  ], 
  "congress": "109", 
  "cosponsors": [
    {
      "district": null, 
      "name": "Norton, Eleanor Holmes", 
      "sponsored_at": "2005-04-14", 
      "state": "DC", 
      "thomas_id": "00868", 
      "title": "Rep", 
      "withdrawn_at": null
    }, 
    {
      "district": "30", 
      "name": "Waxman, Henry A.", 
      "sponsored_at": "2005-04-14", 
      "state": "CA", 
      "thomas_id": "01209", 
      "title": "Rep", 
      "withdrawn_at": null
    }
  ], 
  "enacted_as": null, 
  "history": {
    "awaiting_signature": false, 
    "enacted": false, 
    "vetoed": false
  }, 
  "introduced_at": "2005-04-14", 
  "number": "1629", 
  "official_title": "To amend the District of Columbia Home Rule Act to provide the District of Columbia with autonomy over its budgets, and for other purposes.", 
  "popular_title": null, 
  "related_bills": [], 
  "short_title": "District of Columbia Budget Autonomy Act of 2005", 
  "sponsor": {
    "district": "11", 
    "name": "Davis, Tom", 
    "state": "VA", 
    "thomas_id": "00274", 
    "title": "Rep", 
    "type": "person"
  }, 
  "status": "REFERRED", 
  "status_at": "2005-04-14", 
  "subjects": [
    "Appropriations", 
    "City councils", 
    "Congress", 
    "Congressional oversight", 
    "Congressional veto", 
    "District of Columbia", 
    "Economics and public finance", 
    "Federal-local relations", 
    "Government operations and politics", 
    "Intergovernmental fiscal relations", 
    "Item veto", 
    "Local budgets", 
    "Local employees", 
    "Local finance", 
    "Local laws", 
    "Municipal home rule", 
    "Recruiting of employees"
  ], 
  "subjects_top_term": "Government operations and politics", 
  "summary": {
    "as": "Introduced", 
    "date": "2005-04-14", 
    "text": "District of Columbia Budget Autonomy Act of 2005 - Amends the District of Columbia Home Rule Act to provide that the District of Columbia budget passed by the Council of the District of Columbia shall be enacted without referral to the President or approval by the Congress, unless it is the budget for a fiscal year which is a control year. Prohibits the Mayor of the District during a control year from transmitting the budget, or amendments or supplements thereto, to the President until the completion of the budget procedures contained in this Act and the District of Columbia Financial Responsibility and Management Assistance Act of 1995. Prohibits obligations or expenditures by District government officers and employees without the Council's approval and in the case of a control year, congressional approval. Allows the Council to reenact provisions of any line-item veto by the Mayor in a budget Act without submitting such veto to the President, unless such item or provision is contained in a budget act for a control year. Permits hiring of full or part-time District government employees and their transfer among programs only if such position is authorized by an Act of the Council or, in the case of a control year, an Act of Congress."
  }, 
  "titles": [
    {
      "as": "introduced", 
      "title": "District of Columbia Budget Autonomy Act of 2005", 
      "type": "short"
    }, 
    {
      "as": "introduced", 
      "title": "To amend the District of Columbia Home Rule Act to provide the District of Columbia with autonomy over its budgets, and for other purposes.", 
      "type": "official"
    }
  ], 
  "updated_at": "2013-02-02T20:39:53-05:00"
}