{
  "actions": [
    {
      "acted_at": "2005-05-17", 
      "references": [
        {
          "reference": "CR H3338-3339", 
          "type": null
        }
      ], 
      "text": "Sponsor introductory remarks on measure.", 
      "type": "action"
    }, 
    {
      "acted_at": "2005-05-17", 
      "committee": "House Committee on Ways and Means", 
      "references": [], 
      "status": "REFERRED", 
      "text": "Referred to the House Committee on Ways and Means.", 
      "type": "referral"
    }, 
    {
      "acted_at": "2005-05-26", 
      "in_committee": "House Committee on Ways and Means", 
      "references": [], 
      "subcommittee": "Human Resources", 
      "text": "Referred to the Subcommittee on Human Resources.", 
      "type": "referral"
    }
  ], 
  "amendments": [], 
  "bill_id": "hr2409-109", 
  "bill_type": "hr", 
  "committees": [
    {
      "activity": [
        "referral", 
        "in committee"
      ], 
      "committee": "House Ways and Means", 
      "committee_id": "HSWM"
    }, 
    {
      "activity": [
        "referral"
      ], 
      "committee": "House Ways and Means", 
      "committee_id": "HSWM", 
      "subcommittee": "Subcommittee on Human Resources", 
      "subcommittee_id": "03"
    }
  ], 
  "congress": "109", 
  "cosponsors": [
    {
      "district": "28", 
      "name": "Berman, Howard L.", 
      "sponsored_at": "2005-10-26", 
      "state": "CA", 
      "thomas_id": "00082", 
      "title": "Rep", 
      "withdrawn_at": null
    }, 
    {
      "district": "17", 
      "name": "Farr, Sam", 
      "sponsored_at": "2005-07-26", 
      "state": "CA", 
      "thomas_id": "00368", 
      "title": "Rep", 
      "withdrawn_at": null
    }, 
    {
      "district": "51", 
      "name": "Filner, Bob", 
      "sponsored_at": "2005-07-18", 
      "state": "CA", 
      "thomas_id": "00381", 
      "title": "Rep", 
      "withdrawn_at": null
    }, 
    {
      "district": "15", 
      "name": "Honda, Michael M.", 
      "sponsored_at": "2005-06-28", 
      "state": "CA", 
      "thomas_id": "01634", 
      "title": "Rep", 
      "withdrawn_at": null
    }, 
    {
      "district": "16", 
      "name": "Lofgren, Zoe", 
      "sponsored_at": "2005-05-17", 
      "state": "CA", 
      "thomas_id": "00701", 
      "title": "Rep", 
      "withdrawn_at": null
    }, 
    {
      "district": "7", 
      "name": "Miller, George", 
      "sponsored_at": "2005-09-07", 
      "state": "CA", 
      "thomas_id": "00808", 
      "title": "Rep", 
      "withdrawn_at": null
    }, 
    {
      "district": "47", 
      "name": "Sanchez, Loretta", 
      "sponsored_at": "2005-10-28", 
      "state": "CA", 
      "thomas_id": "01522", 
      "title": "Rep", 
      "withdrawn_at": null
    }, 
    {
      "district": "29", 
      "name": "Schiff, Adam B.", 
      "sponsored_at": "2005-06-28", 
      "state": "CA", 
      "thomas_id": "01635", 
      "title": "Rep", 
      "withdrawn_at": null
    }, 
    {
      "district": "27", 
      "name": "Sherman, Brad", 
      "sponsored_at": "2005-07-14", 
      "state": "CA", 
      "thomas_id": "01526", 
      "title": "Rep", 
      "withdrawn_at": null
    }, 
    {
      "district": "13", 
      "name": "Stark, Fortney Pete", 
      "sponsored_at": "2005-05-17", 
      "state": "CA", 
      "thomas_id": "01101", 
      "title": "Rep", 
      "withdrawn_at": null
    }, 
    {
      "district": "1", 
      "name": "Thompson, Mike", 
      "sponsored_at": "2005-06-28", 
      "state": "CA", 
      "thomas_id": "01593", 
      "title": "Rep", 
      "withdrawn_at": null
    }, 
    {
      "district": "30", 
      "name": "Waxman, Henry A.", 
      "sponsored_at": "2005-07-11", 
      "state": "CA", 
      "thomas_id": "01209", 
      "title": "Rep", 
      "withdrawn_at": null
    }
  ], 
  "enacted_as": null, 
  "history": {
    "awaiting_signature": false, 
    "enacted": false, 
    "vetoed": false
  }, 
  "introduced_at": "2005-05-17", 
  "number": "2409", 
  "official_title": "To amend part D of title IV of the Social Security Act to modify the calculation of the child support automation penalty and provide for the reinvestment of any such penalty.", 
  "popular_title": null, 
  "related_bills": [], 
  "short_title": "Child Support Reinvestment Act of 2005", 
  "sponsor": {
    "district": "5", 
    "name": "Matsui, Doris O.", 
    "state": "CA", 
    "thomas_id": "01814", 
    "title": "Rep", 
    "type": "person"
  }, 
  "status": "REFERRED", 
  "status_at": "2005-05-17", 
  "subjects": [
    "Automation", 
    "Child support", 
    "Collection of accounts", 
    "Data banks", 
    "Economics and public finance", 
    "Electronic data interchange", 
    "Electronic government information", 
    "Families", 
    "Government operations and politics", 
    "Government paperwork", 
    "Grants-in-aid", 
    "Intergovernmental fiscal relations", 
    "Science, technology, communications", 
    "Social welfare"
  ], 
  "subjects_top_term": "Social welfare", 
  "summary": {
    "as": "Introduced", 
    "date": "2005-05-17", 
    "text": "Child Support Reinvestment Act of 2005 - Amends part D (Child Support and Establishment of Paternity) of title IV of the Social Security Act with respect to the administrative penalty incurred by a state for failure of its plan for child and spousal support to have in effect an automated data processing and information retrieval system meeting all federal requirements. Modifies the formula for calculation of the child support automation penalty to provide for specified reductions of the penalty for a state making a good faith effort to comply with a corrective compliance plan by making increased expenditures under (reinvesting in) the general state child and spousal support plan by the equivalent of the original, unreduced penalty amount."
  }, 
  "titles": [
    {
      "as": "introduced", 
      "title": "Child Support Reinvestment Act of 2005", 
      "type": "short"
    }, 
    {
      "as": "introduced", 
      "title": "To amend part D of title IV of the Social Security Act to modify the calculation of the child support automation penalty and provide for the reinvestment of any such penalty.", 
      "type": "official"
    }
  ], 
  "updated_at": "2013-02-02T20:40:13-05:00"
}