{
  "actions": [
    {
      "acted_at": "2005-03-02", 
      "committee": "House Committee on Transportation and Infrastructure", 
      "references": [], 
      "status": "REFERRED", 
      "text": "Referred to the House Committee on Transportation and Infrastructure.", 
      "type": "referral"
    }, 
    {
      "acted_at": "2005-03-03", 
      "in_committee": "House Committee on Transportation and Infrastructure", 
      "references": [], 
      "subcommittee": "Highways, Transit and Pipelines", 
      "text": "Referred to the Subcommittee on Highways, Transit and Pipelines.", 
      "type": "referral"
    }
  ], 
  "amendments": [], 
  "bill_id": "hr1044-109", 
  "bill_type": "hr", 
  "committees": [
    {
      "activity": [
        "referral", 
        "in committee"
      ], 
      "committee": "House Transportation and Infrastructure", 
      "committee_id": "HSPW"
    }, 
    {
      "activity": [
        "referral"
      ], 
      "committee": "House Transportation and Infrastructure", 
      "committee_id": "HSPW", 
      "subcommittee": "Subcommittee on Highways, Transit and Pipelines", 
      "subcommittee_id": "12"
    }
  ], 
  "congress": "109", 
  "cosponsors": [], 
  "enacted_as": null, 
  "history": {
    "awaiting_signature": false, 
    "enacted": false, 
    "vetoed": false
  }, 
  "introduced_at": "2005-03-02", 
  "number": "1044", 
  "official_title": "To amend title 23, United States Code, to permit the State of West Virginia to allow the operation of certain vehicles for the hauling of coal and coal by-products on Interstate Route 77 in Kanawha County, West Virginia.", 
  "popular_title": null, 
  "related_bills": [], 
  "short_title": null, 
  "sponsor": {
    "district": "2", 
    "name": "Capito, Shelley Moore", 
    "state": "WV", 
    "thomas_id": "01676", 
    "title": "Rep", 
    "type": "person"
  }, 
  "status": "REFERRED", 
  "status_at": "2005-03-02", 
  "subjects": [
    "Coal", 
    "Commerce", 
    "Economics and public finance", 
    "Energy", 
    "Federal aid to transportation", 
    "Government operations and politics", 
    "Highway finance", 
    "Interstate highway system", 
    "Law", 
    "Licenses", 
    "Motor vehicle safety", 
    "State laws", 
    "Transportation and public works", 
    "Trucking", 
    "Trucks", 
    "Weights and measures", 
    "West Virginia"
  ], 
  "subjects_top_term": "Transportation and public works", 
  "summary": {
    "as": "Introduced", 
    "date": "2005-03-02", 
    "text": "Amends Federal highway law to authorize the State of West Virginia to allow, by special permit, the operation of vehicles with a gross vehicle weight of up to 126,000 pounds for the hauling of coal and coal by-products on Interstate Route 77 in Kanawha County, West Virginia, between Exits 85 and 97."
  }, 
  "titles": [
    {
      "as": "introduced", 
      "title": "To amend title 23, United States Code, to permit the State of West Virginia to allow the operation of certain vehicles for the hauling of coal and coal by-products on Interstate Route 77 in Kanawha County, West Virginia.", 
      "type": "official"
    }
  ], 
  "updated_at": "2013-02-02T20:39:35-05:00"
}