{
  "actions": [
    {
      "acted_at": "2006-03-02", 
      "committee": "House Committee on Ways and Means", 
      "references": [], 
      "status": "REFERRED", 
      "text": "Referred to the House Committee on Ways and Means.", 
      "type": "referral"
    }
  ], 
  "amendments": [], 
  "bill_id": "hr4853-109", 
  "bill_type": "hr", 
  "committees": [
    {
      "activity": [
        "referral", 
        "in committee"
      ], 
      "committee": "House Ways and Means", 
      "committee_id": "HSWM"
    }
  ], 
  "congress": "109", 
  "cosponsors": [], 
  "enacted_as": null, 
  "history": {
    "awaiting_signature": false, 
    "enacted": false, 
    "vetoed": false
  }, 
  "introduced_at": "2006-03-02", 
  "number": "4853", 
  "official_title": "To amend the Internal Revenue Code of 1986 to impose an additional tax on taxable income attributable to contracts with the United States for goods and services for the war in Iraq.", 
  "popular_title": null, 
  "related_bills": [
    {
      "bill_id": "hr4571-109", 
      "reason": "related"
    }
  ], 
  "short_title": "Excess War Profits Act of 2006", 
  "sponsor": {
    "district": "11", 
    "name": "Owens, Major R.", 
    "state": "NY", 
    "thomas_id": "00883", 
    "title": "Rep", 
    "type": "person"
  }, 
  "status": "REFERRED", 
  "status_at": "2006-03-02", 
  "subjects": [
    "Armed forces and national security", 
    "Commerce", 
    "Government contractors", 
    "Government operations and politics", 
    "Income tax", 
    "International affairs", 
    "Iraq", 
    "Iraq compilation", 
    "Middle East and North Africa", 
    "Military occupation", 
    "Military operations", 
    "Minimum tax", 
    "Tax credits", 
    "Tax rates", 
    "Taxation", 
    "War", 
    "War relief"
  ], 
  "subjects_top_term": "Taxation", 
  "summary": {
    "as": "Introduced", 
    "date": "2006-03-02", 
    "text": "Excess War Profits Act of 2006 - Amends the Internal Revenue Code to impose an additional tax of 15% of taxable income attributable to contracts with the United States specifically for goods or services for the war in Iraq. Exempts amounts received by members of the U.S. Armed Forces or federal employees for their services from such tax."
  }, 
  "titles": [
    {
      "as": "introduced", 
      "title": "Excess War Profits Act of 2006", 
      "type": "short"
    }, 
    {
      "as": "introduced", 
      "title": "To amend the Internal Revenue Code of 1986 to impose an additional tax on taxable income attributable to contracts with the United States for goods and services for the war in Iraq.", 
      "type": "official"
    }
  ], 
  "updated_at": "2013-02-02T20:41:19-05:00"
}