{
  "actions": [
    {
      "acted_at": "2005-04-27", 
      "committee": "House Committee on Ways and Means", 
      "references": [], 
      "status": "REFERRED", 
      "text": "Referred to the House Committee on Ways and Means.", 
      "type": "referral"
    }, 
    {
      "acted_at": "2005-05-18", 
      "in_committee": "House Committee on Ways and Means", 
      "references": [], 
      "subcommittee": "Trade", 
      "text": "Referred to the Subcommittee on Trade.", 
      "type": "referral"
    }
  ], 
  "amendments": [], 
  "bill_id": "hr1947-109", 
  "bill_type": "hr", 
  "committees": [
    {
      "activity": [
        "referral", 
        "in committee"
      ], 
      "committee": "House Ways and Means", 
      "committee_id": "HSWM"
    }, 
    {
      "activity": [
        "referral"
      ], 
      "committee": "House Ways and Means", 
      "committee_id": "HSWM", 
      "subcommittee": "Subcommittee on Trade", 
      "subcommittee_id": "04"
    }
  ], 
  "congress": "109", 
  "cosponsors": [], 
  "enacted_as": null, 
  "history": {
    "awaiting_signature": false, 
    "enacted": false, 
    "vetoed": false
  }, 
  "introduced_at": "2005-04-27", 
  "number": "1947", 
  "official_title": "To provide for the reliquidation of certain entries.", 
  "popular_title": null, 
  "related_bills": [], 
  "short_title": null, 
  "sponsor": {
    "district": "11", 
    "name": "McCotter, Thaddeus G.", 
    "state": "MI", 
    "thomas_id": "01732", 
    "title": "Rep", 
    "type": "person"
  }, 
  "status": "REFERRED", 
  "status_at": "2005-04-27", 
  "subjects": [
    "Private legislation", 
    "Tariff"
  ], 
  "subjects_top_term": "Private legislation", 
  "summary": {
    "as": "Introduced", 
    "date": "2005-04-27", 
    "text": "Directs the Bureau of Customs and Border Protection to: (1) reliquidate certain entries of soundspa clock radios; (2) make such reliquidation at the rate of duty that would have been applicable to such merchandise if it had been liquidated under a specified subheading of the Harmonized Tariff Schedule of the United States on its date of entry; and (3) refund any amounts owed with interest."
  }, 
  "titles": [
    {
      "as": "introduced", 
      "title": "To provide for the reliquidation of certain entries.", 
      "type": "official"
    }
  ], 
  "updated_at": "2013-02-02T20:40:01-05:00"
}