{
  "actions": [
    {
      "acted_at": "2005-03-03", 
      "committee": "House Committee on the Judiciary", 
      "references": [], 
      "status": "REFERRED", 
      "text": "Referred to the House Committee on the Judiciary.", 
      "type": "referral"
    }, 
    {
      "acted_at": "2005-05-10", 
      "in_committee": "House Committee on the Judiciary", 
      "references": [], 
      "subcommittee": "Crime, Terrorism, and Homeland Security", 
      "text": "Referred to the Subcommittee on Crime, Terrorism, and Homeland Security.", 
      "type": "referral"
    }
  ], 
  "amendments": [], 
  "bill_id": "hr1099-109", 
  "bill_type": "hr", 
  "committees": [
    {
      "activity": [
        "referral", 
        "in committee"
      ], 
      "committee": "House Judiciary", 
      "committee_id": "HSJU"
    }, 
    {
      "activity": [
        "referral"
      ], 
      "committee": "House Judiciary", 
      "committee_id": "HSJU", 
      "subcommittee": "Subcommittee on Crime, Terrorism, and Homeland Security", 
      "subcommittee_id": "08"
    }
  ], 
  "congress": "109", 
  "cosponsors": [
    {
      "district": "2", 
      "name": "Case, Ed", 
      "sponsored_at": "2005-03-03", 
      "state": "HI", 
      "thomas_id": "01693", 
      "title": "Rep", 
      "withdrawn_at": null
    }, 
    {
      "district": "17", 
      "name": "Engel, Eliot L.", 
      "sponsored_at": "2005-03-03", 
      "state": "NY", 
      "thomas_id": "00344", 
      "title": "Rep", 
      "withdrawn_at": null
    }, 
    {
      "district": "4", 
      "name": "McCarthy, Carolyn", 
      "sponsored_at": "2005-04-12", 
      "state": "NY", 
      "thomas_id": "01503", 
      "title": "Rep", 
      "withdrawn_at": null
    }
  ], 
  "enacted_as": null, 
  "history": {
    "awaiting_signature": false, 
    "enacted": false, 
    "vetoed": false
  }, 
  "introduced_at": "2005-03-03", 
  "number": "1099", 
  "official_title": "To criminalize Internet scams involving fraudulently obtaining personal information, commonly known as phishing.", 
  "popular_title": null, 
  "related_bills": [
    {
      "bill_id": "s472-109", 
      "reason": "related"
    }
  ], 
  "short_title": "Anti-phishing Act of 2005", 
  "sponsor": {
    "district": "5", 
    "name": "Hooley, Darlene", 
    "state": "OR", 
    "thomas_id": "01491", 
    "title": "Rep", 
    "type": "person"
  }, 
  "status": "REFERRED", 
  "status_at": "2005-03-03", 
  "subjects": [
    "Commerce", 
    "Crime and law enforcement", 
    "Electronic commerce", 
    "Electronic mail systems", 
    "Fines (Penalties)", 
    "Fraud", 
    "Identity theft", 
    "Internet", 
    "Science, technology, communications", 
    "Web sites"
  ], 
  "subjects_top_term": "Crime and law enforcement", 
  "summary": {
    "as": "Introduced", 
    "date": "2005-03-03", 
    "text": "Anti-phishing Act of 2005 - Amends the Federal criminal code to criminalize Internet scams involving fraudulently obtaining personal information (phishing). Imposes a fine or imprisonment for up to five years, or both, for a person who knowingly and with the intent to engage in an activity constituting fraud or identity theft under Federal or State law: (1) creates or procures the creation of a website or domain name that represents itself as a legitimate online business without the authority or approval of the registered owner of such business; and (2) uses that website or domain name to solicit means of identification from any person. Imposes a fine or imprisonment for up to five years, or both, for a person who knowingly and with the intent to engage in activity constituting fraud or identity theft under Federal or State law sends an electronic mail message that: (1) falsely represents itself as being sent by a legitimate online business; (2) includes an Internet location tool referring or linking users to an online location on the World Wide Web that falsely purports to belong to or be associated with a legitimate online business; and (3) solicits means of identification from the recipient."
  }, 
  "titles": [
    {
      "as": "introduced", 
      "title": "Anti-phishing Act of 2005", 
      "type": "short"
    }, 
    {
      "as": "introduced", 
      "title": "To criminalize Internet scams involving fraudulently obtaining personal information, commonly known as phishing.", 
      "type": "official"
    }
  ], 
  "updated_at": "2013-02-02T20:39:37-05:00"
}