{
  "actions": [
    {
      "acted_at": "2006-06-21", 
      "committee": "House Committee on Resources", 
      "references": [], 
      "status": "REFERRED", 
      "text": "Referred to the House Committee on Resources.", 
      "type": "referral"
    }, 
    {
      "acted_at": "2006-06-28", 
      "in_committee": "House Committee on Resources", 
      "references": [], 
      "text": "Executive Comment Requested from Interior.", 
      "type": "action"
    }, 
    {
      "acted_at": "2006-06-28", 
      "in_committee": "House Committee on Resources", 
      "references": [], 
      "subcommittee": "Water and Power", 
      "text": "Referred to the Subcommittee on Water and Power.", 
      "type": "referral"
    }, 
    {
      "acted_at": "2006-07-27", 
      "in_committee": "House Committee on Resources", 
      "in_subcommittee": "Water and Power", 
      "references": [], 
      "text": "Subcommittee Hearings Held.", 
      "type": "action"
    }, 
    {
      "acted_at": "2006-12-05T12:06:00-05:00", 
      "references": [], 
      "text": "Mr. Radanovich moved to suspend the rules and pass the bill, as amended.", 
      "type": "action"
    }, 
    {
      "acted_at": "2006-12-05T12:07:00-05:00", 
      "references": [
        {
          "reference": "CR H8693-9694", 
          "type": "consideration"
        }
      ], 
      "text": "Considered under suspension of the rules.", 
      "type": "action"
    }, 
    {
      "acted_at": "2006-12-05T12:07:00-05:00", 
      "references": [], 
      "text": "DEBATE - The House proceeded with forty minutes of debate on H.R. 5666.", 
      "type": "action"
    }, 
    {
      "acted_at": "2006-12-05T12:09:00-05:00", 
      "how": "by voice vote", 
      "references": [
        {
          "reference": "CR H8693", 
          "type": "text"
        }
      ], 
      "result": "pass", 
      "status": "PASS_OVER:HOUSE", 
      "suspension": null, 
      "text": "On motion to suspend the rules and pass the bill, as amended Agreed to by voice vote.", 
      "type": "vote", 
      "vote_type": "vote", 
      "where": "h"
    }, 
    {
      "acted_at": "2006-12-05T12:09:00-05:00", 
      "references": [], 
      "text": "Motion to reconsider laid on the table Agreed to without objection.", 
      "type": "action"
    }, 
    {
      "acted_at": "2006-12-06", 
      "references": [], 
      "text": "Received in the Senate.", 
      "type": "action"
    }
  ], 
  "amendments": [], 
  "bill_id": "hr5666-109", 
  "bill_type": "hr", 
  "committees": [
    {
      "activity": [
        "referral"
      ], 
      "committee": "House Resources", 
      "committee_id": "HSII"
    }, 
    {
      "activity": [
        "referral", 
        "hearings"
      ], 
      "committee": "House Resources", 
      "committee_id": "HSII", 
      "subcommittee": "Subcommittee on Water and Power", 
      "subcommittee_id": "13"
    }
  ], 
  "congress": "109", 
  "cosponsors": [], 
  "enacted_as": null, 
  "history": {
    "awaiting_signature": false, 
    "enacted": false, 
    "house_passage_result": "pass", 
    "house_passage_result_at": "2006-12-05T12:09:00-05:00", 
    "vetoed": false
  }, 
  "introduced_at": "2006-06-21", 
  "number": "5666", 
  "official_title": "To authorize early repayment of obligations to the Bureau of Reclamation within the A & B Irrigation District in the State of Idaho.", 
  "popular_title": null, 
  "related_bills": [
    {
      "bill_id": "s2470-109", 
      "reason": "identical"
    }
  ], 
  "short_title": "Southern Idaho Bureau of Reclamation Repayment Act of 2006", 
  "sponsor": {
    "district": "2", 
    "name": "Simpson, Michael K.", 
    "state": "ID", 
    "thomas_id": "01590", 
    "title": "Rep", 
    "type": "person"
  }, 
  "status": "PASS_OVER:HOUSE", 
  "status_at": "2006-12-05T12:09:00-05:00", 
  "subjects": [
    "Agriculture and food", 
    "Collection of accounts", 
    "Construction costs", 
    "Economics and public finance", 
    "Government operations and politics", 
    "Government paperwork", 
    "Idaho", 
    "Infrastructure", 
    "Irrigation", 
    "Irrigation districts", 
    "Landowners", 
    "Water resources development"
  ], 
  "subjects_top_term": "Water resources development", 
  "summary": {
    "as": "Passed House amended", 
    "date": "2006-12-05", 
    "text": "Southern Idaho Bureau of Reclamation Repayment Act of 2006 - Authorizes any owner of land within the A&B Irrigation District in Idaho to repay at any time the construction costs of District project facilities that are allocated to such land. Provides that, upon full payment of such costs, the parcels shall not be subject to specified ownership and full-cost pricing limitations under federal reclamation law, for which the Secretary shall, upon request, provide the landowner a certificate."
  }, 
  "titles": [
    {
      "as": "introduced", 
      "title": "Southern Idaho Bureau of Reclamation Repayment Act of 2006", 
      "type": "short"
    }, 
    {
      "as": "passed house", 
      "title": "Southern Idaho Bureau of Reclamation Repayment Act of 2006", 
      "type": "short"
    }, 
    {
      "as": "introduced", 
      "title": "To authorize early repayment of obligations to the Bureau of Reclamation within the A & B Irrigation District in the State of Idaho.", 
      "type": "official"
    }
  ], 
  "updated_at": "2013-02-02T20:41:43-05:00"
}