{
  "actions": [
    {
      "acted_at": "2005-10-18", 
      "committee": "House Committee on Resources", 
      "references": [], 
      "status": "REFERRED", 
      "text": "Referred to the House Committee on Resources.", 
      "type": "referral"
    }, 
    {
      "acted_at": "2006-07-17T14:07:00-04:00", 
      "references": [], 
      "text": "Mr. Renzi moved to suspend the rules and pass the bill, as amended.", 
      "type": "action"
    }, 
    {
      "acted_at": "2006-07-17T14:07:00-04:00", 
      "references": [
        {
          "reference": "CR H5226-5231", 
          "type": "consideration"
        }
      ], 
      "text": "Considered under suspension of the rules.", 
      "type": "action"
    }, 
    {
      "acted_at": "2006-07-17T14:07:00-04:00", 
      "references": [], 
      "text": "DEBATE - The House proceeded with forty minutes of debate on H.R. 4075.", 
      "type": "action"
    }, 
    {
      "acted_at": "2006-07-17T14:12:00-04:00", 
      "how": "by voice vote", 
      "references": [
        {
          "reference": "CR H5226-5230", 
          "type": "text"
        }
      ], 
      "result": "pass", 
      "status": "PASS_OVER:HOUSE", 
      "suspension": null, 
      "text": "On motion to suspend the rules and pass the bill, as amended Agreed to by voice vote.", 
      "type": "vote", 
      "vote_type": "vote", 
      "where": "h"
    }, 
    {
      "acted_at": "2006-07-17T14:12:00-04:00", 
      "references": [], 
      "text": "Motion to reconsider laid on the table Agreed to without objection.", 
      "type": "action"
    }, 
    {
      "acted_at": "2006-07-18", 
      "references": [], 
      "text": "Received in the Senate.", 
      "type": "action"
    }, 
    {
      "acted_at": "2006-08-04", 
      "committee": "Committee on Commerce, Science, and Transportation", 
      "references": [], 
      "text": "Read twice and referred to the Committee on Commerce, Science, and Transportation.", 
      "type": "referral"
    }, 
    {
      "acted_at": "2006-12-06", 
      "references": [], 
      "text": "Senate Committee on Commerce, Science, and Transportation discharged by Unanimous Consent.", 
      "type": "action"
    }, 
    {
      "acted_at": "2006-12-06", 
      "references": [
        {
          "reference": "CR 12/7/2006 S11387", 
          "type": "consideration"
        }
      ], 
      "text": "Measure laid before Senate by unanimous consent.", 
      "type": "action"
    }, 
    {
      "acted_at": "2006-12-06", 
      "how": "by Unanimous Consent", 
      "references": [], 
      "result": "pass", 
      "status": "PASS_BACK:SENATE", 
      "text": "Passed Senate with an amendment and an amendment to the Title by Unanimous Consent.", 
      "type": "vote", 
      "vote_type": "vote2", 
      "where": "s"
    }, 
    {
      "acted_at": "2006-12-07", 
      "references": [], 
      "text": "Message on Senate action sent to the House.", 
      "type": "action"
    }
  ], 
  "amendments": [
    {
      "amendment_id": "s5220-109", 
      "amendment_type": "s", 
      "chamber": "s", 
      "number": "5220"
    }, 
    {
      "amendment_id": "s5221-109", 
      "amendment_type": "s", 
      "chamber": "s", 
      "number": "5221"
    }
  ], 
  "bill_id": "hr4075-109", 
  "bill_type": "hr", 
  "committees": [
    {
      "activity": [
        "referral"
      ], 
      "committee": "House Resources", 
      "committee_id": "HSII"
    }, 
    {
      "activity": [
        "referral", 
        "discharged"
      ], 
      "committee": "Senate Commerce, Science, and Transportation", 
      "committee_id": "SSCM"
    }
  ], 
  "congress": "109", 
  "cosponsors": [
    {
      "district": "11", 
      "name": "McCotter, Thaddeus G.", 
      "sponsored_at": "2006-02-14", 
      "state": "MI", 
      "thomas_id": "01732", 
      "title": "Rep", 
      "withdrawn_at": null
    }
  ], 
  "enacted_as": null, 
  "history": {
    "awaiting_signature": false, 
    "enacted": false, 
    "house_passage_result": "pass", 
    "house_passage_result_at": "2006-07-17T14:12:00-04:00", 
    "senate_passage_result": "pass", 
    "senate_passage_result_at": "2006-12-06", 
    "vetoed": false
  }, 
  "introduced_at": "2005-10-18", 
  "number": "4075", 
  "official_title": "To amend the Marine Mammal Protection Act of 1972 to provide for better understanding and protection of marine mammals, and for other purposes.", 
  "popular_title": null, 
  "related_bills": [
    {
      "bill_id": "hr2130-109", 
      "reason": "related"
    }, 
    {
      "bill_id": "hr2130-109", 
      "reason": "related"
    }, 
    {
      "bill_id": "hr5946-109", 
      "reason": "related"
    }
  ], 
  "short_title": "United States-Russia Polar Bear Conservation and Management Act of 2006", 
  "sponsor": {
    "district": "11", 
    "name": "Pombo, Richard W.", 
    "state": "CA", 
    "thomas_id": "00921", 
    "title": "Rep", 
    "type": "person"
  }, 
  "status": "PASS_BACK:SENATE", 
  "status_at": "2006-12-06", 
  "subjects": [
    "Administrative procedure", 
    "Alaska", 
    "Animals", 
    "Arts, culture, religion", 
    "Authorization", 
    "Bears", 
    "Biological research", 
    "Canada", 
    "Commerce", 
    "Congress", 
    "Congressional reporting requirements", 
    "Cost accounting", 
    "Cost effectiveness", 
    "Cultural relations", 
    "Data banks", 
    "Department of Commerce", 
    "Department of the Interior", 
    "Directories", 
    "Ecological research", 
    "Economics and public finance", 
    "Electronic government information", 
    "Emergency management", 
    "Endangered species", 
    "Environmental education", 
    "Environmental protection", 
    "Equipment and supplies", 
    "Eskimos", 
    "Europe", 
    "Exhibitions", 
    "Export controls", 
    "Exports", 
    "Federal advisory bodies", 
    "Federal aid to research", 
    "Federal employees", 
    "Fines (Penalties)", 
    "Fisheries", 
    "Fishery management", 
    "Fishing", 
    "Fishing boats", 
    "Foreign trade and international finance", 
    "Gifts", 
    "Government contractors", 
    "Government liability", 
    "Government operations and politics", 
    "Government paperwork", 
    "Government publicity", 
    "Government trust funds", 
    "Governmental investigations", 
    "Grants-in-aid", 
    "Greenland", 
    "Handicraft", 
    "Health", 
    "Hunting", 
    "Import restrictions", 
    "Imports", 
    "Indigenous peoples", 
    "International affairs", 
    "International environmental cooperation", 
    "Internet", 
    "Ivory", 
    "Labor and employment", 
    "Law", 
    "Liability (Law)", 
    "Licenses", 
    "Marine Mammal Commission", 
    "Marine and coastal resources, fisheries", 
    "Marine biology", 
    "Marine ecology", 
    "Marine mammals", 
    "Minorities", 
    "Native Americans", 
    "Overfishing", 
    "Pacific Ocean", 
    "Pest control", 
    "Pests", 
    "Planning", 
    "Product development", 
    "Rescue work", 
    "Research and development", 
    "Research grants", 
    "Russia", 
    "Science, technology, communications", 
    "Seals (Animals)", 
    "Sports and recreation", 
    "State laws", 
    "Subsidies", 
    "Technological innovations", 
    "Technology transfer", 
    "Transportation and public works", 
    "Travel", 
    "Treaties", 
    "Veterinary medicine", 
    "Wages", 
    "Whales", 
    "Wild animal trade", 
    "Wildlife conservation", 
    "Wildlife reintroduction", 
    "Zoos"
  ], 
  "subjects_top_term": "Animals", 
  "summary": {
    "as": "Passed Senate amended", 
    "date": "2006-12-06", 
    "text": "United States-Russia Polar Bear Conservation and Management Act of 2006 - Amends the Marine Mammal Protection Act of 1972 to make it unlawful for a person subject to, or in waters or on lands under, U.S. jurisdiction to take, import, export, possess, transport, or sell any polar bear or polar bear products in violation of the Agreement Between the Government of the United States of America and the Government of the Russian Federation on the Conservation and Management of the Alaska-Chukotka Polar Bear Population (Agreement) or any annual taking limit or other restriction adopted by the U.S.-Russia Polar Bear Commission. Authorizes a government official to import a polar bear or a polar bear product for purposes of forensic testing or any other law enforcement purpose. Requires the Secretary of the Interior to administer and enforce the Agreement on behalf of the United States. Authorizes the Secretary of the Interior to share authority for the management of the taking of polar bears for subsistence purposes with the Alaska Nanuuq Commission. Subjects to seizure and forfeiture any polar bear or any part or product of a polar bear taken, imported, exported, possessed, transported, sold, received, acquired, purchased, exchanged, or bartered, or offered for sale or exchange in violation of this title without any showing that may be required for assessment of a civil penalty or for criminal prosecution. Sets forth requirements for designation and appointment of U.S. members on the U.S.-Russia Polar Bear Commission. Requires the Secretary of the Interior to take all necessary actions to implement the decisions and determinations of the U.S.-Russia Polar Bear Commission. Authorizes appropriations for FY2006-FY2010."
  }, 
  "titles": [
    {
      "as": "introduced", 
      "title": "Marine Mammal Protection Act Amendments of 2005", 
      "type": "short"
    }, 
    {
      "as": "passed house", 
      "title": "Marine Mammal Protection Act Amendments of 2006", 
      "type": "short"
    }, 
    {
      "as": "passed senate", 
      "title": "United States-Russia Polar Bear Conservation and Management Act of 2006", 
      "type": "short"
    }, 
    {
      "as": "introduced", 
      "title": "To amend the Marine Mammal Protection Act of 1972 to provide for better understanding and protection of marine mammals, and for other purposes.", 
      "type": "official"
    }
  ], 
  "updated_at": "2013-02-02T20:40:58-05:00"
}