{
  "actions": [
    {
      "acted_at": "2005-07-19", 
      "committee": "House Committee on Energy and Commerce", 
      "references": [], 
      "status": "REFERRED", 
      "text": "Referred to the House Committee on Energy and Commerce.", 
      "type": "referral"
    }, 
    {
      "acted_at": "2006-04-26", 
      "references": [
        {
          "reference": "CR H1823-1824", 
          "type": null
        }
      ], 
      "text": "Sponsor introductory remarks on measure.", 
      "type": "action"
    }
  ], 
  "amendments": [], 
  "bill_id": "hr3345-109", 
  "bill_type": "hr", 
  "committees": [
    {
      "activity": [
        "referral", 
        "in committee"
      ], 
      "committee": "House Energy and Commerce", 
      "committee_id": "HSIF"
    }
  ], 
  "congress": "109", 
  "cosponsors": [], 
  "enacted_as": null, 
  "history": {
    "awaiting_signature": false, 
    "enacted": false, 
    "vetoed": false
  }, 
  "introduced_at": "2005-07-19", 
  "number": "3345", 
  "official_title": "To expand the Strategic Petroleum Reserve to include alternative fuels, and for other purposes.", 
  "popular_title": null, 
  "related_bills": [], 
  "short_title": null, 
  "sponsor": {
    "district": "9", 
    "name": "Kaptur, Marcy", 
    "state": "OH", 
    "thomas_id": "00616", 
    "title": "Rep", 
    "type": "person"
  }, 
  "status": "REFERRED", 
  "status_at": "2005-07-19", 
  "subjects": [
    "Alcohol as fuel", 
    "Alternative energy sources", 
    "Armed forces and national security", 
    "Diesel motor", 
    "Energy", 
    "Energy supplies", 
    "Petroleum reserves", 
    "Public lands and natural resources", 
    "Strategic materials"
  ], 
  "subjects_top_term": "Energy", 
  "summary": {
    "as": "Introduced", 
    "date": "2005-07-19", 
    "text": "Amends the Energy Policy and Conservation Act (EPCA) to: (1) define \"fuel products\" to mean petroleum products and alternative fuels, including ethanol and biodiesel; (2) redesignate the Strategic Petroleum Reserve as the Strategic Fuels Reserve; and (3) rename the SPR Petroleum Account as the SFR Fuel Account (thus bringing such alternative fuels within the purview of EPCA)."
  }, 
  "titles": [
    {
      "as": "introduced", 
      "title": "To expand the Strategic Petroleum Reserve to include alternative fuels, and for other purposes.", 
      "type": "official"
    }
  ], 
  "updated_at": "2013-02-02T20:40:39-05:00"
}