{
  "actions": [
    {
      "acted_at": "2005-06-30", 
      "committee": "House Committee on House Administration", 
      "references": [], 
      "status": "REFERRED", 
      "text": "Referred to the House Committee on House Administration.", 
      "type": "referral"
    }
  ], 
  "amendments": [], 
  "bill_id": "hr3163-109", 
  "bill_type": "hr", 
  "committees": [
    {
      "activity": [
        "referral", 
        "in committee"
      ], 
      "committee": "House Administration", 
      "committee_id": "HSHA"
    }
  ], 
  "congress": "109", 
  "cosponsors": [
    {
      "district": "8", 
      "name": "Fitzpatrick, Michael G.", 
      "sponsored_at": "2005-09-06", 
      "state": "PA", 
      "thomas_id": "01797", 
      "title": "Rep", 
      "withdrawn_at": null
    }, 
    {
      "district": "14", 
      "name": "Paul, Ron", 
      "sponsored_at": "2005-09-15", 
      "state": "TX", 
      "thomas_id": "00900", 
      "title": "Rep", 
      "withdrawn_at": null
    }, 
    {
      "district": "6", 
      "name": "Petri, Thomas E.", 
      "sponsored_at": "2005-09-29", 
      "state": "WI", 
      "thomas_id": "00912", 
      "title": "Rep", 
      "withdrawn_at": null
    }
  ], 
  "enacted_as": null, 
  "history": {
    "awaiting_signature": false, 
    "enacted": false, 
    "vetoed": false
  }, 
  "introduced_at": "2005-06-30", 
  "number": "3163", 
  "official_title": "To amend the Help America Vote Act of 2002 to delay for 48 months the deadlines by which States must comply with the election administration requirements of title III of such Act, and for other purposes.", 
  "popular_title": null, 
  "related_bills": [], 
  "short_title": null, 
  "sponsor": {
    "district": "5", 
    "name": "Goode, Virgil H., Jr.", 
    "state": "VA", 
    "thomas_id": "01486", 
    "title": "Rep", 
    "type": "person"
  }, 
  "status": "REFERRED", 
  "status_at": "2005-06-30", 
  "subjects": [
    "Ballots", 
    "Congress", 
    "Congressional elections", 
    "Data banks", 
    "Directories", 
    "Election administration", 
    "Electronic government information", 
    "Federal-state relations", 
    "Government operations and politics", 
    "Government paperwork", 
    "Government publicity", 
    "Identification devices", 
    "Postal service", 
    "Presidential elections", 
    "Science, technology, communications", 
    "Signs and signboards", 
    "Standards", 
    "Voter registration", 
    "Voting", 
    "Voting machines", 
    "Voting rights"
  ], 
  "subjects_top_term": "Government operations and politics", 
  "summary": {
    "as": "Introduced", 
    "date": "2005-06-30", 
    "text": "Amends the Help America Vote Act of 2002 to delay for 48 months the deadlines by which states must comply with election administration requirements, including those concerning provisional voting and voting information. Extends the availability and the period of waiver of deadline for replacement of punch card and lever voting machines."
  }, 
  "titles": [
    {
      "as": "introduced", 
      "title": "To amend the Help America Vote Act of 2002 to delay for 48 months the deadlines by which States must comply with the election administration requirements of title III of such Act, and for other purposes.", 
      "type": "official"
    }
  ], 
  "updated_at": "2013-02-02T20:40:34-05:00"
}