{
  "actions": [
    {
      "acted_at": "2005-06-30", 
      "committee": "House Committee on Education and the Workforce", 
      "references": [], 
      "status": "REFERRED", 
      "text": "Referred to the House Committee on Education and the Workforce.", 
      "type": "referral"
    }, 
    {
      "acted_at": "2005-07-25", 
      "in_committee": "House Committee on Education and the Workforce", 
      "references": [], 
      "subcommittee": "Select Education", 
      "text": "Referred to the Subcommittee on Select Education.", 
      "type": "referral"
    }
  ], 
  "amendments": [], 
  "bill_id": "hr3173-109", 
  "bill_type": "hr", 
  "committees": [
    {
      "activity": [
        "referral", 
        "in committee"
      ], 
      "committee": "House Education and the Workforce", 
      "committee_id": "HSED"
    }, 
    {
      "activity": [
        "referral"
      ], 
      "committee": "House Education and the Workforce", 
      "committee_id": "HSED", 
      "subcommittee": "Subcommittee on Select Education", 
      "subcommittee_id": "04"
    }
  ], 
  "congress": "109", 
  "cosponsors": [
    {
      "district": "1", 
      "name": "Allen, Thomas H.", 
      "sponsored_at": "2005-06-30", 
      "state": "ME", 
      "thomas_id": "01461", 
      "title": "Rep", 
      "withdrawn_at": null
    }, 
    {
      "district": "3", 
      "name": "Boswell, Leonard L.", 
      "sponsored_at": "2005-06-30", 
      "state": "IA", 
      "thomas_id": "01466", 
      "title": "Rep", 
      "withdrawn_at": null
    }, 
    {
      "district": "23", 
      "name": "Capps, Lois", 
      "sponsored_at": "2005-06-30", 
      "state": "CA", 
      "thomas_id": "01471", 
      "title": "Rep", 
      "withdrawn_at": null
    }, 
    {
      "district": "7", 
      "name": "Cummings, Elijah E.", 
      "sponsored_at": "2005-07-22", 
      "state": "MD", 
      "thomas_id": "00256", 
      "title": "Rep", 
      "withdrawn_at": null
    }, 
    {
      "district": "51", 
      "name": "Filner, Bob", 
      "sponsored_at": "2006-01-31", 
      "state": "CA", 
      "thomas_id": "00381", 
      "title": "Rep", 
      "withdrawn_at": null
    }, 
    {
      "district": "4", 
      "name": "Frank, Barney", 
      "sponsored_at": "2005-06-30", 
      "state": "MA", 
      "thomas_id": "00407", 
      "title": "Rep", 
      "withdrawn_at": null
    }, 
    {
      "district": "7", 
      "name": "Grijalva, Raul M.", 
      "sponsored_at": "2005-06-30", 
      "state": "AZ", 
      "thomas_id": "01708", 
      "title": "Rep", 
      "withdrawn_at": null
    }, 
    {
      "district": null, 
      "name": "Herseth, Stephanie", 
      "sponsored_at": "2005-06-30", 
      "state": "SD", 
      "thomas_id": "01760", 
      "title": "Rep", 
      "withdrawn_at": null
    }, 
    {
      "district": "22", 
      "name": "Hinchey, Maurice D.", 
      "sponsored_at": "2005-07-22", 
      "state": "NY", 
      "thomas_id": "00541", 
      "title": "Rep", 
      "withdrawn_at": null
    }, 
    {
      "district": "18", 
      "name": "Jackson-Lee, Sheila", 
      "sponsored_at": "2005-06-30", 
      "state": "TX", 
      "thomas_id": "00588", 
      "title": "Rep", 
      "withdrawn_at": null
    }, 
    {
      "district": "30", 
      "name": "Johnson, Eddie Bernice", 
      "sponsored_at": "2005-06-30", 
      "state": "TX", 
      "thomas_id": "00599", 
      "title": "Rep", 
      "withdrawn_at": null
    }, 
    {
      "district": "11", 
      "name": "Jones, Stephanie Tubbs", 
      "sponsored_at": "2005-06-30", 
      "state": "OH", 
      "thomas_id": "01581", 
      "title": "Rep", 
      "withdrawn_at": null
    }, 
    {
      "district": "2", 
      "name": "Leach, James A.", 
      "sponsored_at": "2005-06-30", 
      "state": "IA", 
      "thomas_id": "00672", 
      "title": "Rep", 
      "withdrawn_at": null
    }, 
    {
      "district": "14", 
      "name": "Maloney, Carolyn B.", 
      "sponsored_at": "2006-04-27", 
      "state": "NY", 
      "thomas_id": "00729", 
      "title": "Rep", 
      "withdrawn_at": null
    }, 
    {
      "district": "5", 
      "name": "Matsui, Doris O.", 
      "sponsored_at": "2005-06-30", 
      "state": "CA", 
      "thomas_id": "01814", 
      "title": "Rep", 
      "withdrawn_at": null
    }, 
    {
      "district": "3", 
      "name": "McGovern, James P.", 
      "sponsored_at": "2005-06-30", 
      "state": "MA", 
      "thomas_id": "01504", 
      "title": "Rep", 
      "withdrawn_at": null
    }, 
    {
      "district": "21", 
      "name": "McNulty, Michael R.", 
      "sponsored_at": "2005-06-30", 
      "state": "NY", 
      "thomas_id": "00785", 
      "title": "Rep", 
      "withdrawn_at": null
    }, 
    {
      "district": "3", 
      "name": "Moore, Dennis", 
      "sponsored_at": "2005-06-30", 
      "state": "KS", 
      "thomas_id": "01561", 
      "title": "Rep", 
      "withdrawn_at": null
    }, 
    {
      "district": "8", 
      "name": "Moran, James P.", 
      "sponsored_at": "2005-06-30", 
      "state": "VA", 
      "thomas_id": "00832", 
      "title": "Rep", 
      "withdrawn_at": null
    }, 
    {
      "district": "11", 
      "name": "Owens, Major R.", 
      "sponsored_at": "2005-06-30", 
      "state": "NY", 
      "thomas_id": "00883", 
      "title": "Rep", 
      "withdrawn_at": null
    }, 
    {
      "district": "8", 
      "name": "Pascrell, Bill, Jr.", 
      "sponsored_at": "2005-06-30", 
      "state": "NJ", 
      "thomas_id": "01510", 
      "title": "Rep", 
      "withdrawn_at": null
    }, 
    {
      "district": null, 
      "name": "Sanders, Bernard", 
      "sponsored_at": "2006-05-16", 
      "state": "VT", 
      "thomas_id": "01010", 
      "title": "Rep", 
      "withdrawn_at": null
    }, 
    {
      "district": "30", 
      "name": "Waxman, Henry A.", 
      "sponsored_at": "2005-07-22", 
      "state": "CA", 
      "thomas_id": "01209", 
      "title": "Rep", 
      "withdrawn_at": null
    }, 
    {
      "district": "19", 
      "name": "Wexler, Robert", 
      "sponsored_at": "2005-06-30", 
      "state": "FL", 
      "thomas_id": "01537", 
      "title": "Rep", 
      "withdrawn_at": null
    }
  ], 
  "enacted_as": null, 
  "history": {
    "awaiting_signature": false, 
    "enacted": false, 
    "vetoed": false
  }, 
  "introduced_at": "2005-06-30", 
  "number": "3173", 
  "official_title": "To create a pilot program to increase the number of graduate educated nurse faculty to meet the future need for qualified nurses, and for other purposes.", 
  "popular_title": null, 
  "related_bills": [], 
  "short_title": "Nurse Faculty Higher Education Act", 
  "sponsor": {
    "district": "4", 
    "name": "McCarthy, Carolyn", 
    "state": "NY", 
    "thomas_id": "01503", 
    "title": "Rep", 
    "type": "person"
  }, 
  "status": "REFERRED", 
  "status_at": "2005-06-30", 
  "subjects": [
    "Colleges", 
    "Distance education", 
    "Economics and public finance", 
    "Education", 
    "Federal aid to health facilities", 
    "Government operations and politics", 
    "Graduate education", 
    "Health", 
    "Higher education", 
    "Hospitals", 
    "Hours of labor", 
    "Labor and employment", 
    "Leave of absence", 
    "Nurses", 
    "Nursing", 
    "Nursing education", 
    "Salaries", 
    "Scholarships", 
    "Science, technology, communications", 
    "Teacher education", 
    "Teacher salaries", 
    "Teacher supply and demand", 
    "Teachers"
  ], 
  "subjects_top_term": "Higher education", 
  "summary": {
    "as": "Introduced", 
    "date": "2005-06-30", 
    "text": "Nurse Faculty Higher Education Act - Amends the Higher Education Act of 1965 to allow the Secretary of Education to award grants to, and enter into contracts and cooperative agreements with, partnerships composed of an accredited school of nursing at an institution of higher education and a hospital or other health facility to establish pilot projects to enable such a facility to retain its staff of experienced nurses while providing a mechanism to have these individuals become faculty members of such a school. Requires such individuals to teach for two years for each year of support received under the program."
  }, 
  "titles": [
    {
      "as": "introduced", 
      "title": "Nurse Faculty Higher Education Act", 
      "type": "short"
    }, 
    {
      "as": "introduced", 
      "title": "To create a pilot program to increase the number of graduate educated nurse faculty to meet the future need for qualified nurses, and for other purposes.", 
      "type": "official"
    }
  ], 
  "updated_at": "2013-02-02T20:40:35-05:00"
}