{
  "actions": [
    {
      "acted_at": "2006-09-27", 
      "committee": "House Committee on Small Business", 
      "references": [], 
      "status": "REFERRED", 
      "text": "Referred to the House Committee on Small Business.", 
      "type": "referral"
    }
  ], 
  "amendments": [], 
  "bill_id": "hr6204-109", 
  "bill_type": "hr", 
  "committees": [
    {
      "activity": [
        "referral", 
        "in committee"
      ], 
      "committee": "House Small Business", 
      "committee_id": "HSSM"
    }
  ], 
  "congress": "109", 
  "cosponsors": [], 
  "enacted_as": null, 
  "history": {
    "awaiting_signature": false, 
    "enacted": false, 
    "vetoed": false
  }, 
  "introduced_at": "2006-09-27", 
  "number": "6204", 
  "official_title": "To establish the Small Business Information Security Task Force.", 
  "popular_title": null, 
  "related_bills": [
    {
      "bill_id": "s3786-109", 
      "reason": "related"
    }
  ], 
  "short_title": "Small Business Information Security Act of 2006", 
  "sponsor": {
    "district": "2", 
    "name": "Akin, W. Todd", 
    "state": "MO", 
    "thomas_id": "01655", 
    "title": "Rep", 
    "type": "person"
  }, 
  "status": "REFERRED", 
  "status_at": "2006-09-27", 
  "subjects": [
    "Commerce", 
    "Computer security measures", 
    "Federal advisory bodies", 
    "Government operations and politics", 
    "Government paperwork", 
    "Government publicity", 
    "Information technology", 
    "Internet", 
    "Science, technology, communications", 
    "Small business"
  ], 
  "subjects_top_term": "Commerce", 
  "summary": {
    "as": "Introduced", 
    "date": "2006-09-27", 
    "text": "Small Business Information Security Act of 2006 - Directs the Administrator of the Small Business Administration (SBA) to establish the Small Business Information Security Task Force to address the information technology security needs of small businesses. Requires the Task Force, among other duties, to make recommendations to the Administrator on the establishment of an Internet portal to be used by the SBA to receive and dispense information and resources with respect to such needs."
  }, 
  "titles": [
    {
      "as": "introduced", 
      "title": "Small Business Information Security Act of 2006", 
      "type": "short"
    }, 
    {
      "as": "introduced", 
      "title": "To establish the Small Business Information Security Task Force.", 
      "type": "official"
    }
  ], 
  "updated_at": "2013-02-02T20:41:57-05:00"
}