{
  "actions": [
    {
      "acted_at": "2006-04-06", 
      "committee": "Committee on Science, and in addition to the Committee on Energy and Commerce, for a period to be subsequently determined by the Speaker, in each case for consideration of such provisions as fall within the jurisdiction of the committee concerned", 
      "references": [], 
      "status": "REFERRED", 
      "text": "Referred to the Committee on Science, and in addition to the Committee on Energy and Commerce, for a period to be subsequently determined by the Speaker, in each case for consideration of such provisions as fall within the jurisdiction of the committee concerned.", 
      "type": "referral"
    }, 
    {
      "acted_at": "2006-04-06", 
      "committee": "House Science", 
      "references": [], 
      "text": "Referred to House Science", 
      "type": "referral"
    }, 
    {
      "acted_at": "2006-04-06", 
      "committee": "House Energy and Commerce", 
      "references": [], 
      "text": "Referred to House Energy and Commerce", 
      "type": "referral"
    }, 
    {
      "acted_at": "2006-04-19", 
      "in_committee": "House Science", 
      "references": [], 
      "subcommittee": "Energy", 
      "text": "Referred to the Subcommittee on Energy.", 
      "type": "referral"
    }, 
    {
      "acted_at": "2006-04-19", 
      "in_committee": "House Energy and Commerce", 
      "references": [], 
      "subcommittee": "Energy and Air Quality, for a period to be subsequently determined by the Chairman ", 
      "text": "Referred to the Subcommittee on Energy and Air Quality, for a period to be subsequently determined by the Chairman .", 
      "type": "referral"
    }
  ], 
  "amendments": [], 
  "bill_id": "hr5127-109", 
  "bill_type": "hr", 
  "committees": [
    {
      "activity": [
        "referral", 
        "in committee"
      ], 
      "committee": "House Science", 
      "committee_id": "HSSY"
    }, 
    {
      "activity": [
        "referral"
      ], 
      "committee": "House Science", 
      "committee_id": "HSSY", 
      "subcommittee": "Subcommittee on Energy", 
      "subcommittee_id": "20"
    }, 
    {
      "activity": [
        "referral", 
        "in committee"
      ], 
      "committee": "House Energy and Commerce", 
      "committee_id": "HSIF"
    }, 
    {
      "activity": [
        "referral"
      ], 
      "committee": "House Energy and Commerce", 
      "committee_id": "HSIF", 
      "subcommittee": "Subcommittee on Energy and Air Quality", 
      "subcommittee_id": "03"
    }
  ], 
  "congress": "109", 
  "cosponsors": [], 
  "enacted_as": null, 
  "history": {
    "awaiting_signature": false, 
    "enacted": false, 
    "vetoed": false
  }, 
  "introduced_at": "2006-04-06", 
  "number": "5127", 
  "official_title": "To prohibit the Department of Energy from obligating funds for appropriation earmarks in the Energy Efficiency and Renewable Energy program.", 
  "popular_title": null, 
  "related_bills": [], 
  "short_title": null, 
  "sponsor": {
    "district": "7", 
    "name": "Beauprez, Bob", 
    "state": "CO", 
    "thomas_id": "01712", 
    "title": "Rep", 
    "type": "person"
  }, 
  "status": "REFERRED", 
  "status_at": "2006-04-06", 
  "subjects": [
    "Alternative energy sources", 
    "Appropriations", 
    "Department of Energy", 
    "Economics and public finance", 
    "Energy", 
    "Energy efficiency", 
    "Energy research", 
    "Federal aid to research", 
    "Government operations and politics", 
    "Laboratories", 
    "Research and development", 
    "Research grants", 
    "Science, technology, communications"
  ], 
  "subjects_top_term": "Energy", 
  "summary": {
    "as": "Introduced", 
    "date": "2006-04-06", 
    "text": "Prohibits the Department of Energy (DOE) from obligating any funds made available in an appropriation Act to implement an earmark for any entity other than a DOE laboratory with respect to the Energy Efficiency and Renewable Energy program."
  }, 
  "titles": [
    {
      "as": "introduced", 
      "title": "To prohibit the Department of Energy from obligating funds for appropriation earmarks in the Energy Efficiency and Renewable Energy program.", 
      "type": "official"
    }
  ], 
  "updated_at": "2013-02-02T20:41:28-05:00"
}