{
  "actions": [
    {
      "acted_at": "2005-06-17", 
      "committee": "House Committee on Ways and Means", 
      "references": [], 
      "status": "REFERRED", 
      "text": "Referred to the House Committee on Ways and Means.", 
      "type": "referral"
    }
  ], 
  "amendments": [], 
  "bill_id": "hr2968-109", 
  "bill_type": "hr", 
  "committees": [
    {
      "activity": [
        "referral", 
        "in committee"
      ], 
      "committee": "House Ways and Means", 
      "committee_id": "HSWM"
    }
  ], 
  "congress": "109", 
  "cosponsors": [
    {
      "district": "24", 
      "name": "Boehlert, Sherwood", 
      "sponsored_at": "2005-09-22", 
      "state": "NY", 
      "thomas_id": "00101", 
      "title": "Rep", 
      "withdrawn_at": null
    }, 
    {
      "district": "5", 
      "name": "Burton, Dan", 
      "sponsored_at": "2005-06-17", 
      "state": "IN", 
      "thomas_id": "00154", 
      "title": "Rep", 
      "withdrawn_at": null
    }, 
    {
      "district": "10", 
      "name": "Delahunt, William D.", 
      "sponsored_at": "2005-06-20", 
      "state": "MA", 
      "thomas_id": "01480", 
      "title": "Rep", 
      "withdrawn_at": null
    }, 
    {
      "district": "8", 
      "name": "Fitzpatrick, Michael G.", 
      "sponsored_at": "2005-06-20", 
      "state": "PA", 
      "thomas_id": "01797", 
      "title": "Rep", 
      "withdrawn_at": null
    }, 
    {
      "district": "29", 
      "name": "Green, Gene", 
      "sponsored_at": "2005-06-28", 
      "state": "TX", 
      "thomas_id": "00462", 
      "title": "Rep", 
      "withdrawn_at": null
    }, 
    {
      "district": "7", 
      "name": "Grijalva, Raul M.", 
      "sponsored_at": "2005-06-17", 
      "state": "AZ", 
      "thomas_id": "01708", 
      "title": "Rep", 
      "withdrawn_at": null
    }, 
    {
      "district": "18", 
      "name": "LaHood, Ray", 
      "sponsored_at": "2005-06-17", 
      "state": "IL", 
      "thomas_id": "00659", 
      "title": "Rep", 
      "withdrawn_at": null
    }, 
    {
      "district": "19", 
      "name": "Shimkus, John", 
      "sponsored_at": "2005-06-17", 
      "state": "IL", 
      "thomas_id": "01527", 
      "title": "Rep", 
      "withdrawn_at": null
    }, 
    {
      "district": "2", 
      "name": "Snyder, Vic", 
      "sponsored_at": "2005-06-28", 
      "state": "AR", 
      "thomas_id": "01530", 
      "title": "Rep", 
      "withdrawn_at": null
    }
  ], 
  "enacted_as": null, 
  "history": {
    "awaiting_signature": false, 
    "enacted": false, 
    "vetoed": false
  }, 
  "introduced_at": "2005-06-17", 
  "number": "2968", 
  "official_title": "To amend the Internal Revenue Code of 1986 to allow penalty-free withdrawals from individual retirement plans for adoption expenses.", 
  "popular_title": null, 
  "related_bills": [], 
  "short_title": "Dave Thomas Adoption Act of 2005", 
  "sponsor": {
    "district": "3", 
    "name": "King, Peter T.", 
    "state": "NY", 
    "thomas_id": "00635", 
    "title": "Rep", 
    "type": "person"
  }, 
  "status": "REFERRED", 
  "status_at": "2005-06-17", 
  "subjects": [
    "Adoption", 
    "Annuities", 
    "Costs", 
    "Families", 
    "Income tax", 
    "Individual retirement accounts", 
    "Labor and employment", 
    "Pension funds", 
    "Tax exclusion", 
    "Tax penalties", 
    "Tax-deferred compensation plans", 
    "Taxation"
  ], 
  "subjects_top_term": "Taxation", 
  "summary": {
    "as": "Introduced", 
    "date": "2005-06-17", 
    "text": "Dave Thomas Adoption Act of 2005 - Amends the Internal Revenue Code to allow for penalty-free withdrawals from individual retirement plans if used to pay adoption expenses."
  }, 
  "titles": [
    {
      "as": "introduced", 
      "title": "Dave Thomas Adoption Act of 2005", 
      "type": "short"
    }, 
    {
      "as": "introduced", 
      "title": "To amend the Internal Revenue Code of 1986 to allow penalty-free withdrawals from individual retirement plans for adoption expenses.", 
      "type": "official"
    }
  ], 
  "updated_at": "2013-02-02T20:40:28-05:00"
}