{
  "actions": [
    {
      "acted_at": "2006-03-14", 
      "committee": "Committee on Ways and Means, and in addition to the Committee on International Relations, for a period to be subsequently determined by the Speaker, in each case for consideration of such provisions as fall within the jurisdiction of the committee concerned", 
      "references": [], 
      "status": "REFERRED", 
      "text": "Referred to the Committee on Ways and Means, and in addition to the Committee on International Relations, for a period to be subsequently determined by the Speaker, in each case for consideration of such provisions as fall within the jurisdiction of the committee concerned.", 
      "type": "referral"
    }, 
    {
      "acted_at": "2006-03-14", 
      "committee": "House Ways and Means", 
      "references": [], 
      "text": "Referred to House Ways and Means", 
      "type": "referral"
    }, 
    {
      "acted_at": "2006-03-14", 
      "committee": "House International Relations", 
      "references": [], 
      "text": "Referred to House International Relations", 
      "type": "referral"
    }
  ], 
  "amendments": [], 
  "bill_id": "hr4956-109", 
  "bill_type": "hr", 
  "committees": [
    {
      "activity": [
        "referral", 
        "in committee"
      ], 
      "committee": "House Ways and Means", 
      "committee_id": "HSWM"
    }, 
    {
      "activity": [
        "referral", 
        "in committee"
      ], 
      "committee": "House International Relations", 
      "committee_id": "HSFA"
    }
  ], 
  "congress": "109", 
  "cosponsors": [
    {
      "district": "6", 
      "name": "Bachus, Spencer", 
      "sponsored_at": "2006-03-14", 
      "state": "AL", 
      "thomas_id": "00038", 
      "title": "Rep", 
      "withdrawn_at": null
    }, 
    {
      "district": "8", 
      "name": "Bean, Melissa L.", 
      "sponsored_at": "2006-03-14", 
      "state": "IL", 
      "thomas_id": "01782", 
      "title": "Rep", 
      "withdrawn_at": null
    }, 
    {
      "district": "3", 
      "name": "Boozman, John", 
      "sponsored_at": "2006-06-14", 
      "state": "AR", 
      "thomas_id": "01687", 
      "title": "Rep", 
      "withdrawn_at": null
    }, 
    {
      "district": null, 
      "name": "Bordallo, Madeleine Z.", 
      "sponsored_at": "2006-07-27", 
      "state": "GU", 
      "thomas_id": "01723", 
      "title": "Rep", 
      "withdrawn_at": null
    }, 
    {
      "district": "3", 
      "name": "Brown, Corrine", 
      "sponsored_at": "2006-06-14", 
      "state": "FL", 
      "thomas_id": "00132", 
      "title": "Rep", 
      "withdrawn_at": null
    }, 
    {
      "district": "5", 
      "name": "Brown-Waite, Ginny", 
      "sponsored_at": "2006-07-28", 
      "state": "FL", 
      "thomas_id": "01713", 
      "title": "Rep", 
      "withdrawn_at": null
    }, 
    {
      "district": "1", 
      "name": "Butterfield, G. K.", 
      "sponsored_at": "2006-07-27", 
      "state": "NC", 
      "thomas_id": "01761", 
      "title": "Rep", 
      "withdrawn_at": null
    }, 
    {
      "district": "3", 
      "name": "Carnahan, Russ", 
      "sponsored_at": "2006-09-20", 
      "state": "MO", 
      "thomas_id": "01789", 
      "title": "Rep", 
      "withdrawn_at": null
    }, 
    {
      "district": "5", 
      "name": "Cleaver, Emanuel", 
      "sponsored_at": "2006-03-16", 
      "state": "MO", 
      "thomas_id": "01790", 
      "title": "Rep", 
      "withdrawn_at": null
    }, 
    {
      "district": "5", 
      "name": "Cooper, Jim", 
      "sponsored_at": "2006-07-26", 
      "state": "TN", 
      "thomas_id": "00231", 
      "title": "Rep", 
      "withdrawn_at": null
    }, 
    {
      "district": "7", 
      "name": "Davis, Artur", 
      "sponsored_at": "2006-03-16", 
      "state": "AL", 
      "thomas_id": "01705", 
      "title": "Rep", 
      "withdrawn_at": null
    }, 
    {
      "district": "7", 
      "name": "Davis, Danny K.", 
      "sponsored_at": "2006-04-27", 
      "state": "IL", 
      "thomas_id": "01477", 
      "title": "Rep", 
      "withdrawn_at": null
    }, 
    {
      "district": "1", 
      "name": "Davis, Jo Ann", 
      "sponsored_at": "2006-03-16", 
      "state": "VA", 
      "thomas_id": "01672", 
      "title": "Rep", 
      "withdrawn_at": null
    }, 
    {
      "district": "8", 
      "name": "Emerson, Jo Ann", 
      "sponsored_at": "2006-03-14", 
      "state": "MO", 
      "thomas_id": "01481", 
      "title": "Rep", 
      "withdrawn_at": null
    }, 
    {
      "district": "3", 
      "name": "English, Phil", 
      "sponsored_at": "2006-04-25", 
      "state": "PA", 
      "thomas_id": "00347", 
      "title": "Rep", 
      "withdrawn_at": null
    }, 
    {
      "district": "2", 
      "name": "Fattah, Chaka", 
      "sponsored_at": "2006-04-27", 
      "state": "PA", 
      "thomas_id": "00371", 
      "title": "Rep", 
      "withdrawn_at": null
    }, 
    {
      "district": "4", 
      "name": "Frank, Barney", 
      "sponsored_at": "2006-03-16", 
      "state": "MA", 
      "thomas_id": "00407", 
      "title": "Rep", 
      "withdrawn_at": null
    }, 
    {
      "district": "13", 
      "name": "Harris, Katherine", 
      "sponsored_at": "2006-03-30", 
      "state": "FL", 
      "thomas_id": "01714", 
      "title": "Rep", 
      "withdrawn_at": null
    }, 
    {
      "district": "2", 
      "name": "Israel, Steve", 
      "sponsored_at": "2006-03-14", 
      "state": "NY", 
      "thomas_id": "01663", 
      "title": "Rep", 
      "withdrawn_at": null
    }, 
    {
      "district": "18", 
      "name": "Jackson-Lee, Sheila", 
      "sponsored_at": "2006-03-29", 
      "state": "TX", 
      "thomas_id": "00588", 
      "title": "Rep", 
      "withdrawn_at": null
    }, 
    {
      "district": "30", 
      "name": "Johnson, Eddie Bernice", 
      "sponsored_at": "2006-03-16", 
      "state": "TX", 
      "thomas_id": "00599", 
      "title": "Rep", 
      "withdrawn_at": null
    }, 
    {
      "district": "3", 
      "name": "Jones, Walter B., Jr.", 
      "sponsored_at": "2006-03-16", 
      "state": "NC", 
      "thomas_id": "00612", 
      "title": "Rep", 
      "withdrawn_at": null
    }, 
    {
      "district": "3", 
      "name": "Kind, Ron", 
      "sponsored_at": "2006-07-26", 
      "state": "WI", 
      "thomas_id": "01498", 
      "title": "Rep", 
      "withdrawn_at": null
    }, 
    {
      "district": "1", 
      "name": "Larson, John B.", 
      "sponsored_at": "2006-07-27", 
      "state": "CT", 
      "thomas_id": "01583", 
      "title": "Rep", 
      "withdrawn_at": null
    }, 
    {
      "district": "5", 
      "name": "Lewis, John", 
      "sponsored_at": "2006-07-26", 
      "state": "GA", 
      "thomas_id": "00688", 
      "title": "Rep", 
      "withdrawn_at": null
    }, 
    {
      "district": "14", 
      "name": "Maloney, Carolyn B.", 
      "sponsored_at": "2006-03-16", 
      "state": "NY", 
      "thomas_id": "00729", 
      "title": "Rep", 
      "withdrawn_at": null
    }, 
    {
      "district": "3", 
      "name": "Marshall, Jim", 
      "sponsored_at": "2006-03-16", 
      "state": "GA", 
      "thomas_id": "01718", 
      "title": "Rep", 
      "withdrawn_at": null
    }, 
    {
      "district": "4", 
      "name": "McCarthy, Carolyn", 
      "sponsored_at": "2006-03-16", 
      "state": "NY", 
      "thomas_id": "01503", 
      "title": "Rep", 
      "withdrawn_at": null
    }, 
    {
      "district": "10", 
      "name": "McCaul, Michael T.", 
      "sponsored_at": "2006-04-06", 
      "state": "TX", 
      "thomas_id": "01804", 
      "title": "Rep", 
      "withdrawn_at": null
    }, 
    {
      "district": "3", 
      "name": "Moore, Dennis", 
      "sponsored_at": "2006-03-14", 
      "state": "KS", 
      "thomas_id": "01561", 
      "title": "Rep", 
      "withdrawn_at": null
    }, 
    {
      "district": "8", 
      "name": "Nadler, Jerrold", 
      "sponsored_at": "2006-03-16", 
      "state": "NY", 
      "thomas_id": "00850", 
      "title": "Rep", 
      "withdrawn_at": null
    }, 
    {
      "district": "3", 
      "name": "Ramstad, Jim", 
      "sponsored_at": "2006-03-14", 
      "state": "MN", 
      "thomas_id": "00942", 
      "title": "Rep", 
      "withdrawn_at": null
    }, 
    {
      "district": "29", 
      "name": "Schiff, Adam B.", 
      "sponsored_at": "2006-03-14", 
      "state": "CA", 
      "thomas_id": "01635", 
      "title": "Rep", 
      "withdrawn_at": null
    }, 
    {
      "district": "27", 
      "name": "Sherman, Brad", 
      "sponsored_at": "2006-07-26", 
      "state": "CA", 
      "thomas_id": "01526", 
      "title": "Rep", 
      "withdrawn_at": null
    }, 
    {
      "district": "2", 
      "name": "Simmons, Rob", 
      "sponsored_at": "2006-09-25", 
      "state": "CT", 
      "thomas_id": "01642", 
      "title": "Rep", 
      "withdrawn_at": null
    }, 
    {
      "district": "8", 
      "name": "Tanner, John S.", 
      "sponsored_at": "2006-07-27", 
      "state": "TN", 
      "thomas_id": "01137", 
      "title": "Rep", 
      "withdrawn_at": null
    }, 
    {
      "district": "10", 
      "name": "Tauscher, Ellen O.", 
      "sponsored_at": "2006-07-27", 
      "state": "CA", 
      "thomas_id": "01533", 
      "title": "Rep", 
      "withdrawn_at": null
    }, 
    {
      "district": "2", 
      "name": "Udall, Mark", 
      "sponsored_at": "2006-07-27", 
      "state": "CO", 
      "thomas_id": "01595", 
      "title": "Rep", 
      "withdrawn_at": null
    }, 
    {
      "district": "3", 
      "name": "Udall, Tom", 
      "sponsored_at": "2006-07-27", 
      "state": "NM", 
      "thomas_id": "01567", 
      "title": "Rep", 
      "withdrawn_at": null
    }, 
    {
      "district": "6", 
      "name": "Woolsey, Lynn C.", 
      "sponsored_at": "2006-03-29", 
      "state": "CA", 
      "thomas_id": "01242", 
      "title": "Rep", 
      "withdrawn_at": null
    }
  ], 
  "enacted_as": null, 
  "history": {
    "awaiting_signature": false, 
    "enacted": false, 
    "vetoed": false
  }, 
  "introduced_at": "2006-03-14", 
  "number": "4956", 
  "official_title": "To provide for the mandatory revocation of passports of individuals who are more than $5,000 in arrears in child support payments.", 
  "popular_title": null, 
  "related_bills": [
    {
      "bill_id": "s2994-109", 
      "reason": "related"
    }
  ], 
  "short_title": null, 
  "sponsor": {
    "district": "1", 
    "name": "Moran, Jerry", 
    "state": "KS", 
    "thomas_id": "01507", 
    "title": "Rep", 
    "type": "person"
  }, 
  "status": "REFERRED", 
  "status_at": "2006-03-14", 
  "subjects": [
    "Child support", 
    "Collection of accounts", 
    "Families", 
    "Fines (Penalties)", 
    "Immigration", 
    "Law", 
    "Passports", 
    "Social welfare"
  ], 
  "subjects_top_term": "Social welfare", 
  "summary": {
    "as": "Introduced", 
    "date": "2006-03-14", 
    "text": "Amends title IV part D (Child Support and Establishment of Paternity) of the Social Security Act to provide for the mandatory revocation of passports of individuals who are more than $5,000 in arrears in child support payments."
  }, 
  "titles": [
    {
      "as": "introduced", 
      "title": "To provide for the mandatory revocation of passports of individuals who are more than $5,000 in arrears in child support payments.", 
      "type": "official"
    }
  ], 
  "updated_at": "2013-02-02T20:41:22-05:00"
}