{
  "actions": [
    {
      "acted_at": "2006-07-28", 
      "committee": "House Committee on International Relations", 
      "references": [], 
      "status": "REFERRED", 
      "text": "Referred to the House Committee on International Relations.", 
      "type": "referral"
    }
  ], 
  "amendments": [], 
  "bill_id": "hr6016-109", 
  "bill_type": "hr", 
  "committees": [
    {
      "activity": [
        "referral", 
        "in committee"
      ], 
      "committee": "House International Relations", 
      "committee_id": "HSFA"
    }
  ], 
  "congress": "109", 
  "cosponsors": [], 
  "enacted_as": null, 
  "history": {
    "awaiting_signature": false, 
    "enacted": false, 
    "vetoed": false
  }, 
  "introduced_at": "2006-07-28", 
  "number": "6016", 
  "official_title": "To prohibit the sales of certain defense articles and defense services to Pakistan unless the President adheres to long-standing practice and procedures relating to congressional review of proposed sales of defense articles and defense services.", 
  "popular_title": null, 
  "related_bills": [
    {
      "bill_id": "hjres93-109", 
      "reason": "related"
    }
  ], 
  "short_title": null, 
  "sponsor": {
    "district": "27", 
    "name": "Sherman, Brad", 
    "state": "CA", 
    "thomas_id": "01526", 
    "title": "Rep", 
    "type": "person"
  }, 
  "status": "REFERRED", 
  "status_at": "2006-07-28", 
  "subjects": [
    "Armed forces and national security", 
    "Arms control", 
    "Arms sales", 
    "Congress", 
    "Congress and foreign policy", 
    "Congressional oversight", 
    "Congressional reporting requirements", 
    "Congressional veto", 
    "Congressional-executive relations", 
    "Export controls", 
    "Foreign trade and international finance", 
    "Government operations and politics", 
    "International affairs", 
    "Pakistan", 
    "President and foreign policy", 
    "South Asia"
  ], 
  "subjects_top_term": "International affairs", 
  "summary": {
    "as": "Introduced", 
    "date": "2006-07-28", 
    "text": "Prohibits specified certifications transmitted by the President to the Speaker of the House of Representatives and the Chairman of the Committee on Foreign Relations of the Senate on June 28, 2006, relating to the proposed sales of defense articles and defense services to Pakistan from being effective for purposes of complying with the congressional notification requirements of the Arms Export Control Act. Declares that: (1) any letter of offer with respect to such proposed sales of defense articles and defense services to Pakistan issued before the date of the enactment of this Act null and void; and (2) any subsequent letter of offer with respect to such proposed sales of defense articles and defense services to Pakistan issued on or after the date of the enactment of this Act shall be issued only in accordance with the congressional notification requirements of the Arms Export Control Act. Expresses the sense of Congress that, if the President desires to proceed with such proposed sales of defense articles and defense services to Pakistan, the President should only proceed with such sales in accordance with long-standing practice and procedures relating to congressional review of proposed sales of defense articles and defense services, including by providing specified advance notification to and consultation with Congress."
  }, 
  "titles": [
    {
      "as": "introduced", 
      "title": "To prohibit the sales of certain defense articles and defense services to Pakistan unless the President adheres to long-standing practice and procedures relating to congressional review of proposed sales of defense articles and defense services.", 
      "type": "official"
    }
  ], 
  "updated_at": "2013-02-02T20:41:52-05:00"
}