{
  "actions": [
    {
      "acted_at": "2005-01-04", 
      "references": [
        {
          "reference": "CR E18", 
          "type": null
        }
      ], 
      "text": "Sponsor introductory remarks on measure.", 
      "type": "action"
    }, 
    {
      "acted_at": "2005-01-04", 
      "committee": "House Committee on Ways and Means", 
      "references": [], 
      "status": "REFERRED", 
      "text": "Referred to the House Committee on Ways and Means.", 
      "type": "referral"
    }
  ], 
  "amendments": [], 
  "bill_id": "hr217-109", 
  "bill_type": "hr", 
  "committees": [
    {
      "activity": [
        "referral", 
        "in committee"
      ], 
      "committee": "House Ways and Means", 
      "committee_id": "HSWM"
    }
  ], 
  "congress": "109", 
  "cosponsors": [], 
  "enacted_as": null, 
  "history": {
    "awaiting_signature": false, 
    "enacted": false, 
    "vetoed": false
  }, 
  "introduced_at": "2005-01-04", 
  "number": "217", 
  "official_title": "To amend the Internal Revenue Code of 1986 to repeal the 2 percent excise tax on the net investment income of tax-exempt foundations.", 
  "popular_title": null, 
  "related_bills": [], 
  "short_title": null, 
  "sponsor": {
    "district": "6", 
    "name": "Stearns, Cliff", 
    "state": "FL", 
    "thomas_id": "01103", 
    "title": "Rep", 
    "type": "person"
  }, 
  "status": "REFERRED", 
  "status_at": "2005-01-04", 
  "subjects": [
    "Excise tax", 
    "Finance and financial sector", 
    "Foundations", 
    "Investments", 
    "Social welfare", 
    "Taxation"
  ], 
  "subjects_top_term": "Taxation", 
  "summary": {
    "as": "Introduced", 
    "date": "2005-01-04", 
    "text": "Amends the Internal Revenue Code to repeal the two percent excise tax on the net investment income of tax-exempt foundations."
  }, 
  "titles": [
    {
      "as": "introduced", 
      "title": "To amend the Internal Revenue Code of 1986 to repeal the 2 percent excise tax on the net investment income of tax-exempt foundations.", 
      "type": "official"
    }
  ], 
  "updated_at": "2013-02-02T20:39:11-05:00"
}