{
  "actions": [
    {
      "acted_at": "2005-06-23", 
      "committee": "House Committee on Energy and Commerce", 
      "references": [], 
      "status": "REFERRED", 
      "text": "Referred to the House Committee on Energy and Commerce.", 
      "type": "referral"
    }, 
    {
      "acted_at": "2005-07-01", 
      "in_committee": "House Committee on Energy and Commerce", 
      "references": [], 
      "subcommittee": "Health", 
      "text": "Referred to the Subcommittee on Health.", 
      "type": "referral"
    }
  ], 
  "amendments": [], 
  "bill_id": "hr3050-109", 
  "bill_type": "hr", 
  "committees": [
    {
      "activity": [
        "referral", 
        "in committee"
      ], 
      "committee": "House Energy and Commerce", 
      "committee_id": "HSIF"
    }, 
    {
      "activity": [
        "referral"
      ], 
      "committee": "House Energy and Commerce", 
      "committee_id": "HSIF", 
      "subcommittee": "Subcommittee on Health", 
      "subcommittee_id": "14"
    }
  ], 
  "congress": "109", 
  "cosponsors": [
    {
      "district": "28", 
      "name": "Berman, Howard L.", 
      "sponsored_at": "2005-06-30", 
      "state": "CA", 
      "thomas_id": "00082", 
      "title": "Rep", 
      "withdrawn_at": null
    }, 
    {
      "district": "45", 
      "name": "Bono Mack, Mary", 
      "sponsored_at": "2005-06-23", 
      "state": "CA", 
      "thomas_id": "01465", 
      "title": "Rep", 
      "withdrawn_at": null
    }, 
    {
      "district": "2", 
      "name": "Boren, Dan", 
      "sponsored_at": "2005-09-27", 
      "state": "OK", 
      "thomas_id": "01796", 
      "title": "Rep", 
      "withdrawn_at": null
    }, 
    {
      "district": "44", 
      "name": "Calvert, Ken", 
      "sponsored_at": "2005-07-20", 
      "state": "CA", 
      "thomas_id": "00165", 
      "title": "Rep", 
      "withdrawn_at": null
    }, 
    {
      "district": "5", 
      "name": "Cramer, Robert E. (Bud), Jr.", 
      "sponsored_at": "2005-09-27", 
      "state": "AL", 
      "thomas_id": "00247", 
      "title": "Rep", 
      "withdrawn_at": null
    }, 
    {
      "district": "2", 
      "name": "Jefferson, William J.", 
      "sponsored_at": "2005-06-30", 
      "state": "LA", 
      "thomas_id": "00592", 
      "title": "Rep", 
      "withdrawn_at": null
    }, 
    {
      "district": "8", 
      "name": "Kolbe, Jim", 
      "sponsored_at": "2005-06-23", 
      "state": "AZ", 
      "thomas_id": "00645", 
      "title": "Rep", 
      "withdrawn_at": null
    }, 
    {
      "district": "3", 
      "name": "Marshall, Jim", 
      "sponsored_at": "2005-07-12", 
      "state": "GA", 
      "thomas_id": "01718", 
      "title": "Rep", 
      "withdrawn_at": null
    }, 
    {
      "district": "21", 
      "name": "McNulty, Michael R.", 
      "sponsored_at": "2005-06-30", 
      "state": "NY", 
      "thomas_id": "00785", 
      "title": "Rep", 
      "withdrawn_at": null
    }, 
    {
      "district": "11", 
      "name": "Owens, Major R.", 
      "sponsored_at": "2005-06-30", 
      "state": "NY", 
      "thomas_id": "00883", 
      "title": "Rep", 
      "withdrawn_at": null
    }, 
    {
      "district": "47", 
      "name": "Sanchez, Loretta", 
      "sponsored_at": "2005-10-26", 
      "state": "CA", 
      "thomas_id": "01522", 
      "title": "Rep", 
      "withdrawn_at": null
    }, 
    {
      "district": "4", 
      "name": "Shays, Christopher", 
      "sponsored_at": "2005-06-23", 
      "state": "CT", 
      "thomas_id": "01048", 
      "title": "Rep", 
      "withdrawn_at": null
    }, 
    {
      "district": "27", 
      "name": "Sherman, Brad", 
      "sponsored_at": "2005-09-14", 
      "state": "CA", 
      "thomas_id": "01526", 
      "title": "Rep", 
      "withdrawn_at": null
    }, 
    {
      "district": "2", 
      "name": "Simmons, Rob", 
      "sponsored_at": "2005-06-23", 
      "state": "CT", 
      "thomas_id": "01642", 
      "title": "Rep", 
      "withdrawn_at": null
    }, 
    {
      "district": "10", 
      "name": "Towns, Edolphus", 
      "sponsored_at": "2005-06-23", 
      "state": "NY", 
      "thomas_id": "01165", 
      "title": "Rep", 
      "withdrawn_at": null
    }
  ], 
  "enacted_as": null, 
  "history": {
    "awaiting_signature": false, 
    "enacted": false, 
    "vetoed": false
  }, 
  "introduced_at": "2005-06-23", 
  "number": "3050", 
  "official_title": "To amend title XXI of the Social Security Act to provide grants to promote innovative outreach and enrollment under the Medicaid and State children's health insurance programs, and for other purposes.", 
  "popular_title": null, 
  "related_bills": [
    {
      "bill_id": "s1049-109", 
      "reason": "identical"
    }
  ], 
  "short_title": "Covering Kids Act of 2005", 
  "sponsor": {
    "district": "5", 
    "name": "Johnson, Nancy L.", 
    "state": "CT", 
    "thomas_id": "00602", 
    "title": "Rep", 
    "type": "person"
  }, 
  "status": "REFERRED", 
  "status_at": "2005-06-23", 
  "subjects": [
    "Church and social problems", 
    "Congress", 
    "Congressional reporting requirements", 
    "Economics and public finance", 
    "Education", 
    "Elementary and secondary education", 
    "Families", 
    "Federal aid to Indians", 
    "Federal aid to child health services", 
    "Federal aid to health facilities", 
    "Government operations and politics", 
    "Government publicity", 
    "Health", 
    "Health insurance", 
    "Housing and community development", 
    "Indian children", 
    "Indian medical care", 
    "Language and languages", 
    "Maternal health services", 
    "Medicaid", 
    "Medically uninsured", 
    "Minorities", 
    "Minority health", 
    "Performance measurement", 
    "Poor children", 
    "Religion", 
    "Rural health", 
    "School health programs", 
    "Social welfare", 
    "Welfare eligibility", 
    "Women"
  ], 
  "subjects_top_term": "Health", 
  "summary": {
    "as": "Introduced", 
    "date": "2005-06-23", 
    "text": "Covering Kids Act of 2005 - Amends title XXI (State Children's Health Insurance) (SCHIP) of the Social Security Act (SSA) to direct the Secretary of Health and Human Services to award grants to eligible entities to: (1) conduct innovative outreach and enrollment efforts that are designed to increase the enrollment and participation of eligible children under SCHIP; and (2) promote understanding of the importance of health insurance coverage for prenatal care and children. Amends SSA title XIX (Medicaid) to grant a state the option to provide for simplified determinations of a child's financial eligibility for medical assistance under Medicaid or child health assistance under SCHIP."
  }, 
  "titles": [
    {
      "as": "introduced", 
      "title": "Covering Kids Act of 2005", 
      "type": "short"
    }, 
    {
      "as": "introduced", 
      "title": "To amend title XXI of the Social Security Act to provide grants to promote innovative outreach and enrollment under the Medicaid and State children's health insurance programs, and for other purposes.", 
      "type": "official"
    }
  ], 
  "updated_at": "2013-02-02T20:40:31-05:00"
}