{
  "actions": [
    {
      "acted_at": "2006-07-12", 
      "committee": "House Committee on Resources", 
      "references": [], 
      "status": "REFERRED", 
      "text": "Referred to the House Committee on Resources.", 
      "type": "referral"
    }, 
    {
      "acted_at": "2006-07-18", 
      "in_committee": "House Committee on Resources", 
      "references": [], 
      "text": "Executive Comment Requested from Interior.", 
      "type": "action"
    }, 
    {
      "acted_at": "2006-09-13", 
      "in_committee": "House Committee on Resources", 
      "references": [], 
      "text": "Committee Hearings Held.", 
      "type": "action"
    }
  ], 
  "amendments": [], 
  "bill_id": "hr5781-109", 
  "bill_type": "hr", 
  "committees": [
    {
      "activity": [
        "referral", 
        "hearings", 
        "in committee"
      ], 
      "committee": "House Resources", 
      "committee_id": "HSII"
    }
  ], 
  "congress": "109", 
  "cosponsors": [], 
  "enacted_as": null, 
  "history": {
    "awaiting_signature": false, 
    "enacted": false, 
    "vetoed": false
  }, 
  "introduced_at": "2006-07-12", 
  "number": "5781", 
  "official_title": "To grant rights-of-way for electric transmission lines over certain Native allotments in the State of Alaska.", 
  "popular_title": null, 
  "related_bills": [
    {
      "bill_id": "s3000-109", 
      "reason": "related"
    }
  ], 
  "short_title": "Copper Valley Native Allotment Resolution Act of 2006", 
  "sponsor": {
    "district": null, 
    "name": "Young, Don", 
    "state": "AK", 
    "thomas_id": "01256", 
    "title": "Rep", 
    "type": "person"
  }, 
  "status": "REFERRED", 
  "status_at": "2006-07-12", 
  "subjects": [
    "Alaska", 
    "Compensation (Law)", 
    "Easements", 
    "Electric power transmission", 
    "Energy", 
    "Indian lands", 
    "Law", 
    "Minorities", 
    "Native Americans", 
    "Real estate appraisal", 
    "Right-of-way", 
    "Transportation and public works"
  ], 
  "subjects_top_term": "Native Americans", 
  "summary": {
    "as": "Introduced", 
    "date": "2006-07-12", 
    "text": "Copper Valley Native Allotment Resolution Act of 2006 - Grants rights-of-way across specified Native allotments to the Copper Valley Electric Association for an electric transmission line. Declares ratified any electric transmission right-of-way or conveyance within a federally granted highway easement granted by the state of Alaska to the Association before the enactment of this Act. Declares this Act inapplicable to land owned by Ahtna, Inc. and any prior or current right-of-way agreements that may exist between Ahtna, Inc. and the Copper Valley Electric Association or Alaska. Prescribes compensation guidelines."
  }, 
  "titles": [
    {
      "as": "introduced", 
      "title": "Copper Valley Native Allotment Resolution Act of 2006", 
      "type": "short"
    }, 
    {
      "as": "introduced", 
      "title": "To grant rights-of-way for electric transmission lines over certain Native allotments in the State of Alaska.", 
      "type": "official"
    }
  ], 
  "updated_at": "2013-02-02T20:41:46-05:00"
}