{
  "actions": [
    {
      "acted_at": "2005-05-26", 
      "committee": "House Committee on Resources", 
      "references": [], 
      "status": "REFERRED", 
      "text": "Referred to the House Committee on Resources.", 
      "type": "referral"
    }, 
    {
      "acted_at": "2005-05-31", 
      "in_committee": "House Committee on Resources", 
      "references": [], 
      "subcommittee": "Energy and Mineral Resources", 
      "text": "Referred to the Subcommittee on Energy and Mineral Resources.", 
      "type": "referral"
    }
  ], 
  "amendments": [], 
  "bill_id": "hr2721-109", 
  "bill_type": "hr", 
  "committees": [
    {
      "activity": [
        "referral", 
        "in committee"
      ], 
      "committee": "House Resources", 
      "committee_id": "HSII"
    }, 
    {
      "activity": [
        "referral"
      ], 
      "committee": "House Resources", 
      "committee_id": "HSII", 
      "subcommittee": "Subcommittee on Energy and Mineral Resources", 
      "subcommittee_id": "06"
    }
  ], 
  "congress": "109", 
  "cosponsors": [
    {
      "district": "6", 
      "name": "Bartlett, Roscoe G.", 
      "sponsored_at": "2005-06-17", 
      "state": "MD", 
      "thomas_id": "00060", 
      "title": "Rep", 
      "withdrawn_at": null
    }, 
    {
      "district": "7", 
      "name": "Blackburn, Marsha", 
      "sponsored_at": "2005-05-26", 
      "state": "TN", 
      "thomas_id": "01748", 
      "title": "Rep", 
      "withdrawn_at": null
    }, 
    {
      "district": "2", 
      "name": "Boren, Dan", 
      "sponsored_at": "2005-10-17", 
      "state": "OK", 
      "thomas_id": "01796", 
      "title": "Rep", 
      "withdrawn_at": null
    }, 
    {
      "district": "1", 
      "name": "Brady, Robert A.", 
      "sponsored_at": "2005-06-15", 
      "state": "PA", 
      "thomas_id": "01469", 
      "title": "Rep", 
      "withdrawn_at": null
    }, 
    {
      "district": "5", 
      "name": "Cooper, Jim", 
      "sponsored_at": "2005-06-17", 
      "state": "TN", 
      "thomas_id": "00231", 
      "title": "Rep", 
      "withdrawn_at": null
    }, 
    {
      "district": "4", 
      "name": "Davis, Lincoln", 
      "sponsored_at": "2005-05-26", 
      "state": "TN", 
      "thomas_id": "01747", 
      "title": "Rep", 
      "withdrawn_at": null
    }, 
    {
      "district": "15", 
      "name": "Dent, Charles W.", 
      "sponsored_at": "2005-06-15", 
      "state": "PA", 
      "thomas_id": "01799", 
      "title": "Rep", 
      "withdrawn_at": null
    }, 
    {
      "district": "14", 
      "name": "Doyle, Michael F.", 
      "sponsored_at": "2005-06-15", 
      "state": "PA", 
      "thomas_id": "00316", 
      "title": "Rep", 
      "withdrawn_at": null
    }, 
    {
      "district": "2", 
      "name": "Duncan, John J., Jr.", 
      "sponsored_at": "2005-06-15", 
      "state": "TN", 
      "thomas_id": "00322", 
      "title": "Rep", 
      "withdrawn_at": null
    }, 
    {
      "district": "3", 
      "name": "English, Phil", 
      "sponsored_at": "2005-05-26", 
      "state": "PA", 
      "thomas_id": "00347", 
      "title": "Rep", 
      "withdrawn_at": null
    }, 
    {
      "district": "2", 
      "name": "Fattah, Chaka", 
      "sponsored_at": "2005-06-15", 
      "state": "PA", 
      "thomas_id": "00371", 
      "title": "Rep", 
      "withdrawn_at": null
    }, 
    {
      "district": "8", 
      "name": "Fitzpatrick, Michael G.", 
      "sponsored_at": "2005-06-17", 
      "state": "PA", 
      "thomas_id": "01797", 
      "title": "Rep", 
      "withdrawn_at": null
    }, 
    {
      "district": "9", 
      "name": "Ford, Harold E., Jr.", 
      "sponsored_at": "2005-05-26", 
      "state": "TN", 
      "thomas_id": "01483", 
      "title": "Rep", 
      "withdrawn_at": null
    }, 
    {
      "district": "6", 
      "name": "Gerlach, Jim", 
      "sponsored_at": "2005-05-26", 
      "state": "PA", 
      "thomas_id": "01743", 
      "title": "Rep", 
      "withdrawn_at": null
    }, 
    {
      "district": "1", 
      "name": "Gilchrest, Wayne T.", 
      "sponsored_at": "2005-06-17", 
      "state": "MD", 
      "thomas_id": "00438", 
      "title": "Rep", 
      "withdrawn_at": null
    }, 
    {
      "district": "6", 
      "name": "Gordon, Bart", 
      "sponsored_at": "2005-05-26", 
      "state": "TN", 
      "thomas_id": "00448", 
      "title": "Rep", 
      "withdrawn_at": null
    }, 
    {
      "district": "4", 
      "name": "Hart, Melissa A.", 
      "sponsored_at": "2005-05-26", 
      "state": "PA", 
      "thomas_id": "01666", 
      "title": "Rep", 
      "withdrawn_at": null
    }, 
    {
      "district": "17", 
      "name": "Holden, Tim", 
      "sponsored_at": "2005-05-26", 
      "state": "PA", 
      "thomas_id": "00550", 
      "title": "Rep", 
      "withdrawn_at": null
    }, 
    {
      "district": "1", 
      "name": "Jenkins, William L.", 
      "sponsored_at": "2005-06-15", 
      "state": "TN", 
      "thomas_id": "01494", 
      "title": "Rep", 
      "withdrawn_at": null
    }, 
    {
      "district": "11", 
      "name": "Kanjorski, Paul E.", 
      "sponsored_at": "2005-05-26", 
      "state": "PA", 
      "thomas_id": "00615", 
      "title": "Rep", 
      "withdrawn_at": null
    }, 
    {
      "district": "2", 
      "name": "Michaud, Michael H.", 
      "sponsored_at": "2005-09-08", 
      "state": "ME", 
      "thomas_id": "01730", 
      "title": "Rep", 
      "withdrawn_at": null
    }, 
    {
      "district": "18", 
      "name": "Murphy, Tim", 
      "sponsored_at": "2005-06-15", 
      "state": "PA", 
      "thomas_id": "01744", 
      "title": "Rep", 
      "withdrawn_at": null
    }, 
    {
      "district": "12", 
      "name": "Murtha, John P.", 
      "sponsored_at": "2005-06-15", 
      "state": "PA", 
      "thomas_id": "00844", 
      "title": "Rep", 
      "withdrawn_at": null
    }, 
    {
      "district": "16", 
      "name": "Pitts, Joseph R.", 
      "sponsored_at": "2005-06-17", 
      "state": "PA", 
      "thomas_id": "01514", 
      "title": "Rep", 
      "withdrawn_at": null
    }, 
    {
      "district": "19", 
      "name": "Platts, Todd Russell", 
      "sponsored_at": "2005-05-26", 
      "state": "PA", 
      "thomas_id": "01667", 
      "title": "Rep", 
      "withdrawn_at": null
    }, 
    {
      "district": "16", 
      "name": "Regula, Ralph", 
      "sponsored_at": "2005-05-26", 
      "state": "OH", 
      "thomas_id": "00951", 
      "title": "Rep", 
      "withdrawn_at": null
    }, 
    {
      "district": "2", 
      "name": "Ruppersberger, C. A. Dutch", 
      "sponsored_at": "2005-05-26", 
      "state": "MD", 
      "thomas_id": "01728", 
      "title": "Rep", 
      "withdrawn_at": null
    }, 
    {
      "district": "3", 
      "name": "Saxton, Jim", 
      "sponsored_at": "2005-06-17", 
      "state": "NJ", 
      "thomas_id": "01023", 
      "title": "Rep", 
      "withdrawn_at": null
    }, 
    {
      "district": "13", 
      "name": "Schwartz, Allyson Y.", 
      "sponsored_at": "2005-05-26", 
      "state": "PA", 
      "thomas_id": "01798", 
      "title": "Rep", 
      "withdrawn_at": null
    }, 
    {
      "district": "10", 
      "name": "Sherwood, Don", 
      "sponsored_at": "2005-05-26", 
      "state": "PA", 
      "thomas_id": "01589", 
      "title": "Rep", 
      "withdrawn_at": null
    }, 
    {
      "district": "9", 
      "name": "Shuster, Bill", 
      "sponsored_at": "2005-05-26", 
      "state": "PA", 
      "thomas_id": "01681", 
      "title": "Rep", 
      "withdrawn_at": null
    }, 
    {
      "district": "8", 
      "name": "Tanner, John S.", 
      "sponsored_at": "2005-06-17", 
      "state": "TN", 
      "thomas_id": "01137", 
      "title": "Rep", 
      "withdrawn_at": null
    }, 
    {
      "district": "4", 
      "name": "Tiahrt, Todd", 
      "sponsored_at": "2005-06-17", 
      "state": "KS", 
      "thomas_id": "01158", 
      "title": "Rep", 
      "withdrawn_at": null
    }, 
    {
      "district": "3", 
      "name": "Wamp, Zach", 
      "sponsored_at": "2005-05-26", 
      "state": "TN", 
      "thomas_id": "01199", 
      "title": "Rep", 
      "withdrawn_at": null
    }, 
    {
      "district": null, 
      "name": "Young, Don", 
      "sponsored_at": "2005-06-15", 
      "state": "AK", 
      "thomas_id": "01256", 
      "title": "Rep", 
      "withdrawn_at": null
    }
  ], 
  "enacted_as": null, 
  "history": {
    "awaiting_signature": false, 
    "enacted": false, 
    "vetoed": false
  }, 
  "introduced_at": "2005-05-26", 
  "number": "2721", 
  "official_title": "To amend the Surface Mining Control and Reclamation Act of 1977 to reauthorize collection of reclamation fees, revise the abandoned mine reclamation program, promote remining, authorize the Office of Surface Mining to collect the black lung excise tax, and make sundry other changes.", 
  "popular_title": null, 
  "related_bills": [], 
  "short_title": "Abandoned Mine Reclamation Program Extension and Reform Act of 2005", 
  "sponsor": {
    "district": "5", 
    "name": "Peterson, John E.", 
    "state": "PA", 
    "thomas_id": "01512", 
    "title": "Rep", 
    "type": "person"
  }, 
  "status": "REFERRED", 
  "status_at": "2005-05-26", 
  "subjects": [
    "Administrative procedure", 
    "Agriculture and food", 
    "Auditing", 
    "Authorization", 
    "Bankruptcy", 
    "Black lung", 
    "Coal", 
    "Collection of accounts", 
    "Commerce", 
    "Department of Agriculture", 
    "Department of the Interior", 
    "Economics and public finance", 
    "Employee health benefits", 
    "Energy", 
    "Environmental law enforcement", 
    "Environmental protection", 
    "Excise tax", 
    "Federal aid to Indians", 
    "Federal aid to water pollution control", 
    "Fees", 
    "Finance and financial sector", 
    "Government operations and politics", 
    "Government paperwork", 
    "Government trust funds", 
    "Grants-in-aid", 
    "Health", 
    "Indian lands", 
    "Interest", 
    "Intergovernmental fiscal relations", 
    "Labor and employment", 
    "Law", 
    "Licenses", 
    "Mine wastes", 
    "Mine water", 
    "Miners", 
    "Minorities", 
    "Native Americans", 
    "Public lands and natural resources", 
    "Rebates", 
    "Reclamation of land", 
    "Refuse and refuse disposal", 
    "Retiree health benefits", 
    "Small business", 
    "Soil conservation", 
    "State finance", 
    "State laws", 
    "Strip mining", 
    "Surety and fidelity", 
    "Tax auditing", 
    "Taxation", 
    "Tennessee", 
    "Water pollution control"
  ], 
  "subjects_top_term": "Public lands and natural resources", 
  "summary": {
    "as": "Introduced", 
    "date": "2005-05-26", 
    "text": "Abandoned Mine Reclamation Program Extension and Reform Act of 2005 - Amends the Surface Mining Control and Reclamation Act of 1977 to repeal the authorization to use certain funds in the Abandoned Mine Land Reclamation Fund (Fund) by the Secretary of Agriculture for rural land reclamation. Revises guidelines governing: (1) the availability of moneys from the Fund: (2) the disposition of unappropriated Fund balances; (3) transfers to the United Mine Workers of America Combined Benefit Fund; and (4) submission of quarterly reports by operators of surface coal mining operations. Revises requirements governing allocation of funds and allocation of funds to states and Indian tribes. Prescribes guidelines for initial program sites and bond forfeiture sites with insolvent sureties. Revises requirements for the granting of funds to set forth guidelines governing: (1) the application processing deadline; (2) the disposition of unexpended funds; and (3) a state set-aside program. Authorizes the Secretary of the Interior to require that states assume responsibility for administering the emergency reclamation program in order to remain eligible to receive grants. Authorizes the Secretary to propose regulations prescribing conditions under which the Fund would be used to promote remining of eligible lands, including reclamation fee rebates or waivers and other incentives."
  }, 
  "titles": [
    {
      "as": "introduced", 
      "title": "Abandoned Mine Reclamation Program Extension and Reform Act of 2005", 
      "type": "short"
    }, 
    {
      "as": "introduced", 
      "title": "To amend the Surface Mining Control and Reclamation Act of 1977 to reauthorize collection of reclamation fees, revise the abandoned mine reclamation program, promote remining, authorize the Office of Surface Mining to collect the black lung excise tax, and make sundry other changes.", 
      "type": "official"
    }
  ], 
  "updated_at": "2013-02-02T20:40:21-05:00"
}