{
  "actions": [
    {
      "acted_at": "2006-09-29", 
      "committee": "Committee on Resources, and in addition to the Committee on House Administration, for a period to be subsequently determined by the Speaker, in each case for consideration of such provisions as fall within the jurisdiction of the committee concerned", 
      "references": [], 
      "status": "REFERRED", 
      "text": "Referred to the Committee on Resources, and in addition to the Committee on House Administration, for a period to be subsequently determined by the Speaker, in each case for consideration of such provisions as fall within the jurisdiction of the committee concerned.", 
      "type": "referral"
    }, 
    {
      "acted_at": "2006-09-29", 
      "committee": "House Resources", 
      "references": [], 
      "text": "Referred to House Resources", 
      "type": "referral"
    }, 
    {
      "acted_at": "2006-09-29", 
      "committee": "House House Administration", 
      "references": [], 
      "text": "Referred to House House Administration", 
      "type": "referral"
    }
  ], 
  "amendments": [], 
  "bill_id": "hr6265-109", 
  "bill_type": "hr", 
  "committees": [
    {
      "activity": [
        "referral", 
        "in committee"
      ], 
      "committee": "House Resources", 
      "committee_id": "HSII"
    }, 
    {
      "activity": [
        "referral", 
        "in committee"
      ], 
      "committee": "House Administration", 
      "committee_id": "HSHA"
    }
  ], 
  "congress": "109", 
  "cosponsors": [], 
  "enacted_as": null, 
  "history": {
    "awaiting_signature": false, 
    "enacted": false, 
    "vetoed": false
  }, 
  "introduced_at": "2006-09-29", 
  "number": "6265", 
  "official_title": "To create a commission to develop a plan for establishing a Museum of Ideas.", 
  "popular_title": null, 
  "related_bills": [], 
  "short_title": "Museum of Ideas Act of 2006", 
  "sponsor": {
    "district": "6", 
    "name": "Stearns, Cliff", 
    "state": "FL", 
    "thomas_id": "01103", 
    "title": "Rep", 
    "type": "person"
  }, 
  "status": "REFERRED", 
  "status_at": "2006-09-29", 
  "subjects": [
    "Arts, culture, religion", 
    "Congressional reporting requirements", 
    "District of Columbia", 
    "Economics and public finance", 
    "Federal advisory bodies", 
    "Government operations and politics", 
    "Museums", 
    "Philosophy", 
    "Planning", 
    "Public lands and natural resources", 
    "Science, technology, communications", 
    "Sociology"
  ], 
  "subjects_top_term": "Arts, culture, religion", 
  "summary": {
    "as": "Introduced", 
    "date": "2006-09-29", 
    "text": "Museum of Ideas Act of 2006 - Establishes the Museum of Ideas Commission to develop a plan for establishing in Washington, D.C., a museum that presents the history and evolution of human ideas."
  }, 
  "titles": [
    {
      "as": "introduced", 
      "title": "Museum of Ideas Act of 2006", 
      "type": "short"
    }, 
    {
      "as": "introduced", 
      "title": "To create a commission to develop a plan for establishing a Museum of Ideas.", 
      "type": "official"
    }
  ], 
  "updated_at": "2013-02-02T20:41:59-05:00"
}