{
  "actions": [
    {
      "acted_at": "2005-09-29", 
      "committee": "House Committee on the Judiciary", 
      "references": [], 
      "status": "REFERRED", 
      "text": "Referred to the House Committee on the Judiciary.", 
      "type": "referral"
    }, 
    {
      "acted_at": "2005-10-17", 
      "in_committee": "House Committee on the Judiciary", 
      "references": [], 
      "subcommittee": "Courts, the Internet, and Intellectual Property", 
      "text": "Referred to the Subcommittee on Courts, the Internet, and Intellectual Property.", 
      "type": "referral"
    }
  ], 
  "amendments": [], 
  "bill_id": "hr3953-109", 
  "bill_type": "hr", 
  "committees": [
    {
      "activity": [
        "referral", 
        "in committee"
      ], 
      "committee": "House Judiciary", 
      "committee_id": "HSJU"
    }, 
    {
      "activity": [
        "referral"
      ], 
      "committee": "House Judiciary", 
      "committee_id": "HSJU", 
      "subcommittee": "Subcommittee on Courts, the Internet, and Intellectual Property", 
      "subcommittee_id": "03"
    }
  ], 
  "congress": "109", 
  "cosponsors": [
    {
      "district": "21", 
      "name": "Diaz-Balart, Lincoln", 
      "sponsored_at": "2005-10-27", 
      "state": "FL", 
      "thomas_id": "00294", 
      "title": "Rep", 
      "withdrawn_at": null
    }, 
    {
      "district": "24", 
      "name": "Feeney, Tom", 
      "sponsored_at": "2005-10-17", 
      "state": "FL", 
      "thomas_id": "01716", 
      "title": "Rep", 
      "withdrawn_at": null
    }, 
    {
      "district": "16", 
      "name": "Foley, Mark", 
      "sponsored_at": "2005-11-17", 
      "state": "FL", 
      "thomas_id": "00396", 
      "title": "Rep", 
      "withdrawn_at": null
    }, 
    {
      "district": "8", 
      "name": "Keller, Ric", 
      "sponsored_at": "2005-10-17", 
      "state": "FL", 
      "thomas_id": "01644", 
      "title": "Rep", 
      "withdrawn_at": null
    }, 
    {
      "district": "12", 
      "name": "Putnam, Adam H.", 
      "sponsored_at": "2005-10-27", 
      "state": "FL", 
      "thomas_id": "01645", 
      "title": "Rep", 
      "withdrawn_at": null
    }, 
    {
      "district": "18", 
      "name": "Ros-Lehtinen, Ileana", 
      "sponsored_at": "2005-09-29", 
      "state": "FL", 
      "thomas_id": "00985", 
      "title": "Rep", 
      "withdrawn_at": null
    }, 
    {
      "district": "6", 
      "name": "Stearns, Cliff", 
      "sponsored_at": "2005-10-27", 
      "state": "FL", 
      "thomas_id": "01103", 
      "title": "Rep", 
      "withdrawn_at": null
    }, 
    {
      "district": "20", 
      "name": "Wasserman Schultz, Debbie", 
      "sponsored_at": "2005-10-27", 
      "state": "FL", 
      "thomas_id": "01777", 
      "title": "Rep", 
      "withdrawn_at": null
    }, 
    {
      "district": "19", 
      "name": "Wexler, Robert", 
      "sponsored_at": "2005-10-17", 
      "state": "FL", 
      "thomas_id": "01537", 
      "title": "Rep", 
      "withdrawn_at": null
    }
  ], 
  "enacted_as": null, 
  "history": {
    "awaiting_signature": false, 
    "enacted": false, 
    "vetoed": false
  }, 
  "introduced_at": "2005-09-29", 
  "number": "3953", 
  "official_title": "To authorize 4 permanent and 1 temporary additional judgeships for the middle district of Florida, and 3 additional permanent judgeships for the southern district of Florida.", 
  "popular_title": null, 
  "related_bills": [
    {
      "bill_id": "s1839-109", 
      "reason": "related"
    }
  ], 
  "short_title": null, 
  "sponsor": {
    "district": "13", 
    "name": "Harris, Katherine", 
    "state": "FL", 
    "thomas_id": "01714", 
    "title": "Rep", 
    "type": "person"
  }, 
  "status": "REFERRED", 
  "status_at": "2005-09-29", 
  "subjects": [
    "Advice and consent of the Senate", 
    "Congress", 
    "District courts", 
    "Florida", 
    "Government operations and politics", 
    "Judges", 
    "Judicial districts", 
    "Law", 
    "Presidential appointments"
  ], 
  "subjects_top_term": "Law", 
  "summary": {
    "as": "Introduced", 
    "date": "2005-09-29", 
    "text": "Directs the President to appoint five additional U.S. district judges for the middle district of Florida, including one temporary judge, and three additional U.S. district judges for the southern district of Florida."
  }, 
  "titles": [
    {
      "as": "introduced", 
      "title": "To authorize 4 permanent and 1 temporary additional judgeships for the middle district of Florida, and 3 additional permanent judgeships for the southern district of Florida.", 
      "type": "official"
    }
  ], 
  "updated_at": "2013-02-02T20:40:54-05:00"
}