{
  "actions": [
    {
      "acted_at": "2006-07-17", 
      "committee": "Committee on Financial Services, and in addition to the Committee on the Budget, for a period to be subsequently determined by the Speaker, in each case for consideration of such provisions as fall within the jurisdiction of the committee concerned", 
      "references": [], 
      "status": "REFERRED", 
      "text": "Referred to the Committee on Financial Services, and in addition to the Committee on the Budget, for a period to be subsequently determined by the Speaker, in each case for consideration of such provisions as fall within the jurisdiction of the committee concerned.", 
      "type": "referral"
    }, 
    {
      "acted_at": "2006-07-17", 
      "committee": "House Financial Services", 
      "references": [], 
      "text": "Referred to House Financial Services", 
      "type": "referral"
    }, 
    {
      "acted_at": "2006-07-17", 
      "committee": "House Budget", 
      "references": [], 
      "text": "Referred to House Budget", 
      "type": "referral"
    }, 
    {
      "acted_at": "2006-08-31", 
      "in_committee": "House Financial Services", 
      "references": [], 
      "subcommittee": "Domestic and International Monetary Policy, Trade, and Technology", 
      "text": "Referred to the Subcommittee on Domestic and International Monetary Policy, Trade, and Technology.", 
      "type": "referral"
    }
  ], 
  "amendments": [], 
  "bill_id": "hr5818-109", 
  "bill_type": "hr", 
  "committees": [
    {
      "activity": [
        "referral", 
        "in committee"
      ], 
      "committee": "House Financial Services", 
      "committee_id": "HSBA"
    }, 
    {
      "activity": [
        "referral"
      ], 
      "committee": "House Financial Services", 
      "committee_id": "HSBA", 
      "subcommittee": "Subcommittee on Domestic and International Monetary Policy, Trade, and Technology", 
      "subcommittee_id": "19"
    }, 
    {
      "activity": [
        "referral", 
        "in committee"
      ], 
      "committee": "House Budget", 
      "committee_id": "HSBU"
    }
  ], 
  "congress": "109", 
  "cosponsors": [
    {
      "district": "3", 
      "name": "English, Phil", 
      "sponsored_at": "2006-09-07", 
      "state": "PA", 
      "thomas_id": "00347", 
      "title": "Rep", 
      "withdrawn_at": null
    }, 
    {
      "district": "24", 
      "name": "Feeney, Tom", 
      "sponsored_at": "2006-07-20", 
      "state": "FL", 
      "thomas_id": "01716", 
      "title": "Rep", 
      "withdrawn_at": null
    }, 
    {
      "district": "5", 
      "name": "Hensarling, Jeb", 
      "sponsored_at": "2006-07-20", 
      "state": "TX", 
      "thomas_id": "01749", 
      "title": "Rep", 
      "withdrawn_at": null
    }, 
    {
      "district": "27", 
      "name": "Sherman, Brad", 
      "sponsored_at": "2006-07-28", 
      "state": "CA", 
      "thomas_id": "01526", 
      "title": "Rep", 
      "withdrawn_at": null
    }, 
    {
      "district": "1", 
      "name": "Wicker, Roger F.", 
      "sponsored_at": "2006-07-20", 
      "state": "MS", 
      "thomas_id": "01226", 
      "title": "Rep", 
      "withdrawn_at": null
    }
  ], 
  "enacted_as": null, 
  "history": {
    "awaiting_signature": false, 
    "enacted": false, 
    "vetoed": false
  }, 
  "introduced_at": "2006-07-17", 
  "number": "5818", 
  "official_title": "To modernize the legal tender of the United States, and for other purposes.", 
  "popular_title": null, 
  "related_bills": [], 
  "short_title": "Currency Overhaul for an Industrious Nation (COIN) Act", 
  "sponsor": {
    "district": "8", 
    "name": "Kolbe, Jim", 
    "state": "AZ", 
    "thomas_id": "00645", 
    "title": "Rep", 
    "type": "person"
  }, 
  "status": "REFERRED", 
  "status_at": "2006-07-17", 
  "subjects": [
    "Accounting", 
    "American Samoa", 
    "Buy American", 
    "Coins and coinage", 
    "Commemorations", 
    "Commerce", 
    "Congress", 
    "Congressional investigations", 
    "Congressional reporting requirements", 
    "Copper", 
    "Department of the Treasury", 
    "District of Columbia", 
    "Economic impact statements", 
    "Economics and public finance", 
    "Executive reorganization", 
    "Federal Reserve System", 
    "Federal budgets", 
    "Finance and financial sector", 
    "Foreign trade and international finance", 
    "Government operations and politics", 
    "Guam", 
    "Metals", 
    "Monetary policy", 
    "Money", 
    "Northern Mariana Islands", 
    "Paper and paper products", 
    "Public lands and natural resources", 
    "Puerto Rico", 
    "Retail trade", 
    "Silver", 
    "Virgin Islands"
  ], 
  "subjects_top_term": "Finance and financial sector", 
  "summary": {
    "as": "Introduced", 
    "date": "2006-07-17", 
    "text": "Currency Overhaul for an Industrious Nation (COIN) Act - Amends federal law governing coins and currency to prescribe requirements for redesign and issuance of commemorative circulating $2 Federal Reserve notes. Requires selection of a new design for $2 Federal Reserve notes placed into circulation during each year of the five-year periods beginning January 1, 2007. Authorizes Federal Reserve banks to continue to place into circulation $1 Federal Reserve notes until a date determined according to certain criteria. Transfers the U.S. Mint and the Bureau of Engraving and Printing to the Federal Reserve Board. Requires the design and issuance of a circulating quarter dollar honoring the District of Columbia and each of the Territories."
  }, 
  "titles": [
    {
      "as": "introduced", 
      "title": "Currency Overhaul for an Industrious Nation (COIN) Act", 
      "type": "short"
    }, 
    {
      "as": "introduced", 
      "title": "To modernize the legal tender of the United States, and for other purposes.", 
      "type": "official"
    }
  ], 
  "updated_at": "2013-02-02T20:41:47-05:00"
}