{
  "actions": [
    {
      "acted_at": "2005-04-26", 
      "committee": "House Committee on Resources", 
      "references": [], 
      "status": "REFERRED", 
      "text": "Referred to the House Committee on Resources.", 
      "type": "referral"
    }, 
    {
      "acted_at": "2005-05-03", 
      "in_committee": "House Committee on Resources", 
      "references": [], 
      "subcommittee": "National Parks", 
      "text": "Referred to the Subcommittee on National Parks.", 
      "type": "referral"
    }, 
    {
      "acted_at": "2005-05-03", 
      "in_committee": "House Committee on Resources", 
      "references": [], 
      "text": "Executive Comment Requested from Interior.", 
      "type": "action"
    }
  ], 
  "amendments": [], 
  "bill_id": "hr1820-109", 
  "bill_type": "hr", 
  "committees": [
    {
      "activity": [
        "referral", 
        "in committee"
      ], 
      "committee": "House Resources", 
      "committee_id": "HSII"
    }, 
    {
      "activity": [
        "referral"
      ], 
      "committee": "House Resources", 
      "committee_id": "HSII", 
      "subcommittee": "Subcommittee on National Parks, Recreation, and Public Lands", 
      "subcommittee_id": "10"
    }
  ], 
  "congress": "109", 
  "cosponsors": [
    {
      "district": "13", 
      "name": "Biggert, Judy", 
      "sponsored_at": "2005-04-26", 
      "state": "IL", 
      "thomas_id": "01577", 
      "title": "Rep", 
      "withdrawn_at": null
    }
  ], 
  "enacted_as": null, 
  "history": {
    "awaiting_signature": false, 
    "enacted": false, 
    "vetoed": false
  }, 
  "introduced_at": "2005-04-26", 
  "number": "1820", 
  "official_title": "To amend the Illinois and Michigan Canal National Heritage Corridor Act of 1984 to help ensure the appropriate transition of the management entity of the heritage corridor, and for other purposes.", 
  "popular_title": null, 
  "related_bills": [
    {
      "bill_id": "s203-109", 
      "reason": "related"
    }
  ], 
  "short_title": "Illinois and Michigan Canal National Heritage Corridor Act Amendments of 2005", 
  "sponsor": {
    "district": "11", 
    "name": "Weller, Jerry", 
    "state": "IL", 
    "thomas_id": "01216", 
    "title": "Rep", 
    "type": "person"
  }, 
  "status": "REFERRED", 
  "status_at": "2005-04-26", 
  "subjects": [
    "Administrative procedure", 
    "Architecture", 
    "Arts, culture, religion", 
    "Associations, institutions, etc.", 
    "Auditing", 
    "Boundaries", 
    "Canals", 
    "Citizen participation", 
    "Civil rights and liberties, minority issues", 
    "Commemorations", 
    "Commerce", 
    "Congress", 
    "Department of the Interior", 
    "Economics and public finance", 
    "Exhibitions", 
    "Finance and financial sector", 
    "Government operations and politics", 
    "Government paperwork", 
    "Grants-in-aid", 
    "Historic sites", 
    "History", 
    "Illinois", 
    "Landowners", 
    "Landscape protection", 
    "Law", 
    "Maps", 
    "Michigan", 
    "Natural areas", 
    "Outdoor recreation", 
    "Public lands and natural resources", 
    "Public meetings", 
    "Regional economic development", 
    "Regional planning", 
    "Right of property", 
    "Sports and recreation", 
    "Sunset legislation", 
    "Tax-exempt organizations", 
    "Taxation", 
    "Tourism", 
    "Transportation and public works", 
    "Water resources development"
  ], 
  "subjects_top_term": "Public lands and natural resources", 
  "summary": {
    "as": "Introduced", 
    "date": "2005-04-26", 
    "text": "Illinois and Michigan Canal National Heritage Corridor Act Amendments of 2005 - Amends the Illinois and Michigan Canal National Heritage Corridor Act of 1984 to designate, upon the termination of the Illinois and Michigan Canal National Heritage Corridor Commission, the Canal Corridor Association to be the management entity for the Illinois and Michigan Canal National Heritage Corridor. Requires the Association to develop and submit a proposed management plan for the Corridor to the Secretary of the Interior for approval. Authorizes the Secretary to provide technical and financial assistance to the Association for the development and implementation of the management plan."
  }, 
  "titles": [
    {
      "as": "introduced", 
      "title": "Illinois and Michigan Canal National Heritage Corridor Act Amendments of 2005", 
      "type": "short"
    }, 
    {
      "as": "introduced", 
      "title": "To amend the Illinois and Michigan Canal National Heritage Corridor Act of 1984 to help ensure the appropriate transition of the management entity of the heritage corridor, and for other purposes.", 
      "type": "official"
    }
  ], 
  "updated_at": "2013-02-02T20:39:59-05:00"
}