{
  "actions": [
    {
      "acted_at": "2005-01-26", 
      "committee": "House Committee on Government Reform", 
      "references": [], 
      "status": "REFERRED", 
      "text": "Referred to the House Committee on Government Reform.", 
      "type": "referral"
    }
  ], 
  "amendments": [], 
  "bill_id": "hr408-109", 
  "bill_type": "hr", 
  "committees": [
    {
      "activity": [
        "referral", 
        "in committee"
      ], 
      "committee": "House Government Reform", 
      "committee_id": "HSGO"
    }
  ], 
  "congress": "109", 
  "cosponsors": [
    {
      "district": "43", 
      "name": "Baca, Joe", 
      "sponsored_at": "2005-03-01", 
      "state": "CA", 
      "thomas_id": "01614", 
      "title": "Rep", 
      "withdrawn_at": null
    }, 
    {
      "district": "3", 
      "name": "Blumenauer, Earl", 
      "sponsored_at": "2006-05-09", 
      "state": "OR", 
      "thomas_id": "00099", 
      "title": "Rep", 
      "withdrawn_at": null
    }, 
    {
      "district": "45", 
      "name": "Bono Mack, Mary", 
      "sponsored_at": "2005-06-16", 
      "state": "CA", 
      "thomas_id": "01465", 
      "title": "Rep", 
      "withdrawn_at": null
    }, 
    {
      "district": "44", 
      "name": "Calvert, Ken", 
      "sponsored_at": "2005-03-01", 
      "state": "CA", 
      "thomas_id": "00165", 
      "title": "Rep", 
      "withdrawn_at": null
    }, 
    {
      "district": "23", 
      "name": "Capps, Lois", 
      "sponsored_at": "2005-06-16", 
      "state": "CA", 
      "thomas_id": "01471", 
      "title": "Rep", 
      "withdrawn_at": null
    }, 
    {
      "district": "18", 
      "name": "Cardoza, Dennis A.", 
      "sponsored_at": "2005-02-01", 
      "state": "CA", 
      "thomas_id": "01709", 
      "title": "Rep", 
      "withdrawn_at": null
    }, 
    {
      "district": "50", 
      "name": "Cunningham, Randy (Duke)", 
      "sponsored_at": "2005-01-26", 
      "state": "CA", 
      "thomas_id": "00258", 
      "title": "Rep", 
      "withdrawn_at": null
    }, 
    {
      "district": "53", 
      "name": "Davis, Susan A.", 
      "sponsored_at": "2005-06-22", 
      "state": "CA", 
      "thomas_id": "01641", 
      "title": "Rep", 
      "withdrawn_at": null
    }, 
    {
      "district": "4", 
      "name": "Doolittle, John T.", 
      "sponsored_at": "2005-01-26", 
      "state": "CA", 
      "thomas_id": "00307", 
      "title": "Rep", 
      "withdrawn_at": null
    }, 
    {
      "district": "51", 
      "name": "Filner, Bob", 
      "sponsored_at": "2005-03-08", 
      "state": "CA", 
      "thomas_id": "00381", 
      "title": "Rep", 
      "withdrawn_at": null
    }, 
    {
      "district": "24", 
      "name": "Gallegly, Elton", 
      "sponsored_at": "2005-04-06", 
      "state": "CA", 
      "thomas_id": "00425", 
      "title": "Rep", 
      "withdrawn_at": null
    }, 
    {
      "district": "2", 
      "name": "Gibbons, Jim", 
      "sponsored_at": "2005-07-25", 
      "state": "NV", 
      "thomas_id": "01485", 
      "title": "Rep", 
      "withdrawn_at": null
    }, 
    {
      "district": "5", 
      "name": "Hayworth, J. D.", 
      "sponsored_at": "2005-05-24", 
      "state": "AZ", 
      "thomas_id": "00520", 
      "title": "Rep", 
      "withdrawn_at": null
    }, 
    {
      "district": "2", 
      "name": "Herger, Wally", 
      "sponsored_at": "2005-02-08", 
      "state": "CA", 
      "thomas_id": "00533", 
      "title": "Rep", 
      "withdrawn_at": null
    }, 
    {
      "district": "15", 
      "name": "Honda, Michael M.", 
      "sponsored_at": "2005-01-26", 
      "state": "CA", 
      "thomas_id": "01634", 
      "title": "Rep", 
      "withdrawn_at": null
    }, 
    {
      "district": "49", 
      "name": "Issa, Darrell E.", 
      "sponsored_at": "2006-05-16", 
      "state": "CA", 
      "thomas_id": "01640", 
      "title": "Rep", 
      "withdrawn_at": null
    }, 
    {
      "district": "12", 
      "name": "Lantos, Tom", 
      "sponsored_at": "2006-02-14", 
      "state": "CA", 
      "thomas_id": "00663", 
      "title": "Rep", 
      "withdrawn_at": null
    }, 
    {
      "district": "16", 
      "name": "Lofgren, Zoe", 
      "sponsored_at": "2005-06-16", 
      "state": "CA", 
      "thomas_id": "00701", 
      "title": "Rep", 
      "withdrawn_at": null
    }, 
    {
      "district": "3", 
      "name": "Lungren, Daniel E.", 
      "sponsored_at": "2005-07-13", 
      "state": "CA", 
      "thomas_id": "00717", 
      "title": "Rep", 
      "withdrawn_at": null
    }, 
    {
      "district": "5", 
      "name": "Matsui, Doris O.", 
      "sponsored_at": "2005-06-15", 
      "state": "CA", 
      "thomas_id": "01814", 
      "title": "Rep", 
      "withdrawn_at": null
    }, 
    {
      "district": "2", 
      "name": "Michaud, Michael H.", 
      "sponsored_at": "2005-04-12", 
      "state": "ME", 
      "thomas_id": "01730", 
      "title": "Rep", 
      "withdrawn_at": null
    }, 
    {
      "district": "38", 
      "name": "Napolitano, Grace F.", 
      "sponsored_at": "2005-01-26", 
      "state": "CA", 
      "thomas_id": "01602", 
      "title": "Rep", 
      "withdrawn_at": null
    }, 
    {
      "district": "21", 
      "name": "Nunes, Devin", 
      "sponsored_at": "2006-09-19", 
      "state": "CA", 
      "thomas_id": "01710", 
      "title": "Rep", 
      "withdrawn_at": null
    }, 
    {
      "district": "1", 
      "name": "Otter, C. L. (Butch)", 
      "sponsored_at": "2005-01-26", 
      "state": "ID", 
      "thomas_id": "01646", 
      "title": "Rep", 
      "withdrawn_at": null
    }, 
    {
      "district": "4", 
      "name": "Pastor, Ed", 
      "sponsored_at": "2005-06-22", 
      "state": "AZ", 
      "thomas_id": "00893", 
      "title": "Rep", 
      "withdrawn_at": null
    }, 
    {
      "district": "1", 
      "name": "Renzi, Rick", 
      "sponsored_at": "2005-02-08", 
      "state": "AZ", 
      "thomas_id": "01706", 
      "title": "Rep", 
      "withdrawn_at": null
    }, 
    {
      "district": "47", 
      "name": "Sanchez, Loretta", 
      "sponsored_at": "2006-06-12", 
      "state": "CA", 
      "thomas_id": "01522", 
      "title": "Rep", 
      "withdrawn_at": null
    }, 
    {
      "district": "29", 
      "name": "Schiff, Adam B.", 
      "sponsored_at": "2005-11-15", 
      "state": "CA", 
      "thomas_id": "01635", 
      "title": "Rep", 
      "withdrawn_at": null
    }, 
    {
      "district": "27", 
      "name": "Sherman, Brad", 
      "sponsored_at": "2005-04-21", 
      "state": "CA", 
      "thomas_id": "01526", 
      "title": "Rep", 
      "withdrawn_at": null
    }, 
    {
      "district": "2", 
      "name": "Simmons, Rob", 
      "sponsored_at": "2005-02-09", 
      "state": "CT", 
      "thomas_id": "01642", 
      "title": "Rep", 
      "withdrawn_at": null
    }, 
    {
      "district": "2", 
      "name": "Simpson, Michael K.", 
      "sponsored_at": "2005-01-26", 
      "state": "ID", 
      "thomas_id": "01590", 
      "title": "Rep", 
      "withdrawn_at": null
    }, 
    {
      "district": "13", 
      "name": "Stark, Fortney Pete", 
      "sponsored_at": "2005-04-20", 
      "state": "CA", 
      "thomas_id": "01101", 
      "title": "Rep", 
      "withdrawn_at": null
    }, 
    {
      "district": "10", 
      "name": "Tauscher, Ellen O.", 
      "sponsored_at": "2005-04-20", 
      "state": "CA", 
      "thomas_id": "01533", 
      "title": "Rep", 
      "withdrawn_at": null
    }, 
    {
      "district": "1", 
      "name": "Thompson, Mike", 
      "sponsored_at": "2006-03-28", 
      "state": "CA", 
      "thomas_id": "01593", 
      "title": "Rep", 
      "withdrawn_at": null
    }, 
    {
      "district": "2", 
      "name": "Udall, Mark", 
      "sponsored_at": "2005-02-01", 
      "state": "CO", 
      "thomas_id": "01595", 
      "title": "Rep", 
      "withdrawn_at": null
    }, 
    {
      "district": "7", 
      "name": "Weldon, Curt", 
      "sponsored_at": "2005-02-08", 
      "state": "PA", 
      "thomas_id": "01214", 
      "title": "Rep", 
      "withdrawn_at": null
    }, 
    {
      "district": "6", 
      "name": "Woolsey, Lynn C.", 
      "sponsored_at": "2005-05-24", 
      "state": "CA", 
      "thomas_id": "01242", 
      "title": "Rep", 
      "withdrawn_at": null
    }, 
    {
      "district": null, 
      "name": "Young, Don", 
      "sponsored_at": "2006-05-11", 
      "state": "AK", 
      "thomas_id": "01256", 
      "title": "Rep", 
      "withdrawn_at": null
    }
  ], 
  "enacted_as": null, 
  "history": {
    "awaiting_signature": false, 
    "enacted": false, 
    "vetoed": false
  }, 
  "introduced_at": "2005-01-26", 
  "number": "408", 
  "official_title": "To amend title 5, United States Code, to provide for portal-to-portal compensation for wildland firefighters, and for other purposes.", 
  "popular_title": null, 
  "related_bills": [], 
  "short_title": "Federal Wildland Firefighter Emergency Response Compensation Act of 2005", 
  "sponsor": {
    "district": "11", 
    "name": "Pombo, Richard W.", 
    "state": "CA", 
    "thomas_id": "00921", 
    "title": "Rep", 
    "type": "person"
  }, 
  "status": "REFERRED", 
  "status_at": "2005-01-26", 
  "subjects": [
    "Civil service retirement", 
    "Department of Agriculture", 
    "Department of the Interior", 
    "Emergency management", 
    "Federal employees", 
    "Fire fighters", 
    "Fire prevention", 
    "Forest fires", 
    "Government operations and politics", 
    "Labor and employment", 
    "Wages"
  ], 
  "subjects_top_term": "Government operations and politics", 
  "summary": {
    "as": "Introduced", 
    "date": "2005-01-26", 
    "text": "Federal Wildland Firefighter Emergency Response Compensation Act of 2005 - Entitles a wildland firefighter employed by the Department of Agriculture or the Department of the Interior to compensation for the entire period of time such firefighter is engaged in officially ordered or approved duties in responding to a wildland fire or other emergency. Limits such compensation, for any 24-hour period, to the sum of 16 times the firefighter's hourly rate of basic pay, and eight times the firefighter's overtime hourly rate of pay. Treats wildland firefighter compensation received pursuant to this Act as basic pay for Federal retirement pay purposes."
  }, 
  "titles": [
    {
      "as": "introduced", 
      "title": "Federal Wildland Firefighter Emergency Response Compensation Act of 2005", 
      "type": "short"
    }, 
    {
      "as": "introduced", 
      "title": "To amend title 5, United States Code, to provide for portal-to-portal compensation for wildland firefighters, and for other purposes.", 
      "type": "official"
    }
  ], 
  "updated_at": "2013-02-02T20:39:16-05:00"
}