{
  "actions": [
    {
      "acted_at": "2005-03-03", 
      "committee": "House Committee on Transportation and Infrastructure", 
      "references": [], 
      "status": "REFERRED", 
      "text": "Referred to the House Committee on Transportation and Infrastructure.", 
      "type": "referral"
    }, 
    {
      "acted_at": "2005-03-04", 
      "in_committee": "House Committee on Transportation and Infrastructure", 
      "references": [], 
      "subcommittee": "Highways, Transit and Pipelines", 
      "text": "Referred to the Subcommittee on Highways, Transit and Pipelines.", 
      "type": "referral"
    }
  ], 
  "amendments": [], 
  "bill_id": "hr1111-109", 
  "bill_type": "hr", 
  "committees": [
    {
      "activity": [
        "referral", 
        "in committee"
      ], 
      "committee": "House Transportation and Infrastructure", 
      "committee_id": "HSPW"
    }, 
    {
      "activity": [
        "referral"
      ], 
      "committee": "House Transportation and Infrastructure", 
      "committee_id": "HSPW", 
      "subcommittee": "Subcommittee on Highways, Transit and Pipelines", 
      "subcommittee_id": "12"
    }
  ], 
  "congress": "109", 
  "cosponsors": [], 
  "enacted_as": null, 
  "history": {
    "awaiting_signature": false, 
    "enacted": false, 
    "vetoed": false
  }, 
  "introduced_at": "2005-03-03", 
  "number": "1111", 
  "official_title": "To amend title 23, United States Code, relating to design-build contracting.", 
  "popular_title": null, 
  "related_bills": [
    {
      "bill_id": "hr1085-109", 
      "reason": "related"
    }
  ], 
  "short_title": "Design-Build Flexibility Act", 
  "sponsor": {
    "district": "24", 
    "name": "Marchant, Kenny", 
    "state": "TX", 
    "thomas_id": "01806", 
    "title": "Rep", 
    "type": "person"
  }, 
  "status": "REFERRED", 
  "status_at": "2005-03-03", 
  "subjects": [
    "Administrative procedure", 
    "Department of Transportation", 
    "Economics and public finance", 
    "Environmental assessment", 
    "Environmental protection", 
    "Federal aid to transportation", 
    "Federal-local relations", 
    "Federal-state relations", 
    "Government contractors", 
    "Government operations and politics", 
    "Government procurement", 
    "Highway finance", 
    "Infrastructure", 
    "Law", 
    "Local laws", 
    "State laws", 
    "Transportation and public works"
  ], 
  "subjects_top_term": "Transportation and public works", 
  "summary": {
    "as": "Introduced", 
    "date": "2005-03-03", 
    "text": "Design-Build Flexibility Act - Amends Federal highway law to direct the Secretary of Transportation to issue regulations authorizing a State transportation department or local transportation agency to award a design-build contract (for both design and construction) for a Federal-aid highway project using a procurement process permitted under applicable State and local law if certain environmental requirements are met."
  }, 
  "titles": [
    {
      "as": "introduced", 
      "title": "Design-Build Flexibility Act", 
      "type": "short"
    }, 
    {
      "as": "introduced", 
      "title": "To amend title 23, United States Code, relating to design-build contracting.", 
      "type": "official"
    }
  ], 
  "updated_at": "2013-02-02T20:39:37-05:00"
}