{
  "actions": [
    {
      "acted_at": "2005-06-21", 
      "committee": "House Committee on Energy and Commerce", 
      "references": [], 
      "status": "REFERRED", 
      "text": "Referred to the House Committee on Energy and Commerce.", 
      "type": "referral"
    }, 
    {
      "acted_at": "2005-07-01", 
      "in_committee": "House Committee on Energy and Commerce", 
      "references": [], 
      "subcommittee": "Health", 
      "text": "Referred to the Subcommittee on Health.", 
      "type": "referral"
    }
  ], 
  "amendments": [], 
  "bill_id": "hr3011-109", 
  "bill_type": "hr", 
  "committees": [
    {
      "activity": [
        "referral", 
        "in committee"
      ], 
      "committee": "House Energy and Commerce", 
      "committee_id": "HSIF"
    }, 
    {
      "activity": [
        "referral"
      ], 
      "committee": "House Energy and Commerce", 
      "committee_id": "HSIF", 
      "subcommittee": "Subcommittee on Health", 
      "subcommittee_id": "14"
    }
  ], 
  "congress": "109", 
  "cosponsors": [
    {
      "district": "4", 
      "name": "Aderholt, Robert B.", 
      "sponsored_at": "2005-06-21", 
      "state": "AL", 
      "thomas_id": "01460", 
      "title": "Rep", 
      "withdrawn_at": null
    }, 
    {
      "district": "5", 
      "name": "Alexander, Rodney", 
      "sponsored_at": "2005-06-30", 
      "state": "LA", 
      "thomas_id": "01727", 
      "title": "Rep", 
      "withdrawn_at": null
    }, 
    {
      "district": "3", 
      "name": "Barrett, J. Gresham", 
      "sponsored_at": "2005-06-21", 
      "state": "SC", 
      "thomas_id": "01745", 
      "title": "Rep", 
      "withdrawn_at": null
    }, 
    {
      "district": "6", 
      "name": "Bartlett, Roscoe G.", 
      "sponsored_at": "2005-06-21", 
      "state": "MD", 
      "thomas_id": "00060", 
      "title": "Rep", 
      "withdrawn_at": null
    }, 
    {
      "district": "6", 
      "name": "Barton, Joe", 
      "sponsored_at": "2005-06-21", 
      "state": "TX", 
      "thomas_id": "00062", 
      "title": "Rep", 
      "withdrawn_at": null
    }, 
    {
      "district": "1", 
      "name": "Bishop, Rob", 
      "sponsored_at": "2005-06-21", 
      "state": "UT", 
      "thomas_id": "01753", 
      "title": "Rep", 
      "withdrawn_at": null
    }, 
    {
      "district": "7", 
      "name": "Blackburn, Marsha", 
      "sponsored_at": "2005-06-23", 
      "state": "TN", 
      "thomas_id": "01748", 
      "title": "Rep", 
      "withdrawn_at": null
    }, 
    {
      "district": "7", 
      "name": "Blunt, Roy", 
      "sponsored_at": "2005-06-21", 
      "state": "MO", 
      "thomas_id": "01464", 
      "title": "Rep", 
      "withdrawn_at": null
    }, 
    {
      "district": "8", 
      "name": "Brady, Kevin", 
      "sponsored_at": "2005-06-21", 
      "state": "TX", 
      "thomas_id": "01468", 
      "title": "Rep", 
      "withdrawn_at": null
    }, 
    {
      "district": "1", 
      "name": "Brown, Henry E., Jr.", 
      "sponsored_at": "2005-09-14", 
      "state": "SC", 
      "thomas_id": "01669", 
      "title": "Rep", 
      "withdrawn_at": null
    }, 
    {
      "district": "5", 
      "name": "Burton, Dan", 
      "sponsored_at": "2005-06-21", 
      "state": "IN", 
      "thomas_id": "00154", 
      "title": "Rep", 
      "withdrawn_at": null
    }, 
    {
      "district": "7", 
      "name": "Cantor, Eric", 
      "sponsored_at": "2005-06-21", 
      "state": "VA", 
      "thomas_id": "01674", 
      "title": "Rep", 
      "withdrawn_at": null
    }, 
    {
      "district": "1", 
      "name": "Chabot, Steve", 
      "sponsored_at": "2005-06-21", 
      "state": "OH", 
      "thomas_id": "00186", 
      "title": "Rep", 
      "withdrawn_at": null
    }, 
    {
      "district": "4", 
      "name": "Cole, Tom", 
      "sponsored_at": "2005-10-25", 
      "state": "OK", 
      "thomas_id": "01742", 
      "title": "Rep", 
      "withdrawn_at": null
    }, 
    {
      "district": "4", 
      "name": "Crenshaw, Ander", 
      "sponsored_at": "2005-06-21", 
      "state": "FL", 
      "thomas_id": "01643", 
      "title": "Rep", 
      "withdrawn_at": null
    }, 
    {
      "district": "1", 
      "name": "Davis, Jo Ann", 
      "sponsored_at": "2005-06-21", 
      "state": "VA", 
      "thomas_id": "01672", 
      "title": "Rep", 
      "withdrawn_at": null
    }, 
    {
      "district": "11", 
      "name": "Davis, Tom", 
      "sponsored_at": "2006-07-27", 
      "state": "VA", 
      "thomas_id": "00274", 
      "title": "Rep", 
      "withdrawn_at": null
    }, 
    {
      "district": "10", 
      "name": "Deal, Nathan", 
      "sponsored_at": "2005-06-23", 
      "state": "GA", 
      "thomas_id": "00277", 
      "title": "Rep", 
      "withdrawn_at": null
    }, 
    {
      "district": "4", 
      "name": "Doolittle, John T.", 
      "sponsored_at": "2005-09-28", 
      "state": "CA", 
      "thomas_id": "00307", 
      "title": "Rep", 
      "withdrawn_at": null
    }, 
    {
      "district": "2", 
      "name": "Drake, Thelma D.", 
      "sponsored_at": "2005-10-03", 
      "state": "VA", 
      "thomas_id": "01808", 
      "title": "Rep", 
      "withdrawn_at": null
    }, 
    {
      "district": "2", 
      "name": "Duncan, John J., Jr.", 
      "sponsored_at": "2005-09-22", 
      "state": "TN", 
      "thomas_id": "00322", 
      "title": "Rep", 
      "withdrawn_at": null
    }, 
    {
      "district": "24", 
      "name": "Feeney, Tom", 
      "sponsored_at": "2005-06-21", 
      "state": "FL", 
      "thomas_id": "01716", 
      "title": "Rep", 
      "withdrawn_at": null
    }, 
    {
      "district": "7", 
      "name": "Ferguson, Mike", 
      "sponsored_at": "2005-06-21", 
      "state": "NJ", 
      "thomas_id": "01659", 
      "title": "Rep", 
      "withdrawn_at": null
    }, 
    {
      "district": "1", 
      "name": "Fortenberry, Jeff", 
      "sponsored_at": "2005-06-21", 
      "state": "NE", 
      "thomas_id": "01793", 
      "title": "Rep", 
      "withdrawn_at": null
    }, 
    {
      "district": "5", 
      "name": "Foxx, Virginia", 
      "sponsored_at": "2005-06-21", 
      "state": "NC", 
      "thomas_id": "01791", 
      "title": "Rep", 
      "withdrawn_at": null
    }, 
    {
      "district": "2", 
      "name": "Franks, Trent", 
      "sponsored_at": "2005-06-21", 
      "state": "AZ", 
      "thomas_id": "01707", 
      "title": "Rep", 
      "withdrawn_at": null
    }, 
    {
      "district": "5", 
      "name": "Garrett, Scott", 
      "sponsored_at": "2005-06-21", 
      "state": "NJ", 
      "thomas_id": "01737", 
      "title": "Rep", 
      "withdrawn_at": null
    }, 
    {
      "district": "5", 
      "name": "Goode, Virgil H., Jr.", 
      "sponsored_at": "2005-06-21", 
      "state": "VA", 
      "thomas_id": "01486", 
      "title": "Rep", 
      "withdrawn_at": null
    }, 
    {
      "district": "6", 
      "name": "Goodlatte, Bob", 
      "sponsored_at": "2005-09-28", 
      "state": "VA", 
      "thomas_id": "00446", 
      "title": "Rep", 
      "withdrawn_at": null
    }, 
    {
      "district": "6", 
      "name": "Graves, Sam", 
      "sponsored_at": "2005-06-21", 
      "state": "MO", 
      "thomas_id": "01656", 
      "title": "Rep", 
      "withdrawn_at": null
    }, 
    {
      "district": "4", 
      "name": "Hart, Melissa A.", 
      "sponsored_at": "2005-10-03", 
      "state": "PA", 
      "thomas_id": "01666", 
      "title": "Rep", 
      "withdrawn_at": null
    }, 
    {
      "district": "8", 
      "name": "Hayes, Robin", 
      "sponsored_at": "2005-06-21", 
      "state": "NC", 
      "thomas_id": "01600", 
      "title": "Rep", 
      "withdrawn_at": null
    }, 
    {
      "district": "5", 
      "name": "Hensarling, Jeb", 
      "sponsored_at": "2005-06-21", 
      "state": "TX", 
      "thomas_id": "01749", 
      "title": "Rep", 
      "withdrawn_at": null
    }, 
    {
      "district": "2", 
      "name": "Herger, Wally", 
      "sponsored_at": "2005-06-21", 
      "state": "CA", 
      "thomas_id": "00533", 
      "title": "Rep", 
      "withdrawn_at": null
    }, 
    {
      "district": "2", 
      "name": "Hoekstra, Peter", 
      "sponsored_at": "2005-06-21", 
      "state": "MI", 
      "thomas_id": "00547", 
      "title": "Rep", 
      "withdrawn_at": null
    }, 
    {
      "district": "8", 
      "name": "Hostettler, John N.", 
      "sponsored_at": "2005-06-21", 
      "state": "IN", 
      "thomas_id": "00562", 
      "title": "Rep", 
      "withdrawn_at": null
    }, 
    {
      "district": "9", 
      "name": "Hulshof, Kenny C.", 
      "sponsored_at": "2005-10-25", 
      "state": "MO", 
      "thomas_id": "01492", 
      "title": "Rep", 
      "withdrawn_at": null
    }, 
    {
      "district": "52", 
      "name": "Hunter, Duncan", 
      "sponsored_at": "2005-09-20", 
      "state": "CA", 
      "thomas_id": "00575", 
      "title": "Rep", 
      "withdrawn_at": null
    }, 
    {
      "district": "4", 
      "name": "Inglis, Bob", 
      "sponsored_at": "2005-06-21", 
      "state": "SC", 
      "thomas_id": "00582", 
      "title": "Rep", 
      "withdrawn_at": null
    }, 
    {
      "district": "5", 
      "name": "Istook, Ernest J., Jr.", 
      "sponsored_at": "2005-06-21", 
      "state": "OK", 
      "thomas_id": "00586", 
      "title": "Rep", 
      "withdrawn_at": null
    }, 
    {
      "district": "2", 
      "name": "Jefferson, William J.", 
      "sponsored_at": "2005-06-21", 
      "state": "LA", 
      "thomas_id": "00592", 
      "title": "Rep", 
      "withdrawn_at": null
    }, 
    {
      "district": "3", 
      "name": "Johnson, Sam", 
      "sponsored_at": "2005-06-21", 
      "state": "TX", 
      "thomas_id": "00603", 
      "title": "Rep", 
      "withdrawn_at": null
    }, 
    {
      "district": "3", 
      "name": "Jones, Walter B., Jr.", 
      "sponsored_at": "2005-06-21", 
      "state": "NC", 
      "thomas_id": "00612", 
      "title": "Rep", 
      "withdrawn_at": null
    }, 
    {
      "district": "6", 
      "name": "Kennedy, Mark R.", 
      "sponsored_at": "2005-06-21", 
      "state": "MN", 
      "thomas_id": "01652", 
      "title": "Rep", 
      "withdrawn_at": null
    }, 
    {
      "district": "5", 
      "name": "King, Steve", 
      "sponsored_at": "2005-09-20", 
      "state": "IA", 
      "thomas_id": "01724", 
      "title": "Rep", 
      "withdrawn_at": null
    }, 
    {
      "district": "2", 
      "name": "Kline, John", 
      "sponsored_at": "2005-09-28", 
      "state": "MN", 
      "thomas_id": "01733", 
      "title": "Rep", 
      "withdrawn_at": null
    }, 
    {
      "district": "18", 
      "name": "LaHood, Ray", 
      "sponsored_at": "2005-09-14", 
      "state": "IL", 
      "thomas_id": "00659", 
      "title": "Rep", 
      "withdrawn_at": null
    }, 
    {
      "district": "2", 
      "name": "Lewis, Ron", 
      "sponsored_at": "2005-10-25", 
      "state": "KY", 
      "thomas_id": "00689", 
      "title": "Rep", 
      "withdrawn_at": null
    }, 
    {
      "district": "14", 
      "name": "Mack, Connie", 
      "sponsored_at": "2005-06-21", 
      "state": "FL", 
      "thomas_id": "01776", 
      "title": "Rep", 
      "withdrawn_at": null
    }, 
    {
      "district": "16", 
      "name": "Manzullo, Donald A.", 
      "sponsored_at": "2005-06-21", 
      "state": "IL", 
      "thomas_id": "00733", 
      "title": "Rep", 
      "withdrawn_at": null
    }, 
    {
      "district": "24", 
      "name": "Marchant, Kenny", 
      "sponsored_at": "2005-09-14", 
      "state": "TX", 
      "thomas_id": "01806", 
      "title": "Rep", 
      "withdrawn_at": null
    }, 
    {
      "district": "10", 
      "name": "McCaul, Michael T.", 
      "sponsored_at": "2005-06-21", 
      "state": "TX", 
      "thomas_id": "01804", 
      "title": "Rep", 
      "withdrawn_at": null
    }, 
    {
      "district": "11", 
      "name": "McCotter, Thaddeus G.", 
      "sponsored_at": "2005-10-25", 
      "state": "MI", 
      "thomas_id": "01732", 
      "title": "Rep", 
      "withdrawn_at": null
    }, 
    {
      "district": "10", 
      "name": "McHenry, Patrick T.", 
      "sponsored_at": "2005-06-21", 
      "state": "NC", 
      "thomas_id": "01792", 
      "title": "Rep", 
      "withdrawn_at": null
    }, 
    {
      "district": "7", 
      "name": "McIntyre, Mike", 
      "sponsored_at": "2005-09-20", 
      "state": "NC", 
      "thomas_id": "01505", 
      "title": "Rep", 
      "withdrawn_at": null
    }, 
    {
      "district": "1", 
      "name": "Miller, Jeff", 
      "sponsored_at": "2005-06-21", 
      "state": "FL", 
      "thomas_id": "01685", 
      "title": "Rep", 
      "withdrawn_at": null
    }, 
    {
      "district": "18", 
      "name": "Murphy, Tim", 
      "sponsored_at": "2005-06-23", 
      "state": "PA", 
      "thomas_id": "01744", 
      "title": "Rep", 
      "withdrawn_at": null
    }, 
    {
      "district": "4", 
      "name": "Musgrave, Marilyn N.", 
      "sponsored_at": "2005-06-21", 
      "state": "CO", 
      "thomas_id": "01711", 
      "title": "Rep", 
      "withdrawn_at": null
    }, 
    {
      "district": "9", 
      "name": "Myrick, Sue Wilkins", 
      "sponsored_at": "2005-06-21", 
      "state": "NC", 
      "thomas_id": "00849", 
      "title": "Rep", 
      "withdrawn_at": null
    }, 
    {
      "district": "19", 
      "name": "Neugebauer, Randy", 
      "sponsored_at": "2005-06-21", 
      "state": "TX", 
      "thomas_id": "01758", 
      "title": "Rep", 
      "withdrawn_at": null
    }, 
    {
      "district": "9", 
      "name": "Norwood, Charles W.", 
      "sponsored_at": "2005-06-21", 
      "state": "GA", 
      "thomas_id": "00869", 
      "title": "Rep", 
      "withdrawn_at": null
    }, 
    {
      "district": "1", 
      "name": "Otter, C. L. (Butch)", 
      "sponsored_at": "2005-06-21", 
      "state": "ID", 
      "thomas_id": "01646", 
      "title": "Rep", 
      "withdrawn_at": null
    }, 
    {
      "district": "14", 
      "name": "Paul, Ron", 
      "sponsored_at": "2005-06-21", 
      "state": "TX", 
      "thomas_id": "00900", 
      "title": "Rep", 
      "withdrawn_at": null
    }, 
    {
      "district": "2", 
      "name": "Pearce, Stevan", 
      "sponsored_at": "2005-06-21", 
      "state": "NM", 
      "thomas_id": "01738", 
      "title": "Rep", 
      "withdrawn_at": null
    }, 
    {
      "district": "6", 
      "name": "Pence, Mike", 
      "sponsored_at": "2005-06-21", 
      "state": "IN", 
      "thomas_id": "01649", 
      "title": "Rep", 
      "withdrawn_at": null
    }, 
    {
      "district": "3", 
      "name": "Pickering, Charles W. \"Chip\"", 
      "sponsored_at": "2005-10-03", 
      "state": "MS", 
      "thomas_id": "01513", 
      "title": "Rep", 
      "withdrawn_at": null
    }, 
    {
      "district": "16", 
      "name": "Pitts, Joseph R.", 
      "sponsored_at": "2005-06-21", 
      "state": "PA", 
      "thomas_id": "01514", 
      "title": "Rep", 
      "withdrawn_at": null
    }, 
    {
      "district": "1", 
      "name": "Renzi, Rick", 
      "sponsored_at": "2005-06-21", 
      "state": "AZ", 
      "thomas_id": "01706", 
      "title": "Rep", 
      "withdrawn_at": null
    }, 
    {
      "district": "5", 
      "name": "Rogers, Harold", 
      "sponsored_at": "2005-06-30", 
      "state": "KY", 
      "thomas_id": "00977", 
      "title": "Rep", 
      "withdrawn_at": null
    }, 
    {
      "district": "3", 
      "name": "Rogers, Mike D.", 
      "sponsored_at": "2005-09-20", 
      "state": "AL", 
      "thomas_id": "01704", 
      "title": "Rep", 
      "withdrawn_at": null
    }, 
    {
      "district": "1", 
      "name": "Ryan, Paul", 
      "sponsored_at": "2005-11-18", 
      "state": "WI", 
      "thomas_id": "01560", 
      "title": "Rep", 
      "withdrawn_at": null
    }, 
    {
      "district": "2", 
      "name": "Ryun, Jim", 
      "sponsored_at": "2005-06-21", 
      "state": "KS", 
      "thomas_id": "01521", 
      "title": "Rep", 
      "withdrawn_at": null
    }, 
    {
      "district": "2", 
      "name": "Schmidt, Jean", 
      "sponsored_at": "2005-12-15", 
      "state": "OH", 
      "thomas_id": "01815", 
      "title": "Rep", 
      "withdrawn_at": null
    }, 
    {
      "district": "32", 
      "name": "Sessions, Pete", 
      "sponsored_at": "2005-06-21", 
      "state": "TX", 
      "thomas_id": "01525", 
      "title": "Rep", 
      "withdrawn_at": null
    }, 
    {
      "district": "3", 
      "name": "Shadegg, John B.", 
      "sponsored_at": "2005-06-21", 
      "state": "AZ", 
      "thomas_id": "01043", 
      "title": "Rep", 
      "withdrawn_at": null
    }, 
    {
      "district": "19", 
      "name": "Shimkus, John", 
      "sponsored_at": "2005-06-21", 
      "state": "IL", 
      "thomas_id": "01527", 
      "title": "Rep", 
      "withdrawn_at": null
    }, 
    {
      "district": "4", 
      "name": "Smith, Christopher H.", 
      "sponsored_at": "2005-06-21", 
      "state": "NJ", 
      "thomas_id": "01071", 
      "title": "Rep", 
      "withdrawn_at": null
    }, 
    {
      "district": "9", 
      "name": "Sodrel, Michael E.", 
      "sponsored_at": "2005-06-21", 
      "state": "IN", 
      "thomas_id": "01783", 
      "title": "Rep", 
      "withdrawn_at": null
    }, 
    {
      "district": "3", 
      "name": "Souder, Mark E.", 
      "sponsored_at": "2005-06-21", 
      "state": "IN", 
      "thomas_id": "01089", 
      "title": "Rep", 
      "withdrawn_at": null
    }, 
    {
      "district": "6", 
      "name": "Stearns, Cliff", 
      "sponsored_at": "2005-06-21", 
      "state": "FL", 
      "thomas_id": "01103", 
      "title": "Rep", 
      "withdrawn_at": null
    }, 
    {
      "district": "1", 
      "name": "Sullivan, John", 
      "sponsored_at": "2005-06-21", 
      "state": "OK", 
      "thomas_id": "01689", 
      "title": "Rep", 
      "withdrawn_at": null
    }, 
    {
      "district": "4", 
      "name": "Tiahrt, Todd", 
      "sponsored_at": "2005-06-21", 
      "state": "KS", 
      "thomas_id": "01158", 
      "title": "Rep", 
      "withdrawn_at": null
    }, 
    {
      "district": "3", 
      "name": "Wamp, Zach", 
      "sponsored_at": "2005-06-21", 
      "state": "TN", 
      "thomas_id": "01199", 
      "title": "Rep", 
      "withdrawn_at": null
    }, 
    {
      "district": "15", 
      "name": "Weldon, Dave", 
      "sponsored_at": "2005-06-21", 
      "state": "FL", 
      "thomas_id": "01215", 
      "title": "Rep", 
      "withdrawn_at": null
    }, 
    {
      "district": "1", 
      "name": "Whitfield, Ed", 
      "sponsored_at": "2005-06-21", 
      "state": "KY", 
      "thomas_id": "01222", 
      "title": "Rep", 
      "withdrawn_at": null
    }, 
    {
      "district": "1", 
      "name": "Wicker, Roger F.", 
      "sponsored_at": "2005-06-21", 
      "state": "MS", 
      "thomas_id": "01226", 
      "title": "Rep", 
      "withdrawn_at": null
    }, 
    {
      "district": "2", 
      "name": "Wilson, Joe", 
      "sponsored_at": "2005-06-21", 
      "state": "SC", 
      "thomas_id": "01688", 
      "title": "Rep", 
      "withdrawn_at": null
    }, 
    {
      "district": "10", 
      "name": "Wolf, Frank R.", 
      "sponsored_at": "2006-05-10", 
      "state": "VA", 
      "thomas_id": "01238", 
      "title": "Rep", 
      "withdrawn_at": null
    }
  ], 
  "enacted_as": null, 
  "history": {
    "awaiting_signature": false, 
    "enacted": false, 
    "vetoed": false
  }, 
  "introduced_at": "2005-06-21", 
  "number": "3011", 
  "official_title": "To establish certain requirements relating to the provision of services to minors by family planning projects under title X of the Public Health Service Act.", 
  "popular_title": null, 
  "related_bills": [
    {
      "bill_id": "s1279-109", 
      "reason": "identical"
    }
  ], 
  "short_title": "Parent's Right to Know Act of 2005", 
  "sponsor": {
    "district": "2", 
    "name": "Akin, W. Todd", 
    "state": "MO", 
    "thomas_id": "01655", 
    "title": "Rep", 
    "type": "person"
  }, 
  "status": "REFERRED", 
  "status_at": "2005-06-21", 
  "subjects": [
    "Access to health care", 
    "Birth control", 
    "Child health", 
    "Contraceptives", 
    "Economics and public finance", 
    "Families", 
    "Federal aid to health facilities", 
    "Government operations and politics", 
    "Health", 
    "Minors", 
    "Parent and child", 
    "State laws"
  ], 
  "subjects_top_term": "Health", 
  "summary": {
    "as": "Introduced", 
    "date": "2005-06-21", 
    "text": "Parent's Right to Know Act of 2005 - Prohibits any funds appropriated for carrying out federal family planning programs from being made available to any family planning project if any service provider in the project knowingly provides contraceptive drugs or devices to a minor, unless: (1) such provider has given actual written notice to a custodial parent or legal guardian at least five business days prior to providing the drugs or prescription devices; (2) the minor has written consent of a parent or legal guardian; (3) the minor is emancipated; or (4) a court has directed that the minor may receive such drugs or prescription devices. Requires providers to certify to the Secretary of Health and Human Services compliance with this Act."
  }, 
  "titles": [
    {
      "as": "introduced", 
      "title": "Parent's Right to Know Act of 2005", 
      "type": "short"
    }, 
    {
      "as": "introduced", 
      "title": "To establish certain requirements relating to the provision of services to minors by family planning projects under title X of the Public Health Service Act.", 
      "type": "official"
    }
  ], 
  "updated_at": "2013-02-02T20:40:30-05:00"
}