{
  "actions": [
    {
      "acted_at": "2005-01-25", 
      "references": [
        {
          "reference": "CR E72", 
          "type": null
        }
      ], 
      "text": "Sponsor introductory remarks on measure.", 
      "type": "action"
    }, 
    {
      "acted_at": "2005-01-25", 
      "committee": "House Committee on Government Reform", 
      "references": [], 
      "status": "REFERRED", 
      "text": "Referred to the House Committee on Government Reform.", 
      "type": "referral"
    }
  ], 
  "amendments": [], 
  "bill_id": "hr337-109", 
  "bill_type": "hr", 
  "committees": [
    {
      "activity": [
        "referral", 
        "in committee"
      ], 
      "committee": "House Government Reform", 
      "committee_id": "HSGO"
    }
  ], 
  "congress": "109", 
  "cosponsors": [], 
  "enacted_as": null, 
  "history": {
    "awaiting_signature": false, 
    "enacted": false, 
    "vetoed": false
  }, 
  "introduced_at": "2005-01-25", 
  "number": "337", 
  "official_title": "To amend title 13, United States Code, to provide that the term of office of the Director of the Census shall be 5 years, to provide that the Director of the Census report directly to the Secretary of Commerce, and for other purposes.", 
  "popular_title": null, 
  "related_bills": [], 
  "short_title": null, 
  "sponsor": {
    "district": "14", 
    "name": "Maloney, Carolyn B.", 
    "state": "NY", 
    "thomas_id": "00729", 
    "title": "Rep", 
    "type": "person"
  }, 
  "status": "REFERRED", 
  "status_at": "2005-01-25", 
  "subjects": [
    "Administrative procedure", 
    "Census", 
    "Department of Commerce", 
    "Federal officials", 
    "Government operations and politics", 
    "Law", 
    "Term limits"
  ], 
  "subjects_top_term": "Government operations and politics", 
  "summary": {
    "as": "Introduced", 
    "date": "2005-01-25", 
    "text": "Amends provisions relating to the Director of the Bureau of the Census to: (1) require the Director to report directly to the Secretary of Commerce; and (2) provide that the term of office of the Director shall be five years."
  }, 
  "titles": [
    {
      "as": "introduced", 
      "title": "To amend title 13, United States Code, to provide that the term of office of the Director of the Census shall be 5 years, to provide that the Director of the Census report directly to the Secretary of Commerce, and for other purposes.", 
      "type": "official"
    }
  ], 
  "updated_at": "2013-02-02T20:39:14-05:00"
}