{
  "actions": [
    {
      "acted_at": "2005-04-13", 
      "committee": "House Committee on the Judiciary", 
      "references": [], 
      "status": "REFERRED", 
      "text": "Referred to the House Committee on the Judiciary.", 
      "type": "referral"
    }, 
    {
      "acted_at": "2005-05-10", 
      "in_committee": "House Committee on the Judiciary", 
      "references": [], 
      "subcommittee": "Crime, Terrorism, and Homeland Security", 
      "text": "Referred to the Subcommittee on Crime, Terrorism, and Homeland Security.", 
      "type": "referral"
    }
  ], 
  "amendments": [], 
  "bill_id": "hr1602-109", 
  "bill_type": "hr", 
  "committees": [
    {
      "activity": [
        "referral", 
        "in committee"
      ], 
      "committee": "House Judiciary", 
      "committee_id": "HSJU"
    }, 
    {
      "activity": [
        "referral"
      ], 
      "committee": "House Judiciary", 
      "committee_id": "HSJU", 
      "subcommittee": "Subcommittee on Crime, Terrorism, and Homeland Security", 
      "subcommittee_id": "08"
    }
  ], 
  "congress": "109", 
  "cosponsors": [
    {
      "district": "6", 
      "name": "Bachus, Spencer", 
      "sponsored_at": "2005-05-26", 
      "state": "AL", 
      "thomas_id": "00038", 
      "title": "Rep", 
      "withdrawn_at": null
    }, 
    {
      "district": "6", 
      "name": "Bartlett, Roscoe G.", 
      "sponsored_at": "2005-09-07", 
      "state": "MD", 
      "thomas_id": "00060", 
      "title": "Rep", 
      "withdrawn_at": null
    }, 
    {
      "district": "2", 
      "name": "Bass, Charles F.", 
      "sponsored_at": "2005-06-14", 
      "state": "NH", 
      "thomas_id": "00063", 
      "title": "Rep", 
      "withdrawn_at": null
    }, 
    {
      "district": "1", 
      "name": "Berkley, Shelley", 
      "sponsored_at": "2005-09-07", 
      "state": "NV", 
      "thomas_id": "01576", 
      "title": "Rep", 
      "withdrawn_at": null
    }, 
    {
      "district": "9", 
      "name": "Bilirakis, Michael", 
      "sponsored_at": "2005-09-13", 
      "state": "FL", 
      "thomas_id": "00089", 
      "title": "Rep", 
      "withdrawn_at": null
    }, 
    {
      "district": "3", 
      "name": "Boozman, John", 
      "sponsored_at": "2005-09-28", 
      "state": "AR", 
      "thomas_id": "01687", 
      "title": "Rep", 
      "withdrawn_at": null
    }, 
    {
      "district": "2", 
      "name": "Case, Ed", 
      "sponsored_at": "2005-05-25", 
      "state": "HI", 
      "thomas_id": "01693", 
      "title": "Rep", 
      "withdrawn_at": null
    }, 
    {
      "district": "6", 
      "name": "Coble, Howard", 
      "sponsored_at": "2005-05-12", 
      "state": "NC", 
      "thomas_id": "00211", 
      "title": "Rep", 
      "withdrawn_at": null
    }, 
    {
      "district": "20", 
      "name": "Costa, Jim", 
      "sponsored_at": "2005-05-12", 
      "state": "CA", 
      "thomas_id": "01774", 
      "title": "Rep", 
      "withdrawn_at": null
    }, 
    {
      "district": "50", 
      "name": "Cunningham, Randy (Duke)", 
      "sponsored_at": "2005-05-25", 
      "state": "CA", 
      "thomas_id": "00258", 
      "title": "Rep", 
      "withdrawn_at": null
    }, 
    {
      "district": "7", 
      "name": "Davis, Artur", 
      "sponsored_at": "2005-09-07", 
      "state": "AL", 
      "thomas_id": "01705", 
      "title": "Rep", 
      "withdrawn_at": null
    }, 
    {
      "district": "11", 
      "name": "Davis, Jim", 
      "sponsored_at": "2005-09-07", 
      "state": "FL", 
      "thomas_id": "01478", 
      "title": "Rep", 
      "withdrawn_at": null
    }, 
    {
      "district": "11", 
      "name": "Davis, Tom", 
      "sponsored_at": "2005-09-13", 
      "state": "VA", 
      "thomas_id": "00274", 
      "title": "Rep", 
      "withdrawn_at": null
    }, 
    {
      "district": "15", 
      "name": "Dent, Charles W.", 
      "sponsored_at": "2005-05-18", 
      "state": "PA", 
      "thomas_id": "01799", 
      "title": "Rep", 
      "withdrawn_at": null
    }, 
    {
      "district": "14", 
      "name": "Doyle, Michael F.", 
      "sponsored_at": "2005-11-03", 
      "state": "PA", 
      "thomas_id": "00316", 
      "title": "Rep", 
      "withdrawn_at": null
    }, 
    {
      "district": "26", 
      "name": "Dreier, David", 
      "sponsored_at": "2005-09-07", 
      "state": "CA", 
      "thomas_id": "00317", 
      "title": "Rep", 
      "withdrawn_at": null
    }, 
    {
      "district": "8", 
      "name": "Emerson, Jo Ann", 
      "sponsored_at": "2005-09-13", 
      "state": "MO", 
      "thomas_id": "01481", 
      "title": "Rep", 
      "withdrawn_at": null
    }, 
    {
      "district": "51", 
      "name": "Filner, Bob", 
      "sponsored_at": "2005-09-07", 
      "state": "CA", 
      "thomas_id": "00381", 
      "title": "Rep", 
      "withdrawn_at": null
    }, 
    {
      "district": "8", 
      "name": "Fitzpatrick, Michael G.", 
      "sponsored_at": "2005-12-06", 
      "state": "PA", 
      "thomas_id": "01797", 
      "title": "Rep", 
      "withdrawn_at": null
    }, 
    {
      "district": "16", 
      "name": "Foley, Mark", 
      "sponsored_at": "2005-09-07", 
      "state": "FL", 
      "thomas_id": "00396", 
      "title": "Rep", 
      "withdrawn_at": null
    }, 
    {
      "district": "4", 
      "name": "Forbes, J. Randy", 
      "sponsored_at": "2005-05-25", 
      "state": "VA", 
      "thomas_id": "01683", 
      "title": "Rep", 
      "withdrawn_at": null
    }, 
    {
      "district": "13", 
      "name": "Fossella, Vito", 
      "sponsored_at": "2005-09-21", 
      "state": "NY", 
      "thomas_id": "01484", 
      "title": "Rep", 
      "withdrawn_at": null
    }, 
    {
      "district": "2", 
      "name": "Franks, Trent", 
      "sponsored_at": "2005-05-25", 
      "state": "AZ", 
      "thomas_id": "01707", 
      "title": "Rep", 
      "withdrawn_at": null
    }, 
    {
      "district": "6", 
      "name": "Gerlach, Jim", 
      "sponsored_at": "2005-09-07", 
      "state": "PA", 
      "thomas_id": "01743", 
      "title": "Rep", 
      "withdrawn_at": null
    }, 
    {
      "district": "29", 
      "name": "Green, Gene", 
      "sponsored_at": "2005-09-07", 
      "state": "TX", 
      "thomas_id": "00462", 
      "title": "Rep", 
      "withdrawn_at": null
    }, 
    {
      "district": "7", 
      "name": "Grijalva, Raul M.", 
      "sponsored_at": "2005-09-07", 
      "state": "AZ", 
      "thomas_id": "01708", 
      "title": "Rep", 
      "withdrawn_at": null
    }, 
    {
      "district": "4", 
      "name": "Hall, Ralph M.", 
      "sponsored_at": "2005-10-06", 
      "state": "TX", 
      "thomas_id": "00484", 
      "title": "Rep", 
      "withdrawn_at": null
    }, 
    {
      "district": "13", 
      "name": "Harris, Katherine", 
      "sponsored_at": "2005-07-20", 
      "state": "FL", 
      "thomas_id": "01714", 
      "title": "Rep", 
      "withdrawn_at": null
    }, 
    {
      "district": "4", 
      "name": "Hart, Melissa A.", 
      "sponsored_at": "2005-06-09", 
      "state": "PA", 
      "thomas_id": "01666", 
      "title": "Rep", 
      "withdrawn_at": null
    }, 
    {
      "district": "8", 
      "name": "Hayes, Robin", 
      "sponsored_at": "2005-09-07", 
      "state": "NC", 
      "thomas_id": "01600", 
      "title": "Rep", 
      "withdrawn_at": null
    }, 
    {
      "district": "1", 
      "name": "Inslee, Jay", 
      "sponsored_at": "2005-07-11", 
      "state": "WA", 
      "thomas_id": "00584", 
      "title": "Rep", 
      "withdrawn_at": null
    }, 
    {
      "district": "9", 
      "name": "Kaptur, Marcy", 
      "sponsored_at": "2005-10-27", 
      "state": "OH", 
      "thomas_id": "00616", 
      "title": "Rep", 
      "withdrawn_at": null
    }, 
    {
      "district": "3", 
      "name": "King, Peter T.", 
      "sponsored_at": "2005-09-07", 
      "state": "NY", 
      "thomas_id": "00635", 
      "title": "Rep", 
      "withdrawn_at": null
    }, 
    {
      "district": "29", 
      "name": "Kuhl, John R. \"Randy\", Jr.", 
      "sponsored_at": "2005-06-09", 
      "state": "NY", 
      "thomas_id": "01795", 
      "title": "Rep", 
      "withdrawn_at": null
    }, 
    {
      "district": "14", 
      "name": "LaTourette, Steven C.", 
      "sponsored_at": "2005-09-07", 
      "state": "OH", 
      "thomas_id": "00667", 
      "title": "Rep", 
      "withdrawn_at": null
    }, 
    {
      "district": "2", 
      "name": "Lewis, Ron", 
      "sponsored_at": "2005-09-07", 
      "state": "KY", 
      "thomas_id": "00689", 
      "title": "Rep", 
      "withdrawn_at": null
    }, 
    {
      "district": "16", 
      "name": "Lofgren, Zoe", 
      "sponsored_at": "2005-09-21", 
      "state": "CA", 
      "thomas_id": "00701", 
      "title": "Rep", 
      "withdrawn_at": null
    }, 
    {
      "district": "3", 
      "name": "Lungren, Daniel E.", 
      "sponsored_at": "2005-07-14", 
      "state": "CA", 
      "thomas_id": "00717", 
      "title": "Rep", 
      "withdrawn_at": null
    }, 
    {
      "district": "16", 
      "name": "Manzullo, Donald A.", 
      "sponsored_at": "2005-09-07", 
      "state": "IL", 
      "thomas_id": "00733", 
      "title": "Rep", 
      "withdrawn_at": null
    }, 
    {
      "district": "10", 
      "name": "McCaul, Michael T.", 
      "sponsored_at": "2005-07-14", 
      "state": "TX", 
      "thomas_id": "01804", 
      "title": "Rep", 
      "withdrawn_at": null
    }, 
    {
      "district": "7", 
      "name": "McDermott, Jim", 
      "sponsored_at": "2005-04-28", 
      "state": "WA", 
      "thomas_id": "00766", 
      "title": "Rep", 
      "withdrawn_at": null
    }, 
    {
      "district": "25", 
      "name": "McKeon, Howard P. \"Buck\"", 
      "sponsored_at": "2005-06-23", 
      "state": "CA", 
      "thomas_id": "00778", 
      "title": "Rep", 
      "withdrawn_at": null
    }, 
    {
      "district": "5", 
      "name": "McMorris Rodgers, Cathy", 
      "sponsored_at": "2005-07-20", 
      "state": "WA", 
      "thomas_id": "01809", 
      "title": "Rep", 
      "withdrawn_at": null
    }, 
    {
      "district": "42", 
      "name": "Miller, Gary G.", 
      "sponsored_at": "2005-09-07", 
      "state": "CA", 
      "thomas_id": "01584", 
      "title": "Rep", 
      "withdrawn_at": null
    }, 
    {
      "district": "3", 
      "name": "Moore, Dennis", 
      "sponsored_at": "2005-09-13", 
      "state": "KS", 
      "thomas_id": "01561", 
      "title": "Rep", 
      "withdrawn_at": null
    }, 
    {
      "district": "9", 
      "name": "Norwood, Charles W.", 
      "sponsored_at": "2005-07-11", 
      "state": "GA", 
      "thomas_id": "00869", 
      "title": "Rep", 
      "withdrawn_at": null
    }, 
    {
      "district": "4", 
      "name": "Pastor, Ed", 
      "sponsored_at": "2005-09-07", 
      "state": "AZ", 
      "thomas_id": "00893", 
      "title": "Rep", 
      "withdrawn_at": null
    }, 
    {
      "district": "7", 
      "name": "Peterson, Collin C.", 
      "sponsored_at": "2005-09-29", 
      "state": "MN", 
      "thomas_id": "00910", 
      "title": "Rep", 
      "withdrawn_at": null
    }, 
    {
      "district": "16", 
      "name": "Pitts, Joseph R.", 
      "sponsored_at": "2005-09-07", 
      "state": "PA", 
      "thomas_id": "01514", 
      "title": "Rep", 
      "withdrawn_at": null
    }, 
    {
      "district": "19", 
      "name": "Platts, Todd Russell", 
      "sponsored_at": "2005-09-07", 
      "state": "PA", 
      "thomas_id": "01667", 
      "title": "Rep", 
      "withdrawn_at": null
    }, 
    {
      "district": "2", 
      "name": "Poe, Ted", 
      "sponsored_at": "2005-06-21", 
      "state": "TX", 
      "thomas_id": "01802", 
      "title": "Rep", 
      "withdrawn_at": null
    }, 
    {
      "district": "8", 
      "name": "Reichert, David G.", 
      "sponsored_at": "2005-07-25", 
      "state": "WA", 
      "thomas_id": "01810", 
      "title": "Rep", 
      "withdrawn_at": null
    }, 
    {
      "district": "46", 
      "name": "Rohrabacher, Dana", 
      "sponsored_at": "2005-05-25", 
      "state": "CA", 
      "thomas_id": "00979", 
      "title": "Rep", 
      "withdrawn_at": null
    }, 
    {
      "district": "40", 
      "name": "Royce, Edward R.", 
      "sponsored_at": "2005-05-10", 
      "state": "CA", 
      "thomas_id": "00998", 
      "title": "Rep", 
      "withdrawn_at": null
    }, 
    {
      "district": "2", 
      "name": "Ruppersberger, C. A. Dutch", 
      "sponsored_at": "2005-05-25", 
      "state": "MD", 
      "thomas_id": "01728", 
      "title": "Rep", 
      "withdrawn_at": null
    }, 
    {
      "district": "17", 
      "name": "Ryan, Tim", 
      "sponsored_at": "2005-07-25", 
      "state": "OH", 
      "thomas_id": "01756", 
      "title": "Rep", 
      "withdrawn_at": null
    }, 
    {
      "district": "29", 
      "name": "Schiff, Adam B.", 
      "sponsored_at": "2005-05-25", 
      "state": "CA", 
      "thomas_id": "01635", 
      "title": "Rep", 
      "withdrawn_at": null
    }, 
    {
      "district": "7", 
      "name": "Schwarz, John J.H. \"Joe\"", 
      "sponsored_at": "2005-06-21", 
      "state": "MI", 
      "thomas_id": "01788", 
      "title": "Rep", 
      "withdrawn_at": null
    }, 
    {
      "district": "32", 
      "name": "Sessions, Pete", 
      "sponsored_at": "2005-07-14", 
      "state": "TX", 
      "thomas_id": "01525", 
      "title": "Rep", 
      "withdrawn_at": null
    }, 
    {
      "district": "4", 
      "name": "Shays, Christopher", 
      "sponsored_at": "2005-09-13", 
      "state": "CT", 
      "thomas_id": "01048", 
      "title": "Rep", 
      "withdrawn_at": null
    }, 
    {
      "district": "2", 
      "name": "Snyder, Vic", 
      "sponsored_at": "2005-10-06", 
      "state": "AR", 
      "thomas_id": "01530", 
      "title": "Rep", 
      "withdrawn_at": null
    }, 
    {
      "district": "6", 
      "name": "Tancredo, Thomas G.", 
      "sponsored_at": "2005-09-07", 
      "state": "CO", 
      "thomas_id": "01592", 
      "title": "Rep", 
      "withdrawn_at": null
    }, 
    {
      "district": "2", 
      "name": "Terry, Lee", 
      "sponsored_at": "2005-09-28", 
      "state": "NE", 
      "thomas_id": "01566", 
      "title": "Rep", 
      "withdrawn_at": null
    }, 
    {
      "district": "2", 
      "name": "Udall, Mark", 
      "sponsored_at": "2005-04-21", 
      "state": "CO", 
      "thomas_id": "01595", 
      "title": "Rep", 
      "withdrawn_at": null
    }, 
    {
      "district": "3", 
      "name": "Wamp, Zach", 
      "sponsored_at": "2005-09-07", 
      "state": "TN", 
      "thomas_id": "01199", 
      "title": "Rep", 
      "withdrawn_at": null
    }, 
    {
      "district": "7", 
      "name": "Weldon, Curt", 
      "sponsored_at": "2005-06-09", 
      "state": "PA", 
      "thomas_id": "01214", 
      "title": "Rep", 
      "withdrawn_at": null
    }, 
    {
      "district": "15", 
      "name": "Weldon, Dave", 
      "sponsored_at": "2005-05-18", 
      "state": "FL", 
      "thomas_id": "01215", 
      "title": "Rep", 
      "withdrawn_at": null
    }, 
    {
      "district": "2", 
      "name": "Wilson, Joe", 
      "sponsored_at": "2005-06-24", 
      "state": "SC", 
      "thomas_id": "01688", 
      "title": "Rep", 
      "withdrawn_at": null
    }
  ], 
  "enacted_as": null, 
  "history": {
    "awaiting_signature": false, 
    "enacted": false, 
    "vetoed": false
  }, 
  "introduced_at": "2005-04-13", 
  "number": "1602", 
  "official_title": "To provide grants for prosecutions of cases cleared through use of DNA backlog clearance funds.", 
  "popular_title": null, 
  "related_bills": [
    {
      "bill_id": "s1727-109", 
      "reason": "identical"
    }
  ], 
  "short_title": "Grants for DNA Backlog Prosecutions Act", 
  "sponsor": {
    "district": "24", 
    "name": "Gallegly, Elton", 
    "state": "CA", 
    "thomas_id": "00425", 
    "title": "Rep", 
    "type": "person"
  }, 
  "status": "REFERRED", 
  "status_at": "2005-04-13", 
  "subjects": [
    "Crime and law enforcement", 
    "DNA", 
    "Economics and public finance", 
    "Employee training", 
    "Federal aid to law enforcement", 
    "Government operations and politics", 
    "Identification of criminals", 
    "Labor and employment", 
    "Prosecution", 
    "Public prosecutors", 
    "Recruiting of employees"
  ], 
  "subjects_top_term": "Crime and law enforcement", 
  "summary": {
    "as": "Introduced", 
    "date": "2005-04-13", 
    "text": "Grants for DNA Backlog Prosecutions Act - Amends the Justice for All Act of 2004 to direct the Attorney General to make grants to train and employ personnel to help prosecute cases cleared through the use of funds provided for DNA backlog elimination."
  }, 
  "titles": [
    {
      "as": "introduced", 
      "title": "Grants for DNA Backlog Prosecutions Act", 
      "type": "short"
    }, 
    {
      "as": "introduced", 
      "title": "To provide grants for prosecutions of cases cleared through use of DNA backlog clearance funds.", 
      "type": "official"
    }
  ], 
  "updated_at": "2013-02-02T20:39:52-05:00"
}