{
  "actions": [
    {
      "acted_at": "2005-09-13", 
      "committee": "House Committee on the Judiciary", 
      "references": [], 
      "status": "REFERRED", 
      "text": "Referred to the House Committee on the Judiciary.", 
      "type": "referral"
    }, 
    {
      "acted_at": "2005-09-14T11:27:00-04:00", 
      "references": [], 
      "text": "Mr. Sensenbrenner moved to suspend the rules and pass the bill.", 
      "type": "action"
    }, 
    {
      "acted_at": "2005-09-14T11:27:00-04:00", 
      "references": [
        {
          "reference": "CR H7883-7887", 
          "type": "consideration"
        }
      ], 
      "text": "Considered under suspension of the rules.", 
      "type": "action"
    }, 
    {
      "acted_at": "2005-09-14T11:27:00-04:00", 
      "references": [], 
      "text": "DEBATE - The House proceeded with forty minutes of debate on H.R. 3736.", 
      "type": "action"
    }, 
    {
      "acted_at": "2005-09-14T12:02:00-04:00", 
      "how": "by voice vote", 
      "references": [
        {
          "reference": "CR H7883", 
          "type": "text"
        }
      ], 
      "result": "pass", 
      "status": "PASS_OVER:HOUSE", 
      "suspension": null, 
      "text": "On motion to suspend the rules and pass the bill Agreed to by voice vote.", 
      "type": "vote", 
      "vote_type": "vote", 
      "where": "h"
    }, 
    {
      "acted_at": "2005-09-14T12:02:00-04:00", 
      "references": [], 
      "text": "Motion to reconsider laid on the table Agreed to without objection.", 
      "type": "action"
    }, 
    {
      "acted_at": "2005-09-15", 
      "references": [], 
      "text": "Received in the Senate.", 
      "type": "action"
    }, 
    {
      "acted_at": "2005-09-28", 
      "committee": "Committee on the Judiciary", 
      "references": [], 
      "text": "Read twice and referred to the Committee on the Judiciary.", 
      "type": "referral"
    }
  ], 
  "amendments": [], 
  "bill_id": "hr3736-109", 
  "bill_type": "hr", 
  "committees": [
    {
      "activity": [
        "referral"
      ], 
      "committee": "House Judiciary", 
      "committee_id": "HSJU"
    }, 
    {
      "activity": [
        "referral", 
        "in committee"
      ], 
      "committee": "Senate Judiciary", 
      "committee_id": "SSJU"
    }
  ], 
  "congress": "109", 
  "cosponsors": [], 
  "enacted_as": null, 
  "history": {
    "awaiting_signature": false, 
    "enacted": false, 
    "house_passage_result": "pass", 
    "house_passage_result_at": "2005-09-14T12:02:00-04:00", 
    "vetoed": false
  }, 
  "introduced_at": "2005-09-13", 
  "number": "3736", 
  "official_title": "To protect volunteers assisting the victims of Hurricane Katrina.", 
  "popular_title": null, 
  "related_bills": [], 
  "short_title": "Katrina Volunteer Protection Act of 2005", 
  "sponsor": {
    "district": "5", 
    "name": "Sensenbrenner, F. James, Jr.", 
    "state": "WI", 
    "thomas_id": "01041", 
    "title": "Rep", 
    "type": "person"
  }, 
  "status": "PASS_OVER:HOUSE", 
  "status_at": "2005-09-14T12:02:00-04:00", 
  "subjects": [
    "Alabama", 
    "Emergency management", 
    "Emergency medicine", 
    "Federal preemption", 
    "Floods", 
    "Good samaritan laws", 
    "Government operations and politics", 
    "Health", 
    "Hurricane aftermath legislation", 
    "Hurricanes", 
    "Law", 
    "Liability (Law)", 
    "Louisiana", 
    "Medical personnel", 
    "Mississippi", 
    "Rescue work", 
    "Social welfare", 
    "State laws", 
    "Volunteer workers", 
    "Water resources development"
  ], 
  "subjects_top_term": "Law", 
  "summary": {
    "as": "Passed House without amendment", 
    "date": "2005-09-14", 
    "text": "Katrina Volunteer Protection Act of 2005 - Grants volunteers who provide assistance to victims of Hurricane Katrina immunity from liability for injuries resulting from aid provided to such victims, except for injuries caused by willful, wanton, reckless or criminal conduct or conduct that constitutes a violation of a federal or state civil rights law."
  }, 
  "titles": [
    {
      "as": "introduced", 
      "title": "Katrina Volunteer Protection Act of 2005", 
      "type": "short"
    }, 
    {
      "as": "passed house", 
      "title": "Katrina Volunteer Protection Act of 2005", 
      "type": "short"
    }, 
    {
      "as": "introduced", 
      "title": "To protect volunteers assisting the victims of Hurricane Katrina.", 
      "type": "official"
    }
  ], 
  "updated_at": "2013-02-02T20:40:49-05:00"
}