{
  "actions": [
    {
      "acted_at": "2005-12-17", 
      "committee": "House Committee on Resources", 
      "references": [], 
      "status": "REFERRED", 
      "text": "Referred to the House Committee on Resources.", 
      "type": "referral"
    }, 
    {
      "acted_at": "2006-01-13", 
      "in_committee": "House Committee on Resources", 
      "references": [], 
      "subcommittee": "Forests and Forest Health", 
      "text": "Referred to the Subcommittee on Forests and Forest Health.", 
      "type": "referral"
    }
  ], 
  "amendments": [], 
  "bill_id": "hr4627-109", 
  "bill_type": "hr", 
  "committees": [
    {
      "activity": [
        "referral", 
        "in committee"
      ], 
      "committee": "House Resources", 
      "committee_id": "HSII"
    }, 
    {
      "activity": [
        "referral"
      ], 
      "committee": "House Resources", 
      "committee_id": "HSII", 
      "subcommittee": "Subcommittee on Forests and Forest Health", 
      "subcommittee_id": "20"
    }
  ], 
  "congress": "109", 
  "cosponsors": [
    {
      "district": "1", 
      "name": "Berkley, Shelley", 
      "sponsored_at": "2005-12-18", 
      "state": "NV", 
      "thomas_id": "01576", 
      "title": "Rep", 
      "withdrawn_at": null
    }, 
    {
      "district": "3", 
      "name": "Porter, Jon C.", 
      "sponsored_at": "2005-12-18", 
      "state": "NV", 
      "thomas_id": "01739", 
      "title": "Rep", 
      "withdrawn_at": null
    }
  ], 
  "enacted_as": null, 
  "history": {
    "awaiting_signature": false, 
    "enacted": false, 
    "vetoed": false
  }, 
  "introduced_at": "2005-12-17", 
  "number": "4627", 
  "official_title": "To validate certain conveyances made by the Union Pacific Railroad Company of lands located in Reno, Nevada, that were originally conveyed by the United States to facilitate construction of transcontinental railroads, and for other purposes.", 
  "popular_title": null, 
  "related_bills": [
    {
      "bill_id": "s2204-109", 
      "reason": "related"
    }
  ], 
  "short_title": null, 
  "sponsor": {
    "district": "2", 
    "name": "Gibbons, Jim", 
    "state": "NV", 
    "thomas_id": "01485", 
    "title": "Rep", 
    "type": "person"
  }, 
  "status": "REFERRED", 
  "status_at": "2005-12-17", 
  "subjects": [
    "Land transfers", 
    "Nevada", 
    "Public lands and natural resources", 
    "Railroad land grants", 
    "Railroads", 
    "Transportation and public works"
  ], 
  "subjects_top_term": "Public lands and natural resources", 
  "summary": {
    "as": "Introduced", 
    "date": "2005-12-17", 
    "text": "Validates the conveyance made by: (1) the Union Pacific Railroad Company pursuant to the Memorandum of Understanding for Reno Rail Corridor, entered into on December 1, 1998, to the City of Reno, Nevada, of land originally granted by the United States to the predecessor of the Union Pacific Railroad Company to facilitate construction of transcontinental railroads; and (2) CTB Inc., a Nevada Corporation, to the City of Reno, Nevada, of certain land deeded dated October 22, 2002. Releases all right, title, and interest of the United States in and to such lands to the City of Reno, Nevada, without consideration."
  }, 
  "titles": [
    {
      "as": "introduced", 
      "title": "To validate certain conveyances made by the Union Pacific Railroad Company of lands located in Reno, Nevada, that were originally conveyed by the United States to facilitate construction of transcontinental railroads, and for other purposes.", 
      "type": "official"
    }
  ], 
  "updated_at": "2013-02-02T20:41:13-05:00"
}