{
  "actions": [
    {
      "acted_at": "2005-02-17", 
      "references": [
        {
          "reference": "CR E269-271", 
          "type": null
        }
      ], 
      "text": "Sponsor introductory remarks on measure.", 
      "type": "action"
    }, 
    {
      "acted_at": "2005-02-17", 
      "committee": "Committee on International Relations, and in addition to the Committees on Armed Services, the Judiciary, and Energy and Commerce, for a period to be subsequently determined by the Speaker, in each case for consideration of such provisions as fall within the jurisdiction of the committee concerned", 
      "references": [], 
      "status": "REFERRED", 
      "text": "Referred to the Committee on International Relations, and in addition to the Committees on Armed Services, the Judiciary, and Energy and Commerce, for a period to be subsequently determined by the Speaker, in each case for consideration of such provisions as fall within the jurisdiction of the committee concerned.", 
      "type": "referral"
    }, 
    {
      "acted_at": "2005-02-17", 
      "committee": "House International Relations", 
      "references": [], 
      "text": "Referred to House International Relations", 
      "type": "referral"
    }, 
    {
      "acted_at": "2005-02-17", 
      "in_committee": "House International Relations", 
      "references": [], 
      "subcommittee": "Africa, Global Human Rights and International Relations", 
      "text": "Referred to the Subcommittee on Africa, Global Human Rights and International Relations.", 
      "type": "referral"
    }, 
    {
      "acted_at": "2005-02-17", 
      "committee": "House Armed Services", 
      "references": [], 
      "text": "Referred to House Armed Services", 
      "type": "referral"
    }, 
    {
      "acted_at": "2005-02-17", 
      "committee": "House Judiciary", 
      "references": [], 
      "text": "Referred to House Judiciary", 
      "type": "referral"
    }, 
    {
      "acted_at": "2005-02-17", 
      "committee": "House Energy and Commerce", 
      "references": [], 
      "text": "Referred to House Energy and Commerce", 
      "type": "referral"
    }, 
    {
      "acted_at": "2005-03-02", 
      "references": [
        {
          "reference": "CR H854-855", 
          "type": null
        }
      ], 
      "text": "Sponsor introductory remarks on measure.", 
      "type": "action"
    }, 
    {
      "acted_at": "2005-03-09", 
      "references": [
        {
          "reference": "CR E399-400", 
          "type": null
        }
      ], 
      "text": "Sponsor introductory remarks on measure.", 
      "type": "action"
    }, 
    {
      "acted_at": "2005-03-10", 
      "in_committee": "House International Relations", 
      "in_subcommittee": "Africa, Global Human Rights and International Relations", 
      "references": [], 
      "text": "Subcommittee Consideration and Mark-up Session Held.", 
      "type": "action"
    }, 
    {
      "acted_at": "2005-03-10", 
      "in_committee": "House International Relations", 
      "in_subcommittee": "Africa, Global Human Rights and International Relations", 
      "references": [], 
      "text": "Forwarded by Subcommittee to Full Committee (Amended) by Voice Vote.", 
      "type": "action"
    }, 
    {
      "acted_at": "2005-03-14", 
      "in_committee": "House Energy and Commerce", 
      "references": [], 
      "subcommittee": "Health, for a period to be subsequently determined by the Chairman", 
      "text": "Referred to the Subcommittee on Health, for a period to be subsequently determined by the Chairman.", 
      "type": "referral"
    }, 
    {
      "acted_at": "2005-03-17", 
      "in_committee": "House Armed Services", 
      "references": [], 
      "text": "Executive Comment Requested from DOD.", 
      "type": "action"
    }, 
    {
      "acted_at": "2005-03-17", 
      "in_committee": "House Armed Services", 
      "references": [], 
      "subcommittee": "Military Personnel", 
      "text": "Referred to the Subcommittee on Military Personnel.", 
      "type": "referral"
    }, 
    {
      "acted_at": "2005-04-04", 
      "in_committee": "House Judiciary", 
      "references": [], 
      "subcommittee": "Immigration, Border Security, and Claims", 
      "text": "Referred to the Subcommittee on Immigration, Border Security, and Claims.", 
      "type": "referral"
    }, 
    {
      "acted_at": "2005-05-19", 
      "references": [
        {
          "reference": "CR E1026-1027", 
          "type": null
        }
      ], 
      "text": "Sponsor introductory remarks on measure.", 
      "type": "action"
    }, 
    {
      "acted_at": "2005-10-07", 
      "in_committee": "House International Relations", 
      "references": [], 
      "text": "Committee Consideration and Mark-up Session Held.", 
      "type": "action"
    }, 
    {
      "acted_at": "2005-10-07", 
      "in_committee": "House International Relations", 
      "references": [], 
      "status": "REPORTED", 
      "text": "Ordered to be Reported (Amended) by Voice Vote.", 
      "type": "calendar"
    }, 
    {
      "acted_at": "2005-11-18T23:29:00-05:00", 
      "references": [], 
      "text": "Reported (Amended) by the Committee on International Relations. H. Rept. 109-317, Part I.", 
      "type": "action"
    }, 
    {
      "acted_at": "2005-11-18T23:30:00-05:00", 
      "references": [], 
      "text": "Committee on Armed Services discharged.", 
      "type": "action"
    }, 
    {
      "acted_at": "2005-11-18T23:30:00-05:00", 
      "references": [], 
      "text": "Committee on Energy and Commerce discharged.", 
      "type": "action"
    }, 
    {
      "acted_at": "2005-11-18T23:37:00-05:00", 
      "references": [], 
      "text": "House Committee on Judiciary Granted an extension for further consideration ending not later than Dec. 8, 2005.", 
      "type": "action"
    }, 
    {
      "acted_at": "2005-12-08", 
      "in_committee": "House Judiciary", 
      "references": [], 
      "text": "Subcommittee on Immigration, Border Security, and Claims Discharged.", 
      "type": "action"
    }, 
    {
      "acted_at": "2005-12-08", 
      "in_committee": "House Judiciary", 
      "references": [], 
      "text": "Committee Consideration and Mark-up Session Held.", 
      "type": "action"
    }, 
    {
      "acted_at": "2005-12-08", 
      "in_committee": "House Judiciary", 
      "references": [], 
      "text": "Ordered to be Reported (Amended) by Voice Vote.", 
      "type": "calendar"
    }, 
    {
      "acted_at": "2005-12-08T21:17:00-05:00", 
      "references": [], 
      "text": "Reported (Amended) by the Committee on Judiciary. H. Rept. 109-317, Part II.", 
      "type": "action"
    }, 
    {
      "acted_at": "2005-12-08T21:17:00-05:00", 
      "calendar": "Union", 
      "number": "183", 
      "references": [], 
      "text": "Placed on the Union Calendar, Calendar No. 183.", 
      "type": "calendar", 
      "under": null
    }, 
    {
      "acted_at": "2005-12-14T17:18:00-05:00", 
      "references": [], 
      "text": "Mr. Smith (NJ) moved to suspend the rules and pass the bill, as amended.", 
      "type": "action"
    }, 
    {
      "acted_at": "2005-12-14T17:19:00-05:00", 
      "references": [
        {
          "reference": "CR H11570-11579", 
          "type": "consideration"
        }
      ], 
      "text": "Considered under suspension of the rules.", 
      "type": "action"
    }, 
    {
      "acted_at": "2005-12-14T17:19:00-05:00", 
      "references": [], 
      "text": "DEBATE - The House proceeded with forty minuntes of debate on H.R. 972.", 
      "type": "action"
    }, 
    {
      "acted_at": "2005-12-14T17:58:00-05:00", 
      "references": [], 
      "text": "At the conclusion of debate, the Yeas and Nays were demanded and ordered. Pursuant to the provisions of clause 8, rule XX, the Chair announced that further proceedings on the motion would be postponed.", 
      "type": "action"
    }, 
    {
      "acted_at": "2005-12-14T18:56:00-05:00", 
      "references": [
        {
          "reference": "CR H11585-11586", 
          "type": "consideration"
        }
      ], 
      "text": "Considered as unfinished business.", 
      "type": "action"
    }, 
    {
      "acted_at": "2005-12-14T19:05:00-05:00", 
      "how": "roll", 
      "references": [
        {
          "reference": "CR H11570-11574", 
          "type": "text"
        }
      ], 
      "result": "pass", 
      "roll": "632", 
      "status": "PASS_OVER:HOUSE", 
      "suspension": true, 
      "text": "On motion to suspend the rules and pass the bill, as amended Agreed to by the Yeas and Nays: (2/3 required): 426 - 0 (Roll no. 632).", 
      "type": "vote", 
      "vote_type": "vote", 
      "where": "h"
    }, 
    {
      "acted_at": "2005-12-14T19:05:00-05:00", 
      "references": [], 
      "text": "Motion to reconsider laid on the table Agreed to without objection.", 
      "type": "action"
    }, 
    {
      "acted_at": "2005-12-15", 
      "references": [], 
      "text": "Received in the Senate, read twice.", 
      "type": "action"
    }, 
    {
      "acted_at": "2005-12-22", 
      "how": "by Unanimous Consent", 
      "references": [
        {
          "reference": "CR S14417-14420", 
          "type": "consideration"
        }
      ], 
      "result": "pass", 
      "status": "PASSED:BILL", 
      "text": "Passed Senate without amendment by Unanimous Consent.", 
      "type": "vote", 
      "vote_type": "vote2", 
      "where": "s"
    }, 
    {
      "acted_at": "2005-12-22", 
      "references": [], 
      "text": "Message on Senate action sent to the House.", 
      "type": "action"
    }, 
    {
      "acted_at": "2005-12-22", 
      "references": [], 
      "text": "Cleared for White House.", 
      "type": "topresident"
    }, 
    {
      "acted_at": "2006-01-03", 
      "references": [], 
      "text": "Presented to President.", 
      "type": "topresident"
    }, 
    {
      "acted_at": "2006-01-10", 
      "references": [], 
      "text": "Signed by President.", 
      "type": "signed"
    }, 
    {
      "acted_at": "2006-01-10", 
      "congress": "109", 
      "law": "public", 
      "number": "164", 
      "references": [], 
      "status": "ENACTED:SIGNED", 
      "text": "Became Public Law No: 109-164.", 
      "type": "enacted"
    }
  ], 
  "amendments": [], 
  "bill_id": "hr972-109", 
  "bill_type": "hr", 
  "committees": [
    {
      "activity": [
        "referral", 
        "markup", 
        "reporting"
      ], 
      "committee": "House International Relations", 
      "committee_id": "HSFA"
    }, 
    {
      "activity": [
        "referral", 
        "markup", 
        "reporting"
      ], 
      "committee": "House International Relations", 
      "committee_id": "HSFA", 
      "subcommittee": "Subcommittee on Africa, Global Human Rights and International Operations", 
      "subcommittee_id": "16"
    }, 
    {
      "activity": [
        "referral", 
        "discharged"
      ], 
      "committee": "House Armed Services", 
      "committee_id": "HSAS"
    }, 
    {
      "activity": [
        "referral"
      ], 
      "committee": "House Armed Services", 
      "committee_id": "HSAS", 
      "subcommittee": "Subcommittee on Military Personnel", 
      "subcommittee_id": "02"
    }, 
    {
      "activity": [
        "referral", 
        "markup", 
        "reporting"
      ], 
      "committee": "House Judiciary", 
      "committee_id": "HSJU"
    }, 
    {
      "activity": [
        "referral", 
        "discharged"
      ], 
      "committee": "House Judiciary", 
      "committee_id": "HSJU", 
      "subcommittee": "Subcommittee on Immigration, Border Security, and Claims", 
      "subcommittee_id": "01"
    }, 
    {
      "activity": [
        "referral", 
        "discharged"
      ], 
      "committee": "House Energy and Commerce", 
      "committee_id": "HSIF"
    }, 
    {
      "activity": [
        "referral"
      ], 
      "committee": "House Energy and Commerce", 
      "committee_id": "HSIF", 
      "subcommittee": "Subcommittee on Health", 
      "subcommittee_id": "14"
    }
  ], 
  "congress": "109", 
  "cosponsors": [
    {
      "district": "1", 
      "name": "Abercrombie, Neil", 
      "sponsored_at": "2005-03-08", 
      "state": "HI", 
      "thomas_id": "00002", 
      "title": "Rep", 
      "withdrawn_at": null
    }, 
    {
      "district": "2", 
      "name": "Akin, W. Todd", 
      "sponsored_at": "2005-05-23", 
      "state": "MO", 
      "thomas_id": "01655", 
      "title": "Rep", 
      "withdrawn_at": null
    }, 
    {
      "district": "6", 
      "name": "Bachus, Spencer", 
      "sponsored_at": "2005-04-06", 
      "state": "AL", 
      "thomas_id": "00038", 
      "title": "Rep", 
      "withdrawn_at": null
    }, 
    {
      "district": "2", 
      "name": "Bass, Charles F.", 
      "sponsored_at": "2005-04-14", 
      "state": "NH", 
      "thomas_id": "00063", 
      "title": "Rep", 
      "withdrawn_at": null
    }, 
    {
      "district": "28", 
      "name": "Berman, Howard L.", 
      "sponsored_at": "2005-03-08", 
      "state": "CA", 
      "thomas_id": "00082", 
      "title": "Rep", 
      "withdrawn_at": null
    }, 
    {
      "district": "2", 
      "name": "Bishop, Sanford D., Jr.", 
      "sponsored_at": "2005-11-04", 
      "state": "GA", 
      "thomas_id": "00091", 
      "title": "Rep", 
      "withdrawn_at": null
    }, 
    {
      "district": "7", 
      "name": "Blunt, Roy", 
      "sponsored_at": "2005-02-17", 
      "state": "MO", 
      "thomas_id": "01464", 
      "title": "Rep", 
      "withdrawn_at": null
    }, 
    {
      "district": "3", 
      "name": "Boozman, John", 
      "sponsored_at": "2005-03-08", 
      "state": "AR", 
      "thomas_id": "01687", 
      "title": "Rep", 
      "withdrawn_at": null
    }, 
    {
      "district": "3", 
      "name": "Brown, Corrine", 
      "sponsored_at": "2005-03-08", 
      "state": "FL", 
      "thomas_id": "00132", 
      "title": "Rep", 
      "withdrawn_at": null
    }, 
    {
      "district": "13", 
      "name": "Brown, Sherrod", 
      "sponsored_at": "2005-03-08", 
      "state": "OH", 
      "thomas_id": "00136", 
      "title": "Rep", 
      "withdrawn_at": null
    }, 
    {
      "district": "5", 
      "name": "Burton, Dan", 
      "sponsored_at": "2005-03-08", 
      "state": "IN", 
      "thomas_id": "00154", 
      "title": "Rep", 
      "withdrawn_at": null
    }, 
    {
      "district": "1", 
      "name": "Butterfield, G. K.", 
      "sponsored_at": "2005-03-17", 
      "state": "NC", 
      "thomas_id": "01761", 
      "title": "Rep", 
      "withdrawn_at": null
    }, 
    {
      "district": "4", 
      "name": "Buyer, Steve", 
      "sponsored_at": "2005-04-14", 
      "state": "IN", 
      "thomas_id": "00160", 
      "title": "Rep", 
      "withdrawn_at": null
    }, 
    {
      "district": "3", 
      "name": "Cannon, Chris", 
      "sponsored_at": "2005-11-08", 
      "state": "UT", 
      "thomas_id": "01470", 
      "title": "Rep", 
      "withdrawn_at": null
    }, 
    {
      "district": "3", 
      "name": "Cardin, Benjamin L.", 
      "sponsored_at": "2005-02-17", 
      "state": "MD", 
      "thomas_id": "00174", 
      "title": "Rep", 
      "withdrawn_at": null
    }, 
    {
      "district": "18", 
      "name": "Cardoza, Dennis A.", 
      "sponsored_at": "2005-10-06", 
      "state": "CA", 
      "thomas_id": "01709", 
      "title": "Rep", 
      "withdrawn_at": null
    }, 
    {
      "district": "1", 
      "name": "Chabot, Steve", 
      "sponsored_at": "2005-03-08", 
      "state": "OH", 
      "thomas_id": "00186", 
      "title": "Rep", 
      "withdrawn_at": null
    }, 
    {
      "district": "7", 
      "name": "Crowley, Joseph", 
      "sponsored_at": "2005-03-10", 
      "state": "NY", 
      "thomas_id": "01604", 
      "title": "Rep", 
      "withdrawn_at": null
    }, 
    {
      "district": "7", 
      "name": "Cummings, Elijah E.", 
      "sponsored_at": "2005-03-09", 
      "state": "MD", 
      "thomas_id": "00256", 
      "title": "Rep", 
      "withdrawn_at": null
    }, 
    {
      "district": "7", 
      "name": "Davis, Danny K.", 
      "sponsored_at": "2005-11-15", 
      "state": "IL", 
      "thomas_id": "01477", 
      "title": "Rep", 
      "withdrawn_at": null
    }, 
    {
      "district": "1", 
      "name": "Davis, Jo Ann", 
      "sponsored_at": "2005-03-09", 
      "state": "VA", 
      "thomas_id": "01672", 
      "title": "Rep", 
      "withdrawn_at": null
    }, 
    {
      "district": "53", 
      "name": "Davis, Susan A.", 
      "sponsored_at": "2005-10-17", 
      "state": "CA", 
      "thomas_id": "01641", 
      "title": "Rep", 
      "withdrawn_at": null
    }, 
    {
      "district": "10", 
      "name": "Delahunt, William D.", 
      "sponsored_at": "2005-03-17", 
      "state": "MA", 
      "thomas_id": "01480", 
      "title": "Rep", 
      "withdrawn_at": null
    }, 
    {
      "district": "25", 
      "name": "Doggett, Lloyd", 
      "sponsored_at": "2005-03-09", 
      "state": "TX", 
      "thomas_id": "00303", 
      "title": "Rep", 
      "withdrawn_at": null
    }, 
    {
      "district": "5", 
      "name": "Emanuel, Rahm", 
      "sponsored_at": "2005-03-15", 
      "state": "IL", 
      "thomas_id": "01725", 
      "title": "Rep", 
      "withdrawn_at": null
    }, 
    {
      "district": "3", 
      "name": "English, Phil", 
      "sponsored_at": "2005-03-08", 
      "state": "PA", 
      "thomas_id": "00347", 
      "title": "Rep", 
      "withdrawn_at": null
    }, 
    {
      "district": "17", 
      "name": "Evans, Lane", 
      "sponsored_at": "2005-03-08", 
      "state": "IL", 
      "thomas_id": "00361", 
      "title": "Rep", 
      "withdrawn_at": null
    }, 
    {
      "district": null, 
      "name": "Faleomavaega, Eni F.H.", 
      "sponsored_at": "2005-02-17", 
      "state": "AS", 
      "thomas_id": "00367", 
      "title": "Rep", 
      "withdrawn_at": null
    }, 
    {
      "district": "51", 
      "name": "Filner, Bob", 
      "sponsored_at": "2005-11-01", 
      "state": "CA", 
      "thomas_id": "00381", 
      "title": "Rep", 
      "withdrawn_at": null
    }, 
    {
      "district": "16", 
      "name": "Foley, Mark", 
      "sponsored_at": "2005-03-08", 
      "state": "FL", 
      "thomas_id": "00396", 
      "title": "Rep", 
      "withdrawn_at": null
    }, 
    {
      "district": "1", 
      "name": "Fortenberry, Jeff", 
      "sponsored_at": "2005-10-06", 
      "state": "NE", 
      "thomas_id": "01793", 
      "title": "Rep", 
      "withdrawn_at": null
    }, 
    {
      "district": "13", 
      "name": "Fossella, Vito", 
      "sponsored_at": "2005-11-16", 
      "state": "NY", 
      "thomas_id": "01484", 
      "title": "Rep", 
      "withdrawn_at": null
    }, 
    {
      "district": "2", 
      "name": "Franks, Trent", 
      "sponsored_at": "2005-03-08", 
      "state": "AZ", 
      "thomas_id": "01707", 
      "title": "Rep", 
      "withdrawn_at": null
    }, 
    {
      "district": "6", 
      "name": "Gordon, Bart", 
      "sponsored_at": "2005-11-08", 
      "state": "TN", 
      "thomas_id": "00448", 
      "title": "Rep", 
      "withdrawn_at": null
    }, 
    {
      "district": "12", 
      "name": "Granger, Kay", 
      "sponsored_at": "2005-12-06", 
      "state": "TX", 
      "thomas_id": "01487", 
      "title": "Rep", 
      "withdrawn_at": null
    }, 
    {
      "district": "29", 
      "name": "Green, Gene", 
      "sponsored_at": "2005-03-10", 
      "state": "TX", 
      "thomas_id": "00462", 
      "title": "Rep", 
      "withdrawn_at": null
    }, 
    {
      "district": "7", 
      "name": "Grijalva, Raul M.", 
      "sponsored_at": "2005-06-16", 
      "state": "AZ", 
      "thomas_id": "01708", 
      "title": "Rep", 
      "withdrawn_at": null
    }, 
    {
      "district": "4", 
      "name": "Gutierrez, Luis V.", 
      "sponsored_at": "2005-03-09", 
      "state": "IL", 
      "thomas_id": "00478", 
      "title": "Rep", 
      "withdrawn_at": null
    }, 
    {
      "district": "13", 
      "name": "Harris, Katherine", 
      "sponsored_at": "2005-03-08", 
      "state": "FL", 
      "thomas_id": "01714", 
      "title": "Rep", 
      "withdrawn_at": null
    }, 
    {
      "district": "15", 
      "name": "Honda, Michael M.", 
      "sponsored_at": "2005-11-08", 
      "state": "CA", 
      "thomas_id": "01634", 
      "title": "Rep", 
      "withdrawn_at": null
    }, 
    {
      "district": "30", 
      "name": "Johnson, Eddie Bernice", 
      "sponsored_at": "2005-03-17", 
      "state": "TX", 
      "thomas_id": "00599", 
      "title": "Rep", 
      "withdrawn_at": null
    }, 
    {
      "district": "11", 
      "name": "Jones, Stephanie Tubbs", 
      "sponsored_at": "2005-03-08", 
      "state": "OH", 
      "thomas_id": "01581", 
      "title": "Rep", 
      "withdrawn_at": null
    }, 
    {
      "district": "9", 
      "name": "Kaptur, Marcy", 
      "sponsored_at": "2005-03-08", 
      "state": "OH", 
      "thomas_id": "00616", 
      "title": "Rep", 
      "withdrawn_at": null
    }, 
    {
      "district": "3", 
      "name": "King, Peter T.", 
      "sponsored_at": "2005-03-15", 
      "state": "NY", 
      "thomas_id": "00635", 
      "title": "Rep", 
      "withdrawn_at": null
    }, 
    {
      "district": "2", 
      "name": "Kline, John", 
      "sponsored_at": "2005-11-16", 
      "state": "MN", 
      "thomas_id": "01733", 
      "title": "Rep", 
      "withdrawn_at": null
    }, 
    {
      "district": "10", 
      "name": "Kucinich, Dennis J.", 
      "sponsored_at": "2005-03-10", 
      "state": "OH", 
      "thomas_id": "01499", 
      "title": "Rep", 
      "withdrawn_at": null
    }, 
    {
      "district": "2", 
      "name": "Langevin, James R.", 
      "sponsored_at": "2005-12-06", 
      "state": "RI", 
      "thomas_id": "01668", 
      "title": "Rep", 
      "withdrawn_at": null
    }, 
    {
      "district": "12", 
      "name": "Lantos, Tom", 
      "sponsored_at": "2005-02-17", 
      "state": "CA", 
      "thomas_id": "00663", 
      "title": "Rep", 
      "withdrawn_at": null
    }, 
    {
      "district": "2", 
      "name": "Larsen, Rick", 
      "sponsored_at": "2005-11-07", 
      "state": "WA", 
      "thomas_id": "01675", 
      "title": "Rep", 
      "withdrawn_at": null
    }, 
    {
      "district": "2", 
      "name": "Leach, James A.", 
      "sponsored_at": "2005-10-06", 
      "state": "IA", 
      "thomas_id": "00672", 
      "title": "Rep", 
      "withdrawn_at": null
    }, 
    {
      "district": "16", 
      "name": "Lofgren, Zoe", 
      "sponsored_at": "2005-04-14", 
      "state": "CA", 
      "thomas_id": "00701", 
      "title": "Rep", 
      "withdrawn_at": null
    }, 
    {
      "district": "9", 
      "name": "Lynch, Stephen F.", 
      "sponsored_at": "2005-03-15", 
      "state": "MA", 
      "thomas_id": "01686", 
      "title": "Rep", 
      "withdrawn_at": null
    }, 
    {
      "district": "14", 
      "name": "Maloney, Carolyn B.", 
      "sponsored_at": "2005-03-08", 
      "state": "NY", 
      "thomas_id": "00729", 
      "title": "Rep", 
      "withdrawn_at": null
    }, 
    {
      "district": "4", 
      "name": "McCollum, Betty", 
      "sponsored_at": "2005-09-21", 
      "state": "MN", 
      "thomas_id": "01653", 
      "title": "Rep", 
      "withdrawn_at": null
    }, 
    {
      "district": "7", 
      "name": "McDermott, Jim", 
      "sponsored_at": "2005-04-06", 
      "state": "WA", 
      "thomas_id": "00766", 
      "title": "Rep", 
      "withdrawn_at": null
    }, 
    {
      "district": "3", 
      "name": "McGovern, James P.", 
      "sponsored_at": "2005-03-09", 
      "state": "MA", 
      "thomas_id": "01504", 
      "title": "Rep", 
      "withdrawn_at": null
    }, 
    {
      "district": "7", 
      "name": "McIntyre, Mike", 
      "sponsored_at": "2005-03-08", 
      "state": "NC", 
      "thomas_id": "01505", 
      "title": "Rep", 
      "withdrawn_at": null
    }, 
    {
      "district": "21", 
      "name": "McNulty, Michael R.", 
      "sponsored_at": "2005-03-09", 
      "state": "NY", 
      "thomas_id": "00785", 
      "title": "Rep", 
      "withdrawn_at": null
    }, 
    {
      "district": "6", 
      "name": "Meeks, Gregory W.", 
      "sponsored_at": "2005-03-09", 
      "state": "NY", 
      "thomas_id": "01506", 
      "title": "Rep", 
      "withdrawn_at": null
    }, 
    {
      "district": "13", 
      "name": "Menendez, Robert", 
      "sponsored_at": "2005-10-17", 
      "state": "NJ", 
      "thomas_id": "00791", 
      "title": "Rep", 
      "withdrawn_at": null
    }, 
    {
      "district": "37", 
      "name": "Millender-McDonald, Juanita", 
      "sponsored_at": "2005-03-08", 
      "state": "CA", 
      "thomas_id": "00805", 
      "title": "Rep", 
      "withdrawn_at": null
    }, 
    {
      "district": "13", 
      "name": "Miller, Brad", 
      "sponsored_at": "2005-12-06", 
      "state": "NC", 
      "thomas_id": "01735", 
      "title": "Rep", 
      "withdrawn_at": null
    }, 
    {
      "district": "7", 
      "name": "Miller, George", 
      "sponsored_at": "2005-11-04", 
      "state": "CA", 
      "thomas_id": "00808", 
      "title": "Rep", 
      "withdrawn_at": null
    }, 
    {
      "district": "8", 
      "name": "Moran, James P.", 
      "sponsored_at": "2005-07-28", 
      "state": "VA", 
      "thomas_id": "00832", 
      "title": "Rep", 
      "withdrawn_at": null
    }, 
    {
      "district": "38", 
      "name": "Napolitano, Grace F.", 
      "sponsored_at": "2005-03-09", 
      "state": "CA", 
      "thomas_id": "01602", 
      "title": "Rep", 
      "withdrawn_at": null
    }, 
    {
      "district": "27", 
      "name": "Ortiz, Solomon P.", 
      "sponsored_at": "2005-12-07", 
      "state": "TX", 
      "thomas_id": "00880", 
      "title": "Rep", 
      "withdrawn_at": null
    }, 
    {
      "district": "11", 
      "name": "Owens, Major R.", 
      "sponsored_at": "2005-03-08", 
      "state": "NY", 
      "thomas_id": "00883", 
      "title": "Rep", 
      "withdrawn_at": null
    }, 
    {
      "district": "6", 
      "name": "Pallone, Frank, Jr.", 
      "sponsored_at": "2005-04-06", 
      "state": "NJ", 
      "thomas_id": "00887", 
      "title": "Rep", 
      "withdrawn_at": null
    }, 
    {
      "district": "4", 
      "name": "Pastor, Ed", 
      "sponsored_at": "2005-11-16", 
      "state": "AZ", 
      "thomas_id": "00893", 
      "title": "Rep", 
      "withdrawn_at": null
    }, 
    {
      "district": "10", 
      "name": "Payne, Donald M.", 
      "sponsored_at": "2005-02-17", 
      "state": "NJ", 
      "thomas_id": "00902", 
      "title": "Rep", 
      "withdrawn_at": null
    }, 
    {
      "district": "6", 
      "name": "Pence, Mike", 
      "sponsored_at": "2005-02-17", 
      "state": "IN", 
      "thomas_id": "01649", 
      "title": "Rep", 
      "withdrawn_at": null
    }, 
    {
      "district": "7", 
      "name": "Peterson, Collin C.", 
      "sponsored_at": "2005-12-06", 
      "state": "MN", 
      "thomas_id": "00910", 
      "title": "Rep", 
      "withdrawn_at": null
    }, 
    {
      "district": "16", 
      "name": "Pitts, Joseph R.", 
      "sponsored_at": "2005-02-17", 
      "state": "PA", 
      "thomas_id": "01514", 
      "title": "Rep", 
      "withdrawn_at": null
    }, 
    {
      "district": "3", 
      "name": "Porter, Jon C.", 
      "sponsored_at": "2005-12-06", 
      "state": "NV", 
      "thomas_id": "01739", 
      "title": "Rep", 
      "withdrawn_at": null
    }, 
    {
      "district": "19", 
      "name": "Radanovich, George", 
      "sponsored_at": "2005-05-16", 
      "state": "CA", 
      "thomas_id": "00939", 
      "title": "Rep", 
      "withdrawn_at": null
    }, 
    {
      "district": "3", 
      "name": "Rahall, Nick J., II", 
      "sponsored_at": "2005-12-06", 
      "state": "WV", 
      "thomas_id": "00940", 
      "title": "Rep", 
      "withdrawn_at": null
    }, 
    {
      "district": "16", 
      "name": "Reyes, Silvestre", 
      "sponsored_at": "2005-12-06", 
      "state": "TX", 
      "thomas_id": "01516", 
      "title": "Rep", 
      "withdrawn_at": null
    }, 
    {
      "district": "18", 
      "name": "Ros-Lehtinen, Ileana", 
      "sponsored_at": "2005-02-17", 
      "state": "FL", 
      "thomas_id": "00985", 
      "title": "Rep", 
      "withdrawn_at": null
    }, 
    {
      "district": "34", 
      "name": "Roybal-Allard, Lucille", 
      "sponsored_at": "2005-03-08", 
      "state": "CA", 
      "thomas_id": "00997", 
      "title": "Rep", 
      "withdrawn_at": null
    }, 
    {
      "district": null, 
      "name": "Sanders, Bernard", 
      "sponsored_at": "2005-03-17", 
      "state": "VT", 
      "thomas_id": "01010", 
      "title": "Rep", 
      "withdrawn_at": null
    }, 
    {
      "district": "9", 
      "name": "Schakowsky, Janice D.", 
      "sponsored_at": "2005-03-15", 
      "state": "IL", 
      "thomas_id": "01588", 
      "title": "Rep", 
      "withdrawn_at": null
    }, 
    {
      "district": "29", 
      "name": "Schiff, Adam B.", 
      "sponsored_at": "2005-04-14", 
      "state": "CA", 
      "thomas_id": "01635", 
      "title": "Rep", 
      "withdrawn_at": null
    }, 
    {
      "district": "2", 
      "name": "Schmidt, Jean", 
      "sponsored_at": "2005-11-15", 
      "state": "OH", 
      "thomas_id": "01815", 
      "title": "Rep", 
      "withdrawn_at": null
    }, 
    {
      "district": "19", 
      "name": "Shimkus, John", 
      "sponsored_at": "2005-03-08", 
      "state": "IL", 
      "thomas_id": "01527", 
      "title": "Rep", 
      "withdrawn_at": null
    }, 
    {
      "district": "28", 
      "name": "Slaughter, Louise McIntosh", 
      "sponsored_at": "2005-03-17", 
      "state": "NY", 
      "thomas_id": "01069", 
      "title": "Rep", 
      "withdrawn_at": null
    }, 
    {
      "district": "9", 
      "name": "Smith, Adam", 
      "sponsored_at": "2005-11-16", 
      "state": "WA", 
      "thomas_id": "01528", 
      "title": "Rep", 
      "withdrawn_at": null
    }, 
    {
      "district": "2", 
      "name": "Snyder, Vic", 
      "sponsored_at": "2005-11-15", 
      "state": "AR", 
      "thomas_id": "01530", 
      "title": "Rep", 
      "withdrawn_at": null
    }, 
    {
      "district": "32", 
      "name": "Solis, Hilda L.", 
      "sponsored_at": "2005-04-06", 
      "state": "CA", 
      "thomas_id": "01636", 
      "title": "Rep", 
      "withdrawn_at": null
    }, 
    {
      "district": "3", 
      "name": "Souder, Mark E.", 
      "sponsored_at": "2005-03-10", 
      "state": "IN", 
      "thomas_id": "01089", 
      "title": "Rep", 
      "withdrawn_at": null
    }, 
    {
      "district": "13", 
      "name": "Stark, Fortney Pete", 
      "sponsored_at": "2005-12-08", 
      "state": "CA", 
      "thomas_id": "01101", 
      "title": "Rep", 
      "withdrawn_at": null
    }, 
    {
      "district": "6", 
      "name": "Tancredo, Thomas G.", 
      "sponsored_at": "2005-03-08", 
      "state": "CO", 
      "thomas_id": "01592", 
      "title": "Rep", 
      "withdrawn_at": null
    }, 
    {
      "district": "10", 
      "name": "Tauscher, Ellen O.", 
      "sponsored_at": "2005-12-07", 
      "state": "CA", 
      "thomas_id": "01533", 
      "title": "Rep", 
      "withdrawn_at": null
    }, 
    {
      "district": "2", 
      "name": "Terry, Lee", 
      "sponsored_at": "2005-04-28", 
      "state": "NE", 
      "thomas_id": "01566", 
      "title": "Rep", 
      "withdrawn_at": null
    }, 
    {
      "district": "3", 
      "name": "Turner, Michael R.", 
      "sponsored_at": "2005-12-06", 
      "state": "OH", 
      "thomas_id": "01741", 
      "title": "Rep", 
      "withdrawn_at": null
    }, 
    {
      "district": "8", 
      "name": "Van Hollen, Chris", 
      "sponsored_at": "2005-11-02", 
      "state": "MD", 
      "thomas_id": "01729", 
      "title": "Rep", 
      "withdrawn_at": null
    }, 
    {
      "district": "33", 
      "name": "Watson, Diane E.", 
      "sponsored_at": "2005-03-08", 
      "state": "CA", 
      "thomas_id": "01682", 
      "title": "Rep", 
      "withdrawn_at": null
    }, 
    {
      "district": "30", 
      "name": "Waxman, Henry A.", 
      "sponsored_at": "2005-11-15", 
      "state": "CA", 
      "thomas_id": "01209", 
      "title": "Rep", 
      "withdrawn_at": null
    }, 
    {
      "district": "9", 
      "name": "Weiner, Anthony D.", 
      "sponsored_at": "2005-04-28", 
      "state": "NY", 
      "thomas_id": "01597", 
      "title": "Rep", 
      "withdrawn_at": null
    }, 
    {
      "district": "11", 
      "name": "Weller, Jerry", 
      "sponsored_at": "2005-10-06", 
      "state": "IL", 
      "thomas_id": "01216", 
      "title": "Rep", 
      "withdrawn_at": null
    }, 
    {
      "district": "19", 
      "name": "Wexler, Robert", 
      "sponsored_at": "2005-05-04", 
      "state": "FL", 
      "thomas_id": "01537", 
      "title": "Rep", 
      "withdrawn_at": null
    }, 
    {
      "district": "2", 
      "name": "Wilson, Joe", 
      "sponsored_at": "2005-03-08", 
      "state": "SC", 
      "thomas_id": "01688", 
      "title": "Rep", 
      "withdrawn_at": null
    }, 
    {
      "district": "10", 
      "name": "Wolf, Frank R.", 
      "sponsored_at": "2005-02-17", 
      "state": "VA", 
      "thomas_id": "01238", 
      "title": "Rep", 
      "withdrawn_at": null
    }, 
    {
      "district": "6", 
      "name": "Woolsey, Lynn C.", 
      "sponsored_at": "2005-04-06", 
      "state": "CA", 
      "thomas_id": "01242", 
      "title": "Rep", 
      "withdrawn_at": null
    }
  ], 
  "enacted_as": {
    "congress": "109", 
    "law_type": "public", 
    "number": "164"
  }, 
  "history": {
    "awaiting_signature": false, 
    "enacted": true, 
    "enacted_at": "2006-01-10", 
    "house_passage_result": "pass", 
    "house_passage_result_at": "2005-12-14T19:05:00-05:00", 
    "senate_passage_result": "pass", 
    "senate_passage_result_at": "2005-12-22", 
    "vetoed": false
  }, 
  "introduced_at": "2005-02-17", 
  "number": "972", 
  "official_title": "To authorize appropriations for fiscal years 2006 and 2007 for the Trafficking Victims Protection Act of 2000, and for other purposes.", 
  "popular_title": null, 
  "related_bills": [], 
  "short_title": "Trafficking Victims Protection Reauthorization Act of 2005", 
  "sponsor": {
    "district": "4", 
    "name": "Smith, Christopher H.", 
    "state": "NJ", 
    "thomas_id": "01071", 
    "title": "Rep", 
    "type": "person"
  }, 
  "status": "ENACTED:SIGNED", 
  "status_at": "2006-01-10", 
  "subjects": [
    "AIDS (Disease)", 
    "Aliens", 
    "Americans in foreign countries", 
    "Armed forces abroad", 
    "Armed forces and national security", 
    "Authorization", 
    "Cabinet officers", 
    "Child abuse", 
    "Child health", 
    "Child labor", 
    "Child sexual abuse", 
    "Child welfare", 
    "Children's rights", 
    "Church and social problems", 
    "Civil rights and liberties, minority issues", 
    "Commerce", 
    "Community health services", 
    "Conferences", 
    "Congress", 
    "Congress and foreign policy", 
    "Congress and military policy", 
    "Congressional oversight", 
    "Congressional reporting requirements", 
    "Cost effectiveness", 
    "Courts-martial and courts of inquiry", 
    "Crime and law enforcement", 
    "Crime prevention", 
    "Crimes against women", 
    "Criminal investigation", 
    "Criminal justice information", 
    "Criminal statistics", 
    "Data banks", 
    "Department of Defense", 
    "Department of Health and Human Services", 
    "Department of Homeland Security", 
    "Department of Justice", 
    "Department of State", 
    "Detention of persons", 
    "Disaster relief", 
    "Economic assistance", 
    "Economics and public finance", 
    "Education", 
    "Electronic government information", 
    "Elementary and secondary education", 
    "Emergency management", 
    "Employee selection", 
    "Employee training", 
    "Executive Office of the President", 
    "Executive reorganization", 
    "Extraterritoriality", 
    "Families", 
    "Federal aid to Indians", 
    "Federal aid to law enforcement", 
    "Federal employees", 
    "Finance and financial sector", 
    "Fines (Penalties)", 
    "Forced labor", 
    "Foreign service", 
    "Foreign trade and international finance", 
    "Fraud", 
    "Fund raising", 
    "Government contractors", 
    "Government operations and politics", 
    "Government paperwork", 
    "Government publicity", 
    "Governmental investigations", 
    "Grants-in-aid", 
    "Group homes", 
    "Guardian and ward", 
    "Health", 
    "Health surveys", 
    "Homeless", 
    "Housing and community development", 
    "Human immunodeficiency viruses", 
    "Human rights", 
    "Identification of criminals", 
    "Immigrants", 
    "Immigration", 
    "Indian law enforcement", 
    "International affairs", 
    "International agencies", 
    "International employees", 
    "International law", 
    "International military forces", 
    "International relief", 
    "Internet", 
    "Labor and employment", 
    "Law", 
    "Legal aid", 
    "Legal services", 
    "Literacy programs", 
    "Logistics", 
    "Manufacturing industries", 
    "Medical research", 
    "Military and naval offenses", 
    "Military personnel", 
    "Military training", 
    "Minorities", 
    "Misconduct in office", 
    "Money laundering", 
    "NATO military forces", 
    "Native Americans", 
    "Nongovernmental organizations", 
    "Nonprofit organizations", 
    "Organized crime", 
    "Peacekeeping forces", 
    "Prosecution", 
    "Prostitution", 
    "Psychotherapy", 
    "Rape", 
    "Recruiting and enlistment", 
    "Refugees", 
    "Religion", 
    "Right to counsel", 
    "Runaway children", 
    "Science, technology, communications", 
    "Sex crimes", 
    "Sex offenders", 
    "Sex-oriented businesses", 
    "Shelters for the homeless", 
    "Slavery", 
    "Smuggling", 
    "Social welfare", 
    "Subcontractors", 
    "Surveys", 
    "Terrorism", 
    "Tourism", 
    "United Nations", 
    "Victims of crimes", 
    "Visas", 
    "War relief", 
    "Web sites", 
    "Women", 
    "Women's rights", 
    "Youth services"
  ], 
  "subjects_top_term": "International affairs", 
  "summary": {
    "as": "Public Law", 
    "date": "2006-01-10", 
    "text": "Trafficking Victims Protection Reauthorization Act of 2005 - Title I: Combatting International Trafficking in Persons - (Sec. 101) Amends the Trafficking Victims Protection Act of 2000 (Act) to direct The United States Agency for International Development (USAID), the Department of State (Department), and the Department of Defense (DOD) to incorporate anti-trafficking and protection measures for vulnerable populations, particularly women and children, into their post-conflict and humanitarian emergency assistance and program activities. Directs the Secretary of State (Secretary) and the Administrator of USAID to conduct a study and report regarding the threat and practice of trafficking in persons (trafficking) generated by post-conflict and humanitarian emergencies in foreign countries. (Sec. 102) Provides, to the extent practicable, trafficking victims with access to information about federally funded or administered anti-trafficking programs that provide services to victims of severe forms of trafficking. Directs the Administrator to: (1) carry out a study to identify best practices for the rehabilitation of trafficking victims in group residential facilities in foreign countries; (2) carry out a pilot program to establish residential treatment facilities in foreign countries for trafficking victims based upon the best practices identified in the study; and (3) report to the Committee on International Relations of the House of Representatives and the Committee on Foreign Relations of the Senate on such pilot program's implementation. Authorizes FY2006-FY2007 appropriations. (Sec. 103) Amends the Violent Crime Control and Law Enforcement Act of 1994 to extend the sexually violent offender registration program to foreign offenses. (Sec. 104) Amends the Act to revise: (1) Interagency Task Force to Monitor and Combat Trafficking (Task Force) membership; and (2) minimum standards for the elimination of trafficking. Includes HIV/AIDS within the health risk research on the effects of trafficking. Requires the Human Smuggling and Trafficking Center to report to the appropriate congressional committees respecting research initiatives on domestic and international trafficking. Amends the Foreign Service Act of 1980 to require foreign service training to include instruction on international documents and U.S. policy on trafficking. Amends the Act to require that the Secretary's annual trafficking report include information on measures taken by the United Nations (U.N.), the Organization for Security and Cooperation in Europe, the North Atlantic Treaty Organization (NATO), and other multilateral organizations in which the United States participates to prevent the involvement of the organization's employees, contractor personnel, and peacekeeping forces in trafficking. Directs the Secretary, prior to voting for a peacekeeping mission, to notify the appropriate committees respecting measures taken to prevent peacekeeping personnel from involvement in trafficking or sexual exploitation. (Sec. 105) Expresses the sense of Congress that the Director of the Office to Monitor and Combat Trafficking of the Department should intensify the Office's focus on forced labor: (1) in countries that do not comply with minimum standards for the elimination of trafficking; and (2) other countries in which forced labor continues to be a serious human rights concern. Directs the Secretary of Labor, through the Bureau of International Labor Affairs, to carry out additional activities to monitor and combat forced labor and child labor in foreign countries, including: (1) developing a public list of goods believed to be produced by forced labor or child labor in violation of international standards; and (2) ensuring that such products are not imported into the United States. Title II: Combatting Domestic Trafficking in Persons - (Sec. 201) Directs the Attorney General to: (1) use state, local, and research data to carry out a biennial research and statistical review and analysis of severe forms of trafficking and of sex trafficking and unlawful commercial sex acts in the United States; and (2) conduct an annual conference in each of FY2006-FY2008, and thereafter conduct a biennial conference, addressing severe forms of trafficking and commercial sex acts in the United States. Authorizes FY2006-FY2007 appropriations. (Sec. 202) Authorizes the Secretary of Health and Human Services to make grants (75% maximum federal share) to states, Indian tribes, local government, and nonprofit, nongovernmental victims' service organizations to establish or expand assistance programs for U.S. citizens or permanent resident aliens who are the subject of sex trafficking or severe forms of trafficking that occurs in the United States. Authorizes FY2006-FY2007 appropriations. (Sec. 203) Directs the Secretary of Health and Human Services to: (1) carry out a pilot program to establish residential treatment facilities in the United States for juveniles subjected to trafficking; and (2) submit an implementation report to Congress. Authorizes FY2006-FY2007 appropriations. (Sec. 204) Authorizes the Attorney General to make grants (75% maximum federal share) to states and local law enforcement agencies to establish or expand programs to combat trafficking. Authorizes FY2006-FY2007 appropriations. (Sec. 205) Requires reports respecting the amount, recipient, and purpose of each grant under sections 202 and 204 of this Act. (Sec. 206) Requires each federal department or agency involved in grant activities related to combatting trafficking or providing services to persons subjected to trafficking inside the United States to apprise the Senior Policy Operating Group of such activities in order to ensure consistency with the Trafficking Victims Protection Act of 2000. (Sec. 207) Defines specified terms. Title III: Authorization of Appropriations - (Sec. 301) Authorizes appropriations through FY2007 for: (1) the Task Force, including amounts for official representation and reception expenses; (2) the Secretary of Health and Human Services for U.S. victims; (3) the Secretary for bilateral assistance to combat trafficking; (4) assistance to the Attorney General; (5) assistance to the President for foreign victims assistance, assistance to foreign countries to meet minimum standards, and research; and (6) assistance to the Secretary of Labor. Authorizes: (1) FY2006 appropriations for the Federal Bureau of Investigation (FBI) to investigate severe forms of trafficking; and (2) FY 2006-FY2007 appropriations for the Department of Homeland Security (DHS) for Bureau of Immigration and Customs Enforcement investigations of severe forms of trafficking."
  }, 
  "titles": [
    {
      "as": "introduced", 
      "title": "Trafficking Victims Protection Reauthorization Act of 2005", 
      "type": "short"
    }, 
    {
      "as": "passed house", 
      "title": "Trafficking Victims Protection Reauthorization Act of 2005", 
      "type": "short"
    }, 
    {
      "as": "enacted", 
      "title": "Trafficking Victims Protection Reauthorization Act of 2005", 
      "type": "short"
    }, 
    {
      "as": "introduced", 
      "title": "To authorize appropriations for fiscal years 2006 and 2007 for the Trafficking Victims Protection Act of 2000, and for other purposes.", 
      "type": "official"
    }
  ], 
  "updated_at": "2013-02-02T20:39:33-05:00"
}