{
  "actions": [
    {
      "acted_at": "2006-05-18", 
      "committee": "House Committee on Ways and Means", 
      "references": [], 
      "status": "REFERRED", 
      "text": "Referred to the House Committee on Ways and Means.", 
      "type": "referral"
    }, 
    {
      "acted_at": "2006-05-19", 
      "references": [
        {
          "reference": "CR E894-895", 
          "type": null
        }
      ], 
      "text": "Sponsor introductory remarks on measure.", 
      "type": "action"
    }
  ], 
  "amendments": [], 
  "bill_id": "hr5424-109", 
  "bill_type": "hr", 
  "committees": [
    {
      "activity": [
        "referral", 
        "in committee"
      ], 
      "committee": "House Ways and Means", 
      "committee_id": "HSWM"
    }
  ], 
  "congress": "109", 
  "cosponsors": [
    {
      "district": "2", 
      "name": "Chocola, Chris", 
      "sponsored_at": "2006-07-19", 
      "state": "IN", 
      "thomas_id": "01726", 
      "title": "Rep", 
      "withdrawn_at": null
    }, 
    {
      "district": "6", 
      "name": "Goodlatte, Bob", 
      "sponsored_at": "2006-06-21", 
      "state": "VA", 
      "thomas_id": "00446", 
      "title": "Rep", 
      "withdrawn_at": null
    }, 
    {
      "district": "18", 
      "name": "LaHood, Ray", 
      "sponsored_at": "2006-07-19", 
      "state": "IL", 
      "thomas_id": "00659", 
      "title": "Rep", 
      "withdrawn_at": null
    }, 
    {
      "district": "2", 
      "name": "Leach, James A.", 
      "sponsored_at": "2006-06-21", 
      "state": "IA", 
      "thomas_id": "00672", 
      "title": "Rep", 
      "withdrawn_at": null
    }, 
    {
      "district": "8", 
      "name": "Moran, James P.", 
      "sponsored_at": "2006-06-21", 
      "state": "VA", 
      "thomas_id": "00832", 
      "title": "Rep", 
      "withdrawn_at": null
    }, 
    {
      "district": "21", 
      "name": "Nunes, Devin", 
      "sponsored_at": "2006-07-12", 
      "state": "CA", 
      "thomas_id": "01710", 
      "title": "Rep", 
      "withdrawn_at": null
    }, 
    {
      "district": "16", 
      "name": "Pitts, Joseph R.", 
      "sponsored_at": "2006-05-18", 
      "state": "PA", 
      "thomas_id": "01514", 
      "title": "Rep", 
      "withdrawn_at": null
    }
  ], 
  "enacted_as": null, 
  "history": {
    "awaiting_signature": false, 
    "enacted": false, 
    "vetoed": false
  }, 
  "introduced_at": "2006-05-18", 
  "number": "5424", 
  "official_title": "To allow certain existing retirement plans maintained by churches to continue to provide annuities directly to participants rather than through an insurance company.", 
  "popular_title": null, 
  "related_bills": [], 
  "short_title": null, 
  "sponsor": {
    "district": "3", 
    "name": "Souder, Mark E.", 
    "state": "IN", 
    "thomas_id": "01089", 
    "title": "Rep", 
    "type": "person"
  }, 
  "status": "REFERRED", 
  "status_at": "2006-05-18", 
  "subjects": [
    "Annuities", 
    "Churches", 
    "Clergy", 
    "Defined contribution plans", 
    "Labor and employment", 
    "Religion", 
    "Tax-deferred compensation plans", 
    "Taxation"
  ], 
  "subjects_top_term": "Labor and employment", 
  "summary": {
    "as": "Introduced", 
    "date": "2006-05-18", 
    "text": "Provides that annuity payments from qualified church plans that otherwise meet specified distribution requirements for money purchase pension plans under the Internal Revenue Code shall not fail to satisfy qualified trust distribution requirements merely because the payments are not made under an annuity contract purchased from an insurance company."
  }, 
  "titles": [
    {
      "as": "introduced", 
      "title": "To allow certain existing retirement plans maintained by churches to continue to provide annuities directly to participants rather than through an insurance company.", 
      "type": "official"
    }
  ], 
  "updated_at": "2013-02-02T20:41:36-05:00"
}