{
  "actions": [
    {
      "acted_at": "2005-04-27", 
      "committee": "House Committee on Ways and Means", 
      "references": [], 
      "status": "REFERRED", 
      "text": "Referred to the House Committee on Ways and Means.", 
      "type": "referral"
    }, 
    {
      "acted_at": "2005-05-10", 
      "in_committee": "House Committee on Ways and Means", 
      "references": [], 
      "subcommittee": "Trade", 
      "text": "Referred to the Subcommittee on Trade.", 
      "type": "referral"
    }
  ], 
  "amendments": [], 
  "bill_id": "hr1913-109", 
  "bill_type": "hr", 
  "committees": [
    {
      "activity": [
        "referral", 
        "in committee"
      ], 
      "committee": "House Ways and Means", 
      "committee_id": "HSWM"
    }, 
    {
      "activity": [
        "referral"
      ], 
      "committee": "House Ways and Means", 
      "committee_id": "HSWM", 
      "subcommittee": "Subcommittee on Trade", 
      "subcommittee_id": "04"
    }
  ], 
  "congress": "109", 
  "cosponsors": [], 
  "enacted_as": null, 
  "history": {
    "awaiting_signature": false, 
    "enacted": false, 
    "vetoed": false
  }, 
  "introduced_at": "2005-04-27", 
  "number": "1913", 
  "official_title": "To suspend temporarily the duty on ACRYPET UT100.", 
  "popular_title": null, 
  "related_bills": [], 
  "short_title": null, 
  "sponsor": {
    "district": "7", 
    "name": "Hobson, David L.", 
    "state": "OH", 
    "thomas_id": "00545", 
    "title": "Rep", 
    "type": "person"
  }, 
  "status": "REFERRED", 
  "status_at": "2005-04-27", 
  "subjects": [
    "Commerce", 
    "Foreign trade and international finance", 
    "Polymers", 
    "Tariff"
  ], 
  "subjects_top_term": "Foreign trade and international finance", 
  "summary": {
    "as": "Introduced", 
    "date": "2005-04-27", 
    "text": "Amends the Harmonized Tariff Schedule of the United States to suspend, through December 31, 2009, the duty on 2-Propenoic acid, 2-methyl-, methyl ester, polymer with 1-cyclohexyl-1H-pyrrole-2,5-dione,ethylbenzene and (1-methylethenyl)benzene (ACRYPET UT100)."
  }, 
  "titles": [
    {
      "as": "introduced", 
      "title": "To suspend temporarily the duty on ACRYPET UT100.", 
      "type": "official"
    }
  ], 
  "updated_at": "2013-02-02T20:40:00-05:00"
}