{
  "actions": [
    {
      "acted_at": "2005-10-06", 
      "committee": "House Committee on Ways and Means", 
      "references": [], 
      "status": "REFERRED", 
      "text": "Referred to the House Committee on Ways and Means.", 
      "type": "referral"
    }
  ], 
  "amendments": [], 
  "bill_id": "hr4006-109", 
  "bill_type": "hr", 
  "committees": [
    {
      "activity": [
        "referral", 
        "in committee"
      ], 
      "committee": "House Ways and Means", 
      "committee_id": "HSWM"
    }
  ], 
  "congress": "109", 
  "cosponsors": [
    {
      "district": "9", 
      "name": "Boucher, Rick", 
      "sponsored_at": "2006-07-28", 
      "state": "VA", 
      "thomas_id": "00113", 
      "title": "Rep", 
      "withdrawn_at": null
    }, 
    {
      "district": "13", 
      "name": "Brown, Sherrod", 
      "sponsored_at": "2006-07-28", 
      "state": "OH", 
      "thomas_id": "00136", 
      "title": "Rep", 
      "withdrawn_at": null
    }, 
    {
      "district": "3", 
      "name": "English, Phil", 
      "sponsored_at": "2006-05-25", 
      "state": "PA", 
      "thomas_id": "00347", 
      "title": "Rep", 
      "withdrawn_at": null
    }, 
    {
      "district": "3", 
      "name": "Ramstad, Jim", 
      "sponsored_at": "2005-11-09", 
      "state": "MN", 
      "thomas_id": "00942", 
      "title": "Rep", 
      "withdrawn_at": null
    }, 
    {
      "district": "4", 
      "name": "Shays, Christopher", 
      "sponsored_at": "2006-07-13", 
      "state": "CT", 
      "thomas_id": "01048", 
      "title": "Rep", 
      "withdrawn_at": null
    }, 
    {
      "district": "8", 
      "name": "Tanner, John S.", 
      "sponsored_at": "2005-10-06", 
      "state": "TN", 
      "thomas_id": "01137", 
      "title": "Rep", 
      "withdrawn_at": null
    }
  ], 
  "enacted_as": null, 
  "history": {
    "awaiting_signature": false, 
    "enacted": false, 
    "vetoed": false
  }, 
  "introduced_at": "2005-10-06", 
  "number": "4006", 
  "official_title": "To permit startup partnerships and S corporations to elect taxable years other than required years.", 
  "popular_title": null, 
  "related_bills": [
    {
      "bill_id": "s2462-109", 
      "reason": "related"
    }
  ], 
  "short_title": "Small Business Tax Flexibility Act of 2005", 
  "sponsor": {
    "district": "22", 
    "name": "Shaw, E. Clay, Jr.", 
    "state": "FL", 
    "thomas_id": "01047", 
    "title": "Rep", 
    "type": "person"
  }, 
  "status": "REFERRED", 
  "status_at": "2005-10-06", 
  "subjects": [
    "Commerce", 
    "Income tax", 
    "Losses", 
    "Partnerships", 
    "Profit", 
    "Small business", 
    "Tax administration", 
    "Tax deductions", 
    "Taxation"
  ], 
  "subjects_top_term": "Taxation", 
  "summary": {
    "as": "Introduced", 
    "date": "2005-10-06", 
    "text": "Small Business Tax Flexibility Act of 2005 - Amends the Internal Revenue Code to permit certain small start-up businesses to elect a taxable year, other than the required taxable year, which ends on the last day of any of the months of April through November (or at the end of an equivalent annual period)."
  }, 
  "titles": [
    {
      "as": "introduced", 
      "title": "Small Business Tax Flexibility Act of 2005", 
      "type": "short"
    }, 
    {
      "as": "introduced", 
      "title": "To permit startup partnerships and S corporations to elect taxable years other than required years.", 
      "type": "official"
    }
  ], 
  "updated_at": "2013-02-02T20:40:56-05:00"
}