{
  "actions": [
    {
      "acted_at": "2005-07-26", 
      "committee": "House Committee on Ways and Means", 
      "references": [], 
      "status": "REFERRED", 
      "text": "Referred to the House Committee on Ways and Means.", 
      "type": "referral"
    }
  ], 
  "amendments": [], 
  "bill_id": "hr3428-109", 
  "bill_type": "hr", 
  "committees": [
    {
      "activity": [
        "referral", 
        "in committee"
      ], 
      "committee": "House Ways and Means", 
      "committee_id": "HSWM"
    }
  ], 
  "congress": "109", 
  "cosponsors": [
    {
      "district": "4", 
      "name": "Doolittle, John T.", 
      "sponsored_at": "2005-09-21", 
      "state": "CA", 
      "thomas_id": "00307", 
      "title": "Rep", 
      "withdrawn_at": null
    }, 
    {
      "district": "5", 
      "name": "Emanuel, Rahm", 
      "sponsored_at": "2005-12-15", 
      "state": "IL", 
      "thomas_id": "01725", 
      "title": "Rep", 
      "withdrawn_at": null
    }, 
    {
      "district": "5", 
      "name": "Garrett, Scott", 
      "sponsored_at": "2005-10-06", 
      "state": "NJ", 
      "thomas_id": "01737", 
      "title": "Rep", 
      "withdrawn_at": null
    }, 
    {
      "district": "2", 
      "name": "Jefferson, William J.", 
      "sponsored_at": "2005-09-21", 
      "state": "LA", 
      "thomas_id": "00592", 
      "title": "Rep", 
      "withdrawn_at": null
    }, 
    {
      "district": "18", 
      "name": "Murphy, Tim", 
      "sponsored_at": "2005-09-21", 
      "state": "PA", 
      "thomas_id": "01744", 
      "title": "Rep", 
      "withdrawn_at": null
    }, 
    {
      "district": "14", 
      "name": "Paul, Ron", 
      "sponsored_at": "2005-12-15", 
      "state": "TX", 
      "thomas_id": "00900", 
      "title": "Rep", 
      "withdrawn_at": null
    }, 
    {
      "district": "2", 
      "name": "Poe, Ted", 
      "sponsored_at": "2005-10-06", 
      "state": "TX", 
      "thomas_id": "01802", 
      "title": "Rep", 
      "withdrawn_at": null
    }, 
    {
      "district": "4", 
      "name": "Ross, Mike", 
      "sponsored_at": "2005-07-26", 
      "state": "AR", 
      "thomas_id": "01632", 
      "title": "Rep", 
      "withdrawn_at": null
    }
  ], 
  "enacted_as": null, 
  "history": {
    "awaiting_signature": false, 
    "enacted": false, 
    "vetoed": false
  }, 
  "introduced_at": "2005-07-26", 
  "number": "3428", 
  "official_title": "To amend the Internal Revenue Code of 1986 to repeal the medicine and drugs limitation on the deduction for medical care.", 
  "popular_title": null, 
  "related_bills": [
    {
      "bill_id": "s1514-109", 
      "reason": "identical"
    }
  ], 
  "short_title": "OTC Medicine Tax Fairness Act of 2005", 
  "sponsor": {
    "district": "4", 
    "name": "Hart, Melissa A.", 
    "state": "PA", 
    "thomas_id": "01666", 
    "title": "Rep", 
    "type": "person"
  }, 
  "status": "REFERRED", 
  "status_at": "2005-07-26", 
  "subjects": [
    "Costs", 
    "Drugs", 
    "Health", 
    "Income tax", 
    "Medical economics", 
    "Tax deductions", 
    "Taxation"
  ], 
  "subjects_top_term": "Taxation", 
  "summary": {
    "as": "Introduced", 
    "date": "2005-07-26", 
    "text": "The OTC Medicine Tax Fairness Act of 2005 - Amends the Internal Revenue Code to repeal the provision limiting the tax deduction for medicine and drugs to prescribed drugs and insulin (thus allowing a tax deduction for over-the-counter medications)."
  }, 
  "titles": [
    {
      "as": "introduced", 
      "title": "OTC Medicine Tax Fairness Act of 2005", 
      "type": "short"
    }, 
    {
      "as": "introduced", 
      "title": "To amend the Internal Revenue Code of 1986 to repeal the medicine and drugs limitation on the deduction for medical care.", 
      "type": "official"
    }
  ], 
  "updated_at": "2013-02-02T20:40:41-05:00"
}