{
  "actions": [
    {
      "acted_at": "2005-06-27", 
      "references": [
        {
          "reference": "CR E1363", 
          "type": null
        }
      ], 
      "text": "Sponsor introductory remarks on measure.", 
      "type": "action"
    }, 
    {
      "acted_at": "2005-06-27", 
      "committee": "House Committee on Ways and Means", 
      "references": [], 
      "status": "REFERRED", 
      "text": "Referred to the House Committee on Ways and Means.", 
      "type": "referral"
    }
  ], 
  "amendments": [], 
  "bill_id": "hr3079-109", 
  "bill_type": "hr", 
  "committees": [
    {
      "activity": [
        "referral", 
        "in committee"
      ], 
      "committee": "House Ways and Means", 
      "committee_id": "HSWM"
    }
  ], 
  "congress": "109", 
  "cosponsors": [
    {
      "district": "5", 
      "name": "Brown-Waite, Ginny", 
      "sponsored_at": "2005-07-26", 
      "state": "FL", 
      "thomas_id": "01713", 
      "title": "Rep", 
      "withdrawn_at": null
    }, 
    {
      "district": "44", 
      "name": "Calvert, Ken", 
      "sponsored_at": "2005-07-21", 
      "state": "CA", 
      "thomas_id": "00165", 
      "title": "Rep", 
      "withdrawn_at": null
    }, 
    {
      "district": "51", 
      "name": "Filner, Bob", 
      "sponsored_at": "2005-07-21", 
      "state": "CA", 
      "thomas_id": "00381", 
      "title": "Rep", 
      "withdrawn_at": null
    }, 
    {
      "district": "6", 
      "name": "Kennedy, Mark R.", 
      "sponsored_at": "2005-06-28", 
      "state": "MN", 
      "thomas_id": "01652", 
      "title": "Rep", 
      "withdrawn_at": null
    }, 
    {
      "district": "23", 
      "name": "McHugh, John M.", 
      "sponsored_at": "2005-07-19", 
      "state": "NY", 
      "thomas_id": "00773", 
      "title": "Rep", 
      "withdrawn_at": null
    }, 
    {
      "district": "1", 
      "name": "Otter, C. L. (Butch)", 
      "sponsored_at": "2005-06-27", 
      "state": "ID", 
      "thomas_id": "01646", 
      "title": "Rep", 
      "withdrawn_at": null
    }, 
    {
      "district": "2", 
      "name": "Wilson, Joe", 
      "sponsored_at": "2005-07-26", 
      "state": "SC", 
      "thomas_id": "01688", 
      "title": "Rep", 
      "withdrawn_at": null
    }
  ], 
  "enacted_as": null, 
  "history": {
    "awaiting_signature": false, 
    "enacted": false, 
    "vetoed": false
  }, 
  "introduced_at": "2005-06-27", 
  "number": "3079", 
  "official_title": "To amend the Internal Revenue Code of 1986 to exclude from gross income amounts received on the sale of animals which are raised and sold as part of an educational program.", 
  "popular_title": null, 
  "related_bills": [], 
  "short_title": "Agriculture Education Freedom Act", 
  "sponsor": {
    "district": "14", 
    "name": "Paul, Ron", 
    "state": "TX", 
    "thomas_id": "00900", 
    "title": "Rep", 
    "type": "person"
  }, 
  "status": "REFERRED", 
  "status_at": "2005-06-27", 
  "subjects": [
    "Agricultural education", 
    "Agricultural societies", 
    "Agriculture and food", 
    "Animals", 
    "Education", 
    "Elementary and secondary education", 
    "Elementary education", 
    "Families", 
    "Higher education", 
    "Income tax", 
    "Livestock", 
    "Secondary education", 
    "Tax exclusion", 
    "Tax-exempt organizations", 
    "Taxation", 
    "Youth services"
  ], 
  "subjects_top_term": "Taxation", 
  "summary": {
    "as": "Introduced", 
    "date": "2005-06-27", 
    "text": "Agriculture Education Freedom Act - Amends the Internal Revenue Code to exclude from the gross income of an individual any gain from the sale of any animal raised and sold by such individual as part of his or her participation in the 4-H program under the Cooperative State Research, Education, and Extension Service of the Department of Agriculture, the Future Farmers of America, any tax-exempt similar organization, or any program of a tax-exempt educational organization."
  }, 
  "titles": [
    {
      "as": "introduced", 
      "title": "Agriculture Education Freedom Act", 
      "type": "short"
    }, 
    {
      "as": "introduced", 
      "title": "To amend the Internal Revenue Code of 1986 to exclude from gross income amounts received on the sale of animals which are raised and sold as part of an educational program.", 
      "type": "official"
    }
  ], 
  "updated_at": "2013-02-02T20:40:32-05:00"
}