{
  "actions": [
    {
      "acted_at": "2005-03-17", 
      "committee": "House Committee on Financial Services", 
      "references": [], 
      "status": "REFERRED", 
      "text": "Referred to the House Committee on Financial Services.", 
      "type": "referral"
    }, 
    {
      "acted_at": "2005-04-15", 
      "in_committee": "House Committee on Financial Services", 
      "references": [], 
      "subcommittee": "Domestic and International Monetary Policy, Trade, and Technology", 
      "text": "Referred to the Subcommittee on Domestic and International Monetary Policy, Trade, and Technology.", 
      "type": "referral"
    }
  ], 
  "amendments": [], 
  "bill_id": "hr1404-109", 
  "bill_type": "hr", 
  "committees": [
    {
      "activity": [
        "referral", 
        "in committee"
      ], 
      "committee": "House Financial Services", 
      "committee_id": "HSBA"
    }, 
    {
      "activity": [
        "referral"
      ], 
      "committee": "House Financial Services", 
      "committee_id": "HSBA", 
      "subcommittee": "Subcommittee on Domestic and International Monetary Policy, Trade, and Technology", 
      "subcommittee_id": "19"
    }
  ], 
  "congress": "109", 
  "cosponsors": [
    {
      "district": null, 
      "name": "Bordallo, Madeleine Z.", 
      "sponsored_at": "2005-03-17", 
      "state": "GU", 
      "thomas_id": "01723", 
      "title": "Rep", 
      "withdrawn_at": null
    }, 
    {
      "district": "14", 
      "name": "Conyers, John, Jr.", 
      "sponsored_at": "2005-03-17", 
      "state": "MI", 
      "thomas_id": "00229", 
      "title": "Rep", 
      "withdrawn_at": null
    }, 
    {
      "district": "5", 
      "name": "Cooper, Jim", 
      "sponsored_at": "2005-03-17", 
      "state": "TN", 
      "thomas_id": "00231", 
      "title": "Rep", 
      "withdrawn_at": null
    }, 
    {
      "district": "6", 
      "name": "Gordon, Bart", 
      "sponsored_at": "2005-03-17", 
      "state": "TN", 
      "thomas_id": "00448", 
      "title": "Rep", 
      "withdrawn_at": null
    }, 
    {
      "district": "18", 
      "name": "Jackson-Lee, Sheila", 
      "sponsored_at": "2005-03-17", 
      "state": "TX", 
      "thomas_id": "00588", 
      "title": "Rep", 
      "withdrawn_at": null
    }, 
    {
      "district": "2", 
      "name": "Jefferson, William J.", 
      "sponsored_at": "2005-03-17", 
      "state": "LA", 
      "thomas_id": "00592", 
      "title": "Rep", 
      "withdrawn_at": null
    }, 
    {
      "district": "11", 
      "name": "Jones, Stephanie Tubbs", 
      "sponsored_at": "2005-03-17", 
      "state": "OH", 
      "thomas_id": "01581", 
      "title": "Rep", 
      "withdrawn_at": null
    }, 
    {
      "district": "5", 
      "name": "Lewis, John", 
      "sponsored_at": "2005-03-17", 
      "state": "GA", 
      "thomas_id": "00688", 
      "title": "Rep", 
      "withdrawn_at": null
    }, 
    {
      "district": "14", 
      "name": "Maloney, Carolyn B.", 
      "sponsored_at": "2005-03-17", 
      "state": "NY", 
      "thomas_id": "00729", 
      "title": "Rep", 
      "withdrawn_at": null
    }, 
    {
      "district": "7", 
      "name": "McDermott, Jim", 
      "sponsored_at": "2005-03-17", 
      "state": "WA", 
      "thomas_id": "00766", 
      "title": "Rep", 
      "withdrawn_at": null
    }, 
    {
      "district": "5", 
      "name": "Meehan, Martin T.", 
      "sponsored_at": "2005-03-17", 
      "state": "MA", 
      "thomas_id": "00788", 
      "title": "Rep", 
      "withdrawn_at": null
    }, 
    {
      "district": null, 
      "name": "Norton, Eleanor Holmes", 
      "sponsored_at": "2005-03-17", 
      "state": "DC", 
      "thomas_id": "00868", 
      "title": "Rep", 
      "withdrawn_at": null
    }, 
    {
      "district": "11", 
      "name": "Owens, Major R.", 
      "sponsored_at": "2005-03-17", 
      "state": "NY", 
      "thomas_id": "00883", 
      "title": "Rep", 
      "withdrawn_at": null
    }, 
    {
      "district": "10", 
      "name": "Payne, Donald M.", 
      "sponsored_at": "2005-03-17", 
      "state": "NJ", 
      "thomas_id": "00902", 
      "title": "Rep", 
      "withdrawn_at": null
    }, 
    {
      "district": "15", 
      "name": "Rangel, Charles B.", 
      "sponsored_at": "2005-03-17", 
      "state": "NY", 
      "thomas_id": "00944", 
      "title": "Rep", 
      "withdrawn_at": null
    }, 
    {
      "district": "1", 
      "name": "Rush, Bobby L.", 
      "sponsored_at": "2005-03-17", 
      "state": "IL", 
      "thomas_id": "01003", 
      "title": "Rep", 
      "withdrawn_at": null
    }, 
    {
      "district": "3", 
      "name": "Wamp, Zach", 
      "sponsored_at": "2005-03-17", 
      "state": "TN", 
      "thomas_id": "01199", 
      "title": "Rep", 
      "withdrawn_at": null
    }
  ], 
  "enacted_as": null, 
  "history": {
    "awaiting_signature": false, 
    "enacted": false, 
    "vetoed": false
  }, 
  "introduced_at": "2005-03-17", 
  "number": "1404", 
  "official_title": "To posthumously award a congressional gold medal to Wilma G. Rudolph.", 
  "popular_title": null, 
  "related_bills": [], 
  "short_title": null, 
  "sponsor": {
    "district": "13", 
    "name": "Kilpatrick, Carolyn C.", 
    "state": "MI", 
    "thomas_id": "01497", 
    "title": "Rep", 
    "type": "person"
  }, 
  "status": "REFERRED", 
  "status_at": "2005-03-17", 
  "subjects": [
    "Blacks", 
    "Commemorations", 
    "Congress", 
    "Congressional gold medals", 
    "Minorities", 
    "Olympic games", 
    "Sports and recreation", 
    "Women", 
    "Women athletes"
  ], 
  "subjects_top_term": "Commemorations", 
  "summary": {
    "as": "Introduced", 
    "date": "2005-03-17", 
    "text": "Directs the Speaker of the House of Representatives and the President Pro Tempore of the Senate to arrange for the presentation of a congressional gold medal honoring Wilma G. Rudolph (three-time gold medal winner in the 1960 Olympics) in recognition of her outstanding and enduring contributions to humanity and to women's athletics."
  }, 
  "titles": [
    {
      "as": "introduced", 
      "title": "To posthumously award a congressional gold medal to Wilma G. Rudolph.", 
      "type": "official"
    }
  ], 
  "updated_at": "2013-02-02T20:39:47-05:00"
}