{
  "actions": [
    {
      "acted_at": "2005-06-27", 
      "references": [
        {
          "reference": "CR E1368-1369", 
          "type": null
        }
      ], 
      "text": "Sponsor introductory remarks on measure.", 
      "type": "action"
    }, 
    {
      "acted_at": "2005-06-27", 
      "committee": "House Committee on Ways and Means", 
      "references": [], 
      "status": "REFERRED", 
      "text": "Referred to the House Committee on Ways and Means.", 
      "type": "referral"
    }
  ], 
  "amendments": [], 
  "bill_id": "hr3078-109", 
  "bill_type": "hr", 
  "committees": [
    {
      "activity": [
        "referral", 
        "in committee"
      ], 
      "committee": "House Ways and Means", 
      "committee_id": "HSWM"
    }
  ], 
  "congress": "109", 
  "cosponsors": [
    {
      "district": "1", 
      "name": "Miller, Jeff", 
      "sponsored_at": "2005-06-27", 
      "state": "FL", 
      "thomas_id": "01685", 
      "title": "Rep", 
      "withdrawn_at": null
    }
  ], 
  "enacted_as": null, 
  "history": {
    "awaiting_signature": false, 
    "enacted": false, 
    "vetoed": false
  }, 
  "introduced_at": "2005-06-27", 
  "number": "3078", 
  "official_title": "To amend the Internal Revenue Code of 1986 to waive the employee portion of Social Security taxes imposed on individuals who have been diagnosed as having cancer or a terminal disease.", 
  "popular_title": null, 
  "related_bills": [], 
  "short_title": "Cancer and Terminal Illness Patient Health Care Act of 2005", 
  "sponsor": {
    "district": "14", 
    "name": "Paul, Ron", 
    "state": "TX", 
    "thomas_id": "00900", 
    "title": "Rep", 
    "type": "person"
  }, 
  "status": "REFERRED", 
  "status_at": "2005-06-27", 
  "subjects": [
    "Cancer", 
    "Caregivers", 
    "Disabled", 
    "Families", 
    "Government operations and politics", 
    "Government paperwork", 
    "Health", 
    "Labor and employment", 
    "Medical economics", 
    "Medical records", 
    "Physicians", 
    "Self-employed", 
    "Social security taxes", 
    "Social welfare", 
    "Tax exclusion", 
    "Tax rates", 
    "Taxation", 
    "Terminally ill"
  ], 
  "subjects_top_term": "Taxation", 
  "summary": {
    "as": "Introduced", 
    "date": "2005-06-27", 
    "text": "Cancer and Terminal Illness Patient Health Care Act of 2005 - Amends the Internal Revenue Code to waive the employee portion of the Social Security tax for any period in which a taxpayer has been certified by a physician as having cancer or a terminal illness or is the primary caregiver for a spouse, parent, or child with cancer or a terminal disease. Reduces by 50 percent the rates of tax levied on a self-employed individual for old age, survivors and disability insurance and hospital insurance if a physician has certified that such individual has a terminal disease or cancer throughout the taxable year or is the primary caregiver for a spouse, parent, or child with a terminal disease or cancer."
  }, 
  "titles": [
    {
      "as": "introduced", 
      "title": "Cancer and Terminal Illness Patient Health Care Act of 2005", 
      "type": "short"
    }, 
    {
      "as": "introduced", 
      "title": "To amend the Internal Revenue Code of 1986 to waive the employee portion of Social Security taxes imposed on individuals who have been diagnosed as having cancer or a terminal disease.", 
      "type": "official"
    }
  ], 
  "updated_at": "2013-02-02T20:40:32-05:00"
}