{
  "actions": [
    {
      "acted_at": "2005-05-23T19:23:00-04:00", 
      "references": [], 
      "text": "The House Committee on Appropriations reported an original measure, H. Rept. 109-95, by Mr. Walsh.", 
      "type": "action"
    }, 
    {
      "acted_at": "2005-05-23T19:23:00-04:00", 
      "calendar": "Union", 
      "number": "51", 
      "references": [], 
      "status": "REPORTED", 
      "text": "Placed on the Union Calendar, Calendar No. 51.", 
      "type": "calendar", 
      "under": null
    }, 
    {
      "acted_at": "2005-05-25T20:41:00-04:00", 
      "bill_ids": [
        "hres298-109"
      ], 
      "references": [], 
      "text": "Rules Committee Resolution H. Res. 298 Reported to House. Rule provides for consideration of H.R. 2528 with 1 hour of general debate. Previous question shall be considered as ordered without intervening motions except motion to recommit with or without instructions. All points of order against consideration of the bill are waived. Measure will be read by paragraph. Bill is open to amendments.", 
      "type": "action"
    }, 
    {
      "acted_at": "2005-05-26T11:41:00-04:00", 
      "bill_ids": [
        "hres298-109"
      ], 
      "references": [], 
      "text": "Rule H. Res. 298 passed House.", 
      "type": "action"
    }, 
    {
      "acted_at": "2005-05-26T11:43:00-04:00", 
      "bill_ids": [
        "hres298-109"
      ], 
      "references": [
        {
          "reference": "CR H4085-4114", 
          "type": "consideration"
        }, 
        {
          "reference": "CR H4096, H4097-4098, H4099, H4100, H4103-4105", 
          "type": "text of Title I as reported in House"
        }, 
        {
          "reference": "CR H4105, H4106-4108", 
          "type": "text of Title II as reported in House"
        }, 
        {
          "reference": "CR H4108", 
          "type": "text of Title III as reported in House"
        }, 
        {
          "reference": "CR H4108-4109", 
          "type": "text of Title IV as reported in House"
        }
      ], 
      "text": "Considered under the provisions of rule H. Res. 298.", 
      "type": "action"
    }, 
    {
      "acted_at": "2005-05-26T11:43:00-04:00", 
      "references": [], 
      "text": "Rule provides for consideration of H.R. 2528 with 1 hour of general debate. Previous question shall be considered as ordered without intervening motions except motion to recommit with or without instructions. All points of order against consideration of the bill are waived. Measure will be read by paragraph. Bill is open to amendments.", 
      "type": "action"
    }, 
    {
      "acted_at": "2005-05-26T11:43:00-04:00", 
      "bill_ids": [
        "hres298-109"
      ], 
      "references": [], 
      "text": "House resolved itself into the Committee of the Whole House on the state of the Union pursuant to H. Res. 298 and Rule XVIII.", 
      "type": "action"
    }, 
    {
      "acted_at": "2005-05-26T11:43:00-04:00", 
      "references": [], 
      "text": "The Speaker designated the Honorable Charles F. Bass to act as Chairman of the Committee.", 
      "type": "action"
    }, 
    {
      "acted_at": "2005-05-26T11:43:00-04:00", 
      "references": [], 
      "text": "GENERAL DEBATE - The Committee of the Whole proceeded with one hour of general debate on H.R. 2528.", 
      "type": "action"
    }, 
    {
      "acted_at": "2005-05-26T12:32:00-04:00", 
      "references": [], 
      "text": "DEBATE - The Committee of the Whole proceeded with debate on the Melancon amendment under the five-minute rule.", 
      "type": "action"
    }, 
    {
      "acted_at": "2005-05-26T12:43:00-04:00", 
      "references": [], 
      "text": "POSTPONED PROCEEDINGS - At the conclusion of debate on the Melancon amendment, the Chair put the question on adoption of the amendment and by voice vote, announced that the noes had prevailed. Mr. Melancon demanded a recorded vote and the Chair postponed further proceedings on the question of adoption of the amendment until later in the legislative day.", 
      "type": "action"
    }, 
    {
      "acted_at": "2005-05-26T13:00:00-04:00", 
      "references": [], 
      "text": "DEBATE - The Committee of the Whole proceeded with debate on the Blumenauer amendment under the five-minute rule.", 
      "type": "action"
    }, 
    {
      "acted_at": "2005-05-26T13:17:00-04:00", 
      "references": [], 
      "text": "POSTPONED PROCEEDINGS - At the conclusion of debate on the Blumenauer amendment, the Chair put the question on adoption of the amendment and by voice vote, announced that the noes had prevailed. Mr. Blumenauer demanded a recorded vote and the Chair postponed further proceedings on the question of adoption of the amendment until later in the legislative day.", 
      "type": "action"
    }, 
    {
      "acted_at": "2005-05-26T13:19:00-04:00", 
      "references": [], 
      "text": "DEBATE - The Committee of the Whole proceeded with debate on the Blumenauer amendment under the five-minute rule.", 
      "type": "action"
    }, 
    {
      "acted_at": "2005-05-26T13:24:00-04:00", 
      "references": [], 
      "text": "DEBATE - The Committee of the Whole proceeded with debate on the Obey amendment under the five-minute rule, pending a reservation of a point of order.", 
      "type": "action"
    }, 
    {
      "acted_at": "2005-05-26T13:38:00-04:00", 
      "references": [], 
      "text": "DEBATE - The Committee of the Whole proceeded with debate on the Jones (OH) amendment under the five-minute rule, pending reservation of a point of order.", 
      "type": "action"
    }, 
    {
      "acted_at": "2005-05-26T13:39:00-04:00", 
      "references": [], 
      "text": "DEBATE - The Committee of the Whole proceeded with debate on the Jones (OH) amendment under the five-minute rule, pending reservation of a point of order. Subsequently, the reservation of a point of order was withdrawn and debate under the five-minute rule continued.", 
      "type": "action"
    }, 
    {
      "acted_at": "2005-05-26T13:53:00-04:00", 
      "references": [], 
      "text": "DEBATE - The Committee of the Whole proceeded with debate on the Tiahrt amendment, pending reservation of a point of order.", 
      "type": "action"
    }, 
    {
      "acted_at": "2005-05-26T14:02:00-04:00", 
      "references": [], 
      "text": "UNFINISHED BUSINESS - The Chair announced that the unfinished business was the question of adoption of amendments which had been debated earlier and on which further proceedings had been postponed.", 
      "type": "action"
    }, 
    {
      "acted_at": "2005-05-26T14:39:00-04:00", 
      "references": [], 
      "text": "Mr. Walsh moved for the Committee of the Whole to rise and report.", 
      "type": "action"
    }, 
    {
      "acted_at": "2005-05-26T14:40:00-04:00", 
      "references": [], 
      "text": "On motion to rise and report Agreed to by voice vote.", 
      "type": "action"
    }, 
    {
      "acted_at": "2005-05-26T14:40:00-04:00", 
      "references": [], 
      "text": "The House rose from the Committee of the Whole House on the state of the Union to report H.R. 2528.", 
      "type": "action"
    }, 
    {
      "acted_at": "2005-05-26T14:41:00-04:00", 
      "references": [
        {
          "reference": "CR H4117", 
          "type": "consideration"
        }
      ], 
      "text": "The previous question was ordered pursuant to the rule.", 
      "type": "action"
    }, 
    {
      "acted_at": "2005-05-26T14:41:00-04:00", 
      "references": [], 
      "text": "The House adopted the amendment as agreed to by the Committee of the Whole House on the state of the Union.", 
      "type": "action"
    }, 
    {
      "acted_at": "2005-05-26T15:00:00-04:00", 
      "how": "roll", 
      "references": [], 
      "result": "pass", 
      "roll": "226", 
      "status": "PASS_OVER:HOUSE", 
      "suspension": null, 
      "text": "On passage Passed by the Yeas and Nays: 425 - 1 (Roll no. 226).", 
      "type": "vote", 
      "vote_type": "vote", 
      "where": "h"
    }, 
    {
      "acted_at": "2005-05-26T15:00:00-04:00", 
      "references": [], 
      "text": "Motion to reconsider laid on the table Agreed to without objection.", 
      "type": "action"
    }, 
    {
      "acted_at": "2005-05-26", 
      "committee": "Committee on Appropriations", 
      "references": [], 
      "text": "Received in the Senate and Read twice and referred to the Committee on Appropriations.", 
      "type": "referral"
    }, 
    {
      "acted_at": "2005-07-19", 
      "in_committee": "Committee on Appropriations", 
      "references": [], 
      "text": "Committee on Appropriations Subcommittee on Military Construction and Veterans' Affairs and Related Agencies. Approved for full committee consideration with an amendment in the nature of a substitute favorably.", 
      "type": "action"
    }, 
    {
      "acted_at": "2005-07-21", 
      "in_committee": "Committee on Appropriations", 
      "references": [], 
      "text": "Committee on Appropriations. Ordered to be reported with an amendment in the nature of a substitute favorably.", 
      "type": "calendar"
    }, 
    {
      "acted_at": "2005-07-21", 
      "committee": "Appropriations", 
      "references": [], 
      "text": "Committee on Appropriations. Reported by Senator Hutchison with an amendment in the nature of a substitute and an amendment to the title. With written report No. 109-105.", 
      "type": "reported"
    }, 
    {
      "acted_at": "2005-07-21", 
      "calendar": "Senate Legislative", 
      "number": "169", 
      "references": [], 
      "text": "Placed on Senate Legislative Calendar under General Orders. Calendar No. 169.", 
      "type": "calendar", 
      "under": "General Orders"
    }, 
    {
      "acted_at": "2005-09-22", 
      "references": [
        {
          "reference": "CR S10335-10360", 
          "type": "consideration"
        }, 
        {
          "reference": "CRS S10335-10346", 
          "type": "text of measure as reported in Senate"
        }
      ], 
      "text": "Measure laid before Senate by unanimous consent.", 
      "type": "action"
    }, 
    {
      "acted_at": "2005-09-22", 
      "references": [], 
      "text": "The committee substitute agreed to by Unanimous Consent.", 
      "type": "action"
    }, 
    {
      "acted_at": "2005-09-22", 
      "how": "roll", 
      "references": [
        {
          "reference": "CR 9/26/2005 S10453-10459", 
          "type": "text"
        }
      ], 
      "result": "pass", 
      "roll": "243", 
      "status": "PASS_BACK:SENATE", 
      "text": "Passed Senate with an amendment and an amendment to the Title by Yea-Nay Vote. 98 - 0. Record Vote Number: 243.", 
      "type": "vote", 
      "vote_type": "vote2", 
      "where": "s"
    }, 
    {
      "acted_at": "2005-09-22", 
      "references": [], 
      "text": "Senate insists on its amendments, asks for a conference, appoints conferees Hutchison; Burns; Craig; DeWine; Brownback; Allard; McConnell; Cochran; Feinstein; Inouye; Johnson; Landrieu; Byrd; Murray; Leahy.", 
      "type": "action"
    }, 
    {
      "acted_at": "2005-09-22", 
      "references": [
        {
          "reference": "CR S10391", 
          "type": "consideration"
        }
      ], 
      "text": "Measure amended in Senate after passage by Unanimous Consent.", 
      "type": "action"
    }, 
    {
      "acted_at": "2005-09-26", 
      "references": [], 
      "text": "Message on Senate action sent to the House.", 
      "type": "action"
    }, 
    {
      "acted_at": "2005-11-03T10:40:00-05:00", 
      "references": [], 
      "text": "Mr. Walsh moved that the House disagree to the Senate amendments, and agree to a conference.", 
      "type": "action"
    }, 
    {
      "acted_at": "2005-11-03T10:44:00-05:00", 
      "references": [], 
      "text": "On motion that the House disagree to the Senate amendments, and agree to a conference Agreed to without objection.", 
      "type": "action"
    }, 
    {
      "acted_at": "2005-11-03T10:44:00-05:00", 
      "references": [], 
      "text": "Motion to reconsider laid on the table Agreed to without objection.", 
      "type": "action"
    }, 
    {
      "acted_at": "2005-11-03T10:45:00-05:00", 
      "references": [
        {
          "reference": "CR H9562-9566", 
          "type": "consideration"
        }, 
        {
          "reference": "CR H9562", 
          "type": "text"
        }
      ], 
      "text": "Mr. Obey moved that the House instruct conferees.", 
      "type": "action"
    }, 
    {
      "acted_at": "2005-11-03T10:45:00-05:00", 
      "references": [], 
      "text": "DEBATE - The House proceeded with debate on the Obey motion to instruct conferees. The instructions contained in the motion seek to require the managers on the part of the House to insist on the House level in order to support force protection activities in Iraq.", 
      "type": "action"
    }, 
    {
      "acted_at": "2005-11-03T11:17:00-05:00", 
      "references": [
        {
          "reference": "CR H9566", 
          "type": "consideration"
        }
      ], 
      "text": "The previous question was ordered without objection.", 
      "type": "action"
    }, 
    {
      "acted_at": "2005-11-03T11:18:00-05:00", 
      "references": [], 
      "text": "On motion that the House instruct conferees Agreed to by voice vote.", 
      "type": "action"
    }, 
    {
      "acted_at": "2005-11-03T11:18:00-05:00", 
      "references": [], 
      "text": "Motion to reconsider laid on the table Agreed to without objection.", 
      "type": "action"
    }, 
    {
      "acted_at": "2005-11-03T12:05:00-05:00", 
      "references": [], 
      "text": "The Speaker appointed conferees: Walsh, Aderholt, Northup, Simpson, Crenshaw, Young (FL), Kirk, Rehberg, Carter, Lewis (CA), Edwards, Farr, Boyd, Bishop (GA), Price (NC), Cramer, and Obey.", 
      "type": "action"
    }, 
    {
      "acted_at": "2005-11-17", 
      "references": [], 
      "text": "Conferees agreed to file conference report.", 
      "type": "action"
    }, 
    {
      "acted_at": "2005-11-18T01:51:00-05:00", 
      "references": [
        {
          "reference": "CR 11/17/2005 H10749-10786", 
          "type": "text of conference report"
        }
      ], 
      "text": "Conference report H. Rept. 109-305 filed.", 
      "type": "action"
    }, 
    {
      "acted_at": "2005-11-18T08:34:00-05:00", 
      "bill_ids": [
        "hres564-109"
      ], 
      "references": [], 
      "text": "Rules Committee Resolution H. Res. 564 Reported to House. Rule provides for consideration of the conference report to H.R. 2528. All points of order against the conference report and against its consideration are waived. The conference report shall be considered as read.", 
      "type": "action"
    }, 
    {
      "acted_at": "2005-11-18T09:33:00-05:00", 
      "bill_ids": [
        "hres564-109"
      ], 
      "references": [
        {
          "reference": "CR H10915-10925", 
          "type": "consideration"
        }
      ], 
      "text": "Mr. Walsh brought up conference report H. Rept. 109-305 for consideration under the provisions of H. Res. 564.", 
      "type": "action"
    }, 
    {
      "acted_at": "2005-11-18T09:33:00-05:00", 
      "references": [], 
      "text": "DEBATE - The House proceeded with one hour of debate on the conference report to accompany H.R. 2528.", 
      "type": "action"
    }, 
    {
      "acted_at": "2005-11-18T09:39:00-05:00", 
      "bill_ids": [
        "hres564-109"
      ], 
      "references": [], 
      "text": "Rule H. Res. 564 passed House.", 
      "type": "action"
    }, 
    {
      "acted_at": "2005-11-18T10:16:00-05:00", 
      "references": [
        {
          "reference": "CR H10925", 
          "type": "consideration"
        }
      ], 
      "text": "The previous question was ordered without objection.", 
      "type": "action"
    }, 
    {
      "acted_at": "2005-11-18T10:16:00-05:00", 
      "references": [], 
      "text": "POSTPONED PROCEEDINGS - At the conclusion of debate on the conference report, the Chair put the question on adoption of the conference report and announced that the yeas and nays were required under the rule. Pursuant to clause 8, Rule XX, further proceedings on the question of adoption of the conference report were postponed until later in the legislative day.", 
      "type": "action"
    }, 
    {
      "acted_at": "2005-11-18T12:23:00-05:00", 
      "references": [
        {
          "reference": "CR H10958", 
          "type": "consideration"
        }
      ], 
      "text": "The House proceeded to consider the conference report H.Rept. 109-305 as unfinished business.", 
      "type": "action"
    }, 
    {
      "acted_at": "2005-11-18T12:45:00-05:00", 
      "references": [], 
      "text": "Motions to reconsider laid on the table Agreed to without objection.", 
      "type": "action"
    }, 
    {
      "acted_at": "2005-11-18T12:45:00-05:00", 
      "how": "roll", 
      "references": [], 
      "result": "pass", 
      "roll": "604", 
      "status": "CONFERENCE:PASSED:HOUSE", 
      "suspension": null, 
      "text": "On agreeing to the conference report Agreed to by the Yeas and Nays: 427 - 0 (Roll no. 604).", 
      "type": "vote", 
      "vote_type": "conference", 
      "where": "h"
    }, 
    {
      "acted_at": "2005-11-18", 
      "how": "by Unanimous Consent", 
      "references": [
        {
          "reference": "CR S13329", 
          "type": "consideration"
        }
      ], 
      "result": "pass", 
      "status": "PASSED:BILL", 
      "text": "Senate agreed to conference report by Unanimous Consent.", 
      "type": "vote", 
      "vote_type": "conference", 
      "where": "s"
    }, 
    {
      "acted_at": "2005-11-18", 
      "references": [], 
      "text": "Message on Senate action sent to the House.", 
      "type": "action"
    }, 
    {
      "acted_at": "2005-11-18", 
      "references": [], 
      "text": "Cleared for White House.", 
      "type": "topresident"
    }, 
    {
      "acted_at": "2005-11-28", 
      "references": [], 
      "text": "Presented to President.", 
      "type": "topresident"
    }, 
    {
      "acted_at": "2005-11-30", 
      "references": [], 
      "text": "Signed by President.", 
      "type": "signed"
    }, 
    {
      "acted_at": "2005-11-30", 
      "congress": "109", 
      "law": "public", 
      "number": "114", 
      "references": [], 
      "status": "ENACTED:SIGNED", 
      "text": "Became Public Law No: 109-114.", 
      "type": "enacted"
    }
  ], 
  "amendments": [
    {
      "amendment_id": "h216-109", 
      "amendment_type": "h", 
      "chamber": "h", 
      "number": "216"
    }, 
    {
      "amendment_id": "h217-109", 
      "amendment_type": "h", 
      "chamber": "h", 
      "number": "217"
    }, 
    {
      "amendment_id": "h219-109", 
      "amendment_type": "h", 
      "chamber": "h", 
      "number": "219"
    }, 
    {
      "amendment_id": "h220-109", 
      "amendment_type": "h", 
      "chamber": "h", 
      "number": "220"
    }, 
    {
      "amendment_id": "h221-109", 
      "amendment_type": "h", 
      "chamber": "h", 
      "number": "221"
    }, 
    {
      "amendment_id": "h222-109", 
      "amendment_type": "h", 
      "chamber": "h", 
      "number": "222"
    }, 
    {
      "amendment_id": "h223-109", 
      "amendment_type": "h", 
      "chamber": "h", 
      "number": "223"
    }, 
    {
      "amendment_id": "s1850-109", 
      "amendment_type": "s", 
      "chamber": "s", 
      "number": "1850"
    }, 
    {
      "amendment_id": "s1851-109", 
      "amendment_type": "s", 
      "chamber": "s", 
      "number": "1851"
    }, 
    {
      "amendment_id": "s1852-109", 
      "amendment_type": "s", 
      "chamber": "s", 
      "number": "1852"
    }, 
    {
      "amendment_id": "s1853-109", 
      "amendment_type": "s", 
      "chamber": "s", 
      "number": "1853"
    }, 
    {
      "amendment_id": "s1854-109", 
      "amendment_type": "s", 
      "chamber": "s", 
      "number": "1854"
    }, 
    {
      "amendment_id": "s1855-109", 
      "amendment_type": "s", 
      "chamber": "s", 
      "number": "1855"
    }, 
    {
      "amendment_id": "s1856-109", 
      "amendment_type": "s", 
      "chamber": "s", 
      "number": "1856"
    }, 
    {
      "amendment_id": "s1857-109", 
      "amendment_type": "s", 
      "chamber": "s", 
      "number": "1857"
    }, 
    {
      "amendment_id": "s1858-109", 
      "amendment_type": "s", 
      "chamber": "s", 
      "number": "1858"
    }, 
    {
      "amendment_id": "s1859-109", 
      "amendment_type": "s", 
      "chamber": "s", 
      "number": "1859"
    }, 
    {
      "amendment_id": "s1860-109", 
      "amendment_type": "s", 
      "chamber": "s", 
      "number": "1860"
    }, 
    {
      "amendment_id": "s1861-109", 
      "amendment_type": "s", 
      "chamber": "s", 
      "number": "1861"
    }, 
    {
      "amendment_id": "s1862-109", 
      "amendment_type": "s", 
      "chamber": "s", 
      "number": "1862"
    }, 
    {
      "amendment_id": "s1863-109", 
      "amendment_type": "s", 
      "chamber": "s", 
      "number": "1863"
    }, 
    {
      "amendment_id": "s1864-109", 
      "amendment_type": "s", 
      "chamber": "s", 
      "number": "1864"
    }, 
    {
      "amendment_id": "s1865-109", 
      "amendment_type": "s", 
      "chamber": "s", 
      "number": "1865"
    }, 
    {
      "amendment_id": "s1866-109", 
      "amendment_type": "s", 
      "chamber": "s", 
      "number": "1866"
    }, 
    {
      "amendment_id": "s1867-109", 
      "amendment_type": "s", 
      "chamber": "s", 
      "number": "1867"
    }, 
    {
      "amendment_id": "s1868-109", 
      "amendment_type": "s", 
      "chamber": "s", 
      "number": "1868"
    }, 
    {
      "amendment_id": "s1869-109", 
      "amendment_type": "s", 
      "chamber": "s", 
      "number": "1869"
    }, 
    {
      "amendment_id": "s1870-109", 
      "amendment_type": "s", 
      "chamber": "s", 
      "number": "1870"
    }, 
    {
      "amendment_id": "s1871-109", 
      "amendment_type": "s", 
      "chamber": "s", 
      "number": "1871"
    }
  ], 
  "bill_id": "hr2528-109", 
  "bill_type": "hr", 
  "committees": [
    {
      "activity": [
        "origin", 
        "reporting"
      ], 
      "committee": "House Appropriations", 
      "committee_id": "HSAP"
    }, 
    {
      "activity": [
        "referral", 
        "markup", 
        "reporting"
      ], 
      "committee": "Senate Appropriations", 
      "committee_id": "SSAP"
    }, 
    {
      "activity": [
        "markup", 
        "reporting"
      ], 
      "committee": "Senate Appropriations", 
      "committee_id": "SSAP", 
      "subcommittee": "Subcommittee on Military Construction and Veterans Affairs, and Related Agencies", 
      "subcommittee_id": "19"
    }
  ], 
  "congress": "109", 
  "cosponsors": [], 
  "enacted_as": {
    "congress": "109", 
    "law_type": "public", 
    "number": "114"
  }, 
  "history": {
    "awaiting_signature": false, 
    "enacted": true, 
    "enacted_at": "2005-11-30", 
    "house_passage_result": "pass", 
    "house_passage_result_at": "2005-11-18T12:45:00-05:00", 
    "senate_passage_result": "pass", 
    "senate_passage_result_at": "2005-11-18", 
    "vetoed": false
  }, 
  "introduced_at": "2005-05-23", 
  "number": "2528", 
  "official_title": "An Act making appropriations for Military Construction and Veterans Affairs, and Related Agencies for the fiscal year ending September 30, 2006, and for other purposes.", 
  "popular_title": "Appropriations bill FY2006, Military Construction", 
  "related_bills": [
    {
      "bill_id": "hres298-109", 
      "reason": "rule"
    }, 
    {
      "bill_id": "hres564-109", 
      "reason": "rule"
    }
  ], 
  "short_title": "Military Quality of Life and Veterans Affairs Appropriations Act, 2006", 
  "sponsor": {
    "district": "25", 
    "name": "Walsh, James T.", 
    "state": "NY", 
    "thomas_id": "01197", 
    "title": "Rep", 
    "type": "person"
  }, 
  "status": "ENACTED:SIGNED", 
  "status_at": "2005-11-30", 
  "subjects": [
    "Africa", 
    "Africa (Sub-Saharan)", 
    "Air force", 
    "Alaska", 
    "Alliances", 
    "American Battle Monuments Commission", 
    "American Samoa", 
    "Appellate courts", 
    "Appropriations", 
    "Arab countries", 
    "Architecture", 
    "Armed Forces Retirement Home", 
    "Armed forces abroad", 
    "Armed forces and national security", 
    "Armed forces reserves", 
    "Army", 
    "Arts, culture, religion", 
    "Ballistic missile defenses", 
    "Building construction", 
    "Buy American", 
    "Cabinet officers", 
    "Cemeteries and funerals", 
    "Central Asia", 
    "Civil rights and liberties, minority issues", 
    "Claims", 
    "Clinics", 
    "Collection of accounts", 
    "Commemorations", 
    "Commerce", 
    "Competitive bidding", 
    "Conflict of interests", 
    "Congress", 
    "Congress and military policy", 
    "Congressional hearings", 
    "Congressional investigations", 
    "Congressional oversight", 
    "Congressional reporting requirements", 
    "Congressional witnesses", 
    "Congressional-executive relations", 
    "Construction costs", 
    "Consultants", 
    "Cost plus contracts", 
    "Courts of special jurisdiction", 
    "Defense budgets", 
    "Defense burdensharing", 
    "Defense contracts", 
    "Defense procurement", 
    "Department of Defense", 
    "Department of Veterans Affairs", 
    "Diabetes", 
    "Disability evaluation", 
    "Disabled", 
    "District of Columbia", 
    "Drugs", 
    "Easements", 
    "East Asia", 
    "Economics and public finance", 
    "Electronic commerce", 
    "Electronic government information", 
    "Engineering", 
    "Environmental protection", 
    "Europe", 
    "Families", 
    "Federal mandates", 
    "Federal officials", 
    "Federally-guaranteed loans", 
    "Finance and financial sector", 
    "Foreign exchange", 
    "Foreign trade and international finance", 
    "Former Soviet states", 
    "Germany", 
    "Government contractors", 
    "Government insurance", 
    "Government lending", 
    "Government liability", 
    "Government life insurance", 
    "Government operations and politics", 
    "Government paperwork", 
    "Government procurement", 
    "Government publicity", 
    "Government trust funds", 
    "Government vehicles", 
    "Guam", 
    "Hazardous wastes", 
    "Health", 
    "Health education", 
    "Health insurance", 
    "Highway finance", 
    "Homeless", 
    "Hospital rates", 
    "Housing and community development", 
    "Housing finance", 
    "Housing subsidies", 
    "Human immunodeficiency viruses", 
    "Indian medical care", 
    "Information technology", 
    "Infrastructure", 
    "Inspectors general", 
    "Insurance premiums", 
    "International affairs", 
    "International relief", 
    "Iraq", 
    "Iraq compilation", 
    "Iron and steel industry", 
    "Japan", 
    "Joint ventures", 
    "Labor and employment", 
    "Land transfers", 
    "Law", 
    "Layoffs", 
    "Leases", 
    "Life insurance", 
    "Lobbying", 
    "Maintenance and repair", 
    "Marines", 
    "Marshall Islands", 
    "Medical economics", 
    "Medical ethics", 
    "Medical research", 
    "Medical supplies", 
    "Mental health services", 
    "Middle East and North Africa", 
    "Military and naval supplies", 
    "Military base closures", 
    "Military bases", 
    "Military civic action", 
    "Military construction operations", 
    "Military dependents", 
    "Military housing", 
    "Military maneuvers", 
    "Military medicine", 
    "Military occupation", 
    "Military pay", 
    "Military research", 
    "Military training", 
    "Military transportation", 
    "Minorities", 
    "Mississippi", 
    "Monuments and memorials", 
    "Mortgages", 
    "NATO countries", 
    "NATO military forces", 
    "National Guard", 
    "Native Americans", 
    "Navy", 
    "Northern Mariana Islands", 
    "Nursing homes", 
    "Oceania", 
    "Officer personnel", 
    "Parking facilities", 
    "Philippines", 
    "Post-traumatic stress disorder", 
    "Prescription pricing", 
    "Preventive medicine", 
    "Property tax", 
    "Prosthesis", 
    "Public lands and natural resources", 
    "Real estate appraisal", 
    "Recycling of waste products", 
    "Refuse and refuse disposal", 
    "Rent", 
    "Rental housing", 
    "Reprogramming of appropriated funds", 
    "Residential rehabilitation", 
    "Right of property", 
    "Risk", 
    "Road construction", 
    "Science, technology, communications", 
    "Social welfare", 
    "Soldiers' homes", 
    "South Korea", 
    "Steel", 
    "Surplus government property", 
    "Taxation", 
    "Transportation and public works", 
    "Veterans' benefits", 
    "Veterans' disability compensation", 
    "Veterans' employment", 
    "Veterans' hospitals", 
    "Veterans' loans", 
    "Veterans' medical care", 
    "Veterans' pensions", 
    "Veterans' rehabilitation", 
    "Virginia", 
    "Vocational rehabilitation", 
    "World health"
  ], 
  "subjects_top_term": "Economics and public finance", 
  "summary": {
    "as": "Public Law", 
    "date": "2005-11-30", 
    "text": "Military Quality of Life and Veterans Affairs Appropriations Act, 2006 - Title I: Department of Defense - Appropriates funds for FY2006 for the Department of Defense (DOD) for: (1) military construction for the Army, Navy and Marine Corps, and Air Force (military departments), DOD, the Army and Air National Guard, and the Army, Naval, and Air Force reserves; (2) the North Atlantic Treaty Organization (NATO) Security Investment Program; (3) family housing and related operation and maintenance for the military departments and DOD; (4) the Department of Defense Family Housing Improvement Fund; and (5) the Department of Defense Base Closure Account 1990 and the Department of Defense Base Realignment and Closure Account 2005. Specifies restrictions and authorizations regarding the use of funds appropriated in this title and in other military construction appropriations Acts. (Sec. 113) Directs the Secretary of Defense to notify the appropriate congressional committees 30 days in advance of the plans and scope of any proposed military exercise involving U.S. personnel if construction costs are anticipated to exceed $100,000. (Sec. 118) Directs the Secretary to report to the appropriations committees on actions proposed by DOD to encourage other member nations of NATO, Japan, Korea, and U.S. allies bordering the Arabian Sea to assume a greater share of the common defense burden of such nations and the United States. (Sec. 121) Prohibits this Act's funds from being obligated for Partnership for Peace programs in the new independent states of the former Soviet Union. (Sec. 122) Requires the Secretary of the military department concerned, at least 60 days prior to issuing any solicitation for a contract with the private sector for military family housing, to notify the appropriations committees of any guarantee (including the making of mortgage or rental payments) proposed to be made to the private party in the event of: (1) the closure or realignment of the installation for which housing is provided; (2) a reduction in force of units stationed at such installation; or (3) the extended deployment overseas of units stationed at such installation. (Sec. 123) Authorizes the transfer of DOD funds for expenses associated with the Homeowners Assistance Program under the Demonstration Cities and Metropolitan Development Act of 1996. (Sec. 125) Prohibits any funds made available in this Act for the North Atlantic Treaty Organization Security Investment Program from being obligated or expended for missile defense studies. (Sec. 126) Requires the Secretary or any other DOD official, when requested by specified congressional subcommittees to respond to a question or inquiry pursuant to a subcommittee hearing or other authorized activity, to respond to such request within 21 days. (Sec. 128) Prohibits any funds from being obligated or expended to carry out a military construction, land acquisition, or family housing project at or for a military installation approved for closure, or at a military installation for supporting a function that has been approved for realignment to another installation, in 2005 under the Defense Base Closure and Realignment Act of 1990, unless such project will support a new mission or function, or unless the Secretary certifies that the cost of carrying out the project would be less than the cost of canceling the project, or that another government agency will assume ownership of the completed project. Prohibits the Secretary from transferring funds made available as a result of this limitation to another account or using such funds for another purpose or project without the prior approval of the appropriations committees. (Sec. 129) Makes specified funds from the Department of Defense Base Closure Account 1990 available for environmental restoration and property management and disposal at Navy installations closed or realigned under the Defense Base Closure and Realignment Act of 1990. Directs the Secretary of the Navy to submit to the appropriations committees a plan for the use of such funds, including specific sites and work to be accomplished. (Sec. 130) Requires the Secretary to submit to the appropriations committees a housing plan for Spangdahlem Air Base, Germany. Prohibits the use of family housing construction funds from this title at such base until both committees approve such plan or until 30 days have elapsed since both committees received such plan, whichever is earlier. Title II: Department of Veterans Affairs - Appropriates funds for the Department of Veterans Affairs (Department) for: (1) the Veterans Benefits Administration; (2) readjustment benefits; (3) veterans insurance and indemnities; (4) the Veterans Housing Benefit Program Fund; (5) the Vocational Rehabilitation Loans Program; (6) the Native American Veteran Housing Loan Program; (7) guaranteed transitional housing loans for homeless veterans; (8) the Veterans Health Administration (including for medical and prosthetic research and information technology systems); (9) the National Cemetery Administration; (10) the Office of Inspector General; (11) construction for major and minor projects; and (12) grants for the construction of State extended care facilities and veterans cemeteries. Specifies restrictions and authorizations regarding the use of funds appropriated in this title. (Sec. 208) Directs the Department to continue, without fiscal year limitation, the Franchise Fund program (previously a pilot program). (Sec. 210) Makes funds from this title available to reimburse expenses of the Office of Resolution Management and the Office of Employment Discrimination Complaint Adjudication, within specified limits. (Sec. 211) Prohibits funds in this title from being available to enter into any new lease of real property if the estimated annual rental is more than $300,000 unless the Secretary of Veterans Affairs submits a report which the appropriations committees approve within 30 days after receipt. (Sec. 218) Directs the Secretary of Veterans Affairs to allow veterans eligible under existing Department medical care requirements and who reside in Alaska to obtain medical services from facilities supported by the Indian Health Services or tribal organizations. (Sec. 220) Prohibits any funds made available to the Department from being used to replace the current system for selecting and contracting for diabetes monitoring supplies and equipment. (Sec. 222) Directs the Secretary to report quarterly to the appropriations committees on the financial status of the Veterans Health Administration. (Sec. 223) Prohibits the use of funds: (1) to retroactively or prospectively revoke or reduce an award of veteran's disability compensation for post-traumatic stress disorder (PTSD) with respect to 2,100 compensation cases identified and reviewed by the Department's Inspector General, unless the award was the direct result of applicant fraud; or (2) for implementation of a specified recommendation of such Inspector General, or any related review or investigation of PTSD unemployability and schedular 100 percent ratings cases, until the Department reports to the appropriations committees on its plan for implementing such recommendation. (Sec. 224) Directs the National Center on Post Traumatic Stress Disorder to collaborate with the Secretary of Defense to: (1) enhance the clinical skills of military clinicians; and (2) promote pre-deployment resilience and post-deployment readjustment among servicemembers serving in Operations Iraqi Freedom and Enduring Freedom. (Sec. 226) Provides for the transfer of funds from specified Department accounts for purposes of perfecting funding sources for the Department's information technology systems account. (Sec. 228) Requires the Department to conduct an information campaign, in states with an average annual disability compensation payment of less than $7,300, to inform all veterans receiving disability compensation of the history of below average payments to veterans in such states, including instructions for submitting new claims and requesting review of past disability claims and ratings. (Sec. 229) Earmarks funds for FY2006 for the HealtheVetVista project. (Sec. 230) Continues through FY2006 the Department's homeless veterans' comprehensive services program. Title III: Related Agencies - Appropriates funds for: (1) the American Battle Monuments Commission; (2) the U.S. Court of Appeals for Veterans Claims; (3) cemeterial expenses, Army; and (4) the Armed Forces Retirement Home. Title IV: General Provisions - Specifies restrictions and authorizations regarding the use of funds appropriated in this Act."
  }, 
  "titles": [
    {
      "as": null, 
      "title": "Appropriations bill FY2006, Military Construction", 
      "type": "popular"
    }, 
    {
      "as": null, 
      "title": "Military Construction FY2006 Appropriations bill", 
      "type": "popular"
    }, 
    {
      "as": "introduced", 
      "title": "Military Quality of Life and Veterans Affairs Appropriations Act, 2006", 
      "type": "short"
    }, 
    {
      "as": "reported to house", 
      "title": "Military Quality of Life and Veterans Affairs Appropriations Act, 2006", 
      "type": "short"
    }, 
    {
      "as": "passed house", 
      "title": "Military Quality of Life and Veterans Affairs Appropriations Act, 2006", 
      "type": "short"
    }, 
    {
      "as": "reported to senate", 
      "title": "Military Construction and Veterans Affairs, and Related Agencies Appropriations Act, 2006", 
      "type": "short"
    }, 
    {
      "as": "passed senate", 
      "title": "Military Construction and Veterans Affairs, and Related Agencies Appropriations Act, 2006", 
      "type": "short"
    }, 
    {
      "as": "enacted", 
      "title": "Military Quality of Life and Veterans Affairs Appropriations Act, 2006", 
      "type": "short"
    }, 
    {
      "as": "introduced", 
      "title": "Making appropriations for military quality of life functions of the Department of Defense, military construction, the Department of Veterans Affairs, and related agencies for the fiscal year ending September 30, 2006, and for other purposes.", 
      "type": "official"
    }, 
    {
      "as": "amended by senate", 
      "title": "An Act making appropriations for Military Construction and Veterans Affairs, and Related Agencies for the fiscal year ending September 30, 2006, and for other purposes.", 
      "type": "official"
    }
  ], 
  "updated_at": "2013-02-02T20:40:16-05:00"
}