{
  "actions": [
    {
      "acted_at": "2005-01-06", 
      "committee": "House Committee on Energy and Commerce", 
      "references": [], 
      "status": "REFERRED", 
      "text": "Referred to the House Committee on Energy and Commerce.", 
      "type": "referral"
    }, 
    {
      "acted_at": "2005-02-04", 
      "in_committee": "House Committee on Energy and Commerce", 
      "references": [], 
      "subcommittee": "Health", 
      "text": "Referred to the Subcommittee on Health.", 
      "type": "referral"
    }
  ], 
  "amendments": [], 
  "bill_id": "hr275-109", 
  "bill_type": "hr", 
  "committees": [
    {
      "activity": [
        "referral", 
        "in committee"
      ], 
      "committee": "House Energy and Commerce", 
      "committee_id": "HSIF"
    }, 
    {
      "activity": [
        "referral"
      ], 
      "committee": "House Energy and Commerce", 
      "committee_id": "HSIF", 
      "subcommittee": "Subcommittee on Health", 
      "subcommittee_id": "14"
    }
  ], 
  "congress": "109", 
  "cosponsors": [], 
  "enacted_as": null, 
  "history": {
    "awaiting_signature": false, 
    "enacted": false, 
    "vetoed": false
  }, 
  "introduced_at": "2005-01-06", 
  "number": "275", 
  "official_title": "To amend the Personal Responsibility and Work Opportunity Reconciliation Act of 1996 to allow States and localities to provide primary and preventive care to all individuals.", 
  "popular_title": null, 
  "related_bills": [], 
  "short_title": null, 
  "sponsor": {
    "district": "29", 
    "name": "Green, Gene", 
    "state": "TX", 
    "thomas_id": "00462", 
    "title": "Rep", 
    "type": "person"
  }, 
  "status": "REFERRED", 
  "status_at": "2005-01-06", 
  "subjects": [
    "Aliens", 
    "Health", 
    "Illegal aliens", 
    "Immigrant health", 
    "Immigration", 
    "Preventive medicine", 
    "Social welfare", 
    "Welfare eligibility"
  ], 
  "subjects_top_term": "Health", 
  "summary": {
    "as": "Introduced", 
    "date": "2005-01-06", 
    "text": "Amends the Personal Responsibility and Work Opportunity Reconciliation Act of 1996 to provide that aliens and non-immigrants shall be eligible for State and local public assistance for primary and preventive care."
  }, 
  "titles": [
    {
      "as": "introduced", 
      "title": "To amend the Personal Responsibility and Work Opportunity Reconciliation Act of 1996 to allow States and localities to provide primary and preventive care to all individuals.", 
      "type": "official"
    }
  ], 
  "updated_at": "2013-02-02T20:39:12-05:00"
}