{
  "actions": [
    {
      "acted_at": "2005-05-26", 
      "committee": "House Committee on Government Reform", 
      "references": [], 
      "status": "REFERRED", 
      "text": "Referred to the House Committee on Government Reform.", 
      "type": "referral"
    }
  ], 
  "amendments": [], 
  "bill_id": "hr2740-109", 
  "bill_type": "hr", 
  "committees": [
    {
      "activity": [
        "referral", 
        "in committee"
      ], 
      "committee": "House Government Reform", 
      "committee_id": "HSGO"
    }
  ], 
  "congress": "109", 
  "cosponsors": [
    {
      "district": "1", 
      "name": "Butterfield, G. K.", 
      "sponsored_at": "2005-09-14", 
      "state": "NC", 
      "thomas_id": "01761", 
      "title": "Rep", 
      "withdrawn_at": null
    }, 
    {
      "district": "2", 
      "name": "Case, Ed", 
      "sponsored_at": "2005-09-14", 
      "state": "HI", 
      "thomas_id": "01693", 
      "title": "Rep", 
      "withdrawn_at": null
    }, 
    {
      "district": "6", 
      "name": "Gordon, Bart", 
      "sponsored_at": "2005-09-14", 
      "state": "TN", 
      "thomas_id": "00448", 
      "title": "Rep", 
      "withdrawn_at": null
    }, 
    {
      "district": "8", 
      "name": "Oberstar, James L.", 
      "sponsored_at": "2005-09-14", 
      "state": "MN", 
      "thomas_id": "00876", 
      "title": "Rep", 
      "withdrawn_at": null
    }, 
    {
      "district": "15", 
      "name": "Rangel, Charles B.", 
      "sponsored_at": "2005-09-14", 
      "state": "NY", 
      "thomas_id": "00944", 
      "title": "Rep", 
      "withdrawn_at": null
    }
  ], 
  "enacted_as": null, 
  "history": {
    "awaiting_signature": false, 
    "enacted": false, 
    "vetoed": false
  }, 
  "introduced_at": "2005-05-26", 
  "number": "2740", 
  "official_title": "To amend title 31, United States Code, to require the provision of a written prompt payment policy to each subcontractor under a Federal contract and to require a clause in each subcontract under a Federal contract that outlines the provisions of the prompt payment statute and other related information.", 
  "popular_title": null, 
  "related_bills": [], 
  "short_title": "Prompt Payment Improvement Act of 2005", 
  "sponsor": {
    "district": "4", 
    "name": "Wynn, Albert Russell", 
    "state": "MD", 
    "thomas_id": "01251", 
    "title": "Rep", 
    "type": "person"
  }, 
  "status": "REFERRED", 
  "status_at": "2005-05-26", 
  "subjects": [
    "Commerce", 
    "Contracts", 
    "Government contractors", 
    "Government operations and politics", 
    "Government paperwork", 
    "Government publicity", 
    "Small business", 
    "Subcontractors"
  ], 
  "subjects_top_term": "Government operations and politics", 
  "summary": {
    "as": "Introduced", 
    "date": "2005-05-26", 
    "text": "Prompt Payment Improvement Act of 2005 - Requires: (1) the Director of the Office of Management and Budget to set forth in writing the prompt payment policy applicable to subcontractors under Federal contracts; and (2) the head of each Federal agency to provide a copy of such policy to each contractor and to require each contractor to provide a copy to each subcontractor. Directs each agency head to require contractors to include in each subcontract a clause containing: (1) the requirements and penalties relating to the timely payment obligations of the Government and prime contractors; (2) the name and number of a senior employee with authority to resolve progress payment questions; and (3) the obligations of the Office of Small and Disadvantaged Business Utilization in assisting small business contractors and subcontractors in receiving prompt payments."
  }, 
  "titles": [
    {
      "as": "introduced", 
      "title": "Prompt Payment Improvement Act of 2005", 
      "type": "short"
    }, 
    {
      "as": "introduced", 
      "title": "To amend title 31, United States Code, to require the provision of a written prompt payment policy to each subcontractor under a Federal contract and to require a clause in each subcontract under a Federal contract that outlines the provisions of the prompt payment statute and other related information.", 
      "type": "official"
    }
  ], 
  "updated_at": "2013-02-02T20:40:21-05:00"
}