{
  "actions": [
    {
      "acted_at": "2005-11-16", 
      "committee": "House Committee on the Judiciary", 
      "references": [], 
      "status": "REFERRED", 
      "text": "Referred to the House Committee on the Judiciary.", 
      "type": "referral"
    }, 
    {
      "acted_at": "2006-02-06", 
      "in_committee": "House Committee on the Judiciary", 
      "references": [], 
      "subcommittee": "Immigration, Border Security, and Claims", 
      "text": "Referred to the Subcommittee on Immigration, Border Security, and Claims.", 
      "type": "referral"
    }
  ], 
  "amendments": [], 
  "bill_id": "hr4354-109", 
  "bill_type": "hr", 
  "committees": [
    {
      "activity": [
        "referral", 
        "in committee"
      ], 
      "committee": "House Judiciary", 
      "committee_id": "HSJU"
    }, 
    {
      "activity": [
        "referral"
      ], 
      "committee": "House Judiciary", 
      "committee_id": "HSJU", 
      "subcommittee": "Subcommittee on Immigration, Border Security, and Claims", 
      "subcommittee_id": "01"
    }
  ], 
  "congress": "109", 
  "cosponsors": [
    {
      "district": "18", 
      "name": "Ros-Lehtinen, Ileana", 
      "sponsored_at": "2005-11-16", 
      "state": "FL", 
      "thomas_id": "00985", 
      "title": "Rep", 
      "withdrawn_at": "2006-01-31"
    }
  ], 
  "enacted_as": null, 
  "history": {
    "awaiting_signature": false, 
    "enacted": false, 
    "vetoed": false
  }, 
  "introduced_at": "2005-11-16", 
  "number": "4354", 
  "official_title": "To amend the Immigration and Nationality Act to establish a separate nonimmigrant classification for fashion models.", 
  "popular_title": null, 
  "related_bills": [], 
  "short_title": null, 
  "sponsor": {
    "district": "9", 
    "name": "Weiner, Anthony D.", 
    "state": "NY", 
    "thomas_id": "01597", 
    "title": "Rep", 
    "type": "person"
  }, 
  "status": "REFERRED", 
  "status_at": "2005-11-16", 
  "subjects": [
    "Admission of nonimmigrants", 
    "Alien labor", 
    "Clothing", 
    "Immigration", 
    "Labor and employment", 
    "Skilled labor", 
    "Visas"
  ], 
  "subjects_top_term": "Immigration", 
  "summary": {
    "as": "Introduced", 
    "date": "2005-11-16", 
    "text": "Amends the Immigration and Nationality Act to replace the current nonimmigrant H-1B visa category for fashion models with a new (O-3) visa category. Limits such entrants to not more than 1,000 per fiscal year. Defines such category as a fashion model who is of distinguished merit and ability and who is seeking to enter the United States temporarily to perform fashion modeling services that involve events or productions which have a distinguished reputation or that are performed for an organization or establishment that has a distinguished reputation for, or a record of, utilizing prominent modeling talent."
  }, 
  "titles": [
    {
      "as": "introduced", 
      "title": "To amend the Immigration and Nationality Act to establish a separate nonimmigrant classification for fashion models.", 
      "type": "official"
    }
  ], 
  "updated_at": "2013-02-02T20:41:05-05:00"
}