{
  "actions": [
    {
      "acted_at": "2005-07-14", 
      "committee": "House Committee on Agriculture", 
      "references": [], 
      "status": "REFERRED", 
      "text": "Referred to the House Committee on Agriculture.", 
      "type": "referral"
    }, 
    {
      "acted_at": "2005-07-19", 
      "in_committee": "House Committee on Agriculture", 
      "references": [], 
      "subcommittee": "Department Operations, Oversight, Nutrition and Forestry", 
      "text": "Referred to the Subcommittee on Department Operations, Oversight, Nutrition and Forestry.", 
      "type": "referral"
    }
  ], 
  "amendments": [], 
  "bill_id": "hr3314-109", 
  "bill_type": "hr", 
  "committees": [
    {
      "activity": [
        "referral", 
        "in committee"
      ], 
      "committee": "House Agriculture", 
      "committee_id": "HSAG"
    }, 
    {
      "activity": [
        "referral"
      ], 
      "committee": "House Agriculture", 
      "committee_id": "HSAG", 
      "subcommittee": "Subcommittee on Department Operations, Oversight, Dairy, Nutrition, and Forestry", 
      "subcommittee_id": "22"
    }
  ], 
  "congress": "109", 
  "cosponsors": [], 
  "enacted_as": null, 
  "history": {
    "awaiting_signature": false, 
    "enacted": false, 
    "vetoed": false
  }, 
  "introduced_at": "2005-07-14", 
  "number": "3314", 
  "official_title": "To direct the Secretary of Agriculture to transfer certain land within the Ottawa National Forest to the Lac Vieux Desert Band of Lake Superior Chippewa Indians, and for other purposes.", 
  "popular_title": null, 
  "related_bills": [], 
  "short_title": null, 
  "sponsor": {
    "district": "1", 
    "name": "Stupak, Bart", 
    "state": "MI", 
    "thomas_id": "01123", 
    "title": "Rep", 
    "type": "person"
  }, 
  "status": "REFERRED", 
  "status_at": "2005-07-14", 
  "subjects": [
    "Gambling", 
    "Indian lands", 
    "Land transfers", 
    "Michigan", 
    "Minorities", 
    "National forests", 
    "Native Americans", 
    "Public lands and natural resources", 
    "Sports and recreation"
  ], 
  "subjects_top_term": "Public lands and natural resources", 
  "summary": {
    "as": "Introduced", 
    "date": "2005-07-14", 
    "text": "Directs the Secretary of Agriculture to transfer all right, title, and interest of the United States in and to certain land in the Ottawa National Forest, Gogebic County, Michigan, for cultural preservation, without consideration, to the Lac Vieux Desert Band of Lake Superior Chippewa Indians. Prohibits the recipient from selling any part of the land other than that land east of Indian Village Road or from using any part of the land for gaming or any other economic purpose."
  }, 
  "titles": [
    {
      "as": "introduced", 
      "title": "To direct the Secretary of Agriculture to transfer certain land within the Ottawa National Forest to the Lac Vieux Desert Band of Lake Superior Chippewa Indians, and for other purposes.", 
      "type": "official"
    }
  ], 
  "updated_at": "2013-02-02T20:40:38-05:00"
}