{
  "actions": [
    {
      "acted_at": "2005-10-20", 
      "committee": "House Committee on Financial Services", 
      "references": [], 
      "status": "REFERRED", 
      "text": "Referred to the House Committee on Financial Services.", 
      "type": "referral"
    }, 
    {
      "acted_at": "2005-11-17", 
      "in_committee": "House Committee on Financial Services", 
      "references": [], 
      "text": "Committee Hearings Held.", 
      "type": "action"
    }, 
    {
      "acted_at": "2005-12-15", 
      "in_committee": "House Committee on Financial Services", 
      "references": [], 
      "text": "Committee Consideration and Mark-up Session Held.", 
      "type": "action"
    }, 
    {
      "acted_at": "2005-12-15", 
      "in_committee": "House Committee on Financial Services", 
      "references": [], 
      "status": "REPORTED", 
      "text": "Ordered to be Reported (Amended) by Voice Vote.", 
      "type": "calendar"
    }
  ], 
  "amendments": [], 
  "bill_id": "hr4100-109", 
  "bill_type": "hr", 
  "committees": [
    {
      "activity": [
        "referral", 
        "hearings", 
        "markup", 
        "in committee"
      ], 
      "committee": "House Financial Services", 
      "committee_id": "HSBA"
    }
  ], 
  "congress": "109", 
  "cosponsors": [
    {
      "district": "5", 
      "name": "Alexander, Rodney", 
      "sponsored_at": "2005-12-08", 
      "state": "LA", 
      "thomas_id": "01727", 
      "title": "Rep", 
      "withdrawn_at": null
    }, 
    {
      "district": "7", 
      "name": "Boustany, Charles W., Jr.", 
      "sponsored_at": "2005-12-08", 
      "state": "LA", 
      "thomas_id": "01787", 
      "title": "Rep", 
      "withdrawn_at": null
    }, 
    {
      "district": "2", 
      "name": "Jefferson, William J.", 
      "sponsored_at": "2005-12-08", 
      "state": "LA", 
      "thomas_id": "00592", 
      "title": "Rep", 
      "withdrawn_at": null
    }, 
    {
      "district": "1", 
      "name": "Jindal, Bobby", 
      "sponsored_at": "2005-12-08", 
      "state": "LA", 
      "thomas_id": "01785", 
      "title": "Rep", 
      "withdrawn_at": null
    }, 
    {
      "district": "4", 
      "name": "McCrery, Jim", 
      "sponsored_at": "2005-12-08", 
      "state": "LA", 
      "thomas_id": "00763", 
      "title": "Rep", 
      "withdrawn_at": null
    }, 
    {
      "district": "3", 
      "name": "Melancon, Charlie", 
      "sponsored_at": "2005-12-08", 
      "state": "LA", 
      "thomas_id": "01786", 
      "title": "Rep", 
      "withdrawn_at": null
    }
  ], 
  "enacted_as": null, 
  "history": {
    "awaiting_signature": false, 
    "enacted": false, 
    "vetoed": false
  }, 
  "introduced_at": "2005-10-20", 
  "number": "4100", 
  "official_title": "To establish the Louisiana Recovery Corporation for purposes of economic stabilization and redevelopment of devastated areas in Louisiana, and for other purposes.", 
  "popular_title": null, 
  "related_bills": [
    {
      "bill_id": "s2172-109", 
      "reason": "related"
    }
  ], 
  "short_title": "Louisiana Recovery Corporation Act", 
  "sponsor": {
    "district": "6", 
    "name": "Baker, Richard H.", 
    "state": "LA", 
    "thomas_id": "00047", 
    "title": "Rep", 
    "type": "person"
  }, 
  "status": "REPORTED", 
  "status_at": "2005-12-15", 
  "subjects": [
    "Accounting", 
    "Actions and defenses", 
    "Advice and consent of the Senate", 
    "Auditing", 
    "Building construction", 
    "Church and social problems", 
    "Civil rights and liberties, minority issues", 
    "Commemorations", 
    "Commerce", 
    "Competitive bidding", 
    "Congress", 
    "Contractors", 
    "Corporate finance", 
    "Debtor and creditor", 
    "Economics and public finance", 
    "Emergency management", 
    "Eminent domain", 
    "Environmental protection", 
    "Executive reorganization", 
    "Finance and financial sector", 
    "Financial statements", 
    "Floods", 
    "Government contractors", 
    "Government corporations", 
    "Government operations and politics", 
    "Government paperwork", 
    "Government securities", 
    "Historic sites", 
    "History", 
    "Housing and community development", 
    "Hurricane aftermath legislation", 
    "Hurricanes", 
    "Infrastructure", 
    "Infrastructure (Economics)", 
    "Job creation", 
    "Labor and employment", 
    "Land transfers", 
    "Landowners", 
    "Law", 
    "Louisiana", 
    "Mortgages", 
    "Nonprofit organizations", 
    "Presidential appointments", 
    "Profit", 
    "Public lands and natural resources", 
    "Public utilities", 
    "Real estate appraisal", 
    "Real estate business", 
    "Real estate development", 
    "Regional economic development", 
    "Religion", 
    "Right of property", 
    "Road construction", 
    "Sewerage", 
    "Social welfare", 
    "Stocks", 
    "Subcontractors", 
    "Transportation and public works", 
    "Urban affairs", 
    "Urban economic development", 
    "Urban housing", 
    "Waste water treatment", 
    "Water resources development", 
    "Water supply"
  ], 
  "subjects_top_term": "Finance and financial sector", 
  "summary": {
    "as": "Introduced", 
    "date": "2005-10-20", 
    "text": "Louisiana Recovery Corporation Act - Establishes the Louisiana Recovery Corporation as an independent establishment in the executive branch whose primary mission shall be the economic stabilization and redevelopment of areas within Louisiana that were devastated or significantly distressed by Hurricane Katrina or Hurricane Rita. Directs the Corporation to establish the following divisions: (1) Environment and Land Use Management; (2) Economic Development; (3) Property Acquisition; (4) Property Management; (5) Property Disposition; and (6) Urban Homesteading and Community and Faith-Based Organizations. Sets forth Corporation authority with respect to: (1) property acquisition and mortgage debt assumption; (2) property resale, disposition, or improvement; and (3) limited eminent domain power. Terminates the Corporation ten years after enactment of this Act."
  }, 
  "titles": [
    {
      "as": "introduced", 
      "title": "Louisiana Recovery Corporation Act", 
      "type": "short"
    }, 
    {
      "as": "introduced", 
      "title": "To establish the Louisiana Recovery Corporation for purposes of economic stabilization and redevelopment of devastated areas in Louisiana, and for other purposes.", 
      "type": "official"
    }
  ], 
  "updated_at": "2013-02-02T20:40:58-05:00"
}