{
  "actions": [
    {
      "acted_at": "2005-11-08", 
      "committee": "Committee on Agriculture, and in addition to the Committee on Resources, for a period to be subsequently determined by the Speaker, in each case for consideration of such provisions as fall within the jurisdiction of the committee concerned", 
      "references": [], 
      "status": "REFERRED", 
      "text": "Referred to the Committee on Agriculture, and in addition to the Committee on Resources, for a period to be subsequently determined by the Speaker, in each case for consideration of such provisions as fall within the jurisdiction of the committee concerned.", 
      "type": "referral"
    }, 
    {
      "acted_at": "2005-11-08", 
      "committee": "House Agriculture", 
      "references": [], 
      "text": "Referred to House Agriculture", 
      "type": "referral"
    }, 
    {
      "acted_at": "2005-11-08", 
      "committee": "House Resources", 
      "references": [], 
      "text": "Referred to House Resources", 
      "type": "referral"
    }, 
    {
      "acted_at": "2005-11-14", 
      "in_committee": "House Agriculture", 
      "references": [], 
      "subcommittee": "Department Operations, Oversight, Nutrition and Forestry", 
      "text": "Referred to the Subcommittee on Department Operations, Oversight, Nutrition and Forestry.", 
      "type": "referral"
    }, 
    {
      "acted_at": "2005-11-14", 
      "in_committee": "House Agriculture", 
      "references": [], 
      "text": "Executive Comment Requested from USDA.", 
      "type": "action"
    }
  ], 
  "amendments": [], 
  "bill_id": "hr4251-109", 
  "bill_type": "hr", 
  "committees": [
    {
      "activity": [
        "referral", 
        "in committee"
      ], 
      "committee": "House Agriculture", 
      "committee_id": "HSAG"
    }, 
    {
      "activity": [
        "referral"
      ], 
      "committee": "House Agriculture", 
      "committee_id": "HSAG", 
      "subcommittee": "Subcommittee on Department Operations, Oversight, Dairy, Nutrition, and Forestry", 
      "subcommittee_id": "22"
    }, 
    {
      "activity": [
        "referral", 
        "in committee"
      ], 
      "committee": "House Resources", 
      "committee_id": "HSII"
    }
  ], 
  "congress": "109", 
  "cosponsors": [
    {
      "district": "2", 
      "name": "Bass, Charles F.", 
      "sponsored_at": "2005-11-08", 
      "state": "NH", 
      "thomas_id": "00063", 
      "title": "Rep", 
      "withdrawn_at": null
    }, 
    {
      "district": "2", 
      "name": "Case, Ed", 
      "sponsored_at": "2005-11-08", 
      "state": "HI", 
      "thomas_id": "01693", 
      "title": "Rep", 
      "withdrawn_at": null
    }, 
    {
      "district": "2", 
      "name": "Duncan, John J., Jr.", 
      "sponsored_at": "2005-11-08", 
      "state": "TN", 
      "thomas_id": "00322", 
      "title": "Rep", 
      "withdrawn_at": null
    }, 
    {
      "district": "9", 
      "name": "Ford, Harold E., Jr.", 
      "sponsored_at": "2005-11-08", 
      "state": "TN", 
      "thomas_id": "01483", 
      "title": "Rep", 
      "withdrawn_at": null
    }, 
    {
      "district": "3", 
      "name": "Kind, Ron", 
      "sponsored_at": "2005-11-08", 
      "state": "WI", 
      "thomas_id": "01498", 
      "title": "Rep", 
      "withdrawn_at": null
    }, 
    {
      "district": "5", 
      "name": "Peterson, John E.", 
      "sponsored_at": "2005-11-08", 
      "state": "PA", 
      "thomas_id": "01512", 
      "title": "Rep", 
      "withdrawn_at": null
    }
  ], 
  "enacted_as": null, 
  "history": {
    "awaiting_signature": false, 
    "enacted": false, 
    "vetoed": false
  }, 
  "introduced_at": "2005-11-08", 
  "number": "4251", 
  "official_title": "To help relieve the shortage in the supply of firewood for home heating use by making additional quantities of free firewood available to individuals from National Forest System lands.", 
  "popular_title": null, 
  "related_bills": [], 
  "short_title": "Home Heating Assistance Act", 
  "sponsor": {
    "district": "11", 
    "name": "Pombo, Richard W.", 
    "state": "CA", 
    "thomas_id": "00921", 
    "title": "Rep", 
    "type": "person"
  }, 
  "status": "REFERRED", 
  "status_at": "2005-11-08", 
  "subjects": [
    "Energy", 
    "Energy assistance for the poor", 
    "Heating", 
    "National forests", 
    "Public lands and natural resources", 
    "Social welfare", 
    "Trees"
  ], 
  "subjects_top_term": "Energy", 
  "summary": {
    "as": "Introduced", 
    "date": "2005-11-08", 
    "text": "Home Heating Assistance Act - Directs, for the one year period beginning upon enactment of this Act, forest officers designated by the supervisor of a unit of the National Forest System (NFS) to grant individuals the free collection and removal of dead timber from designated NFS lands to be used as firewood. Limits the total value of the timber collected by an individual to $1,000."
  }, 
  "titles": [
    {
      "as": "introduced", 
      "title": "Home Heating Assistance Act", 
      "type": "short"
    }, 
    {
      "as": "introduced", 
      "title": "To help relieve the shortage in the supply of firewood for home heating use by making additional quantities of free firewood available to individuals from National Forest System lands.", 
      "type": "official"
    }
  ], 
  "updated_at": "2013-02-02T20:41:03-05:00"
}