{
  "actions": [
    {
      "acted_at": "2005-09-15", 
      "committee": "House Committee on Education and the Workforce", 
      "references": [], 
      "status": "REFERRED", 
      "text": "Referred to the House Committee on Education and the Workforce.", 
      "type": "referral"
    }, 
    {
      "acted_at": "2005-10-12", 
      "in_committee": "House Committee on Education and the Workforce", 
      "references": [], 
      "subcommittee": "21st Century Competitiveness", 
      "text": "Referred to the Subcommittee on 21st Century Competitiveness.", 
      "type": "referral"
    }
  ], 
  "amendments": [], 
  "bill_id": "hr3788-109", 
  "bill_type": "hr", 
  "committees": [
    {
      "activity": [
        "referral", 
        "in committee"
      ], 
      "committee": "House Education and the Workforce", 
      "committee_id": "HSED"
    }, 
    {
      "activity": [
        "referral"
      ], 
      "committee": "House Education and the Workforce", 
      "committee_id": "HSED", 
      "subcommittee": "Subcommittee on 21st Century Competitiveness", 
      "subcommittee_id": "13"
    }
  ], 
  "congress": "109", 
  "cosponsors": [
    {
      "district": "5", 
      "name": "Alexander, Rodney", 
      "sponsored_at": "2005-09-15", 
      "state": "LA", 
      "thomas_id": "01727", 
      "title": "Rep", 
      "withdrawn_at": null
    }, 
    {
      "district": "6", 
      "name": "Baker, Richard H.", 
      "sponsored_at": "2005-09-15", 
      "state": "LA", 
      "thomas_id": "00047", 
      "title": "Rep", 
      "withdrawn_at": null
    }, 
    {
      "district": "8", 
      "name": "Boehner, John A.", 
      "sponsored_at": "2005-09-15", 
      "state": "OH", 
      "thomas_id": "00102", 
      "title": "Rep", 
      "withdrawn_at": null
    }, 
    {
      "district": "7", 
      "name": "Boustany, Charles W., Jr.", 
      "sponsored_at": "2005-09-15", 
      "state": "LA", 
      "thomas_id": "01787", 
      "title": "Rep", 
      "withdrawn_at": null
    }, 
    {
      "district": "1", 
      "name": "Jindal, Bobby", 
      "sponsored_at": "2005-09-15", 
      "state": "LA", 
      "thomas_id": "01785", 
      "title": "Rep", 
      "withdrawn_at": null
    }, 
    {
      "district": "5", 
      "name": "Kildee, Dale E.", 
      "sponsored_at": "2005-09-27", 
      "state": "MI", 
      "thomas_id": "00631", 
      "title": "Rep", 
      "withdrawn_at": null
    }, 
    {
      "district": "25", 
      "name": "McKeon, Howard P. \"Buck\"", 
      "sponsored_at": "2005-09-15", 
      "state": "CA", 
      "thomas_id": "00778", 
      "title": "Rep", 
      "withdrawn_at": null
    }, 
    {
      "district": "7", 
      "name": "Miller, George", 
      "sponsored_at": "2005-09-27", 
      "state": "CA", 
      "thomas_id": "00808", 
      "title": "Rep", 
      "withdrawn_at": null
    }, 
    {
      "district": "3", 
      "name": "Pickering, Charles W. \"Chip\"", 
      "sponsored_at": "2005-09-15", 
      "state": "MS", 
      "thomas_id": "01513", 
      "title": "Rep", 
      "withdrawn_at": null
    }, 
    {
      "district": "1", 
      "name": "Wicker, Roger F.", 
      "sponsored_at": "2005-09-15", 
      "state": "MS", 
      "thomas_id": "01226", 
      "title": "Rep", 
      "withdrawn_at": null
    }
  ], 
  "enacted_as": null, 
  "history": {
    "awaiting_signature": false, 
    "enacted": false, 
    "vetoed": false
  }, 
  "introduced_at": "2005-09-15", 
  "number": "3788", 
  "official_title": "To permit the Secretary of Education to waive the consecutive service requirements of the loan forgiveness program for teachers whose employment is interrupted by the major disaster caused by Hurricane Katrina.", 
  "popular_title": null, 
  "related_bills": [], 
  "short_title": "Teacher Loan Hurricane Relief Act", 
  "sponsor": {
    "district": "4", 
    "name": "Cole, Tom", 
    "state": "OK", 
    "thomas_id": "01742", 
    "title": "Rep", 
    "type": "person"
  }, 
  "status": "REFERRED", 
  "status_at": "2005-09-15", 
  "subjects": [
    "Alabama", 
    "Economics and public finance", 
    "Education", 
    "Education of the disadvantaged", 
    "Elementary and secondary education", 
    "Elementary education", 
    "Emergency management", 
    "Federal aid to education", 
    "Floods", 
    "Higher education", 
    "Hurricane aftermath legislation", 
    "Hurricanes", 
    "Labor and employment", 
    "Louisiana", 
    "Mississippi", 
    "Scholarships", 
    "Secondary education", 
    "Social welfare", 
    "Student loan funds", 
    "Teacher education", 
    "Unemployment", 
    "Water resources development"
  ], 
  "subjects_top_term": "Higher education", 
  "summary": {
    "as": "Introduced", 
    "date": "2005-09-15", 
    "text": "Teacher Loan Hurricane Relief Act - Authorizes the Secretary of Education to waive the consecutive service requirements of the student loan forgiveness program, under the Higher Education Act of 1965, for teachers whose employment is interrupted in schools in major disaster areas caused by Hurricane Katrina."
  }, 
  "titles": [
    {
      "as": "introduced", 
      "title": "Teacher Loan Hurricane Relief Act", 
      "type": "short"
    }, 
    {
      "as": "introduced", 
      "title": "To permit the Secretary of Education to waive the consecutive service requirements of the loan forgiveness program for teachers whose employment is interrupted by the major disaster caused by Hurricane Katrina.", 
      "type": "official"
    }
  ], 
  "updated_at": "2013-02-02T20:40:50-05:00"
}