{
  "actions": [
    {
      "acted_at": "2005-02-09", 
      "committee": "Committee on Veterans' Affairs, and in addition to the Committee on Armed Services, for a period to be subsequently determined by the Speaker, in each case for consideration of such provisions as fall within the jurisdiction of the committee concerned", 
      "references": [], 
      "status": "REFERRED", 
      "text": "Referred to the Committee on Veterans' Affairs, and in addition to the Committee on Armed Services, for a period to be subsequently determined by the Speaker, in each case for consideration of such provisions as fall within the jurisdiction of the committee concerned.", 
      "type": "referral"
    }, 
    {
      "acted_at": "2005-02-09", 
      "committee": "House Veterans' Affairs", 
      "references": [], 
      "text": "Referred to House Veterans' Affairs", 
      "type": "referral"
    }, 
    {
      "acted_at": "2005-02-09", 
      "committee": "House Armed Services", 
      "references": [], 
      "text": "Referred to House Armed Services", 
      "type": "referral"
    }, 
    {
      "acted_at": "2005-03-14", 
      "in_committee": "House Armed Services", 
      "references": [], 
      "subcommittee": "Military Personnel", 
      "text": "Referred to the Subcommittee on Military Personnel.", 
      "type": "referral"
    }, 
    {
      "acted_at": "2005-04-04", 
      "in_committee": "House Veterans' Affairs", 
      "references": [], 
      "subcommittee": "Economic Opportunity", 
      "text": "Referred to the Subcommittee on Economic Opportunity.", 
      "type": "referral"
    }, 
    {
      "acted_at": "2005-05-25", 
      "in_committee": "House Veterans' Affairs", 
      "in_subcommittee": "Economic Opportunity", 
      "references": [], 
      "text": "Subcommittee Hearings Held.", 
      "type": "action"
    }
  ], 
  "amendments": [], 
  "bill_id": "hr717-109", 
  "bill_type": "hr", 
  "committees": [
    {
      "activity": [
        "referral", 
        "in committee"
      ], 
      "committee": "House Veterans' Affairs", 
      "committee_id": "HSVR"
    }, 
    {
      "activity": [
        "referral", 
        "hearings"
      ], 
      "committee": "House Veterans' Affairs", 
      "committee_id": "HSVR", 
      "subcommittee": "Subcommittee on Economic Opportunity", 
      "subcommittee_id": "10"
    }, 
    {
      "activity": [
        "referral", 
        "in committee"
      ], 
      "committee": "House Armed Services", 
      "committee_id": "HSAS"
    }, 
    {
      "activity": [
        "referral"
      ], 
      "committee": "House Armed Services", 
      "committee_id": "HSAS", 
      "subcommittee": "Subcommittee on Military Personnel", 
      "subcommittee_id": "02"
    }
  ], 
  "congress": "109", 
  "cosponsors": [
    {
      "district": "3", 
      "name": "Brown, Corrine", 
      "sponsored_at": "2006-04-04", 
      "state": "FL", 
      "thomas_id": "00132", 
      "title": "Rep", 
      "withdrawn_at": null
    }, 
    {
      "district": "4", 
      "name": "Davis, Geoff", 
      "sponsored_at": "2006-05-16", 
      "state": "KY", 
      "thomas_id": "01784", 
      "title": "Rep", 
      "withdrawn_at": null
    }, 
    {
      "district": "4", 
      "name": "Davis, Lincoln", 
      "sponsored_at": "2006-03-01", 
      "state": "TN", 
      "thomas_id": "01747", 
      "title": "Rep", 
      "withdrawn_at": null
    }, 
    {
      "district": "51", 
      "name": "Filner, Bob", 
      "sponsored_at": "2006-03-16", 
      "state": "CA", 
      "thomas_id": "00381", 
      "title": "Rep", 
      "withdrawn_at": null
    }, 
    {
      "district": "9", 
      "name": "Ford, Harold E., Jr.", 
      "sponsored_at": "2006-06-07", 
      "state": "TN", 
      "thomas_id": "01483", 
      "title": "Rep", 
      "withdrawn_at": null
    }, 
    {
      "district": "1", 
      "name": "Miller, Jeff", 
      "sponsored_at": "2005-02-09", 
      "state": "FL", 
      "thomas_id": "01685", 
      "title": "Rep", 
      "withdrawn_at": null
    }, 
    {
      "district": "4", 
      "name": "Pastor, Ed", 
      "sponsored_at": "2005-07-28", 
      "state": "AZ", 
      "thomas_id": "00893", 
      "title": "Rep", 
      "withdrawn_at": null
    }, 
    {
      "district": "14", 
      "name": "Paul, Ron", 
      "sponsored_at": "2006-04-05", 
      "state": "TX", 
      "thomas_id": "00900", 
      "title": "Rep", 
      "withdrawn_at": null
    }, 
    {
      "district": "7", 
      "name": "Peterson, Collin C.", 
      "sponsored_at": "2006-05-16", 
      "state": "MN", 
      "thomas_id": "00910", 
      "title": "Rep", 
      "withdrawn_at": null
    }, 
    {
      "district": "25", 
      "name": "Walsh, James T.", 
      "sponsored_at": "2006-02-01", 
      "state": "NY", 
      "thomas_id": "01197", 
      "title": "Rep", 
      "withdrawn_at": null
    }, 
    {
      "district": "19", 
      "name": "Wexler, Robert", 
      "sponsored_at": "2006-05-17", 
      "state": "FL", 
      "thomas_id": "01537", 
      "title": "Rep", 
      "withdrawn_at": null
    }
  ], 
  "enacted_as": null, 
  "history": {
    "awaiting_signature": false, 
    "enacted": false, 
    "vetoed": false
  }, 
  "introduced_at": "2005-02-09", 
  "number": "717", 
  "official_title": "To amend title 38, United States Code, to expand the scope of programs of education for which accelerated payments of educational assistance under the Montgomery GI Bill may be used, and for other purposes.", 
  "popular_title": null, 
  "related_bills": [], 
  "short_title": null, 
  "sponsor": {
    "district": "2", 
    "name": "Michaud, Michael H.", 
    "state": "ME", 
    "thomas_id": "01730", 
    "title": "Rep", 
    "type": "person"
  }, 
  "status": "REFERRED", 
  "status_at": "2005-02-09", 
  "subjects": [
    "Armed forces and national security", 
    "Driver education", 
    "Driver licenses", 
    "Economics and public finance", 
    "Education", 
    "Government lending", 
    "Higher education", 
    "Income", 
    "Scholarships", 
    "Student loan funds", 
    "Transportation and public works", 
    "Veterans' benefits", 
    "Veterans' education"
  ], 
  "subjects_top_term": "Armed forces and national security", 
  "summary": {
    "as": "Introduced", 
    "date": "2005-02-09", 
    "text": "Permits accelerated payments of educational assistance under the Montgomery GI Bill to an individual enrolled in an approved program of education that leads to employment as an operator of a commercial motor vehicle. Excludes benefits payable under under the Montgomery GI Bill from consideration as income for purposes of determining eligibility for education grants or loans under any other provision of Federal law."
  }, 
  "titles": [
    {
      "as": "introduced", 
      "title": "To amend title 38, United States Code, to expand the scope of programs of education for which accelerated payments of educational assistance under the Montgomery GI Bill may be used, and for other purposes.", 
      "type": "official"
    }
  ], 
  "updated_at": "2013-02-02T20:39:25-05:00"
}