{
  "actions": [
    {
      "acted_at": "2005-09-13", 
      "committee": "House Committee on Ways and Means", 
      "references": [], 
      "status": "REFERRED", 
      "text": "Referred to the House Committee on Ways and Means.", 
      "type": "referral"
    }
  ], 
  "amendments": [], 
  "bill_id": "hr3742-109", 
  "bill_type": "hr", 
  "committees": [
    {
      "activity": [
        "referral", 
        "in committee"
      ], 
      "committee": "House Ways and Means", 
      "committee_id": "HSWM"
    }
  ], 
  "congress": "109", 
  "cosponsors": [
    {
      "district": "9", 
      "name": "Bilirakis, Michael", 
      "sponsored_at": "2005-09-13", 
      "state": "FL", 
      "thomas_id": "00089", 
      "title": "Rep", 
      "withdrawn_at": null
    }, 
    {
      "district": "2", 
      "name": "Boyd, Allen", 
      "sponsored_at": "2005-09-13", 
      "state": "FL", 
      "thomas_id": "01467", 
      "title": "Rep", 
      "withdrawn_at": null
    }, 
    {
      "district": "5", 
      "name": "Brown-Waite, Ginny", 
      "sponsored_at": "2005-09-13", 
      "state": "FL", 
      "thomas_id": "01713", 
      "title": "Rep", 
      "withdrawn_at": null
    }, 
    {
      "district": "4", 
      "name": "Crenshaw, Ander", 
      "sponsored_at": "2005-09-15", 
      "state": "FL", 
      "thomas_id": "01643", 
      "title": "Rep", 
      "withdrawn_at": null
    }, 
    {
      "district": "11", 
      "name": "Davis, Jim", 
      "sponsored_at": "2005-09-13", 
      "state": "FL", 
      "thomas_id": "01478", 
      "title": "Rep", 
      "withdrawn_at": null
    }, 
    {
      "district": "21", 
      "name": "Diaz-Balart, Lincoln", 
      "sponsored_at": "2005-09-13", 
      "state": "FL", 
      "thomas_id": "00294", 
      "title": "Rep", 
      "withdrawn_at": null
    }, 
    {
      "district": "25", 
      "name": "Diaz-Balart, Mario", 
      "sponsored_at": "2005-09-13", 
      "state": "FL", 
      "thomas_id": "01717", 
      "title": "Rep", 
      "withdrawn_at": null
    }, 
    {
      "district": "3", 
      "name": "English, Phil", 
      "sponsored_at": "2005-09-13", 
      "state": "PA", 
      "thomas_id": "00347", 
      "title": "Rep", 
      "withdrawn_at": null
    }, 
    {
      "district": "24", 
      "name": "Feeney, Tom", 
      "sponsored_at": "2005-09-13", 
      "state": "FL", 
      "thomas_id": "01716", 
      "title": "Rep", 
      "withdrawn_at": null
    }, 
    {
      "district": "13", 
      "name": "Harris, Katherine", 
      "sponsored_at": "2005-09-13", 
      "state": "FL", 
      "thomas_id": "01714", 
      "title": "Rep", 
      "withdrawn_at": null
    }, 
    {
      "district": "2", 
      "name": "Jefferson, William J.", 
      "sponsored_at": "2005-09-13", 
      "state": "LA", 
      "thomas_id": "00592", 
      "title": "Rep", 
      "withdrawn_at": null
    }, 
    {
      "district": "14", 
      "name": "Mack, Connie", 
      "sponsored_at": "2005-09-13", 
      "state": "FL", 
      "thomas_id": "01776", 
      "title": "Rep", 
      "withdrawn_at": null
    }, 
    {
      "district": "17", 
      "name": "Meek, Kendrick B.", 
      "sponsored_at": "2005-09-13", 
      "state": "FL", 
      "thomas_id": "01715", 
      "title": "Rep", 
      "withdrawn_at": null
    }, 
    {
      "district": "7", 
      "name": "Mica, John L.", 
      "sponsored_at": "2005-09-13", 
      "state": "FL", 
      "thomas_id": "00800", 
      "title": "Rep", 
      "withdrawn_at": null
    }, 
    {
      "district": "1", 
      "name": "Miller, Jeff", 
      "sponsored_at": "2005-09-13", 
      "state": "FL", 
      "thomas_id": "01685", 
      "title": "Rep", 
      "withdrawn_at": null
    }, 
    {
      "district": "12", 
      "name": "Putnam, Adam H.", 
      "sponsored_at": "2005-09-13", 
      "state": "FL", 
      "thomas_id": "01645", 
      "title": "Rep", 
      "withdrawn_at": null
    }, 
    {
      "district": "18", 
      "name": "Ros-Lehtinen, Ileana", 
      "sponsored_at": "2005-09-13", 
      "state": "FL", 
      "thomas_id": "00985", 
      "title": "Rep", 
      "withdrawn_at": null
    }, 
    {
      "district": "22", 
      "name": "Shaw, E. Clay, Jr.", 
      "sponsored_at": "2005-09-13", 
      "state": "FL", 
      "thomas_id": "01047", 
      "title": "Rep", 
      "withdrawn_at": null
    }, 
    {
      "district": "11", 
      "name": "Weller, Jerry", 
      "sponsored_at": "2005-09-13", 
      "state": "IL", 
      "thomas_id": "01216", 
      "title": "Rep", 
      "withdrawn_at": null
    }, 
    {
      "district": "2", 
      "name": "Wilson, Joe", 
      "sponsored_at": "2005-09-13", 
      "state": "SC", 
      "thomas_id": "01688", 
      "title": "Rep", 
      "withdrawn_at": null
    }, 
    {
      "district": "10", 
      "name": "Young, C.W. Bill", 
      "sponsored_at": "2005-09-15", 
      "state": "FL", 
      "thomas_id": "01255", 
      "title": "Rep", 
      "withdrawn_at": null
    }
  ], 
  "enacted_as": null, 
  "history": {
    "awaiting_signature": false, 
    "enacted": false, 
    "vetoed": false
  }, 
  "introduced_at": "2005-09-13", 
  "number": "3742", 
  "official_title": "To amend the Internal Revenue Code of 1986 to allow withdrawals from individual retirement plans without penalty by individuals within areas determined by the President to be disaster areas by reason of certain natural disasters.", 
  "popular_title": null, 
  "related_bills": [
    {
      "bill_id": "hr3733-109", 
      "reason": "related"
    }, 
    {
      "bill_id": "hr3741-109", 
      "reason": "related"
    }, 
    {
      "bill_id": "hr3751-109", 
      "reason": "related"
    }, 
    {
      "bill_id": "hr3759-109", 
      "reason": "related"
    }
  ], 
  "short_title": null, 
  "sponsor": {
    "district": "16", 
    "name": "Foley, Mark", 
    "state": "FL", 
    "thomas_id": "00396", 
    "title": "Rep", 
    "type": "person"
  }, 
  "status": "REFERRED", 
  "status_at": "2005-09-13", 
  "subjects": [
    "Annuities", 
    "Disaster relief", 
    "Disasters", 
    "Emergency management", 
    "Floods", 
    "Hurricane aftermath legislation", 
    "Hurricanes", 
    "Income tax", 
    "Individual retirement accounts", 
    "Labor and employment", 
    "Tax exclusion", 
    "Tax penalties", 
    "Taxation"
  ], 
  "subjects_top_term": "Taxation", 
  "summary": {
    "as": "Introduced", 
    "date": "2005-09-13", 
    "text": "Amends the Internal Revenue Code to exempt from the penalty for premature distributions from an individual retirement plan a distribution to an individual residing in an area declared as a federal disaster area due to hurricanes, floods, or other natural disasters occurring in 2004 or thereafter if such distribution is made within six months after the date of the disaster declaration."
  }, 
  "titles": [
    {
      "as": "introduced", 
      "title": "To amend the Internal Revenue Code of 1986 to allow withdrawals from individual retirement plans without penalty by individuals within areas determined by the President to be disaster areas by reason of certain natural disasters.", 
      "type": "official"
    }
  ], 
  "updated_at": "2013-02-02T20:40:49-05:00"
}