{
  "actions": [
    {
      "acted_at": "2005-07-28", 
      "committee": "House Committee on Agriculture", 
      "references": [], 
      "status": "REFERRED", 
      "text": "Referred to the House Committee on Agriculture.", 
      "type": "referral"
    }, 
    {
      "acted_at": "2005-07-29", 
      "references": [
        {
          "reference": "CR E1695", 
          "type": null
        }
      ], 
      "text": "Sponsor introductory remarks on measure.", 
      "type": "action"
    }, 
    {
      "acted_at": "2005-08-09", 
      "in_committee": "House Committee on Agriculture", 
      "references": [], 
      "subcommittee": "Farm Commodities and Risk Management", 
      "text": "Referred to the Subcommittee on Farm Commodities and Risk Management.", 
      "type": "referral"
    }, 
    {
      "acted_at": "2005-09-08", 
      "in_committee": "House Committee on Agriculture", 
      "references": [], 
      "text": "Executive Comment Requested from USDA.", 
      "type": "action"
    }
  ], 
  "amendments": [], 
  "bill_id": "hr3536-109", 
  "bill_type": "hr", 
  "committees": [
    {
      "activity": [
        "referral", 
        "in committee"
      ], 
      "committee": "House Agriculture", 
      "committee_id": "HSAG"
    }, 
    {
      "activity": [
        "referral"
      ], 
      "committee": "House Agriculture", 
      "committee_id": "HSAG", 
      "subcommittee": "Subcommittee on General Farm Commodities and Risk Management", 
      "subcommittee_id": "16"
    }
  ], 
  "congress": "109", 
  "cosponsors": [], 
  "enacted_as": null, 
  "history": {
    "awaiting_signature": false, 
    "enacted": false, 
    "vetoed": false
  }, 
  "introduced_at": "2005-07-28", 
  "number": "3536", 
  "official_title": "To amend the Federal Crop Insurance Act to expand the Agricultural Management Assistance Program to include the State of Hawaii.", 
  "popular_title": null, 
  "related_bills": [], 
  "short_title": null, 
  "sponsor": {
    "district": "2", 
    "name": "Case, Ed", 
    "state": "HI", 
    "thomas_id": "01693", 
    "title": "Rep", 
    "type": "person"
  }, 
  "status": "REFERRED", 
  "status_at": "2005-07-28", 
  "subjects": [
    "Agricultural subsidies", 
    "Agriculture and food", 
    "Crop insurance", 
    "Finance and financial sector", 
    "Hawaii"
  ], 
  "subjects_top_term": "Agriculture and food", 
  "summary": {
    "as": "Introduced", 
    "date": "2005-07-28", 
    "text": "Amends the Federal Crop Insurance Act to include Hawaii in the agricultural management assistance program."
  }, 
  "titles": [
    {
      "as": "introduced", 
      "title": "To amend the Federal Crop Insurance Act to expand the Agricultural Management Assistance Program to include the State of Hawaii.", 
      "type": "official"
    }
  ], 
  "updated_at": "2013-02-02T20:40:43-05:00"
}