{
  "actions": [
    {
      "acted_at": "2006-12-07", 
      "committee": "House Committee on Ways and Means", 
      "references": [], 
      "status": "REFERRED", 
      "text": "Referred to the House Committee on Ways and Means.", 
      "type": "referral"
    }
  ], 
  "amendments": [], 
  "bill_id": "hr6417-109", 
  "bill_type": "hr", 
  "committees": [
    {
      "activity": [
        "referral", 
        "in committee"
      ], 
      "committee": "House Ways and Means", 
      "committee_id": "HSWM"
    }
  ], 
  "congress": "109", 
  "cosponsors": [], 
  "enacted_as": null, 
  "history": {
    "awaiting_signature": false, 
    "enacted": false, 
    "vetoed": false
  }, 
  "introduced_at": "2006-12-07", 
  "number": "6417", 
  "official_title": "To repeal tax subsidies enacted by the Energy Policy Act of 2005 for oil and gas and certain other oil and gas subsidies in the Internal Revenue Code of 1986, and to establish a greenhouse gas intensity reduction investment tax credit.", 
  "popular_title": null, 
  "related_bills": [], 
  "short_title": "Climate Change Investment Act of 2006", 
  "sponsor": {
    "district": "5", 
    "name": "Meehan, Martin T.", 
    "state": "MA", 
    "thomas_id": "00788", 
    "title": "Rep", 
    "type": "person"
  }, 
  "status": "REFERRED", 
  "status_at": "2006-12-07", 
  "subjects": [
    "Air pollution control", 
    "Alternative energy sources", 
    "Biomass energy", 
    "Capital investments", 
    "Climate change and greenhouse gases", 
    "Coal", 
    "Commerce", 
    "Depreciation and amortization", 
    "Diesel motor", 
    "Energy", 
    "Energy development", 
    "Environmental protection", 
    "Environmental technology", 
    "Finance and financial sector", 
    "Foreign trade and international finance", 
    "Gas industry", 
    "Geology", 
    "Geophysical prediction", 
    "Geothermal resources", 
    "Income tax", 
    "Motor vehicle pollution control", 
    "Natural gas", 
    "Oil shales", 
    "Oil well drilling", 
    "Petroleum", 
    "Petroleum engineering", 
    "Petroleum industry", 
    "Petroleum refineries", 
    "Prospecting", 
    "Public lands and natural resources", 
    "Science, technology, communications", 
    "Secondary recovery of oil", 
    "Sulphur", 
    "Synthetic fuel", 
    "Tax credits", 
    "Tax deductions", 
    "Taxation", 
    "Technology transfer", 
    "Transportation and public works", 
    "Water resources development"
  ], 
  "subjects_top_term": "Taxation", 
  "summary": {
    "as": "Introduced", 
    "date": "2006-12-07", 
    "text": "Climate Change Investment Act of 2006 - Repeals provisions of the Internal Revenue Code allowing: (1) an election to expense the cost of certain liquid fuel processing refineries; (2) accelerated amortization of geological and geophysical expenditures; (3) a tax credit for enhanced oil recovery costs; (4) a tax credit for the production of low sulfur diesel fuel; (5) a tax credit for producing fuel from a nonconventional source; (6) a tax deduction for capital costs incurred in complying with certain sulfur regulations; (7) a tax deduction for intangible drilling and development costs for oil and gas wells and geothermal wells; and (8) tax deductions for certain oil and gas well expenditures.Allows a business-related tax credit for investment in a greenhouse gas intensity reduction project approved by the Secretary of Energy."
  }, 
  "titles": [
    {
      "as": "introduced", 
      "title": "Climate Change Investment Act of 2006", 
      "type": "short"
    }, 
    {
      "as": "introduced", 
      "title": "To repeal tax subsidies enacted by the Energy Policy Act of 2005 for oil and gas and certain other oil and gas subsidies in the Internal Revenue Code of 1986, and to establish a greenhouse gas intensity reduction investment tax credit.", 
      "type": "official"
    }
  ], 
  "updated_at": "2013-02-02T20:42:02-05:00"
}