{
  "actions": [
    {
      "acted_at": "2005-01-04", 
      "committee": "House Committee on Resources", 
      "references": [], 
      "status": "REFERRED", 
      "text": "Referred to the House Committee on Resources.", 
      "type": "referral"
    }, 
    {
      "acted_at": "2005-02-03", 
      "in_committee": "House Committee on Resources", 
      "references": [], 
      "subcommittee": "Fisheries Conservation, Wildlife and Oceans", 
      "text": "Referred to the Subcommittee on Fisheries Conservation, Wildlife and Oceans.", 
      "type": "referral"
    }
  ], 
  "amendments": [], 
  "bill_id": "hr93-109", 
  "bill_type": "hr", 
  "committees": [
    {
      "activity": [
        "referral", 
        "in committee"
      ], 
      "committee": "House Resources", 
      "committee_id": "HSII"
    }, 
    {
      "activity": [
        "referral"
      ], 
      "committee": "House Resources", 
      "committee_id": "HSII", 
      "subcommittee": "Subcommittee on Fisheries Conservation, Wildlife, and Oceans", 
      "subcommittee_id": "15"
    }
  ], 
  "congress": "109", 
  "cosponsors": [
    {
      "district": "2", 
      "name": "Leach, James A.", 
      "sponsored_at": "2005-11-03", 
      "state": "IA", 
      "thomas_id": "00672", 
      "title": "Rep", 
      "withdrawn_at": null
    }
  ], 
  "enacted_as": null, 
  "history": {
    "awaiting_signature": false, 
    "enacted": false, 
    "vetoed": false
  }, 
  "introduced_at": "2005-01-04", 
  "number": "93", 
  "official_title": "To assist in the conservation of flagship species throughout the world.", 
  "popular_title": null, 
  "related_bills": [], 
  "short_title": "Flagship Species Conservation Act of 2005", 
  "sponsor": {
    "district": "1", 
    "name": "Gilchrest, Wayne T.", 
    "state": "MD", 
    "thomas_id": "00438", 
    "title": "Rep", 
    "type": "person"
  }, 
  "status": "REFERRED", 
  "status_at": "2005-01-04", 
  "subjects": [
    "Animals", 
    "Congress", 
    "Congressional reporting requirements", 
    "Crime and law enforcement", 
    "Economics and public finance", 
    "Endangered species", 
    "Environmental law enforcement", 
    "Environmental monitoring", 
    "Environmental protection", 
    "Environmental research", 
    "Federal advisory bodies", 
    "Foreign trade and international finance", 
    "Gifts", 
    "Government operations and politics", 
    "Government paperwork", 
    "Government publicity", 
    "Government trust funds", 
    "Habitat conservation", 
    "International affairs", 
    "International environmental cooperation", 
    "Public lands and natural resources", 
    "Public meetings", 
    "Restoration ecology", 
    "Wild animal trade", 
    "Wildlife conservation"
  ], 
  "subjects_top_term": "Public lands and natural resources", 
  "summary": {
    "as": "Introduced", 
    "date": "2005-01-04", 
    "text": "Flagship Species Conservation Act of 2005 - Requires the Secretary of the Interior to use amounts in the Multinational Species Conservation Fund (Fund) to provide conservation assistance for flagship species of fish or wildlife where project proposals for such conservation are approved by the Secretary in accordance with this Act. Identifies eligible applicants and sets forth requirements for project proposals. Authorizes the Secretary to approve a project proposal if it will help recover and sustain viable populations of flagship species in the wild by assisting efforts in foreign countries to implement flagship species conservation programs. Establishes in the Fund a separate account to be known as the Flagship Species Conservation Fund to fund approved flagship species conservation projects. Authorizes the Secretary to convene an advisory group to assist in carrying out this Act."
  }, 
  "titles": [
    {
      "as": "introduced", 
      "title": "Flagship Species Conservation Act of 2005", 
      "type": "short"
    }, 
    {
      "as": "introduced", 
      "title": "To assist in the conservation of flagship species throughout the world.", 
      "type": "official"
    }
  ], 
  "updated_at": "2013-02-02T20:39:07-05:00"
}