{
  "actions": [
    {
      "acted_at": "2005-07-25", 
      "committee": "House Committee on Agriculture", 
      "references": [], 
      "status": "REFERRED", 
      "text": "Referred to the House Committee on Agriculture.", 
      "type": "referral"
    }, 
    {
      "acted_at": "2005-07-26", 
      "in_committee": "House Committee on Agriculture", 
      "references": [], 
      "text": "Executive Comment Requested from USDA.", 
      "type": "action"
    }, 
    {
      "acted_at": "2005-07-27", 
      "in_committee": "House Committee on Agriculture", 
      "references": [], 
      "text": "Committee Consideration and Mark-up Session Held.", 
      "type": "action"
    }, 
    {
      "acted_at": "2005-07-27", 
      "in_committee": "House Committee on Agriculture", 
      "references": [], 
      "status": "REPORTED", 
      "text": "Ordered to be Reported by Voice Vote.", 
      "type": "calendar"
    }
  ], 
  "amendments": [], 
  "bill_id": "hr3421-109", 
  "bill_type": "hr", 
  "committees": [
    {
      "activity": [
        "referral", 
        "markup", 
        "in committee"
      ], 
      "committee": "House Agriculture", 
      "committee_id": "HSAG"
    }
  ], 
  "congress": "109", 
  "cosponsors": [], 
  "enacted_as": null, 
  "history": {
    "awaiting_signature": false, 
    "enacted": false, 
    "vetoed": false
  }, 
  "introduced_at": "2005-07-25", 
  "number": "3421", 
  "official_title": "To reauthorize the United States Grain Standards Act, to facilitate the official inspection at export port locations of grain required or authorized to be inspected under such Act, and for other purposes.", 
  "popular_title": null, 
  "related_bills": [
    {
      "bill_id": "s1582-109", 
      "reason": "identical"
    }, 
    {
      "bill_id": "s1582-109", 
      "reason": "related"
    }, 
    {
      "bill_id": "s1752-109", 
      "reason": "related"
    }, 
    {
      "bill_id": "s1752-109", 
      "reason": "related"
    }
  ], 
  "short_title": null, 
  "sponsor": {
    "district": "1", 
    "name": "Moran, Jerry", 
    "state": "KS", 
    "thomas_id": "01507", 
    "title": "Rep", 
    "type": "person"
  }, 
  "status": "REPORTED", 
  "status_at": "2005-07-27", 
  "subjects": [
    "Administrative fees", 
    "Administrative procedure", 
    "Agricultural estimating and reporting", 
    "Agriculture and food", 
    "Agriculture in foreign trade", 
    "Authorization", 
    "Boundaries", 
    "Congress", 
    "Congressional reporting requirements", 
    "Department of Agriculture", 
    "Economics and public finance", 
    "Employee training", 
    "Exports", 
    "Federal advisory bodies", 
    "Food safety", 
    "Foreign trade and international finance", 
    "Government contractors", 
    "Government operations and politics", 
    "Governmental investigations", 
    "Grain", 
    "Labor and employment", 
    "Law", 
    "Licenses", 
    "Marine terminals", 
    "Privatization", 
    "Recruiting of employees", 
    "Standards", 
    "Supervision of employees", 
    "Transportation and public works"
  ], 
  "subjects_top_term": "Agriculture and food", 
  "summary": {
    "as": "Introduced", 
    "date": "2005-07-25", 
    "text": "Amends the United States Grain Standards Act to extend: (1) authority for inspection, weighing, and supervisory fees, supervisory and administrative cost limitations, and the advisory committee; and (2) authorization of appropriations. Authorizes with respect to export port locations of grain: (1) private entity performance of official inspection and weighing activities; and (2) use of more than one designated person or entity to perform such activities. (Makes certain geographic boundary provisions inapplicable to designated agencies at export port locations.)"
  }, 
  "titles": [
    {
      "as": "introduced", 
      "title": "To reauthorize the United States Grain Standards Act, to facilitate the official inspection at export port locations of grain required or authorized to be inspected under such Act, and for other purposes.", 
      "type": "official"
    }
  ], 
  "updated_at": "2013-02-02T20:40:41-05:00"
}