{
  "actions": [
    {
      "acted_at": "2006-03-29", 
      "references": [
        {
          "reference": "CR E459", 
          "type": null
        }
      ], 
      "text": "Sponsor introductory remarks on measure.", 
      "type": "action"
    }, 
    {
      "acted_at": "2006-03-29", 
      "committee": "House Committee on the Judiciary", 
      "references": [], 
      "status": "REFERRED", 
      "text": "Referred to the House Committee on the Judiciary.", 
      "type": "referral"
    }
  ], 
  "amendments": [], 
  "bill_id": "hr5036-109", 
  "bill_type": "hr", 
  "committees": [
    {
      "activity": [
        "referral", 
        "in committee"
      ], 
      "committee": "House Judiciary", 
      "committee_id": "HSJU"
    }
  ], 
  "congress": "109", 
  "cosponsors": [
    {
      "district": "6", 
      "name": "Flake, Jeff", 
      "sponsored_at": "2006-04-25", 
      "state": "AZ", 
      "thomas_id": "01633", 
      "title": "Rep", 
      "withdrawn_at": null
    }, 
    {
      "district": "3", 
      "name": "Jones, Walter B., Jr.", 
      "sponsored_at": "2006-03-29", 
      "state": "NC", 
      "thomas_id": "00612", 
      "title": "Rep", 
      "withdrawn_at": null
    }
  ], 
  "enacted_as": null, 
  "history": {
    "awaiting_signature": false, 
    "enacted": false, 
    "vetoed": false
  }, 
  "introduced_at": "2006-03-29", 
  "number": "5036", 
  "official_title": "To amend the Lobbying Disclosure Act of 1995 to require the disclosure of the original source of funds made payable to a lobbyist who is subcontracted to engage in lobbying activities on behalf of a third person or entity, and the disclosure of the identity of that third person or entity.", 
  "popular_title": null, 
  "related_bills": [], 
  "short_title": "Full Disclosure in Lobbying Act", 
  "sponsor": {
    "district": null, 
    "name": "Bordallo, Madeleine Z.", 
    "state": "GU", 
    "thomas_id": "01723", 
    "title": "Rep", 
    "type": "person"
  }, 
  "status": "REFERRED", 
  "status_at": "2006-03-29", 
  "subjects": [
    "Commerce", 
    "Congress", 
    "Congressional reporting requirements", 
    "Government operations and politics", 
    "Government paperwork", 
    "Lobbying", 
    "Subcontractors"
  ], 
  "subjects_top_term": "Government operations and politics", 
  "summary": {
    "as": "Introduced", 
    "date": "2006-03-29", 
    "text": "Full Disclosure in Lobbying Act - Amends the Lobbying Disclosure Act of 1995 to require a registered lobbyist's semiannual disclosure report, in the case of a registrant (subcontractor) retained by another person or entity to engage in lobbying activities on behalf of a third person or entity, to include: (1) the name, address, and principal place of business of the other person or entity that retained the subcontractor; (2) the name, address, and principal place of business of the third person or entity on whose behalf the lobbying activities were performed; and (3) the amount of funds paid, during such reporting period, to the subcontractor as well as to the other person or entity who retained the subcontractor for such lobbying activities."
  }, 
  "titles": [
    {
      "as": "introduced", 
      "title": "Full Disclosure in Lobbying Act", 
      "type": "short"
    }, 
    {
      "as": "introduced", 
      "title": "To amend the Lobbying Disclosure Act of 1995 to require the disclosure of the original source of funds made payable to a lobbyist who is subcontracted to engage in lobbying activities on behalf of a third person or entity, and the disclosure of the identity of that third person or entity.", 
      "type": "official"
    }
  ], 
  "updated_at": "2013-02-02T20:41:25-05:00"
}