{
  "actions": [
    {
      "acted_at": "2005-12-06", 
      "committee": "House Committee on Homeland Security", 
      "references": [], 
      "status": "REFERRED", 
      "text": "Referred to the House Committee on Homeland Security.", 
      "type": "referral"
    }, 
    {
      "acted_at": "2005-12-12", 
      "in_committee": "House Committee on Homeland Security", 
      "references": [], 
      "subcommittee": "Management, Integration, and Oversight", 
      "text": "Referred to the Subcommittee on Management, Integration, and Oversight.", 
      "type": "referral"
    }, 
    {
      "acted_at": "2005-12-12", 
      "in_committee": "House Committee on Homeland Security", 
      "references": [], 
      "subcommittee": "Economic Security, Infrastructure Protection, and Cybersecurity", 
      "text": "Referred to the Subcommittee on Economic Security, Infrastructure Protection, and Cybersecurity.", 
      "type": "referral"
    }
  ], 
  "amendments": [], 
  "bill_id": "hr4433-109", 
  "bill_type": "hr", 
  "committees": [
    {
      "activity": [
        "referral", 
        "in committee"
      ], 
      "committee": "House Homeland Security", 
      "committee_id": "HSHM"
    }, 
    {
      "activity": [
        "referral"
      ], 
      "committee": "House Homeland Security", 
      "committee_id": "HSHM", 
      "subcommittee": "Subcommittee on Management, Integration, and Oversight", 
      "subcommittee_id": "09"
    }, 
    {
      "activity": [
        "referral"
      ], 
      "committee": "House Homeland Security", 
      "committee_id": "HSHM", 
      "subcommittee": "Subcommittee on Economic Security, Infrastructure Protection, and Cybersecurity", 
      "subcommittee_id": "07"
    }
  ], 
  "congress": "109", 
  "cosponsors": [
    {
      "district": "10", 
      "name": "McCaul, Michael T.", 
      "sponsored_at": "2005-12-06", 
      "state": "TX", 
      "thomas_id": "01804", 
      "title": "Rep", 
      "withdrawn_at": null
    }, 
    {
      "district": "2", 
      "name": "Pearce, Stevan", 
      "sponsored_at": "2005-12-07", 
      "state": "NM", 
      "thomas_id": "01738", 
      "title": "Rep", 
      "withdrawn_at": null
    }
  ], 
  "enacted_as": null, 
  "history": {
    "awaiting_signature": false, 
    "enacted": false, 
    "vetoed": false
  }, 
  "introduced_at": "2005-12-06", 
  "number": "4433", 
  "official_title": "To direct the Secretary of Homeland Security to conduct outreach to and consult with members of the private sector with respect to the Secure Border Initiative and for the purposes of strengthening security along the international and maritime borders of the United States.", 
  "popular_title": null, 
  "related_bills": [], 
  "short_title": null, 
  "sponsor": {
    "district": "3", 
    "name": "Rogers, Mike D.", 
    "state": "AL", 
    "thomas_id": "01704", 
    "title": "Rep", 
    "type": "person"
  }, 
  "status": "REFERRED", 
  "status_at": "2005-12-06", 
  "subjects": [
    "Border patrols", 
    "Boundaries", 
    "Commerce", 
    "Cost effectiveness", 
    "Economies of scale", 
    "Finance and financial sector", 
    "Government operations and politics", 
    "Government publicity", 
    "Illegal aliens", 
    "Immigration", 
    "International affairs", 
    "Minorities", 
    "Minority business enterprises", 
    "Public-private partnerships", 
    "Science, technology, communications", 
    "Security measures", 
    "Small business", 
    "Technological innovations", 
    "Trade associations", 
    "Women", 
    "Women in business"
  ], 
  "subjects_top_term": "Immigration", 
  "summary": {
    "as": "Introduced", 
    "date": "2005-12-06", 
    "text": "Directs the Secretary of Homeland Security, with respect to the Secure Border Initiative and for purposes of strengthening security along the international and maritime borders of the United States, to conduct outreach to and consult with members of the private sector to: (1) identify existing and emerging technologies, best practices, and business processes; (2) maximize economies of scale, cost-effectiveness, systems integration, and resource allocation; and (3) identify the most appropriate contract mechanisms to enhance financial accountability and mission effectiveness of border security programs."
  }, 
  "titles": [
    {
      "as": "introduced", 
      "title": "To direct the Secretary of Homeland Security to conduct outreach to and consult with members of the private sector with respect to the Secure Border Initiative and for the purposes of strengthening security along the international and maritime borders of the United States.", 
      "type": "official"
    }
  ], 
  "updated_at": "2013-02-02T20:41:07-05:00"
}