{
  "actions": [
    {
      "acted_at": "2006-05-02", 
      "committee": "Committee on Energy and Commerce, and in addition to the Committee on Ways and Means, for a period to be subsequently determined by the Speaker, in each case for consideration of such provisions as fall within the jurisdiction of the committee concerned", 
      "references": [], 
      "status": "REFERRED", 
      "text": "Referred to the Committee on Energy and Commerce, and in addition to the Committee on Ways and Means, for a period to be subsequently determined by the Speaker, in each case for consideration of such provisions as fall within the jurisdiction of the committee concerned.", 
      "type": "referral"
    }, 
    {
      "acted_at": "2006-05-02", 
      "committee": "House Energy and Commerce", 
      "references": [], 
      "text": "Referred to House Energy and Commerce", 
      "type": "referral"
    }, 
    {
      "acted_at": "2006-05-02", 
      "committee": "House Ways and Means", 
      "references": [], 
      "text": "Referred to House Ways and Means", 
      "type": "referral"
    }, 
    {
      "acted_at": "2006-05-15", 
      "in_committee": "House Energy and Commerce", 
      "references": [], 
      "subcommittee": "Health", 
      "text": "Referred to the Subcommittee on Health.", 
      "type": "referral"
    }
  ], 
  "amendments": [], 
  "bill_id": "hr5263-109", 
  "bill_type": "hr", 
  "committees": [
    {
      "activity": [
        "referral", 
        "in committee"
      ], 
      "committee": "House Energy and Commerce", 
      "committee_id": "HSIF"
    }, 
    {
      "activity": [
        "referral"
      ], 
      "committee": "House Energy and Commerce", 
      "committee_id": "HSIF", 
      "subcommittee": "Subcommittee on Health", 
      "subcommittee_id": "14"
    }, 
    {
      "activity": [
        "referral", 
        "in committee"
      ], 
      "committee": "House Ways and Means", 
      "committee_id": "HSWM"
    }
  ], 
  "congress": "109", 
  "cosponsors": [
    {
      "district": "2", 
      "name": "Bishop, Sanford D., Jr.", 
      "sponsored_at": "2006-05-02", 
      "state": "GA", 
      "thomas_id": "00091", 
      "title": "Rep", 
      "withdrawn_at": null
    }, 
    {
      "district": "3", 
      "name": "Brown, Corrine", 
      "sponsored_at": "2006-05-02", 
      "state": "FL", 
      "thomas_id": "00132", 
      "title": "Rep", 
      "withdrawn_at": null
    }, 
    {
      "district": "1", 
      "name": "Butterfield, G. K.", 
      "sponsored_at": "2006-05-02", 
      "state": "NC", 
      "thomas_id": "01761", 
      "title": "Rep", 
      "withdrawn_at": null
    }, 
    {
      "district": "7", 
      "name": "Carson, Julia", 
      "sponsored_at": "2006-05-02", 
      "state": "IN", 
      "thomas_id": "01473", 
      "title": "Rep", 
      "withdrawn_at": null
    }, 
    {
      "district": "1", 
      "name": "Clay, Wm. Lacy", 
      "sponsored_at": "2006-05-02", 
      "state": "MO", 
      "thomas_id": "01654", 
      "title": "Rep", 
      "withdrawn_at": null
    }, 
    {
      "district": "5", 
      "name": "Cleaver, Emanuel", 
      "sponsored_at": "2006-05-02", 
      "state": "MO", 
      "thomas_id": "01790", 
      "title": "Rep", 
      "withdrawn_at": null
    }, 
    {
      "district": "6", 
      "name": "Clyburn, James E.", 
      "sponsored_at": "2006-05-02", 
      "state": "SC", 
      "thomas_id": "00208", 
      "title": "Rep", 
      "withdrawn_at": null
    }, 
    {
      "district": "14", 
      "name": "Conyers, John, Jr.", 
      "sponsored_at": "2006-05-02", 
      "state": "MI", 
      "thomas_id": "00229", 
      "title": "Rep", 
      "withdrawn_at": null
    }, 
    {
      "district": "7", 
      "name": "Cummings, Elijah E.", 
      "sponsored_at": "2006-05-02", 
      "state": "MD", 
      "thomas_id": "00256", 
      "title": "Rep", 
      "withdrawn_at": null
    }, 
    {
      "district": "7", 
      "name": "Davis, Artur", 
      "sponsored_at": "2006-05-02", 
      "state": "AL", 
      "thomas_id": "01705", 
      "title": "Rep", 
      "withdrawn_at": null
    }, 
    {
      "district": "7", 
      "name": "Davis, Danny K.", 
      "sponsored_at": "2006-05-02", 
      "state": "IL", 
      "thomas_id": "01477", 
      "title": "Rep", 
      "withdrawn_at": null
    }, 
    {
      "district": "2", 
      "name": "Fattah, Chaka", 
      "sponsored_at": "2006-05-02", 
      "state": "PA", 
      "thomas_id": "00371", 
      "title": "Rep", 
      "withdrawn_at": null
    }, 
    {
      "district": "9", 
      "name": "Ford, Harold E., Jr.", 
      "sponsored_at": "2006-05-02", 
      "state": "TN", 
      "thomas_id": "01483", 
      "title": "Rep", 
      "withdrawn_at": null
    }, 
    {
      "district": "9", 
      "name": "Green, Al", 
      "sponsored_at": "2006-05-02", 
      "state": "TX", 
      "thomas_id": "01803", 
      "title": "Rep", 
      "withdrawn_at": null
    }, 
    {
      "district": "23", 
      "name": "Hastings, Alcee L.", 
      "sponsored_at": "2006-05-02", 
      "state": "FL", 
      "thomas_id": "00511", 
      "title": "Rep", 
      "withdrawn_at": null
    }, 
    {
      "district": "2", 
      "name": "Jackson, Jesse L., Jr.", 
      "sponsored_at": "2006-05-02", 
      "state": "IL", 
      "thomas_id": "00587", 
      "title": "Rep", 
      "withdrawn_at": null
    }, 
    {
      "district": "18", 
      "name": "Jackson-Lee, Sheila", 
      "sponsored_at": "2006-05-02", 
      "state": "TX", 
      "thomas_id": "00588", 
      "title": "Rep", 
      "withdrawn_at": null
    }, 
    {
      "district": "2", 
      "name": "Jefferson, William J.", 
      "sponsored_at": "2006-05-02", 
      "state": "LA", 
      "thomas_id": "00592", 
      "title": "Rep", 
      "withdrawn_at": null
    }, 
    {
      "district": "30", 
      "name": "Johnson, Eddie Bernice", 
      "sponsored_at": "2006-05-02", 
      "state": "TX", 
      "thomas_id": "00599", 
      "title": "Rep", 
      "withdrawn_at": null
    }, 
    {
      "district": "11", 
      "name": "Jones, Stephanie Tubbs", 
      "sponsored_at": "2006-05-02", 
      "state": "OH", 
      "thomas_id": "01581", 
      "title": "Rep", 
      "withdrawn_at": null
    }, 
    {
      "district": "13", 
      "name": "Kilpatrick, Carolyn C.", 
      "sponsored_at": "2006-05-02", 
      "state": "MI", 
      "thomas_id": "01497", 
      "title": "Rep", 
      "withdrawn_at": null
    }, 
    {
      "district": "9", 
      "name": "Lee, Barbara", 
      "sponsored_at": "2006-05-02", 
      "state": "CA", 
      "thomas_id": "01501", 
      "title": "Rep", 
      "withdrawn_at": null
    }, 
    {
      "district": "5", 
      "name": "Lewis, John", 
      "sponsored_at": "2006-05-02", 
      "state": "GA", 
      "thomas_id": "00688", 
      "title": "Rep", 
      "withdrawn_at": null
    }, 
    {
      "district": "4", 
      "name": "McKinney, Cynthia A.", 
      "sponsored_at": "2006-05-02", 
      "state": "GA", 
      "thomas_id": "00780", 
      "title": "Rep", 
      "withdrawn_at": null
    }, 
    {
      "district": "17", 
      "name": "Meek, Kendrick B.", 
      "sponsored_at": "2006-05-02", 
      "state": "FL", 
      "thomas_id": "01715", 
      "title": "Rep", 
      "withdrawn_at": null
    }, 
    {
      "district": "6", 
      "name": "Meeks, Gregory W.", 
      "sponsored_at": "2006-05-02", 
      "state": "NY", 
      "thomas_id": "01506", 
      "title": "Rep", 
      "withdrawn_at": null
    }, 
    {
      "district": "37", 
      "name": "Millender-McDonald, Juanita", 
      "sponsored_at": "2006-05-02", 
      "state": "CA", 
      "thomas_id": "00805", 
      "title": "Rep", 
      "withdrawn_at": null
    }, 
    {
      "district": "4", 
      "name": "Moore, Gwen", 
      "sponsored_at": "2006-05-02", 
      "state": "WI", 
      "thomas_id": "01811", 
      "title": "Rep", 
      "withdrawn_at": null
    }, 
    {
      "district": null, 
      "name": "Norton, Eleanor Holmes", 
      "sponsored_at": "2006-05-02", 
      "state": "DC", 
      "thomas_id": "00868", 
      "title": "Rep", 
      "withdrawn_at": null
    }, 
    {
      "district": "11", 
      "name": "Owens, Major R.", 
      "sponsored_at": "2006-05-02", 
      "state": "NY", 
      "thomas_id": "00883", 
      "title": "Rep", 
      "withdrawn_at": null
    }, 
    {
      "district": "10", 
      "name": "Payne, Donald M.", 
      "sponsored_at": "2006-05-02", 
      "state": "NJ", 
      "thomas_id": "00902", 
      "title": "Rep", 
      "withdrawn_at": null
    }, 
    {
      "district": "15", 
      "name": "Rangel, Charles B.", 
      "sponsored_at": "2006-05-02", 
      "state": "NY", 
      "thomas_id": "00944", 
      "title": "Rep", 
      "withdrawn_at": null
    }, 
    {
      "district": "1", 
      "name": "Rush, Bobby L.", 
      "sponsored_at": "2006-05-02", 
      "state": "IL", 
      "thomas_id": "01003", 
      "title": "Rep", 
      "withdrawn_at": null
    }, 
    {
      "district": "13", 
      "name": "Scott, David", 
      "sponsored_at": "2006-05-02", 
      "state": "GA", 
      "thomas_id": "01722", 
      "title": "Rep", 
      "withdrawn_at": null
    }, 
    {
      "district": "3", 
      "name": "Scott, Robert C. \"Bobby\"", 
      "sponsored_at": "2006-05-02", 
      "state": "VA", 
      "thomas_id": "01037", 
      "title": "Rep", 
      "withdrawn_at": null
    }, 
    {
      "district": "2", 
      "name": "Thompson, Bennie G.", 
      "sponsored_at": "2006-05-02", 
      "state": "MS", 
      "thomas_id": "01151", 
      "title": "Rep", 
      "withdrawn_at": null
    }, 
    {
      "district": "10", 
      "name": "Towns, Edolphus", 
      "sponsored_at": "2006-05-02", 
      "state": "NY", 
      "thomas_id": "01165", 
      "title": "Rep", 
      "withdrawn_at": null
    }, 
    {
      "district": "35", 
      "name": "Waters, Maxine", 
      "sponsored_at": "2006-05-02", 
      "state": "CA", 
      "thomas_id": "01205", 
      "title": "Rep", 
      "withdrawn_at": null
    }, 
    {
      "district": "33", 
      "name": "Watson, Diane E.", 
      "sponsored_at": "2006-05-02", 
      "state": "CA", 
      "thomas_id": "01682", 
      "title": "Rep", 
      "withdrawn_at": null
    }, 
    {
      "district": "12", 
      "name": "Watt, Melvin L.", 
      "sponsored_at": "2006-05-02", 
      "state": "NC", 
      "thomas_id": "01207", 
      "title": "Rep", 
      "withdrawn_at": null
    }, 
    {
      "district": "4", 
      "name": "Wynn, Albert Russell", 
      "sponsored_at": "2006-05-02", 
      "state": "MD", 
      "thomas_id": "01251", 
      "title": "Rep", 
      "withdrawn_at": null
    }
  ], 
  "enacted_as": null, 
  "history": {
    "awaiting_signature": false, 
    "enacted": false, 
    "vetoed": false
  }, 
  "introduced_at": "2006-05-02", 
  "number": "5263", 
  "official_title": "To amend part D of title XVIII of the Social Security Act to extend the 2006 and 2007 initial enrollment periods for the Medicare prescription drug benefit and suspend the late enrollment penalty through December 31, 2007, to permit Medicare beneficiaries to change enrollment in a prescription drug plan during the first 12 months of enrollment, and to prevent changes in formularies other than at the time of open enrollment periods and only with advance notice.", 
  "popular_title": null, 
  "related_bills": [
    {
      "bill_id": "hr4399-109", 
      "reason": "related"
    }, 
    {
      "bill_id": "hr5102-109", 
      "reason": "related"
    }, 
    {
      "bill_id": "hr5116-109", 
      "reason": "related"
    }, 
    {
      "bill_id": "s2240-109", 
      "reason": "related"
    }, 
    {
      "bill_id": "s2255-109", 
      "reason": "related"
    }, 
    {
      "bill_id": "s2665-109", 
      "reason": "related"
    }
  ], 
  "short_title": null, 
  "sponsor": {
    "district": null, 
    "name": "Christensen, Donna M.", 
    "state": "VI", 
    "thomas_id": "01474", 
    "title": "Rep", 
    "type": "person"
  }, 
  "status": "REFERRED", 
  "status_at": "2006-05-02", 
  "subjects": [
    "Access to health care", 
    "Commerce", 
    "Consumer education", 
    "Drugs", 
    "Finance and financial sector", 
    "Government operations and politics", 
    "Government paperwork", 
    "Health", 
    "Health insurance", 
    "Health maintenance organizations", 
    "Insurance premiums", 
    "Managed care", 
    "Medical economics", 
    "Medical education", 
    "Medicare", 
    "Pharmacies", 
    "Pharmacists", 
    "Physicians", 
    "Prescription pricing", 
    "Social welfare"
  ], 
  "subjects_top_term": "Health", 
  "summary": {
    "as": "Introduced", 
    "date": "2006-05-02", 
    "text": "Amends part D (Voluntary Prescription Drug Benefit Program) of title XVIII (Medicare) of the Social Security Act to: (1) extend the 2006 and 2007 initial enrollment periods for the Medicare prescription drug benefit; (2) suspend the late enrollment penalty through December 31, 2007; and (3) permit Medicare beneficiaries to change enrollment in a prescription drug plan during the first 12 months of enrollment. Prohibits a PDP sponsor, beginning with 2006, from removing a covered part D drug from the plan formulary, or imposing a restriction or limitation on the coverage of such a drug, other than at the beginning of each plan year, except as the Secretary may permit to take into account new therapeutic uses and newly covered part D drugs. Requires each PDP sponsor to furnish to each plan enrollee, at the time of each annual coordinated election period, a notice of any changes in the formulary or other part D drug coverage restrictions or limitations that will take effect for the upcoming plan year."
  }, 
  "titles": [
    {
      "as": "introduced", 
      "title": "To amend part D of title XVIII of the Social Security Act to extend the 2006 and 2007 initial enrollment periods for the Medicare prescription drug benefit and suspend the late enrollment penalty through December 31, 2007, to permit Medicare beneficiaries to change enrollment in a prescription drug plan during the first 12 months of enrollment, and to prevent changes in formularies other than at the time of open enrollment periods and only with advance notice.", 
      "type": "official"
    }
  ], 
  "updated_at": "2013-02-02T20:41:31-05:00"
}