{
  "actions": [
    {
      "acted_at": "2005-03-17", 
      "committee": "Committee on Government Reform, and in addition to the Committee on Armed Services, for a period to be subsequently determined by the Speaker, in each case for consideration of such provisions as fall within the jurisdiction of the committee concerned", 
      "references": [], 
      "status": "REFERRED", 
      "text": "Referred to the Committee on Government Reform, and in addition to the Committee on Armed Services, for a period to be subsequently determined by the Speaker, in each case for consideration of such provisions as fall within the jurisdiction of the committee concerned.", 
      "type": "referral"
    }, 
    {
      "acted_at": "2005-03-17", 
      "committee": "House Government Reform", 
      "references": [], 
      "text": "Referred to House Government Reform", 
      "type": "referral"
    }, 
    {
      "acted_at": "2005-03-17", 
      "committee": "House Armed Services", 
      "references": [], 
      "text": "Referred to House Armed Services", 
      "type": "referral"
    }, 
    {
      "acted_at": "2005-04-06", 
      "in_committee": "House Armed Services", 
      "references": [], 
      "text": "Executive Comment Requested from DOD.", 
      "type": "action"
    }, 
    {
      "acted_at": "2005-04-06", 
      "in_committee": "House Armed Services", 
      "references": [], 
      "subcommittee": "Military Personnel", 
      "text": "Referred to the Subcommittee on Military Personnel.", 
      "type": "referral"
    }, 
    {
      "acted_at": "2005-04-06", 
      "in_committee": "House Armed Services", 
      "references": [], 
      "subcommittee": "Readiness", 
      "text": "Referred to the Subcommittee on Readiness.", 
      "type": "referral"
    }
  ], 
  "amendments": [], 
  "bill_id": "hr1418-109", 
  "bill_type": "hr", 
  "committees": [
    {
      "activity": [
        "referral", 
        "in committee"
      ], 
      "committee": "House Government Reform", 
      "committee_id": "HSGO"
    }, 
    {
      "activity": [
        "referral", 
        "in committee"
      ], 
      "committee": "House Armed Services", 
      "committee_id": "HSAS"
    }, 
    {
      "activity": [
        "referral"
      ], 
      "committee": "House Armed Services", 
      "committee_id": "HSAS", 
      "subcommittee": "Subcommittee on Military Personnel", 
      "subcommittee_id": "02"
    }, 
    {
      "activity": [
        "referral"
      ], 
      "committee": "House Armed Services", 
      "committee_id": "HSAS", 
      "subcommittee": "Subcommittee on Readiness", 
      "subcommittee_id": "03"
    }
  ], 
  "congress": "109", 
  "cosponsors": [
    {
      "district": "51", 
      "name": "Filner, Bob", 
      "sponsored_at": "2006-02-28", 
      "state": "CA", 
      "thomas_id": "00381", 
      "title": "Rep", 
      "withdrawn_at": null
    }, 
    {
      "district": "4", 
      "name": "Frank, Barney", 
      "sponsored_at": "2005-09-07", 
      "state": "MA", 
      "thomas_id": "00407", 
      "title": "Rep", 
      "withdrawn_at": null
    }, 
    {
      "district": "4", 
      "name": "Price, David E.", 
      "sponsored_at": "2006-02-15", 
      "state": "NC", 
      "thomas_id": "00930", 
      "title": "Rep", 
      "withdrawn_at": null
    }, 
    {
      "district": "1", 
      "name": "Stupak, Bart", 
      "sponsored_at": "2006-09-08", 
      "state": "MI", 
      "thomas_id": "01123", 
      "title": "Rep", 
      "withdrawn_at": null
    }, 
    {
      "district": "9", 
      "name": "Weiner, Anthony D.", 
      "sponsored_at": "2005-03-17", 
      "state": "NY", 
      "thomas_id": "01597", 
      "title": "Rep", 
      "withdrawn_at": null
    }
  ], 
  "enacted_as": null, 
  "history": {
    "awaiting_signature": false, 
    "enacted": false, 
    "vetoed": false
  }, 
  "introduced_at": "2005-03-17", 
  "number": "1418", 
  "official_title": "To amend chapter 89 of title 5, United States Code, and chapter 55 of title 10, United States Code, to provide that any health benefits plan which provides obstetrical benefits shall be required also to provide coverage for the diagnosis and treatment of infertility.", 
  "popular_title": null, 
  "related_bills": [], 
  "short_title": "Infertility Coverage for Federal Employees, Military Personnel, and their Families Act", 
  "sponsor": {
    "district": "5", 
    "name": "Meehan, Martin T.", 
    "state": "MA", 
    "thomas_id": "00788", 
    "title": "Rep", 
    "type": "person"
  }, 
  "status": "REFERRED", 
  "status_at": "2005-03-17", 
  "subjects": [
    "Access to health care", 
    "Accreditation (Medical care)", 
    "Armed forces and national security", 
    "Artificial insemination", 
    "Civil rights and liberties, minority issues", 
    "Coinsurance", 
    "Federal employees", 
    "Finance and financial sector", 
    "Government employees' health insurance", 
    "Government operations and politics", 
    "Health", 
    "In vitro fertilization", 
    "Medical economics", 
    "Medical laboratories", 
    "Military medicine", 
    "Obstetrics", 
    "Physicians", 
    "Religion", 
    "Religious liberty", 
    "Reproduction"
  ], 
  "subjects_top_term": "Health", 
  "summary": {
    "as": "Introduced", 
    "date": "2005-03-17", 
    "text": "Infertility Coverage for Federal Employees, Military Personnel, and their Families Act - Requires any health benefits plan under the Federal Employees Health Benefit Program or TRICARE (a Department of Defense managed health care program) that provides obstetrical benefits to also provide coverage for the diagnosis and treatment of infertility, including nonexperimental assisted reproductive technology procedures."
  }, 
  "titles": [
    {
      "as": "introduced", 
      "title": "Infertility Coverage for Federal Employees, Military Personnel, and their Families Act", 
      "type": "short"
    }, 
    {
      "as": "introduced", 
      "title": "To amend chapter 89 of title 5, United States Code, and chapter 55 of title 10, United States Code, to provide that any health benefits plan which provides obstetrical benefits shall be required also to provide coverage for the diagnosis and treatment of infertility.", 
      "type": "official"
    }
  ], 
  "updated_at": "2013-02-02T20:39:47-05:00"
}