{
  "actions": [
    {
      "acted_at": "2005-09-13", 
      "committee": "House Committee on Ways and Means", 
      "references": [], 
      "status": "REFERRED", 
      "text": "Referred to the House Committee on Ways and Means.", 
      "type": "referral"
    }
  ], 
  "amendments": [], 
  "bill_id": "hr3741-109", 
  "bill_type": "hr", 
  "committees": [
    {
      "activity": [
        "referral", 
        "in committee"
      ], 
      "committee": "House Ways and Means", 
      "committee_id": "HSWM"
    }
  ], 
  "congress": "109", 
  "cosponsors": [
    {
      "district": "3", 
      "name": "Pickering, Charles W. \"Chip\"", 
      "sponsored_at": "2005-09-13", 
      "state": "MS", 
      "thomas_id": "01513", 
      "title": "Rep", 
      "withdrawn_at": null
    }
  ], 
  "enacted_as": null, 
  "history": {
    "awaiting_signature": false, 
    "enacted": false, 
    "vetoed": false
  }, 
  "introduced_at": "2005-09-13", 
  "number": "3741", 
  "official_title": "To amend the Internal Revenue Code to allow a one-time emergency, penalty free withdrawal, from a qualified investment retirement account.", 
  "popular_title": null, 
  "related_bills": [
    {
      "bill_id": "hr3733-109", 
      "reason": "related"
    }, 
    {
      "bill_id": "hr3742-109", 
      "reason": "related"
    }, 
    {
      "bill_id": "hr3751-109", 
      "reason": "related"
    }, 
    {
      "bill_id": "hr3759-109", 
      "reason": "related"
    }
  ], 
  "short_title": "Disaster Victims' Savings Access Act", 
  "sponsor": {
    "district": "4", 
    "name": "Davis, Geoff", 
    "state": "KY", 
    "thomas_id": "01784", 
    "title": "Rep", 
    "type": "person"
  }, 
  "status": "REFERRED", 
  "status_at": "2005-09-13", 
  "subjects": [
    "Annuities", 
    "Disaster relief", 
    "Disasters", 
    "Emergency management", 
    "Hurricane aftermath legislation", 
    "Income tax", 
    "Individual retirement accounts", 
    "Labor and employment", 
    "Tax administration", 
    "Tax exclusion", 
    "Tax penalties", 
    "Taxation"
  ], 
  "subjects_top_term": "Taxation", 
  "summary": {
    "as": "Introduced", 
    "date": "2005-09-13", 
    "text": "Disaster Victims' Savings Access Act - Amends the Internal Revenue Code to: (1) exempt from the penalty for premature distributions from a tax-qualified retirement plan a one-time distribution made to an employee living and working in a county enumerated in a presidentially declared disaster or emergency; (2) allow such distribution to be spread evenly in income over a five-year period for income tax purposes; and (3) allow survivors of disasters to make catch-up contributions to retirement plans."
  }, 
  "titles": [
    {
      "as": "introduced", 
      "title": "Disaster Victims' Savings Access Act", 
      "type": "short"
    }, 
    {
      "as": "introduced", 
      "title": "To amend the Internal Revenue Code to allow a one-time emergency, penalty free withdrawal, from a qualified investment retirement account.", 
      "type": "official"
    }
  ], 
  "updated_at": "2013-02-02T20:40:49-05:00"
}