{
  "actions": [
    {
      "acted_at": "2006-05-04", 
      "committee": "House Committee on Ways and Means", 
      "references": [], 
      "status": "REFERRED", 
      "text": "Referred to the House Committee on Ways and Means.", 
      "type": "referral"
    }
  ], 
  "amendments": [], 
  "bill_id": "hr5296-109", 
  "bill_type": "hr", 
  "committees": [
    {
      "activity": [
        "referral", 
        "in committee"
      ], 
      "committee": "House Ways and Means", 
      "committee_id": "HSWM"
    }
  ], 
  "congress": "109", 
  "cosponsors": [], 
  "enacted_as": null, 
  "history": {
    "awaiting_signature": false, 
    "enacted": false, 
    "vetoed": false
  }, 
  "introduced_at": "2006-05-04", 
  "number": "5296", 
  "official_title": "To amend the Internal Revenue Code of 1986 to extend certain energy tax credits.", 
  "popular_title": null, 
  "related_bills": [], 
  "short_title": "Renewable Energy Enhancement Act of 2006", 
  "sponsor": {
    "district": "4", 
    "name": "Davis, Lincoln", 
    "state": "TN", 
    "thomas_id": "01747", 
    "title": "Rep", 
    "type": "person"
  }, 
  "status": "REFERRED", 
  "status_at": "2006-05-04", 
  "subjects": [
    "Alternative energy sources", 
    "Commerce", 
    "Electric power production", 
    "Energy", 
    "Energy conservation", 
    "Energy efficiency", 
    "Fiber optics", 
    "Fuel cells", 
    "Geothermal resources", 
    "Heat pumps", 
    "Heating", 
    "Income tax", 
    "Lighting", 
    "Science, technology, communications", 
    "Solar energy", 
    "Tax credits", 
    "Taxation"
  ], 
  "subjects_top_term": "Taxation", 
  "summary": {
    "as": "Introduced", 
    "date": "2006-05-04", 
    "text": "Renewable Energy Enhancement Act of 2006 - Amends the Internal Revenue Code to extend through 2015: (1) tax credits for investment in certain solar energy properties and qualified fuel cell and microturbine properties; (2) the tax credit for residential energy efficient property expenditures; and (3) tax credits for expenditures for nonbusiness geothermal heat pumps and geothermal and solar energy facilities used to produce electricity. Increases from $2,000 to $5,000 the maximum amount of the tax credit for photovoltaic and solar water heating property expenditures."
  }, 
  "titles": [
    {
      "as": "introduced", 
      "title": "Renewable Energy Enhancement Act of 2006", 
      "type": "short"
    }, 
    {
      "as": "introduced", 
      "title": "To amend the Internal Revenue Code of 1986 to extend certain energy tax credits.", 
      "type": "official"
    }
  ], 
  "updated_at": "2013-02-02T20:41:32-05:00"
}