{
  "actions": [
    {
      "acted_at": "2005-11-17", 
      "committee": "House Committee on Energy and Commerce", 
      "references": [], 
      "status": "REFERRED", 
      "text": "Referred to the House Committee on Energy and Commerce.", 
      "type": "referral"
    }, 
    {
      "acted_at": "2005-12-02", 
      "in_committee": "House Committee on Energy and Commerce", 
      "references": [], 
      "subcommittee": "Energy and Air Quality", 
      "text": "Referred to the Subcommittee on Energy and Air Quality.", 
      "type": "referral"
    }, 
    {
      "acted_at": "2006-09-20", 
      "in_committee": "House Committee on Energy and Commerce", 
      "references": [], 
      "text": "Committee Consideration and Mark-up Session Held.", 
      "type": "action"
    }, 
    {
      "acted_at": "2006-09-20", 
      "in_committee": "House Committee on Energy and Commerce", 
      "references": [], 
      "status": "REPORTED", 
      "text": "Ordered to be Reported by Voice Vote.", 
      "type": "calendar"
    }, 
    {
      "acted_at": "2006-09-26T18:27:00-04:00", 
      "references": [], 
      "text": "Reported by the Committee on Energy and Commerce. H. Rept. 109-684.", 
      "type": "action"
    }, 
    {
      "acted_at": "2006-09-26T18:27:00-04:00", 
      "calendar": "Union", 
      "number": "414", 
      "references": [], 
      "text": "Placed on the Union Calendar, Calendar No. 414.", 
      "type": "calendar", 
      "under": null
    }, 
    {
      "acted_at": "2006-09-26T20:01:00-04:00", 
      "references": [], 
      "text": "Mr. Otter moved to suspend the rules and pass the bill.", 
      "type": "action"
    }, 
    {
      "acted_at": "2006-09-26T20:02:00-04:00", 
      "references": [
        {
          "reference": "CR H7450-7451", 
          "type": "consideration"
        }
      ], 
      "text": "Considered under suspension of the rules.", 
      "type": "action"
    }, 
    {
      "acted_at": "2006-09-26T20:02:00-04:00", 
      "references": [], 
      "text": "DEBATE - The House proceeded with forty minutes of debate on H.R. 4377.", 
      "type": "action"
    }, 
    {
      "acted_at": "2006-09-26T20:06:00-04:00", 
      "how": "by voice vote", 
      "references": [
        {
          "reference": "CR H7450", 
          "type": "text"
        }
      ], 
      "result": "pass", 
      "status": "PASS_OVER:HOUSE", 
      "suspension": null, 
      "text": "On motion to suspend the rules and pass the bill Agreed to by voice vote.", 
      "type": "vote", 
      "vote_type": "vote", 
      "where": "h"
    }, 
    {
      "acted_at": "2006-09-26T20:06:00-04:00", 
      "references": [], 
      "text": "Motion to reconsider laid on the table Agreed to without objection.", 
      "type": "action"
    }, 
    {
      "acted_at": "2006-09-27", 
      "calendar": "Senate Legislative", 
      "number": "643", 
      "references": [], 
      "text": "Received in the Senate. Read twice. Placed on Senate Legislative Calendar under General Orders. Calendar No. 643.", 
      "type": "calendar", 
      "under": "General Orders"
    }, 
    {
      "acted_at": "2006-11-16", 
      "how": "by Unanimous Consent", 
      "references": [
        {
          "reference": "CR S11106", 
          "type": "consideration"
        }
      ], 
      "result": "pass", 
      "status": "PASSED:BILL", 
      "text": "Passed Senate without amendment by Unanimous Consent.", 
      "type": "vote", 
      "vote_type": "vote2", 
      "where": "s"
    }, 
    {
      "acted_at": "2006-11-16", 
      "references": [], 
      "text": "Cleared for White House.", 
      "type": "topresident"
    }, 
    {
      "acted_at": "2006-11-17", 
      "references": [], 
      "text": "Message on Senate action sent to the House.", 
      "type": "action"
    }, 
    {
      "acted_at": "2006-12-05", 
      "references": [], 
      "text": "Presented to President.", 
      "type": "topresident"
    }, 
    {
      "acted_at": "2006-12-13", 
      "references": [], 
      "text": "Signed by President.", 
      "type": "signed"
    }, 
    {
      "acted_at": "2006-12-13", 
      "congress": "109", 
      "law": "public", 
      "number": "393", 
      "references": [], 
      "status": "ENACTED:SIGNED", 
      "text": "Became Public Law No: 109-393.", 
      "type": "enacted"
    }
  ], 
  "amendments": [], 
  "bill_id": "hr4377-109", 
  "bill_type": "hr", 
  "committees": [
    {
      "activity": [
        "referral", 
        "markup", 
        "reporting"
      ], 
      "committee": "House Energy and Commerce", 
      "committee_id": "HSIF"
    }, 
    {
      "activity": [
        "referral"
      ], 
      "committee": "House Energy and Commerce", 
      "committee_id": "HSIF", 
      "subcommittee": "Subcommittee on Energy and Air Quality", 
      "subcommittee_id": "03"
    }
  ], 
  "congress": "109", 
  "cosponsors": [
    {
      "district": "2", 
      "name": "Simpson, Michael K.", 
      "sponsored_at": "2005-11-17", 
      "state": "ID", 
      "thomas_id": "01590", 
      "title": "Rep", 
      "withdrawn_at": null
    }, 
    {
      "district": "1", 
      "name": "Wu, David", 
      "sponsored_at": "2006-09-25", 
      "state": "OR", 
      "thomas_id": "01598", 
      "title": "Rep", 
      "withdrawn_at": null
    }
  ], 
  "enacted_as": {
    "congress": "109", 
    "law_type": "public", 
    "number": "393"
  }, 
  "history": {
    "awaiting_signature": false, 
    "enacted": true, 
    "enacted_at": "2006-12-13", 
    "house_passage_result": "pass", 
    "house_passage_result_at": "2006-09-26T20:06:00-04:00", 
    "senate_passage_result": "pass", 
    "senate_passage_result_at": "2006-11-16", 
    "vetoed": false
  }, 
  "introduced_at": "2005-11-17", 
  "number": "4377", 
  "official_title": "To extend the time required for construction of a hydroelectric project, and for other purposes.", 
  "popular_title": null, 
  "related_bills": [
    {
      "bill_id": "s2035-109", 
      "reason": "related"
    }, 
    {
      "bill_id": "s2035-109", 
      "reason": "identical"
    }, 
    {
      "bill_id": "s2035-109", 
      "reason": "related"
    }
  ], 
  "short_title": null, 
  "sponsor": {
    "district": "1", 
    "name": "Otter, C. L. (Butch)", 
    "state": "ID", 
    "thomas_id": "01646", 
    "title": "Rep", 
    "type": "person"
  }, 
  "status": "ENACTED:SIGNED", 
  "status_at": "2006-12-13", 
  "subjects": [
    "Energy", 
    "Hydroelectric power", 
    "Idaho", 
    "Law", 
    "Licenses", 
    "Water resources development"
  ], 
  "subjects_top_term": "Energy", 
  "summary": {
    "as": "Public Law", 
    "date": "2006-12-13", 
    "text": "Instructs the Federal Energy Regulatory Commission (FERC), upon licensee request, to: (1) extend the period for commencing construction of project works 4656 (Arrowrock Hydroelectric Project, Idaho) for a period of three years if the license for the project is in effect on the date of the enactment of this Act; or (2) reinstate the license and extend the period for commencing construction of such project works for an additional three-year period if the project license has been terminated before the date of enactment of this Act."
  }, 
  "titles": [
    {
      "as": "introduced", 
      "title": "To extend the time required for construction of a hydroelectric project, and for other purposes.", 
      "type": "official"
    }
  ], 
  "updated_at": "2013-02-02T20:41:06-05:00"
}