{
  "actions": [
    {
      "acted_at": "2005-04-21", 
      "committee": "House Committee on Ways and Means", 
      "references": [], 
      "status": "REFERRED", 
      "text": "Referred to the House Committee on Ways and Means.", 
      "type": "referral"
    }, 
    {
      "acted_at": "2005-04-27", 
      "in_committee": "House Committee on Ways and Means", 
      "references": [], 
      "subcommittee": "Trade", 
      "text": "Referred to the Subcommittee on Trade.", 
      "type": "referral"
    }
  ], 
  "amendments": [], 
  "bill_id": "hr1780-109", 
  "bill_type": "hr", 
  "committees": [
    {
      "activity": [
        "referral", 
        "in committee"
      ], 
      "committee": "House Ways and Means", 
      "committee_id": "HSWM"
    }, 
    {
      "activity": [
        "referral"
      ], 
      "committee": "House Ways and Means", 
      "committee_id": "HSWM", 
      "subcommittee": "Subcommittee on Trade", 
      "subcommittee_id": "04"
    }
  ], 
  "congress": "109", 
  "cosponsors": [], 
  "enacted_as": null, 
  "history": {
    "awaiting_signature": false, 
    "enacted": false, 
    "vetoed": false
  }, 
  "introduced_at": "2005-04-21", 
  "number": "1780", 
  "official_title": "To suspend temporarily the duty on Cyclanilide Technical.", 
  "popular_title": null, 
  "related_bills": [
    {
      "bill_id": "s2515-109", 
      "reason": "related"
    }
  ], 
  "short_title": null, 
  "sponsor": {
    "district": "9", 
    "name": "Hulshof, Kenny C.", 
    "state": "MO", 
    "thomas_id": "01492", 
    "title": "Rep", 
    "type": "person"
  }, 
  "status": "REFERRED", 
  "status_at": "2005-04-21", 
  "subjects": [
    "Agriculture and food", 
    "Environmental protection", 
    "Foreign trade and international finance", 
    "Pesticides", 
    "Tariff"
  ], 
  "subjects_top_term": "Foreign trade and international finance", 
  "summary": {
    "as": "Introduced", 
    "date": "2005-04-21", 
    "text": "Amends the Harmonized Tariff Schedule of the United States to suspend, through December 31, 2008, the duty on 1-(2,4-Dichlorophenyl- aminocarbonyl)cyclo- propanecarboxylic acid (Cyclanilide Technical)."
  }, 
  "titles": [
    {
      "as": "introduced", 
      "title": "To suspend temporarily the duty on Cyclanilide Technical.", 
      "type": "official"
    }
  ], 
  "updated_at": "2013-02-02T20:39:57-05:00"
}