{
  "actions": [
    {
      "acted_at": "2006-07-26", 
      "committee": "Committee on House Administration, and in addition to the Committee on Ways and Means, for a period to be subsequently determined by the Speaker, in each case for consideration of such provisions as fall within the jurisdiction of the committee concerned", 
      "references": [], 
      "status": "REFERRED", 
      "text": "Referred to the Committee on House Administration, and in addition to the Committee on Ways and Means, for a period to be subsequently determined by the Speaker, in each case for consideration of such provisions as fall within the jurisdiction of the committee concerned.", 
      "type": "referral"
    }, 
    {
      "acted_at": "2006-07-26", 
      "committee": "House House Administration", 
      "references": [], 
      "text": "Referred to House House Administration", 
      "type": "referral"
    }, 
    {
      "acted_at": "2006-07-26", 
      "committee": "House Ways and Means", 
      "references": [], 
      "text": "Referred to House Ways and Means", 
      "type": "referral"
    }
  ], 
  "amendments": [], 
  "bill_id": "hr5905-109", 
  "bill_type": "hr", 
  "committees": [
    {
      "activity": [
        "referral", 
        "in committee"
      ], 
      "committee": "House Administration", 
      "committee_id": "HSHA"
    }, 
    {
      "activity": [
        "referral", 
        "in committee"
      ], 
      "committee": "House Ways and Means", 
      "committee_id": "HSWM"
    }
  ], 
  "congress": "109", 
  "cosponsors": [
    {
      "district": "2", 
      "name": "Case, Ed", 
      "sponsored_at": "2006-09-07", 
      "state": "HI", 
      "thomas_id": "01693", 
      "title": "Rep", 
      "withdrawn_at": null
    }, 
    {
      "district": "5", 
      "name": "Emanuel, Rahm", 
      "sponsored_at": "2006-12-05", 
      "state": "IL", 
      "thomas_id": "01725", 
      "title": "Rep", 
      "withdrawn_at": null
    }, 
    {
      "district": "4", 
      "name": "Frank, Barney", 
      "sponsored_at": "2006-11-13", 
      "state": "MA", 
      "thomas_id": "00407", 
      "title": "Rep", 
      "withdrawn_at": null
    }, 
    {
      "district": "4", 
      "name": "Shays, Christopher", 
      "sponsored_at": "2006-07-26", 
      "state": "CT", 
      "thomas_id": "01048", 
      "title": "Rep", 
      "withdrawn_at": null
    }, 
    {
      "district": "8", 
      "name": "Van Hollen, Chris", 
      "sponsored_at": "2006-09-07", 
      "state": "MD", 
      "thomas_id": "01729", 
      "title": "Rep", 
      "withdrawn_at": null
    }
  ], 
  "enacted_as": null, 
  "history": {
    "awaiting_signature": false, 
    "enacted": false, 
    "vetoed": false
  }, 
  "introduced_at": "2006-07-26", 
  "number": "5905", 
  "official_title": "To amend the Internal Revenue Code of 1986 to reform the system of public financing for Presidential elections, and for other purposes.", 
  "popular_title": null, 
  "related_bills": [
    {
      "bill_id": "s3740-109", 
      "reason": "related"
    }
  ], 
  "short_title": "Presidential Funding Act of 2006", 
  "sponsor": {
    "district": "5", 
    "name": "Meehan, Martin T.", 
    "state": "MA", 
    "thomas_id": "00788", 
    "title": "Rep", 
    "type": "person"
  }, 
  "status": "REFERRED", 
  "status_at": "2006-07-26", 
  "subjects": [
    "Campaign funds", 
    "Checkoff", 
    "Computer software", 
    "Cost of living adjustments", 
    "Economics and public finance", 
    "Election candidates", 
    "Electronic government information", 
    "Fund raising", 
    "Government operations and politics", 
    "Government paperwork", 
    "Government publicity", 
    "Government trust funds", 
    "Income tax", 
    "Indexing (Economic policy)", 
    "Political conventions", 
    "Political parties", 
    "Presidential elections", 
    "Primaries", 
    "Science, technology, communications", 
    "Soft money", 
    "Tax returns", 
    "Taxation"
  ], 
  "subjects_top_term": "Government operations and politics", 
  "summary": {
    "as": "Introduced", 
    "date": "2006-07-26", 
    "text": "Presidential Funding Act of 2006 - Amends Internal Revenue Code provisions relating to public financing of presidential election campaigns to: (1) quadruple (1:1 to 4:1) the matching rate for contributions to primary election candidates; (2) lower from $250 to $200 the limit on individual campaign contributions; (3) increase the presidential primary qualifying threshold from $5,000 to $25,000 in 20 states; (4) require presidential candidates to participate in the primary payment system to be eligible for general election payments; (5) move the starting date for payments to primary candidates from January 1 to July 1 of the year immediately preceding the presidential election year; (6) allow additional payments and increased expenditure limits for candidates who face opponents who do not participate in public financing and who raise more than 20% of applicable spending limits; (7) designate the last Friday before the first Monday in September as the date for payments to eligible presidential candidates; and (8) increase from $3 to $10 the presidential campaign tax return check-off amount.Amends the Federal Election Campaign Act of 1971 to: (1) increase expenditure limits for presidential primary campaigns and eliminate state primary spending limits; (2) limit political party general election campaign expenditures to $25 million, with an additional $25 million allowance after the party's candidate is nominated; (3) prohibit political parties from spending unregulated funds (soft money) on their national conventions; and (4) require presidential campaign committees to disclose information about bundled contributions (series of contributions aggregating more than $10,000).Amends the Agricultural Trade Act of 1978 to reduce funding for the market access program by $100 million in FY2007."
  }, 
  "titles": [
    {
      "as": "introduced", 
      "title": "Presidential Funding Act of 2006", 
      "type": "short"
    }, 
    {
      "as": "introduced", 
      "title": "To amend the Internal Revenue Code of 1986 to reform the system of public financing for Presidential elections, and for other purposes.", 
      "type": "official"
    }
  ], 
  "updated_at": "2013-02-02T20:41:49-05:00"
}