{
  "actions": [
    {
      "acted_at": "2006-06-26", 
      "references": [
        {
          "reference": "CR E1275", 
          "type": null
        }
      ], 
      "text": "Sponsor introductory remarks on measure.", 
      "type": "action"
    }, 
    {
      "acted_at": "2006-06-26", 
      "committee": "House Committee on Energy and Commerce", 
      "references": [], 
      "status": "REFERRED", 
      "text": "Referred to the House Committee on Energy and Commerce.", 
      "type": "referral"
    }, 
    {
      "acted_at": "2006-07-17", 
      "in_committee": "House Committee on Energy and Commerce", 
      "references": [], 
      "subcommittee": "Health", 
      "text": "Referred to the Subcommittee on Health.", 
      "type": "referral"
    }
  ], 
  "amendments": [], 
  "bill_id": "hr5686-109", 
  "bill_type": "hr", 
  "committees": [
    {
      "activity": [
        "referral", 
        "in committee"
      ], 
      "committee": "House Energy and Commerce", 
      "committee_id": "HSIF"
    }, 
    {
      "activity": [
        "referral"
      ], 
      "committee": "House Energy and Commerce", 
      "committee_id": "HSIF", 
      "subcommittee": "Subcommittee on Health", 
      "subcommittee_id": "14"
    }
  ], 
  "congress": "109", 
  "cosponsors": [], 
  "enacted_as": null, 
  "history": {
    "awaiting_signature": false, 
    "enacted": false, 
    "vetoed": false
  }, 
  "introduced_at": "2006-06-26", 
  "number": "5686", 
  "official_title": "To amend title XIX of the Social Security Act to provide medical assistance for certain men screened and found to have prostate cancer under a Federally funded screening program.", 
  "popular_title": null, 
  "related_bills": [], 
  "short_title": "Medicaid Prostate Cancer Coverage Act of 2006", 
  "sponsor": {
    "district": null, 
    "name": "Norton, Eleanor Holmes", 
    "state": "DC", 
    "thomas_id": "00868", 
    "title": "Rep", 
    "type": "person"
  }, 
  "status": "REFERRED", 
  "status_at": "2006-06-26", 
  "subjects": [
    "Federal-state relations", 
    "Government operations and politics", 
    "Health", 
    "Intergovernmental fiscal relations", 
    "Medicaid", 
    "Medical screening", 
    "Medical tests", 
    "Prostate cancer", 
    "Social welfare", 
    "Welfare eligibility"
  ], 
  "subjects_top_term": "Health", 
  "summary": {
    "as": "Introduced", 
    "date": "2006-06-26", 
    "text": "Medicaid Prostate Cancer Coverage Act of 2006 - Amends title XIX (Medicaid) of the Social Security Act to provide for optional Medicaid coverage of certain prostate cancer patients."
  }, 
  "titles": [
    {
      "as": "introduced", 
      "title": "Medicaid Prostate Cancer Coverage Act of 2006", 
      "type": "short"
    }, 
    {
      "as": "introduced", 
      "title": "To amend title XIX of the Social Security Act to provide medical assistance for certain men screened and found to have prostate cancer under a Federally funded screening program.", 
      "type": "official"
    }
  ], 
  "updated_at": "2013-02-02T20:41:44-05:00"
}