{
  "actions": [
    {
      "acted_at": "2006-03-28", 
      "committee": "Committee on Transportation and Infrastructure, and in addition to the Committee on Resources, for a period to be subsequently determined by the Speaker, in each case for consideration of such provisions as fall within the jurisdiction of the committee concerned", 
      "references": [], 
      "status": "REFERRED", 
      "text": "Referred to the Committee on Transportation and Infrastructure, and in addition to the Committee on Resources, for a period to be subsequently determined by the Speaker, in each case for consideration of such provisions as fall within the jurisdiction of the committee concerned.", 
      "type": "referral"
    }, 
    {
      "acted_at": "2006-03-28", 
      "committee": "House Transportation and Infrastructure", 
      "references": [], 
      "text": "Referred to House Transportation and Infrastructure", 
      "type": "referral"
    }, 
    {
      "acted_at": "2006-03-28", 
      "committee": "House Resources", 
      "references": [], 
      "text": "Referred to House Resources", 
      "type": "referral"
    }, 
    {
      "acted_at": "2006-03-29", 
      "in_committee": "House Transportation and Infrastructure", 
      "references": [], 
      "subcommittee": "Coast Guard and Maritime Transportation", 
      "text": "Referred to the Subcommittee on Coast Guard and Maritime Transportation.", 
      "type": "referral"
    }, 
    {
      "acted_at": "2006-03-29", 
      "in_committee": "House Transportation and Infrastructure", 
      "references": [], 
      "subcommittee": "Water Resources and Environment", 
      "text": "Referred to the Subcommittee on Water Resources and Environment.", 
      "type": "referral"
    }, 
    {
      "acted_at": "2006-04-19", 
      "in_committee": "House Resources", 
      "references": [], 
      "subcommittee": "Fisheries and Oceans", 
      "text": "Referred to the Subcommittee on Fisheries and Oceans.", 
      "type": "referral"
    }, 
    {
      "acted_at": "2006-04-19", 
      "in_committee": "House Resources", 
      "references": [], 
      "text": "Executive Comment Requested from Commerce.", 
      "type": "action"
    }
  ], 
  "amendments": [], 
  "bill_id": "hr5030-109", 
  "bill_type": "hr", 
  "committees": [
    {
      "activity": [
        "referral", 
        "in committee"
      ], 
      "committee": "House Transportation and Infrastructure", 
      "committee_id": "HSPW"
    }, 
    {
      "activity": [
        "referral"
      ], 
      "committee": "House Transportation and Infrastructure", 
      "committee_id": "HSPW", 
      "subcommittee": "Subcommittee on Coast Guard and Maritime Transportation", 
      "subcommittee_id": "07"
    }, 
    {
      "activity": [
        "referral"
      ], 
      "committee": "House Transportation and Infrastructure", 
      "committee_id": "HSPW", 
      "subcommittee": "Subcommittee on Water Resources and Environment", 
      "subcommittee_id": "02"
    }, 
    {
      "activity": [
        "referral", 
        "in committee"
      ], 
      "committee": "House Resources", 
      "committee_id": "HSII"
    }, 
    {
      "activity": [
        "referral"
      ], 
      "committee": "House Resources", 
      "committee_id": "HSII", 
      "subcommittee": "Subcommittee on Fisheries Conservation, Wildlife, and Oceans", 
      "subcommittee_id": "15"
    }
  ], 
  "congress": "109", 
  "cosponsors": [], 
  "enacted_as": null, 
  "history": {
    "awaiting_signature": false, 
    "enacted": false, 
    "vetoed": false
  }, 
  "introduced_at": "2006-03-28", 
  "number": "5030", 
  "official_title": "To amend the Nonindigenous Aquatic Nuisance Prevention and Control Act of 1990 to establish vessel ballast water management requirements, and for other purposes.", 
  "popular_title": null, 
  "related_bills": [], 
  "short_title": "Prevention of Aquatic Invasive Species Act of 2006", 
  "sponsor": {
    "district": "10", 
    "name": "Miller, Candice S.", 
    "state": "MI", 
    "thomas_id": "01731", 
    "title": "Rep", 
    "type": "person"
  }, 
  "status": "REFERRED", 
  "status_at": "2006-03-28", 
  "subjects": [
    "Administrative fees", 
    "Administrative procedure", 
    "Administrative remedies", 
    "Algal blooms", 
    "Animals", 
    "Aquatic animals", 
    "Aquatic ecology", 
    "Aquatic pests", 
    "Aquatic plants", 
    "Armed forces and national security", 
    "Authorization", 
    "Biological diversity", 
    "Boats and boating", 
    "Boundaries", 
    "Business records", 
    "Canada", 
    "Coast guard", 
    "Coastal zone", 
    "Commerce", 
    "Conferences", 
    "Congress", 
    "Congressional reporting requirements", 
    "Cost effectiveness", 
    "Crime and law enforcement", 
    "Department of Defense", 
    "Department of Homeland Security", 
    "Ecological surveys", 
    "Economics and public finance", 
    "Emergency management", 
    "Environmental Protection Agency", 
    "Environmental assessment", 
    "Environmental education", 
    "Environmental health", 
    "Environmental law enforcement", 
    "Environmental monitoring", 
    "Environmental protection", 
    "Environmental research", 
    "Environmental technology", 
    "Executive reorganization", 
    "Exotic animals", 
    "Exotic plants", 
    "Federal aid to water pollution control", 
    "Federal preemption", 
    "Federal-Indian relations", 
    "Federal-local relations", 
    "Federal-state relations", 
    "Fines (Penalties)", 
    "Fishes", 
    "Foreign trade and international finance", 
    "Government operations and politics", 
    "Government paperwork", 
    "Government publicity", 
    "Governmental investigations", 
    "Great Lakes", 
    "Habitat conservation", 
    "Harbors", 
    "Health", 
    "Illinois", 
    "Import restrictions", 
    "Imports", 
    "Infrastructure", 
    "International affairs", 
    "International environmental cooperation", 
    "Judicial review", 
    "Latin America", 
    "Law", 
    "Licenses", 
    "Local laws", 
    "Marine and coastal resources, fisheries", 
    "Marine parks and reserves", 
    "Marine pollution", 
    "Mexico", 
    "Minorities", 
    "National parks", 
    "Native Americans", 
    "Negotiations", 
    "Non-native species", 
    "Pest control", 
    "Planning", 
    "Pollution measurement", 
    "Public lands and natural resources", 
    "Refuse and refuse disposal", 
    "Regional planning", 
    "Rivers", 
    "Science, technology, communications", 
    "Ships", 
    "Signs and signboards", 
    "Social welfare", 
    "Sports and recreation", 
    "Standards", 
    "State laws", 
    "Surveys", 
    "Technological innovations", 
    "Technology assessment", 
    "Transportation and public works", 
    "Treaties", 
    "Volunteer workers", 
    "Warships", 
    "Waste disposal in rivers, lakes, etc.", 
    "Waste disposal in the ocean", 
    "Waste disposal sites", 
    "Waste water treatment", 
    "Water resources development", 
    "Waterways", 
    "Weeds"
  ], 
  "subjects_top_term": "Environmental protection", 
  "summary": {
    "as": "Introduced", 
    "date": "2006-03-28", 
    "text": "Prevention of Aquatic Invasive Species Act of 2006 - Amends the Nonindigenous Aquatic Nuisance Prevention and Control Act of 1990 to revise certain aquatic invasive species prevention requirements to, among other things: (1) apply them to certain U.S. vessels and to certain foreign vessels (or a structure being towed by a vessel) that are en route to, or have departed from, a U.S. port; and (2) establish ballast water exchange and treatment and sediment management standards for vessels of the armed forces. Prohibits an operator of a vessel from uptaking or discharging ballast water or sediment, except in specified circumstances, from a U.S. vessel operating in U.S. or non-U.S. waters. Requires a vessel to conduct all its ballast water management operations in accordance with an aquatic invasive species plan designed to minimize the discharge of aquatic invasive species. Requires a vessel, before discharging ballast water into U.S. waters, to conduct ballast water treatment so that the discharged ballast water will contain no more than a specified level of living organisms or microbes. Prohibits an operator of a vessel, until the vessel conducts such treatment, from discharging ballast water except after certain ballast water exchange and ballast water treatment requirements are met. Sets forth civil penalties for violations of this Act. Urges the Secretary to negotiate with foreign countries to develop and implement an international program for preventing the unintentional introduction and spread of aquatic invasive species. Establishes a priority pathway management program that, among other things: (1) identifies pathways that pose the highest risk for the introduction of aquatic invasive species unless further managed; and (2) develops recommendations for management strategies for those high-risk pathways. Implements a national system of ecological surveys for rapid early detection and monitoring of aquatic invasive species."
  }, 
  "titles": [
    {
      "as": "introduced", 
      "title": "Prevention of Aquatic Invasive Species Act of 2006", 
      "type": "short"
    }, 
    {
      "as": "introduced", 
      "title": "To amend the Nonindigenous Aquatic Nuisance Prevention and Control Act of 1990 to establish vessel ballast water management requirements, and for other purposes.", 
      "type": "official"
    }
  ], 
  "updated_at": "2013-02-02T20:41:24-05:00"
}