{
  "actions": [
    {
      "acted_at": "2005-07-18", 
      "committee": "House Committee on Armed Services", 
      "references": [], 
      "status": "REFERRED", 
      "text": "Referred to the House Committee on Armed Services.", 
      "type": "referral"
    }, 
    {
      "acted_at": "2005-08-04", 
      "in_committee": "House Committee on Armed Services", 
      "references": [], 
      "subcommittee": "Military Personnel", 
      "text": "Referred to the Subcommittee on Military Personnel.", 
      "type": "referral"
    }
  ], 
  "amendments": [], 
  "bill_id": "hr3327-109", 
  "bill_type": "hr", 
  "committees": [
    {
      "activity": [
        "referral", 
        "in committee"
      ], 
      "committee": "House Armed Services", 
      "committee_id": "HSAS"
    }, 
    {
      "activity": [
        "referral"
      ], 
      "committee": "House Armed Services", 
      "committee_id": "HSAS", 
      "subcommittee": "Subcommittee on Military Personnel", 
      "subcommittee_id": "02"
    }
  ], 
  "congress": "109", 
  "cosponsors": [], 
  "enacted_as": null, 
  "history": {
    "awaiting_signature": false, 
    "enacted": false, 
    "vetoed": false
  }, 
  "introduced_at": "2005-07-18", 
  "number": "3327", 
  "official_title": "To amend title 10, United States Code, to allow certain beneficiaries covered by TRICARE for Life to be reimbursed for travel expenses for certain medical care.", 
  "popular_title": null, 
  "related_bills": [], 
  "short_title": null, 
  "sponsor": {
    "district": "5", 
    "name": "Spratt, John M., Jr.", 
    "state": "SC", 
    "thomas_id": "01092", 
    "title": "Rep", 
    "type": "person"
  }, 
  "status": "REFERRED", 
  "status_at": "2005-07-18", 
  "subjects": [
    "Armed forces and national security", 
    "Health", 
    "Military hospitals", 
    "Military medicine", 
    "Retired military personnel", 
    "Retiree health benefits", 
    "Transportation and public works", 
    "Travel costs", 
    "Veterans' medical care"
  ], 
  "subjects_top_term": "Armed forces and national security", 
  "summary": {
    "as": "Introduced", 
    "date": "2005-07-18", 
    "text": "Amends the Civilian Health and Medical Program of the Uniformed Services (CHAMPUS) to provide an eligible TRICARE for Life (a Department of Defense (DOD) managed health care program) beneficiary reimbursement for travel expenses to a military medical facility if: (1) the travel purpose is a follow-up appointment for medical treatment of a condition of such beneficiary; and (2) the initial appointment for treatment of the condition was at the same facility. Allows such reimbursement only: (1) for up to three follow-up appointments; and (2) if adequate treatment cannot be obtained within 100 miles of the residence of the beneficiary. Defines a TRICARE for Life beneficiary as a person who: (1) is eligible for medical care through DOD as a military spouse or dependent; (2) attained age 65 after an initial appointment for treatment at a military medical facility; and (3) resides more than 100 miles from the facility and was referred there by a specialty care provider."
  }, 
  "titles": [
    {
      "as": "introduced", 
      "title": "To amend title 10, United States Code, to allow certain beneficiaries covered by TRICARE for Life to be reimbursed for travel expenses for certain medical care.", 
      "type": "official"
    }
  ], 
  "updated_at": "2013-02-02T20:40:38-05:00"
}