{
  "actions": [
    {
      "acted_at": "2006-05-04", 
      "committee": "Committee on Ways and Means, and in addition to the Committee on Energy and Commerce, for a period to be subsequently determined by the Speaker, in each case for consideration of such provisions as fall within the jurisdiction of the committee concerned", 
      "references": [], 
      "status": "REFERRED", 
      "text": "Referred to the Committee on Ways and Means, and in addition to the Committee on Energy and Commerce, for a period to be subsequently determined by the Speaker, in each case for consideration of such provisions as fall within the jurisdiction of the committee concerned.", 
      "type": "referral"
    }, 
    {
      "acted_at": "2006-05-04", 
      "committee": "House Ways and Means", 
      "references": [], 
      "text": "Referred to House Ways and Means", 
      "type": "referral"
    }, 
    {
      "acted_at": "2006-05-04", 
      "committee": "House Energy and Commerce", 
      "references": [], 
      "text": "Referred to House Energy and Commerce", 
      "type": "referral"
    }, 
    {
      "acted_at": "2006-05-15", 
      "in_committee": "House Energy and Commerce", 
      "references": [], 
      "subcommittee": "Health, for a period to be subsequently determined by the Chairman ", 
      "text": "Referred to the Subcommittee on Health, for a period to be subsequently determined by the Chairman .", 
      "type": "referral"
    }
  ], 
  "amendments": [], 
  "bill_id": "hr5309-109", 
  "bill_type": "hr", 
  "committees": [
    {
      "activity": [
        "referral", 
        "in committee"
      ], 
      "committee": "House Ways and Means", 
      "committee_id": "HSWM"
    }, 
    {
      "activity": [
        "referral", 
        "in committee"
      ], 
      "committee": "House Energy and Commerce", 
      "committee_id": "HSIF"
    }, 
    {
      "activity": [
        "referral"
      ], 
      "committee": "House Energy and Commerce", 
      "committee_id": "HSIF", 
      "subcommittee": "Subcommittee on Health", 
      "subcommittee_id": "14"
    }
  ], 
  "congress": "109", 
  "cosponsors": [
    {
      "district": "4", 
      "name": "Camp, Dave", 
      "sponsored_at": "2006-05-19", 
      "state": "MI", 
      "thomas_id": "00166", 
      "title": "Rep", 
      "withdrawn_at": null
    }, 
    {
      "district": "2", 
      "name": "Chocola, Chris", 
      "sponsored_at": "2006-05-04", 
      "state": "IN", 
      "thomas_id": "01726", 
      "title": "Rep", 
      "withdrawn_at": null
    }, 
    {
      "district": "3", 
      "name": "English, Phil", 
      "sponsored_at": "2006-07-19", 
      "state": "PA", 
      "thomas_id": "00347", 
      "title": "Rep", 
      "withdrawn_at": null
    }, 
    {
      "district": "16", 
      "name": "Foley, Mark", 
      "sponsored_at": "2006-05-04", 
      "state": "FL", 
      "thomas_id": "00396", 
      "title": "Rep", 
      "withdrawn_at": null
    }, 
    {
      "district": "4", 
      "name": "Hart, Melissa A.", 
      "sponsored_at": "2006-05-04", 
      "state": "PA", 
      "thomas_id": "01666", 
      "title": "Rep", 
      "withdrawn_at": null
    }, 
    {
      "district": "5", 
      "name": "Hayworth, J. D.", 
      "sponsored_at": "2006-05-04", 
      "state": "AZ", 
      "thomas_id": "00520", 
      "title": "Rep", 
      "withdrawn_at": null
    }, 
    {
      "district": "2", 
      "name": "Neal, Richard E.", 
      "sponsored_at": "2006-07-19", 
      "state": "MA", 
      "thomas_id": "00854", 
      "title": "Rep", 
      "withdrawn_at": null
    }, 
    {
      "district": null, 
      "name": "Pomeroy, Earl", 
      "sponsored_at": "2006-09-29", 
      "state": "ND", 
      "thomas_id": "00922", 
      "title": "Rep", 
      "withdrawn_at": null
    }, 
    {
      "district": "3", 
      "name": "Ramstad, Jim", 
      "sponsored_at": "2006-05-19", 
      "state": "MN", 
      "thomas_id": "00942", 
      "title": "Rep", 
      "withdrawn_at": null
    }, 
    {
      "district": "26", 
      "name": "Reynolds, Thomas M.", 
      "sponsored_at": "2006-09-06", 
      "state": "NY", 
      "thomas_id": "01587", 
      "title": "Rep", 
      "withdrawn_at": null
    }, 
    {
      "district": "8", 
      "name": "Tanner, John S.", 
      "sponsored_at": "2006-05-04", 
      "state": "TN", 
      "thomas_id": "01137", 
      "title": "Rep", 
      "withdrawn_at": null
    }, 
    {
      "district": "11", 
      "name": "Weller, Jerry", 
      "sponsored_at": "2006-05-04", 
      "state": "IL", 
      "thomas_id": "01216", 
      "title": "Rep", 
      "withdrawn_at": null
    }
  ], 
  "enacted_as": null, 
  "history": {
    "awaiting_signature": false, 
    "enacted": false, 
    "vetoed": false
  }, 
  "introduced_at": "2006-05-04", 
  "number": "5309", 
  "official_title": "To amend section 1862 of the Social Security Act with respect to the application of Medicare secondary payer rules to workers' compensation settlement agreements and Medicare set-asides under such agreements.", 
  "popular_title": null, 
  "related_bills": [], 
  "short_title": "Medicare Secondary Payer and Workers' Compensation Settlement Agreements Act of 2006", 
  "sponsor": {
    "district": "22", 
    "name": "Shaw, E. Clay, Jr.", 
    "state": "FL", 
    "thomas_id": "01047", 
    "title": "Rep", 
    "type": "person"
  }, 
  "status": "REFERRED", 
  "status_at": "2006-05-04", 
  "subjects": [
    "Administrative procedure", 
    "Administrative remedies", 
    "Annuities", 
    "Collection of accounts", 
    "Commerce", 
    "Contracts", 
    "Department of Health and Human Services", 
    "Economics and public finance", 
    "Government operations and politics", 
    "Health", 
    "Indexing (Economic policy)", 
    "Judicial review", 
    "Labor and employment", 
    "Law", 
    "Liability (Law)", 
    "Medicare", 
    "Social welfare", 
    "Valuation", 
    "Workers' compensation"
  ], 
  "subjects_top_term": "Health", 
  "summary": {
    "as": "Introduced", 
    "date": "2006-05-04", 
    "text": "Medicare Secondary Payer and Workers' Compensation Settlement Agreements Act of 2006 - Amends title XVIII (Medicare) of the Social Security Act to: (1) create an exception to Medicare secondary payer requirements for certain workers' compensation settlement agreements; and (2) provide for the satisfaction of such requirements through use of qualified Medicare set-asides under workers' compensation settlement agreements."
  }, 
  "titles": [
    {
      "as": "introduced", 
      "title": "Medicare Secondary Payer and Workers' Compensation Settlement Agreements Act of 2006", 
      "type": "short"
    }, 
    {
      "as": "introduced", 
      "title": "To amend section 1862 of the Social Security Act with respect to the application of Medicare secondary payer rules to workers' compensation settlement agreements and Medicare set-asides under such agreements.", 
      "type": "official"
    }
  ], 
  "updated_at": "2013-02-02T20:41:33-05:00"
}