{
  "actions": [
    {
      "acted_at": "2005-07-28", 
      "committee": "House Committee on Transportation and Infrastructure", 
      "references": [], 
      "status": "REFERRED", 
      "text": "Referred to the House Committee on Transportation and Infrastructure.", 
      "type": "referral"
    }, 
    {
      "acted_at": "2005-07-29", 
      "in_committee": "House Committee on Transportation and Infrastructure", 
      "references": [], 
      "subcommittee": "Railroads", 
      "text": "Referred to the Subcommittee on Railroads.", 
      "type": "referral"
    }, 
    {
      "acted_at": "2006-05-04", 
      "references": [
        {
          "reference": "CR H2114", 
          "type": null
        }
      ], 
      "text": "Sponsor introductory remarks on measure.", 
      "type": "action"
    }
  ], 
  "amendments": [], 
  "bill_id": "hr3567-109", 
  "bill_type": "hr", 
  "committees": [
    {
      "activity": [
        "referral", 
        "in committee"
      ], 
      "committee": "House Transportation and Infrastructure", 
      "committee_id": "HSPW"
    }, 
    {
      "activity": [
        "referral"
      ], 
      "committee": "House Transportation and Infrastructure", 
      "committee_id": "HSPW", 
      "subcommittee": "Subcommittee on Railroads", 
      "subcommittee_id": "14"
    }
  ], 
  "congress": "109", 
  "cosponsors": [
    {
      "district": "8", 
      "name": "Pascrell, Bill, Jr.", 
      "sponsored_at": "2005-07-28", 
      "state": "NJ", 
      "thomas_id": "01510", 
      "title": "Rep", 
      "withdrawn_at": null
    }
  ], 
  "enacted_as": null, 
  "history": {
    "awaiting_signature": false, 
    "enacted": false, 
    "vetoed": false
  }, 
  "introduced_at": "2005-07-28", 
  "number": "3567", 
  "official_title": "To provide for certain tunnel life safety and rehabilitation projects for Amtrak.", 
  "popular_title": null, 
  "related_bills": [], 
  "short_title": "Northeast Corridor Rail Tunnel Safety Act", 
  "sponsor": {
    "district": "3", 
    "name": "King, Peter T.", 
    "state": "NY", 
    "thomas_id": "00635", 
    "title": "Rep", 
    "type": "person"
  }, 
  "status": "REFERRED", 
  "status_at": "2005-07-28", 
  "subjects": [
    "Authorization", 
    "Congress", 
    "Congressional reporting requirements", 
    "Department of Transportation", 
    "District of Columbia", 
    "Economics and public finance", 
    "Federal aid to transportation", 
    "Government corporations", 
    "Government operations and politics", 
    "Infrastructure", 
    "Inspectors general", 
    "Maryland", 
    "National Railroad Passenger Corporation (Amtrak)", 
    "New York City", 
    "Planning-programming-budgeting", 
    "Railroad engineering", 
    "Railroad passenger traffic", 
    "Railroad safety", 
    "Transportation and public works", 
    "Tunnels"
  ], 
  "subjects_top_term": "Transportation and public works", 
  "summary": {
    "as": "Introduced", 
    "date": "2005-07-28", 
    "text": "Northeast Corridor Rail Tunnel Safety Act - Authorizes appropriations to the Secretary of Transportation for Amtrak use, after the Secretary has received and approved a project engineering and financial plan, to complete New York tunnel life safety projects and to rehabilitate tunnels in Washington, D.C., and Baltimore, Maryland."
  }, 
  "titles": [
    {
      "as": "introduced", 
      "title": "Northeast Corridor Rail Tunnel Safety Act", 
      "type": "short"
    }, 
    {
      "as": "introduced", 
      "title": "To provide for certain tunnel life safety and rehabilitation projects for Amtrak.", 
      "type": "official"
    }
  ], 
  "updated_at": "2013-02-02T20:40:44-05:00"
}