{
  "actions": [
    {
      "acted_at": "2006-04-06", 
      "committee": "House Committee on Veterans' Affairs", 
      "references": [], 
      "status": "REFERRED", 
      "text": "Referred to the House Committee on Veterans' Affairs.", 
      "type": "referral"
    }, 
    {
      "acted_at": "2006-04-24", 
      "in_committee": "House Committee on Veterans' Affairs", 
      "references": [], 
      "subcommittee": "Disability Assistance and Memorial Affairs", 
      "text": "Referred to the Subcommittee on Disability Assistance and Memorial Affairs.", 
      "type": "referral"
    }
  ], 
  "amendments": [], 
  "bill_id": "hr5119-109", 
  "bill_type": "hr", 
  "committees": [
    {
      "activity": [
        "referral", 
        "in committee"
      ], 
      "committee": "House Veterans' Affairs", 
      "committee_id": "HSVR"
    }, 
    {
      "activity": [
        "referral"
      ], 
      "committee": "House Veterans' Affairs", 
      "committee_id": "HSVR", 
      "subcommittee": "Subcommittee on Disability Assistance and Memorial Affairs", 
      "subcommittee_id": "09"
    }
  ], 
  "congress": "109", 
  "cosponsors": [
    {
      "district": "28", 
      "name": "Berman, Howard L.", 
      "sponsored_at": "2006-04-06", 
      "state": "CA", 
      "thomas_id": "00082", 
      "title": "Rep", 
      "withdrawn_at": null
    }, 
    {
      "district": "3", 
      "name": "Brown, Corrine", 
      "sponsored_at": "2006-04-06", 
      "state": "FL", 
      "thomas_id": "00132", 
      "title": "Rep", 
      "withdrawn_at": null
    }, 
    {
      "district": "6", 
      "name": "Chandler, Ben", 
      "sponsored_at": "2006-04-06", 
      "state": "KY", 
      "thomas_id": "01759", 
      "title": "Rep", 
      "withdrawn_at": null
    }, 
    {
      "district": "17", 
      "name": "Evans, Lane", 
      "sponsored_at": "2006-04-06", 
      "state": "IL", 
      "thomas_id": "00361", 
      "title": "Rep", 
      "withdrawn_at": null
    }, 
    {
      "district": "51", 
      "name": "Filner, Bob", 
      "sponsored_at": "2006-04-06", 
      "state": "CA", 
      "thomas_id": "00381", 
      "title": "Rep", 
      "withdrawn_at": null
    }, 
    {
      "district": "4", 
      "name": "Gutierrez, Luis V.", 
      "sponsored_at": "2006-04-06", 
      "state": "IL", 
      "thomas_id": "00478", 
      "title": "Rep", 
      "withdrawn_at": null
    }, 
    {
      "district": "30", 
      "name": "Johnson, Eddie Bernice", 
      "sponsored_at": "2006-11-13", 
      "state": "TX", 
      "thomas_id": "00599", 
      "title": "Rep", 
      "withdrawn_at": null
    }, 
    {
      "district": "14", 
      "name": "Maloney, Carolyn B.", 
      "sponsored_at": "2006-04-06", 
      "state": "NY", 
      "thomas_id": "00729", 
      "title": "Rep", 
      "withdrawn_at": null
    }, 
    {
      "district": "7", 
      "name": "McIntyre, Mike", 
      "sponsored_at": "2006-04-25", 
      "state": "NC", 
      "thomas_id": "01505", 
      "title": "Rep", 
      "withdrawn_at": null
    }, 
    {
      "district": "2", 
      "name": "Michaud, Michael H.", 
      "sponsored_at": "2006-04-06", 
      "state": "ME", 
      "thomas_id": "01730", 
      "title": "Rep", 
      "withdrawn_at": null
    }, 
    {
      "district": "6", 
      "name": "Strickland, Ted", 
      "sponsored_at": "2006-04-06", 
      "state": "OH", 
      "thomas_id": "01118", 
      "title": "Rep", 
      "withdrawn_at": null
    }, 
    {
      "district": "1", 
      "name": "Stupak, Bart", 
      "sponsored_at": "2006-09-12", 
      "state": "MI", 
      "thomas_id": "01123", 
      "title": "Rep", 
      "withdrawn_at": null
    }
  ], 
  "enacted_as": null, 
  "history": {
    "awaiting_signature": false, 
    "enacted": false, 
    "vetoed": false
  }, 
  "introduced_at": "2006-04-06", 
  "number": "5119", 
  "official_title": "To amend title 38, United States Code, to improve the pension program of the Department of Veterans Affairs.", 
  "popular_title": null, 
  "related_bills": [], 
  "short_title": "Veterans' Pension Improvement Act of 2006", 
  "sponsor": {
    "district": "1", 
    "name": "Berkley, Shelley", 
    "state": "NV", 
    "thomas_id": "01576", 
    "title": "Rep", 
    "type": "person"
  }, 
  "status": "REFERRED", 
  "status_at": "2006-04-06", 
  "subjects": [
    "Armed forces and national security", 
    "Families", 
    "Labor and employment", 
    "Survivors' benefits", 
    "Veterans' pensions"
  ], 
  "subjects_top_term": "Armed forces and national security", 
  "summary": {
    "as": "Introduced", 
    "date": "2006-04-06", 
    "text": "Veterans' Pension Improvement Act of 2006 - Increases pension rates for: (1) veterans of a period of war for non-service-connected disability; and (2) surviving spouses and children of veterans."
  }, 
  "titles": [
    {
      "as": "introduced", 
      "title": "Veterans' Pension Improvement Act of 2006", 
      "type": "short"
    }, 
    {
      "as": "introduced", 
      "title": "To amend title 38, United States Code, to improve the pension program of the Department of Veterans Affairs.", 
      "type": "official"
    }
  ], 
  "updated_at": "2013-02-02T20:41:27-05:00"
}