{
  "actions": [
    {
      "acted_at": "2005-07-12", 
      "committee": "House Committee on Ways and Means", 
      "references": [], 
      "status": "REFERRED", 
      "text": "Referred to the House Committee on Ways and Means.", 
      "type": "referral"
    }, 
    {
      "acted_at": "2005-07-19", 
      "in_committee": "House Committee on Ways and Means", 
      "references": [], 
      "subcommittee": "Trade", 
      "text": "Referred to the Subcommittee on Trade.", 
      "type": "referral"
    }
  ], 
  "amendments": [], 
  "bill_id": "hr3228-109", 
  "bill_type": "hr", 
  "committees": [
    {
      "activity": [
        "referral", 
        "in committee"
      ], 
      "committee": "House Ways and Means", 
      "committee_id": "HSWM"
    }, 
    {
      "activity": [
        "referral"
      ], 
      "committee": "House Ways and Means", 
      "committee_id": "HSWM", 
      "subcommittee": "Subcommittee on Trade", 
      "subcommittee_id": "04"
    }
  ], 
  "congress": "109", 
  "cosponsors": [
    {
      "district": "3", 
      "name": "Ehlers, Vernon J.", 
      "sponsored_at": "2006-05-25", 
      "state": "MI", 
      "thomas_id": "00339", 
      "title": "Rep", 
      "withdrawn_at": null
    }
  ], 
  "enacted_as": null, 
  "history": {
    "awaiting_signature": false, 
    "enacted": false, 
    "vetoed": false
  }, 
  "introduced_at": "2005-07-12", 
  "number": "3228", 
  "official_title": "To extend the temporary suspension of duty on DEPCT.", 
  "popular_title": null, 
  "related_bills": [], 
  "short_title": null, 
  "sponsor": {
    "district": "4", 
    "name": "Buyer, Steve", 
    "state": "IN", 
    "thomas_id": "00160", 
    "title": "Rep", 
    "type": "person"
  }, 
  "status": "REFERRED", 
  "status_at": "2005-07-12", 
  "subjects": [
    "Chemicals", 
    "Foreign trade and international finance", 
    "Tariff"
  ], 
  "subjects_top_term": "Foreign trade and international finance", 
  "summary": {
    "as": "Introduced", 
    "date": "2005-07-12", 
    "text": "Amends the Harmonized Tariff Schedule of the United States to extend the suspension, through December 31, 2008, of the duty on O,O-Diethyl phosphorochlorodothioate (DEPCT)."
  }, 
  "titles": [
    {
      "as": "introduced", 
      "title": "To extend the temporary suspension of duty on DEPCT.", 
      "type": "official"
    }
  ], 
  "updated_at": "2013-02-02T20:40:36-05:00"
}