{
  "actions": [
    {
      "acted_at": "2006-03-02", 
      "committee": "Committee on Resources, and in addition to the Committee on Homeland Security, for a period to be subsequently determined by the Speaker, in each case for consideration of such provisions as fall within the jurisdiction of the committee concerned", 
      "references": [], 
      "status": "REFERRED", 
      "text": "Referred to the Committee on Resources, and in addition to the Committee on Homeland Security, for a period to be subsequently determined by the Speaker, in each case for consideration of such provisions as fall within the jurisdiction of the committee concerned.", 
      "type": "referral"
    }, 
    {
      "acted_at": "2006-03-02", 
      "committee": "House Resources", 
      "references": [], 
      "text": "Referred to House Resources", 
      "type": "referral"
    }, 
    {
      "acted_at": "2006-03-02", 
      "committee": "House Homeland Security", 
      "references": [], 
      "text": "Referred to House Homeland Security", 
      "type": "referral"
    }, 
    {
      "acted_at": "2006-03-09", 
      "in_committee": "House Resources", 
      "references": [], 
      "text": "Executive Comment Requested from Dept of Homeland Security.", 
      "type": "action"
    }
  ], 
  "amendments": [], 
  "bill_id": "hr4871-109", 
  "bill_type": "hr", 
  "committees": [
    {
      "activity": [
        "referral", 
        "in committee"
      ], 
      "committee": "House Resources", 
      "committee_id": "HSII"
    }, 
    {
      "activity": [
        "referral", 
        "in committee"
      ], 
      "committee": "House Homeland Security", 
      "committee_id": "HSHM"
    }
  ], 
  "congress": "109", 
  "cosponsors": [
    {
      "district": "4", 
      "name": "McKinney, Cynthia A.", 
      "sponsored_at": "2006-05-02", 
      "state": "GA", 
      "thomas_id": "00780", 
      "title": "Rep", 
      "withdrawn_at": null
    }
  ], 
  "enacted_as": null, 
  "history": {
    "awaiting_signature": false, 
    "enacted": false, 
    "vetoed": false
  }, 
  "introduced_at": "2006-03-02", 
  "number": "4871", 
  "official_title": "To ensure the coordination and integration of Indian tribes in the National Homeland Security strategy and to establish an Office of Tribal Government Homeland Security within the Department of Homeland Security, and for other purposes.", 
  "popular_title": null, 
  "related_bills": [], 
  "short_title": "Tribal Government Homeland Security Coordination and Integration Act", 
  "sponsor": {
    "district": "6", 
    "name": "Pallone, Frank, Jr.", 
    "state": "NJ", 
    "thomas_id": "00887", 
    "title": "Rep", 
    "type": "person"
  }, 
  "status": "REFERRED", 
  "status_at": "2006-03-02", 
  "subjects": [
    "Alaska", 
    "Armed forces and national security", 
    "Biological warfare", 
    "Border patrols", 
    "Boundaries", 
    "Canada", 
    "Chemical warfare", 
    "Congress", 
    "Congressional reporting requirements", 
    "Crime and law enforcement", 
    "Criminal justice information", 
    "Disaster relief", 
    "Disasters", 
    "Economics and public finance", 
    "Emergency communication systems", 
    "Emergency management", 
    "Employee training", 
    "Equipment and supplies", 
    "Executive reorganization", 
    "Federal aid to Indians", 
    "Federal-Indian relations", 
    "Fire fighters", 
    "Government operations and politics", 
    "Health", 
    "Immigration", 
    "Indian lands", 
    "Indian law enforcement", 
    "Indigenous peoples", 
    "Information technology", 
    "Infrastructure", 
    "Infrastructure (Economics)", 
    "International affairs", 
    "Labor and employment", 
    "Latin America", 
    "Medical personnel", 
    "Mexico", 
    "Minorities", 
    "Native Americans", 
    "Nuclear terrorism", 
    "Paramedical personnel", 
    "Police training", 
    "Risk", 
    "Science, technology, communications", 
    "Terrorism", 
    "Transportation and public works", 
    "Transportation safety", 
    "Weapons of mass destruction"
  ], 
  "subjects_top_term": "Crime and law enforcement", 
  "summary": {
    "as": "Introduced", 
    "date": "2006-03-02", 
    "text": "Tribal Government Homeland Security Coordination and Integration Act - Establishes the Office of Tribal Government Homeland Security (Office) within the Department of Homeland Security. Requires the Secretary of Homeland Security to appoint a Director to head the Office. Prescribes the Secretary's and the Director's duties of coordination, infrastructure and equipment readiness, training, and inclusion of Indian tribes in homeland security preparedness. Requires the Secretary to treat Indian tribes as states, as appropriate for the purpose of homeland security. Authorizes the Secretary to delegate to Indian tribes primary responsibility for homeland security activities within their respective jurisdictions. Requires the Secretary to integrate the roles of the Bureau of Indian Affairs and Indian Health Services with regard to homeland security. Requires the Secretary to provide assistance to enhance information technology capabilities of tribes and ensure the participation of Indian tribes in the coordination with federal, state, and local governments and the private sector as related to Homeland Security activities. Declares Indian tribes to be eligible to apply for, receive, direct, and supervise any homeland security-related federal grant program. Authorizes the Secretary to award grants to Indian tribes for specified homeland security purposes. Requires the Secretary to provide Indian tribes with: (1) technical assistance in developing, implementing, and managing emergency response plans; (2) Department of Homeland Security expertise and programs; (3) the cooperation of the heads of appropriate Federal agencies; and (4) any other activity the Secretary considers appropriate to provide homeland security technical assistance to Indian tribes."
  }, 
  "titles": [
    {
      "as": "introduced", 
      "title": "Tribal Government Homeland Security Coordination and Integration Act", 
      "type": "short"
    }, 
    {
      "as": "introduced", 
      "title": "To ensure the coordination and integration of Indian tribes in the National Homeland Security strategy and to establish an Office of Tribal Government Homeland Security within the Department of Homeland Security, and for other purposes.", 
      "type": "official"
    }
  ], 
  "updated_at": "2013-02-02T20:41:19-05:00"
}