{
  "actions": [
    {
      "acted_at": "2005-06-13", 
      "committee": "House Committee on Resources", 
      "references": [], 
      "status": "REFERRED", 
      "text": "Referred to the House Committee on Resources.", 
      "type": "referral"
    }, 
    {
      "acted_at": "2005-06-21", 
      "in_committee": "House Committee on Resources", 
      "references": [], 
      "subcommittee": "National Parks", 
      "text": "Referred to the Subcommittee on National Parks.", 
      "type": "referral"
    }
  ], 
  "amendments": [], 
  "bill_id": "hr2867-109", 
  "bill_type": "hr", 
  "committees": [
    {
      "activity": [
        "referral", 
        "in committee"
      ], 
      "committee": "House Resources", 
      "committee_id": "HSII"
    }, 
    {
      "activity": [
        "referral"
      ], 
      "committee": "House Resources", 
      "committee_id": "HSII", 
      "subcommittee": "Subcommittee on National Parks, Recreation, and Public Lands", 
      "subcommittee_id": "10"
    }
  ], 
  "congress": "109", 
  "cosponsors": [], 
  "enacted_as": null, 
  "history": {
    "awaiting_signature": false, 
    "enacted": false, 
    "vetoed": false
  }, 
  "introduced_at": "2005-06-13", 
  "number": "2867", 
  "official_title": "To establish the Steel Industry National Historic Site in the State of Pennsylvania.", 
  "popular_title": null, 
  "related_bills": [
    {
      "bill_id": "s613-109", 
      "reason": "identical"
    }
  ], 
  "short_title": "Steel Industry National Historic Site Act", 
  "sponsor": {
    "district": "14", 
    "name": "Doyle, Michael F.", 
    "state": "PA", 
    "thomas_id": "00316", 
    "title": "Rep", 
    "type": "person"
  }, 
  "status": "REFERRED", 
  "status_at": "2005-06-13", 
  "subjects": [
    "Arts, culture, religion", 
    "Bridges", 
    "Civil rights and liberties, minority issues", 
    "Commemorations", 
    "Commerce", 
    "Congress", 
    "Congressional reporting requirements", 
    "Cultural property", 
    "Government operations and politics", 
    "Historic sites", 
    "History", 
    "Industrial buildings", 
    "Iron and steel industry", 
    "Land transfers", 
    "Landowners", 
    "Landscape protection", 
    "Maps", 
    "National parks", 
    "Pennsylvania", 
    "Public lands and natural resources", 
    "Right of property", 
    "Transportation and public works"
  ], 
  "subjects_top_term": "Public lands and natural resources", 
  "summary": {
    "as": "Introduced", 
    "date": "2005-06-13", 
    "text": "Steel Industry National Historic Site Act - Establishes the Steel Industry National Historic Site in Pennsylvania as a unit of the National Park System.Authorizes the Secretary of the Interior to acquire by donation specified property for inclusion within such Site. Requires the Secretary to prepare and submit to specified congressional committees a general management plan for the Site."
  }, 
  "titles": [
    {
      "as": "introduced", 
      "title": "Steel Industry National Historic Site Act", 
      "type": "short"
    }, 
    {
      "as": "introduced", 
      "title": "To establish the Steel Industry National Historic Site in the State of Pennsylvania.", 
      "type": "official"
    }
  ], 
  "updated_at": "2013-02-02T20:40:25-05:00"
}