{
  "actions": [
    {
      "acted_at": "2005-10-07", 
      "references": [
        {
          "reference": "CR H8796, E2055", 
          "type": null
        }
      ], 
      "text": "Sponsor introductory remarks on measure.", 
      "type": "action"
    }, 
    {
      "acted_at": "2005-10-07", 
      "committee": "House Committee on Transportation and Infrastructure", 
      "references": [], 
      "status": "REFERRED", 
      "text": "Referred to the House Committee on Transportation and Infrastructure.", 
      "type": "referral"
    }, 
    {
      "acted_at": "2005-10-11", 
      "in_committee": "House Committee on Transportation and Infrastructure", 
      "references": [], 
      "subcommittee": "Economic Development, Public Buildings and Emergency Management", 
      "text": "Referred to the Subcommittee on Economic Development, Public Buildings and Emergency Management.", 
      "type": "referral"
    }
  ], 
  "amendments": [], 
  "bill_id": "hr4012-109", 
  "bill_type": "hr", 
  "committees": [
    {
      "activity": [
        "referral", 
        "in committee"
      ], 
      "committee": "House Transportation and Infrastructure", 
      "committee_id": "HSPW"
    }, 
    {
      "activity": [
        "referral"
      ], 
      "committee": "House Transportation and Infrastructure", 
      "committee_id": "HSPW", 
      "subcommittee": "Subcommittee on Economic Development, Public Buildings and Emergency Management", 
      "subcommittee_id": "13"
    }
  ], 
  "congress": "109", 
  "cosponsors": [
    {
      "district": "28", 
      "name": "Berman, Howard L.", 
      "sponsored_at": "2005-10-17", 
      "state": "CA", 
      "thomas_id": "00082", 
      "title": "Rep", 
      "withdrawn_at": null
    }, 
    {
      "district": "7", 
      "name": "Crowley, Joseph", 
      "sponsored_at": "2005-10-07", 
      "state": "NY", 
      "thomas_id": "01604", 
      "title": "Rep", 
      "withdrawn_at": null
    }, 
    {
      "district": "3", 
      "name": "DeLauro, Rosa L.", 
      "sponsored_at": "2005-10-07", 
      "state": "CT", 
      "thomas_id": "00281", 
      "title": "Rep", 
      "withdrawn_at": null
    }, 
    {
      "district": "7", 
      "name": "Grijalva, Raul M.", 
      "sponsored_at": "2005-10-07", 
      "state": "AZ", 
      "thomas_id": "01708", 
      "title": "Rep", 
      "withdrawn_at": null
    }, 
    {
      "district": "2", 
      "name": "Jefferson, William J.", 
      "sponsored_at": "2005-10-07", 
      "state": "LA", 
      "thomas_id": "00592", 
      "title": "Rep", 
      "withdrawn_at": null
    }, 
    {
      "district": "6", 
      "name": "Meeks, Gregory W.", 
      "sponsored_at": "2005-10-07", 
      "state": "NY", 
      "thomas_id": "01506", 
      "title": "Rep", 
      "withdrawn_at": null
    }, 
    {
      "district": "3", 
      "name": "Melancon, Charlie", 
      "sponsored_at": "2005-10-07", 
      "state": "LA", 
      "thomas_id": "01786", 
      "title": "Rep", 
      "withdrawn_at": null
    }, 
    {
      "district": "11", 
      "name": "Owens, Major R.", 
      "sponsored_at": "2005-10-17", 
      "state": "NY", 
      "thomas_id": "00883", 
      "title": "Rep", 
      "withdrawn_at": null
    }, 
    {
      "district": "16", 
      "name": "Serrano, Jose E.", 
      "sponsored_at": "2005-10-07", 
      "state": "NY", 
      "thomas_id": "01042", 
      "title": "Rep", 
      "withdrawn_at": null
    }, 
    {
      "district": "19", 
      "name": "Wexler, Robert", 
      "sponsored_at": "2005-10-17", 
      "state": "FL", 
      "thomas_id": "01537", 
      "title": "Rep", 
      "withdrawn_at": null
    }
  ], 
  "enacted_as": null, 
  "history": {
    "awaiting_signature": false, 
    "enacted": false, 
    "vetoed": false
  }, 
  "introduced_at": "2005-10-07", 
  "number": "4012", 
  "official_title": "To amend the Robert T. Stafford Disaster Relief and Emergency Assistance Act to modify the terms of the community disaster loan program, and for other purposes.", 
  "popular_title": null, 
  "related_bills": [], 
  "short_title": "Community Disaster Loan Equity Act of 2005", 
  "sponsor": {
    "district": "14", 
    "name": "Maloney, Carolyn B.", 
    "state": "NY", 
    "thomas_id": "00729", 
    "title": "Rep", 
    "type": "person"
  }, 
  "status": "REFERRED", 
  "status_at": "2005-10-07", 
  "subjects": [
    "Collection of accounts", 
    "Disaster loans", 
    "Disaster relief", 
    "Economics and public finance", 
    "Emergency management", 
    "Federal-local relations", 
    "Federal-state relations", 
    "Finance and financial sector", 
    "Government lending", 
    "Government operations and politics", 
    "Hurricane aftermath legislation", 
    "Income tax", 
    "Interest", 
    "Intergovernmental fiscal relations", 
    "Local finance", 
    "Local taxation", 
    "State finance", 
    "State taxation", 
    "Taxation"
  ], 
  "subjects_top_term": "Emergency management", 
  "summary": {
    "as": "Introduced", 
    "date": "2005-10-07", 
    "text": "Community Disaster Loan Equity Act of 2005 - Amends the Robert T. Stafford Disaster Relief and Emergency Assistance Act to authorize the President to make community disaster loans to state governments. Eliminates the $5 million limit on such a loan, and prohibits the President from requiring its repayment, if the state or local government receiving it may suffer a substantial loss of tax and other revenues as a result of a major disaster determined to be an incident of national significance. Applies this Act to any major disaster occurring on or after August 24, 2005."
  }, 
  "titles": [
    {
      "as": "introduced", 
      "title": "Community Disaster Loan Equity Act of 2005", 
      "type": "short"
    }, 
    {
      "as": "introduced", 
      "title": "To amend the Robert T. Stafford Disaster Relief and Emergency Assistance Act to modify the terms of the community disaster loan program, and for other purposes.", 
      "type": "official"
    }
  ], 
  "updated_at": "2013-02-02T20:40:56-05:00"
}