{
  "actions": [
    {
      "acted_at": "2006-05-09", 
      "committee": "House Committee on Transportation and Infrastructure", 
      "references": [], 
      "status": "REFERRED", 
      "text": "Referred to the House Committee on Transportation and Infrastructure.", 
      "type": "referral"
    }, 
    {
      "acted_at": "2006-05-10", 
      "in_committee": "House Committee on Transportation and Infrastructure", 
      "references": [], 
      "subcommittee": "Aviation", 
      "text": "Referred to the Subcommittee on Aviation.", 
      "type": "referral"
    }, 
    {
      "acted_at": "2006-05-10", 
      "in_committee": "House Committee on Transportation and Infrastructure", 
      "references": [], 
      "subcommittee": "Railroads", 
      "text": "Referred to the Subcommittee on Railroads.", 
      "type": "referral"
    }, 
    {
      "acted_at": "2006-05-10", 
      "references": [
        {
          "reference": "CR E767", 
          "type": null
        }
      ], 
      "text": "Sponsor introductory remarks on measure.", 
      "type": "action"
    }
  ], 
  "amendments": [], 
  "bill_id": "hr5330-109", 
  "bill_type": "hr", 
  "committees": [
    {
      "activity": [
        "referral", 
        "in committee"
      ], 
      "committee": "House Transportation and Infrastructure", 
      "committee_id": "HSPW"
    }, 
    {
      "activity": [
        "referral"
      ], 
      "committee": "House Transportation and Infrastructure", 
      "committee_id": "HSPW", 
      "subcommittee": "Subcommittee on Aviation", 
      "subcommittee_id": "05"
    }, 
    {
      "activity": [
        "referral"
      ], 
      "committee": "House Transportation and Infrastructure", 
      "committee_id": "HSPW", 
      "subcommittee": "Subcommittee on Railroads", 
      "subcommittee_id": "14"
    }
  ], 
  "congress": "109", 
  "cosponsors": [
    {
      "district": "43", 
      "name": "Baca, Joe", 
      "sponsored_at": "2006-06-06", 
      "state": "CA", 
      "thomas_id": "01614", 
      "title": "Rep", 
      "withdrawn_at": null
    }
  ], 
  "enacted_as": null, 
  "history": {
    "awaiting_signature": false, 
    "enacted": false, 
    "vetoed": false
  }, 
  "introduced_at": "2006-05-09", 
  "number": "5330", 
  "official_title": "To provide coverage under the Railway Labor Act to employees of certain air and surface transportation entities.", 
  "popular_title": null, 
  "related_bills": [
    {
      "bill_id": "s1083-109", 
      "reason": "identical"
    }, 
    {
      "bill_id": "s1083-109", 
      "reason": "related"
    }
  ], 
  "short_title": "Express Carrier Employee Protection Act", 
  "sponsor": {
    "district": "7", 
    "name": "Miller, George", 
    "state": "CA", 
    "thomas_id": "00808", 
    "title": "Rep", 
    "type": "person"
  }, 
  "status": "REFERRED", 
  "status_at": "2006-05-09", 
  "subjects": [
    "Air cargo", 
    "Airline employees", 
    "Collective bargaining", 
    "Employee rights", 
    "Express service", 
    "Industrial relations", 
    "Labor and employment", 
    "Transportation and public works"
  ], 
  "subjects_top_term": "Labor and employment", 
  "summary": {
    "as": "Introduced", 
    "date": "2006-05-09", 
    "text": "Express Carrier Employee Protection Act - Amends the Railway Labor Act to provide coverage under such Act to express carrier employees only if they are licensed airmen, licensed aircraft maintenance technicians, or licensed aircraft dispatchers, and only if they perform duties pursuant to the privileges of an appropriate license. Declares that all other express carrier employees shall be covered by the National Labor Relations Act. Defines express carriers as companies (including affiliates under common control or ownership) that have an integrated network of air and surface transportation for express shipment of packages."
  }, 
  "titles": [
    {
      "as": "introduced", 
      "title": "Express Carrier Employee Protection Act", 
      "type": "short"
    }, 
    {
      "as": "introduced", 
      "title": "To provide coverage under the Railway Labor Act to employees of certain air and surface transportation entities.", 
      "type": "official"
    }
  ], 
  "updated_at": "2013-02-02T20:41:33-05:00"
}