{
  "actions": [
    {
      "acted_at": "2006-09-29", 
      "committee": "House Committee on Ways and Means", 
      "references": [], 
      "status": "REFERRED", 
      "text": "Referred to the House Committee on Ways and Means.", 
      "type": "referral"
    }
  ], 
  "amendments": [], 
  "bill_id": "hr6274-109", 
  "bill_type": "hr", 
  "committees": [
    {
      "activity": [
        "referral", 
        "in committee"
      ], 
      "committee": "House Ways and Means", 
      "committee_id": "HSWM"
    }
  ], 
  "congress": "109", 
  "cosponsors": [
    {
      "district": "8", 
      "name": "Brady, Kevin", 
      "sponsored_at": "2006-09-29", 
      "state": "TX", 
      "thomas_id": "01468", 
      "title": "Rep", 
      "withdrawn_at": null
    }, 
    {
      "district": "3", 
      "name": "Johnson, Sam", 
      "sponsored_at": "2006-09-29", 
      "state": "TX", 
      "thomas_id": "00603", 
      "title": "Rep", 
      "withdrawn_at": null
    }
  ], 
  "enacted_as": null, 
  "history": {
    "awaiting_signature": false, 
    "enacted": false, 
    "vetoed": false
  }, 
  "introduced_at": "2006-09-29", 
  "number": "6274", 
  "official_title": "To amend the Federal Unemployment Tax Act to provide for the establishment of a demonstration project program to permit States to more properly and efficiently administer the State's unemployment compensation law, and for other purposes.", 
  "popular_title": null, 
  "related_bills": [], 
  "short_title": "Unemployment Tax Equity Act of 2006", 
  "sponsor": {
    "district": "2", 
    "name": "Chocola, Chris", 
    "state": "IN", 
    "thomas_id": "01726", 
    "title": "Rep", 
    "type": "person"
  }, 
  "status": "REFERRED", 
  "status_at": "2006-09-29", 
  "subjects": [
    "Federal-state relations", 
    "Government operations and politics", 
    "Labor and employment", 
    "Unemployment insurance"
  ], 
  "subjects_top_term": "Labor and employment", 
  "summary": {
    "as": "Introduced", 
    "date": "2006-09-29", 
    "text": "Unemployment Tax Equity Act of 2006 - Amends the Internal Revenue Code to direct the Secretary of Labor to enter into agreements with no more than five states for the establishment of demonstration programs to permit such states to assume primary responsibility for the administration of their unemployment compensation laws."
  }, 
  "titles": [
    {
      "as": "introduced", 
      "title": "Unemployment Tax Equity Act of 2006", 
      "type": "short"
    }, 
    {
      "as": "introduced", 
      "title": "To amend the Federal Unemployment Tax Act to provide for the establishment of a demonstration project program to permit States to more properly and efficiently administer the State's unemployment compensation law, and for other purposes.", 
      "type": "official"
    }
  ], 
  "updated_at": "2013-02-02T20:41:59-05:00"
}