{
  "actions": [
    {
      "acted_at": "2005-09-22", 
      "references": [
        {
          "reference": "CR E1943", 
          "type": null
        }
      ], 
      "text": "Sponsor introductory remarks on measure.", 
      "type": "action"
    }, 
    {
      "acted_at": "2005-09-22", 
      "committee": "House Committee on Transportation and Infrastructure", 
      "references": [], 
      "status": "REFERRED", 
      "text": "Referred to the House Committee on Transportation and Infrastructure.", 
      "type": "referral"
    }, 
    {
      "acted_at": "2005-09-23", 
      "in_committee": "House Committee on Transportation and Infrastructure", 
      "references": [], 
      "subcommittee": "Economic Development, Public Buildings and Emergency Management", 
      "text": "Referred to the Subcommittee on Economic Development, Public Buildings and Emergency Management.", 
      "type": "referral"
    }, 
    {
      "acted_at": "2006-04-05", 
      "in_committee": "House Committee on Transportation and Infrastructure", 
      "references": [], 
      "text": "Committee Consideration and Mark-up Session Held.", 
      "type": "action"
    }, 
    {
      "acted_at": "2006-04-05", 
      "in_committee": "House Committee on Transportation and Infrastructure", 
      "references": [], 
      "status": "REPORTED", 
      "text": "Ordered to be Reported by Voice Vote.", 
      "type": "calendar"
    }, 
    {
      "acted_at": "2006-04-05", 
      "in_committee": "House Committee on Transportation and Infrastructure", 
      "references": [], 
      "text": "Subcommittee on Economic Development, Public Buildings and Emergency Management Discharged.", 
      "type": "action"
    }, 
    {
      "acted_at": "2006-05-22T15:21:00-04:00", 
      "references": [], 
      "text": "Mr. Shuster moved to suspend the rules and pass the bill.", 
      "type": "action"
    }, 
    {
      "acted_at": "2006-05-22T15:22:00-04:00", 
      "references": [
        {
          "reference": "CR H2985-2987", 
          "type": "consideration"
        }
      ], 
      "text": "Considered under suspension of the rules.", 
      "type": "action"
    }, 
    {
      "acted_at": "2006-05-22T15:22:00-04:00", 
      "references": [], 
      "text": "DEBATE - The House proceeded with forty minutes of debate on H.R. 3858.", 
      "type": "action"
    }, 
    {
      "acted_at": "2006-05-22T15:41:00-04:00", 
      "references": [], 
      "text": "At the conclusion of debate, the Yeas and Nays were demanded and ordered. Pursuant to the provisions of clause 8, rule XX, the Chair announced that further proceedings on the motion would be postponed.", 
      "type": "action"
    }, 
    {
      "acted_at": "2006-05-22T19:00:00-04:00", 
      "references": [
        {
          "reference": "CR H2988-2989", 
          "type": "consideration"
        }
      ], 
      "text": "Considered as unfinished business.", 
      "type": "action"
    }, 
    {
      "acted_at": "2006-05-22T19:07:00-04:00", 
      "how": "roll", 
      "references": [
        {
          "reference": "CR H2985", 
          "type": "text"
        }
      ], 
      "result": "pass", 
      "roll": "178", 
      "status": "PASS_OVER:HOUSE", 
      "suspension": true, 
      "text": "On motion to suspend the rules and pass the bill Agreed to by the Yeas and Nays: (2/3 required): 349 - 24 (Roll no. 178).", 
      "type": "vote", 
      "vote_type": "vote", 
      "where": "h"
    }, 
    {
      "acted_at": "2006-05-22T19:07:00-04:00", 
      "references": [], 
      "text": "Motion to reconsider laid on the table Agreed to without objection.", 
      "type": "action"
    }, 
    {
      "acted_at": "2006-05-23", 
      "committee": "Committee on Homeland Security and Governmental Affairs", 
      "references": [], 
      "text": "Received in the Senate and Read twice and referred to the Committee on Homeland Security and Governmental Affairs.", 
      "type": "referral"
    }, 
    {
      "acted_at": "2006-07-27", 
      "in_committee": "Committee on Homeland Security and Governmental Affairs", 
      "references": [], 
      "text": "Committee on Homeland Security and Governmental Affairs. Ordered to be reported without amendment favorably.", 
      "type": "calendar"
    }, 
    {
      "acted_at": "2006-08-03", 
      "references": [], 
      "text": "Senate Committee on Homeland Security and Governmental Affairs discharged by Unanimous Consent.", 
      "type": "action"
    }, 
    {
      "acted_at": "2006-08-03", 
      "references": [
        {
          "reference": "CR S8884", 
          "type": "consideration"
        }
      ], 
      "text": "Measure laid before Senate by unanimous consent.", 
      "type": "action"
    }, 
    {
      "acted_at": "2006-08-04", 
      "how": "by Unanimous Consent", 
      "references": [
        {
          "reference": "CR S8884", 
          "type": "text"
        }
      ], 
      "result": "pass", 
      "status": "PASS_BACK:SENATE", 
      "text": "Passed Senate with an amendment by Unanimous Consent.", 
      "type": "vote", 
      "vote_type": "vote2", 
      "where": "s"
    }, 
    {
      "acted_at": "2006-08-04", 
      "references": [], 
      "text": "Message on Senate action sent to the House.", 
      "type": "action"
    }, 
    {
      "acted_at": "2006-09-20T17:50:00-04:00", 
      "references": [], 
      "text": "Mr. Shuster moved that the House suspend the rules and agree to the Senate amendment.", 
      "type": "action"
    }, 
    {
      "acted_at": "2006-09-20T17:51:00-04:00", 
      "references": [], 
      "text": "DEBATE - The House proceeded with forty minutes of debate on the motion to suspend the rules and agree to the Senate amendment to H.R. 3858.", 
      "type": "action"
    }, 
    {
      "acted_at": "2006-09-20T18:10:00-04:00", 
      "how": "by voice vote", 
      "references": [
        {
          "reference": "CR H6806-6808", 
          "type": "consideration"
        }, 
        {
          "reference": "CR H6806", 
          "type": "text as House agreed to Senate amendment"
        }
      ], 
      "result": "pass", 
      "status": "PASSED:BILL", 
      "suspension": null, 
      "text": "On motion that the House suspend the rules and agree to the Senate amendment Agreed to by voice vote.", 
      "type": "vote", 
      "vote_type": "pingpong", 
      "where": "h"
    }, 
    {
      "acted_at": "2006-09-20T18:10:00-04:00", 
      "references": [], 
      "text": "Motion to reconsider laid on the table Agreed to without objection.", 
      "type": "action"
    }, 
    {
      "acted_at": "2006-09-20", 
      "references": [], 
      "text": "Cleared for White House.", 
      "type": "topresident"
    }, 
    {
      "acted_at": "2006-09-27", 
      "references": [], 
      "text": "Presented to President.", 
      "type": "topresident"
    }, 
    {
      "acted_at": "2006-10-06", 
      "references": [], 
      "text": "Signed by President.", 
      "type": "signed"
    }, 
    {
      "acted_at": "2006-10-06", 
      "congress": "109", 
      "law": "public", 
      "number": "308", 
      "references": [], 
      "status": "ENACTED:SIGNED", 
      "text": "Became Public Law No: 109-308.", 
      "type": "enacted"
    }
  ], 
  "amendments": [
    {
      "amendment_id": "s4881-109", 
      "amendment_type": "s", 
      "chamber": "s", 
      "number": "4881"
    }
  ], 
  "bill_id": "hr3858-109", 
  "bill_type": "hr", 
  "committees": [
    {
      "activity": [
        "referral", 
        "markup"
      ], 
      "committee": "House Transportation and Infrastructure", 
      "committee_id": "HSPW"
    }, 
    {
      "activity": [
        "referral", 
        "discharged"
      ], 
      "committee": "House Transportation and Infrastructure", 
      "committee_id": "HSPW", 
      "subcommittee": "Subcommittee on Economic Development, Public Buildings and Emergency Management", 
      "subcommittee_id": "13"
    }, 
    {
      "activity": [
        "referral", 
        "markup", 
        "discharged"
      ], 
      "committee": "Senate Homeland Security and Governmental Affairs", 
      "committee_id": "SSGA"
    }
  ], 
  "congress": "109", 
  "cosponsors": [
    {
      "district": "1", 
      "name": "Abercrombie, Neil", 
      "sponsored_at": "2005-09-29", 
      "state": "HI", 
      "thomas_id": "00002", 
      "title": "Rep", 
      "withdrawn_at": null
    }, 
    {
      "district": "5", 
      "name": "Ackerman, Gary L.", 
      "sponsored_at": "2006-02-15", 
      "state": "NY", 
      "thomas_id": "00004", 
      "title": "Rep", 
      "withdrawn_at": null
    }, 
    {
      "district": "1", 
      "name": "Andrews, Robert E.", 
      "sponsored_at": "2005-11-02", 
      "state": "NJ", 
      "thomas_id": "00021", 
      "title": "Rep", 
      "withdrawn_at": null
    }, 
    {
      "district": "6", 
      "name": "Bartlett, Roscoe G.", 
      "sponsored_at": "2006-03-30", 
      "state": "MD", 
      "thomas_id": "00060", 
      "title": "Rep", 
      "withdrawn_at": null
    }, 
    {
      "district": "1", 
      "name": "Berkley, Shelley", 
      "sponsored_at": "2005-10-07", 
      "state": "NV", 
      "thomas_id": "01576", 
      "title": "Rep", 
      "withdrawn_at": null
    }, 
    {
      "district": "1", 
      "name": "Bishop, Timothy H.", 
      "sponsored_at": "2005-10-28", 
      "state": "NY", 
      "thomas_id": "01740", 
      "title": "Rep", 
      "withdrawn_at": null
    }, 
    {
      "district": "3", 
      "name": "Blumenauer, Earl", 
      "sponsored_at": "2005-10-03", 
      "state": "OR", 
      "thomas_id": "00099", 
      "title": "Rep", 
      "withdrawn_at": null
    }, 
    {
      "district": "1", 
      "name": "Bonner, Jo", 
      "sponsored_at": "2006-05-02", 
      "state": "AL", 
      "thomas_id": "01703", 
      "title": "Rep", 
      "withdrawn_at": null
    }, 
    {
      "district": "23", 
      "name": "Capps, Lois", 
      "sponsored_at": "2005-10-03", 
      "state": "CA", 
      "thomas_id": "01471", 
      "title": "Rep", 
      "withdrawn_at": null
    }, 
    {
      "district": "2", 
      "name": "Case, Ed", 
      "sponsored_at": "2005-10-07", 
      "state": "HI", 
      "thomas_id": "01693", 
      "title": "Rep", 
      "withdrawn_at": null
    }, 
    {
      "district": null, 
      "name": "Christensen, Donna M.", 
      "sponsored_at": "2006-01-31", 
      "state": "VI", 
      "thomas_id": "01474", 
      "title": "Rep", 
      "withdrawn_at": null
    }, 
    {
      "district": "1", 
      "name": "Clay, Wm. Lacy", 
      "sponsored_at": "2006-05-18", 
      "state": "MO", 
      "thomas_id": "01654", 
      "title": "Rep", 
      "withdrawn_at": null
    }, 
    {
      "district": "5", 
      "name": "Cleaver, Emanuel", 
      "sponsored_at": "2005-10-03", 
      "state": "MO", 
      "thomas_id": "01790", 
      "title": "Rep", 
      "withdrawn_at": null
    }, 
    {
      "district": "1", 
      "name": "Davis, Jo Ann", 
      "sponsored_at": "2005-10-25", 
      "state": "VA", 
      "thomas_id": "01672", 
      "title": "Rep", 
      "withdrawn_at": null
    }, 
    {
      "district": "53", 
      "name": "Davis, Susan A.", 
      "sponsored_at": "2005-09-29", 
      "state": "CA", 
      "thomas_id": "01641", 
      "title": "Rep", 
      "withdrawn_at": null
    }, 
    {
      "district": "10", 
      "name": "Deal, Nathan", 
      "sponsored_at": "2005-11-10", 
      "state": "GA", 
      "thomas_id": "00277", 
      "title": "Rep", 
      "withdrawn_at": null
    }, 
    {
      "district": "4", 
      "name": "DeFazio, Peter A.", 
      "sponsored_at": "2005-12-16", 
      "state": "OR", 
      "thomas_id": "00279", 
      "title": "Rep", 
      "withdrawn_at": null
    }, 
    {
      "district": "1", 
      "name": "DeGette, Diana", 
      "sponsored_at": "2006-05-17", 
      "state": "CO", 
      "thomas_id": "01479", 
      "title": "Rep", 
      "withdrawn_at": null
    }, 
    {
      "district": "10", 
      "name": "Delahunt, William D.", 
      "sponsored_at": "2006-05-02", 
      "state": "MA", 
      "thomas_id": "01480", 
      "title": "Rep", 
      "withdrawn_at": null
    }, 
    {
      "district": "3", 
      "name": "DeLauro, Rosa L.", 
      "sponsored_at": "2005-09-29", 
      "state": "CT", 
      "thomas_id": "00281", 
      "title": "Rep", 
      "withdrawn_at": null
    }, 
    {
      "district": "15", 
      "name": "Dent, Charles W.", 
      "sponsored_at": "2006-03-09", 
      "state": "PA", 
      "thomas_id": "01799", 
      "title": "Rep", 
      "withdrawn_at": null
    }, 
    {
      "district": "25", 
      "name": "Diaz-Balart, Mario", 
      "sponsored_at": "2006-04-25", 
      "state": "FL", 
      "thomas_id": "01717", 
      "title": "Rep", 
      "withdrawn_at": null
    }, 
    {
      "district": "6", 
      "name": "Dicks, Norman D.", 
      "sponsored_at": "2006-04-25", 
      "state": "WA", 
      "thomas_id": "00297", 
      "title": "Rep", 
      "withdrawn_at": null
    }, 
    {
      "district": "14", 
      "name": "Doyle, Michael F.", 
      "sponsored_at": "2006-05-09", 
      "state": "PA", 
      "thomas_id": "00316", 
      "title": "Rep", 
      "withdrawn_at": null
    }, 
    {
      "district": "17", 
      "name": "Engel, Eliot L.", 
      "sponsored_at": "2005-10-03", 
      "state": "NY", 
      "thomas_id": "00344", 
      "title": "Rep", 
      "withdrawn_at": null
    }, 
    {
      "district": "17", 
      "name": "Evans, Lane", 
      "sponsored_at": "2005-10-19", 
      "state": "IL", 
      "thomas_id": "00361", 
      "title": "Rep", 
      "withdrawn_at": null
    }, 
    {
      "district": "17", 
      "name": "Farr, Sam", 
      "sponsored_at": "2005-10-07", 
      "state": "CA", 
      "thomas_id": "00368", 
      "title": "Rep", 
      "withdrawn_at": null
    }, 
    {
      "district": "7", 
      "name": "Ferguson, Mike", 
      "sponsored_at": "2006-04-25", 
      "state": "NJ", 
      "thomas_id": "01659", 
      "title": "Rep", 
      "withdrawn_at": null
    }, 
    {
      "district": "51", 
      "name": "Filner, Bob", 
      "sponsored_at": "2005-10-07", 
      "state": "CA", 
      "thomas_id": "00381", 
      "title": "Rep", 
      "withdrawn_at": null
    }, 
    {
      "district": "16", 
      "name": "Foley, Mark", 
      "sponsored_at": "2005-11-10", 
      "state": "FL", 
      "thomas_id": "00396", 
      "title": "Rep", 
      "withdrawn_at": null
    }, 
    {
      "district": null, 
      "name": "Fortuno, Luis G.", 
      "sponsored_at": "2006-01-31", 
      "state": "PR", 
      "thomas_id": "01800", 
      "title": "Rep", 
      "withdrawn_at": null
    }, 
    {
      "district": "4", 
      "name": "Frank, Barney", 
      "sponsored_at": "2005-09-22", 
      "state": "MA", 
      "thomas_id": "00407", 
      "title": "Rep", 
      "withdrawn_at": null
    }, 
    {
      "district": "24", 
      "name": "Gallegly, Elton", 
      "sponsored_at": "2006-05-17", 
      "state": "CA", 
      "thomas_id": "00425", 
      "title": "Rep", 
      "withdrawn_at": null
    }, 
    {
      "district": "1", 
      "name": "Gilchrest, Wayne T.", 
      "sponsored_at": "2006-02-15", 
      "state": "MD", 
      "thomas_id": "00438", 
      "title": "Rep", 
      "withdrawn_at": null
    }, 
    {
      "district": "5", 
      "name": "Goode, Virgil H., Jr.", 
      "sponsored_at": "2005-10-03", 
      "state": "VA", 
      "thomas_id": "01486", 
      "title": "Rep", 
      "withdrawn_at": null
    }, 
    {
      "district": "6", 
      "name": "Gordon, Bart", 
      "sponsored_at": "2005-10-03", 
      "state": "TN", 
      "thomas_id": "00448", 
      "title": "Rep", 
      "withdrawn_at": null
    }, 
    {
      "district": "7", 
      "name": "Grijalva, Raul M.", 
      "sponsored_at": "2005-10-28", 
      "state": "AZ", 
      "thomas_id": "01708", 
      "title": "Rep", 
      "withdrawn_at": null
    }, 
    {
      "district": "23", 
      "name": "Hastings, Alcee L.", 
      "sponsored_at": "2005-11-10", 
      "state": "FL", 
      "thomas_id": "00511", 
      "title": "Rep", 
      "withdrawn_at": null
    }, 
    {
      "district": "22", 
      "name": "Hinchey, Maurice D.", 
      "sponsored_at": "2005-10-07", 
      "state": "NY", 
      "thomas_id": "00541", 
      "title": "Rep", 
      "withdrawn_at": null
    }, 
    {
      "district": "12", 
      "name": "Holt, Rush D.", 
      "sponsored_at": "2005-09-29", 
      "state": "NJ", 
      "thomas_id": "01580", 
      "title": "Rep", 
      "withdrawn_at": null
    }, 
    {
      "district": "1", 
      "name": "Inslee, Jay", 
      "sponsored_at": "2005-10-07", 
      "state": "WA", 
      "thomas_id": "00584", 
      "title": "Rep", 
      "withdrawn_at": null
    }, 
    {
      "district": "30", 
      "name": "Johnson, Eddie Bernice", 
      "sponsored_at": "2005-10-19", 
      "state": "TX", 
      "thomas_id": "00599", 
      "title": "Rep", 
      "withdrawn_at": null
    }, 
    {
      "district": "9", 
      "name": "Kaptur, Marcy", 
      "sponsored_at": "2005-10-03", 
      "state": "OH", 
      "thomas_id": "00616", 
      "title": "Rep", 
      "withdrawn_at": null
    }, 
    {
      "district": "19", 
      "name": "Kelly, Sue W.", 
      "sponsored_at": "2006-04-25", 
      "state": "NY", 
      "thomas_id": "00624", 
      "title": "Rep", 
      "withdrawn_at": null
    }, 
    {
      "district": "1", 
      "name": "Kennedy, Patrick J.", 
      "sponsored_at": "2006-02-08", 
      "state": "RI", 
      "thomas_id": "00627", 
      "title": "Rep", 
      "withdrawn_at": null
    }, 
    {
      "district": "5", 
      "name": "Kildee, Dale E.", 
      "sponsored_at": "2005-10-03", 
      "state": "MI", 
      "thomas_id": "00631", 
      "title": "Rep", 
      "withdrawn_at": null
    }, 
    {
      "district": "13", 
      "name": "Kilpatrick, Carolyn C.", 
      "sponsored_at": "2005-09-29", 
      "state": "MI", 
      "thomas_id": "01497", 
      "title": "Rep", 
      "withdrawn_at": null
    }, 
    {
      "district": "3", 
      "name": "King, Peter T.", 
      "sponsored_at": "2005-10-28", 
      "state": "NY", 
      "thomas_id": "00635", 
      "title": "Rep", 
      "withdrawn_at": null
    }, 
    {
      "district": "2", 
      "name": "Kline, John", 
      "sponsored_at": "2005-10-07", 
      "state": "MN", 
      "thomas_id": "01733", 
      "title": "Rep", 
      "withdrawn_at": null
    }, 
    {
      "district": "10", 
      "name": "Kucinich, Dennis J.", 
      "sponsored_at": "2006-05-02", 
      "state": "OH", 
      "thomas_id": "01499", 
      "title": "Rep", 
      "withdrawn_at": null
    }, 
    {
      "district": "9", 
      "name": "Lee, Barbara", 
      "sponsored_at": "2005-10-07", 
      "state": "CA", 
      "thomas_id": "01501", 
      "title": "Rep", 
      "withdrawn_at": null
    }, 
    {
      "district": "5", 
      "name": "Lewis, John", 
      "sponsored_at": "2005-10-19", 
      "state": "GA", 
      "thomas_id": "00688", 
      "title": "Rep", 
      "withdrawn_at": null
    }, 
    {
      "district": "18", 
      "name": "Lowey, Nita M.", 
      "sponsored_at": "2005-10-19", 
      "state": "NY", 
      "thomas_id": "00709", 
      "title": "Rep", 
      "withdrawn_at": null
    }, 
    {
      "district": "9", 
      "name": "Lynch, Stephen F.", 
      "sponsored_at": "2005-09-29", 
      "state": "MA", 
      "thomas_id": "01686", 
      "title": "Rep", 
      "withdrawn_at": null
    }, 
    {
      "district": "14", 
      "name": "Maloney, Carolyn B.", 
      "sponsored_at": "2005-12-06", 
      "state": "NY", 
      "thomas_id": "00729", 
      "title": "Rep", 
      "withdrawn_at": null
    }, 
    {
      "district": "7", 
      "name": "Markey, Edward J.", 
      "sponsored_at": "2005-12-06", 
      "state": "MA", 
      "thomas_id": "00735", 
      "title": "Rep", 
      "withdrawn_at": null
    }, 
    {
      "district": "2", 
      "name": "Matheson, Jim", 
      "sponsored_at": "2005-09-29", 
      "state": "UT", 
      "thomas_id": "01671", 
      "title": "Rep", 
      "withdrawn_at": null
    }, 
    {
      "district": "4", 
      "name": "McCollum, Betty", 
      "sponsored_at": "2005-10-25", 
      "state": "MN", 
      "thomas_id": "01653", 
      "title": "Rep", 
      "withdrawn_at": null
    }, 
    {
      "district": "7", 
      "name": "McIntyre, Mike", 
      "sponsored_at": "2005-10-25", 
      "state": "NC", 
      "thomas_id": "01505", 
      "title": "Rep", 
      "withdrawn_at": null
    }, 
    {
      "district": "21", 
      "name": "McNulty, Michael R.", 
      "sponsored_at": "2005-10-07", 
      "state": "NY", 
      "thomas_id": "00785", 
      "title": "Rep", 
      "withdrawn_at": null
    }, 
    {
      "district": "13", 
      "name": "Menendez, Robert", 
      "sponsored_at": "2005-11-02", 
      "state": "NJ", 
      "thomas_id": "00791", 
      "title": "Rep", 
      "withdrawn_at": null
    }, 
    {
      "district": "7", 
      "name": "Miller, George", 
      "sponsored_at": "2005-09-29", 
      "state": "CA", 
      "thomas_id": "00808", 
      "title": "Rep", 
      "withdrawn_at": null
    }, 
    {
      "district": "8", 
      "name": "Moran, James P.", 
      "sponsored_at": "2005-09-29", 
      "state": "VA", 
      "thomas_id": "00832", 
      "title": "Rep", 
      "withdrawn_at": null
    }, 
    {
      "district": "8", 
      "name": "Nadler, Jerrold", 
      "sponsored_at": "2005-10-07", 
      "state": "NY", 
      "thomas_id": "00850", 
      "title": "Rep", 
      "withdrawn_at": null
    }, 
    {
      "district": "38", 
      "name": "Napolitano, Grace F.", 
      "sponsored_at": "2005-11-02", 
      "state": "CA", 
      "thomas_id": "01602", 
      "title": "Rep", 
      "withdrawn_at": null
    }, 
    {
      "district": "2", 
      "name": "Neal, Richard E.", 
      "sponsored_at": "2005-12-06", 
      "state": "MA", 
      "thomas_id": "00854", 
      "title": "Rep", 
      "withdrawn_at": null
    }, 
    {
      "district": null, 
      "name": "Norton, Eleanor Holmes", 
      "sponsored_at": "2005-12-16", 
      "state": "DC", 
      "thomas_id": "00868", 
      "title": "Rep", 
      "withdrawn_at": null
    }, 
    {
      "district": "8", 
      "name": "Oberstar, James L.", 
      "sponsored_at": "2005-09-22", 
      "state": "MN", 
      "thomas_id": "00876", 
      "title": "Rep", 
      "withdrawn_at": null
    }, 
    {
      "district": "1", 
      "name": "Olver, John W.", 
      "sponsored_at": "2005-11-04", 
      "state": "MA", 
      "thomas_id": "00879", 
      "title": "Rep", 
      "withdrawn_at": null
    }, 
    {
      "district": "6", 
      "name": "Pallone, Frank, Jr.", 
      "sponsored_at": "2006-05-09", 
      "state": "NJ", 
      "thomas_id": "00887", 
      "title": "Rep", 
      "withdrawn_at": null
    }, 
    {
      "district": "4", 
      "name": "Pastor, Ed", 
      "sponsored_at": "2005-09-29", 
      "state": "AZ", 
      "thomas_id": "00893", 
      "title": "Rep", 
      "withdrawn_at": null
    }, 
    {
      "district": "10", 
      "name": "Payne, Donald M.", 
      "sponsored_at": "2005-09-29", 
      "state": "NJ", 
      "thomas_id": "00902", 
      "title": "Rep", 
      "withdrawn_at": null
    }, 
    {
      "district": "19", 
      "name": "Platts, Todd Russell", 
      "sponsored_at": "2006-04-25", 
      "state": "PA", 
      "thomas_id": "01667", 
      "title": "Rep", 
      "withdrawn_at": null
    }, 
    {
      "district": "4", 
      "name": "Price, David E.", 
      "sponsored_at": "2005-11-10", 
      "state": "NC", 
      "thomas_id": "00930", 
      "title": "Rep", 
      "withdrawn_at": null
    }, 
    {
      "district": "15", 
      "name": "Pryce, Deborah", 
      "sponsored_at": "2006-02-08", 
      "state": "OH", 
      "thomas_id": "00933", 
      "title": "Rep", 
      "withdrawn_at": null
    }, 
    {
      "district": "3", 
      "name": "Rahall, Nick J., II", 
      "sponsored_at": "2006-04-26", 
      "state": "WV", 
      "thomas_id": "00940", 
      "title": "Rep", 
      "withdrawn_at": null
    }, 
    {
      "district": "15", 
      "name": "Rangel, Charles B.", 
      "sponsored_at": "2006-01-03", 
      "state": "NY", 
      "thomas_id": "00944", 
      "title": "Rep", 
      "withdrawn_at": null
    }, 
    {
      "district": "4", 
      "name": "Ross, Mike", 
      "sponsored_at": "2006-03-30", 
      "state": "AR", 
      "thomas_id": "01632", 
      "title": "Rep", 
      "withdrawn_at": null
    }, 
    {
      "district": "9", 
      "name": "Rothman, Steven R.", 
      "sponsored_at": "2006-04-25", 
      "state": "NJ", 
      "thomas_id": "01520", 
      "title": "Rep", 
      "withdrawn_at": null
    }, 
    {
      "district": "34", 
      "name": "Roybal-Allard, Lucille", 
      "sponsored_at": "2006-05-02", 
      "state": "CA", 
      "thomas_id": "00997", 
      "title": "Rep", 
      "withdrawn_at": null
    }, 
    {
      "district": "2", 
      "name": "Ruppersberger, C. A. Dutch", 
      "sponsored_at": "2005-12-06", 
      "state": "MD", 
      "thomas_id": "01728", 
      "title": "Rep", 
      "withdrawn_at": null
    }, 
    {
      "district": "47", 
      "name": "Sanchez, Loretta", 
      "sponsored_at": "2006-04-26", 
      "state": "CA", 
      "thomas_id": "01522", 
      "title": "Rep", 
      "withdrawn_at": null
    }, 
    {
      "district": "3", 
      "name": "Saxton, Jim", 
      "sponsored_at": "2006-02-08", 
      "state": "NJ", 
      "thomas_id": "01023", 
      "title": "Rep", 
      "withdrawn_at": null
    }, 
    {
      "district": "9", 
      "name": "Schakowsky, Janice D.", 
      "sponsored_at": "2005-10-03", 
      "state": "IL", 
      "thomas_id": "01588", 
      "title": "Rep", 
      "withdrawn_at": null
    }, 
    {
      "district": "29", 
      "name": "Schiff, Adam B.", 
      "sponsored_at": "2006-04-25", 
      "state": "CA", 
      "thomas_id": "01635", 
      "title": "Rep", 
      "withdrawn_at": null
    }, 
    {
      "district": "2", 
      "name": "Schmidt, Jean", 
      "sponsored_at": "2006-05-18", 
      "state": "OH", 
      "thomas_id": "01815", 
      "title": "Rep", 
      "withdrawn_at": null
    }, 
    {
      "district": "7", 
      "name": "Schwarz, John J.H. \"Joe\"", 
      "sponsored_at": "2005-10-19", 
      "state": "MI", 
      "thomas_id": "01788", 
      "title": "Rep", 
      "withdrawn_at": null
    }, 
    {
      "district": "4", 
      "name": "Shays, Christopher", 
      "sponsored_at": "2005-09-22", 
      "state": "CT", 
      "thomas_id": "01048", 
      "title": "Rep", 
      "withdrawn_at": null
    }, 
    {
      "district": "27", 
      "name": "Sherman, Brad", 
      "sponsored_at": "2005-10-25", 
      "state": "CA", 
      "thomas_id": "01526", 
      "title": "Rep", 
      "withdrawn_at": null
    }, 
    {
      "district": "2", 
      "name": "Simmons, Rob", 
      "sponsored_at": "2006-01-31", 
      "state": "CT", 
      "thomas_id": "01642", 
      "title": "Rep", 
      "withdrawn_at": null
    }, 
    {
      "district": "4", 
      "name": "Skelton, Ike", 
      "sponsored_at": "2006-05-02", 
      "state": "MO", 
      "thomas_id": "01064", 
      "title": "Rep", 
      "withdrawn_at": null
    }, 
    {
      "district": "4", 
      "name": "Smith, Christopher H.", 
      "sponsored_at": "2005-11-18", 
      "state": "NJ", 
      "thomas_id": "01071", 
      "title": "Rep", 
      "withdrawn_at": null
    }, 
    {
      "district": "2", 
      "name": "Snyder, Vic", 
      "sponsored_at": "2005-10-07", 
      "state": "AR", 
      "thomas_id": "01530", 
      "title": "Rep", 
      "withdrawn_at": null
    }, 
    {
      "district": "5", 
      "name": "Spratt, John M., Jr.", 
      "sponsored_at": "2005-10-07", 
      "state": "SC", 
      "thomas_id": "01092", 
      "title": "Rep", 
      "withdrawn_at": null
    }, 
    {
      "district": "13", 
      "name": "Stark, Fortney Pete", 
      "sponsored_at": "2006-02-15", 
      "state": "CA", 
      "thomas_id": "01101", 
      "title": "Rep", 
      "withdrawn_at": null
    }, 
    {
      "district": "8", 
      "name": "Tanner, John S.", 
      "sponsored_at": "2005-10-07", 
      "state": "TN", 
      "thomas_id": "01137", 
      "title": "Rep", 
      "withdrawn_at": null
    }, 
    {
      "district": "10", 
      "name": "Tauscher, Ellen O.", 
      "sponsored_at": "2006-04-25", 
      "state": "CA", 
      "thomas_id": "01533", 
      "title": "Rep", 
      "withdrawn_at": null
    }, 
    {
      "district": "1", 
      "name": "Thompson, Mike", 
      "sponsored_at": "2005-10-25", 
      "state": "CA", 
      "thomas_id": "01593", 
      "title": "Rep", 
      "withdrawn_at": null
    }, 
    {
      "district": "6", 
      "name": "Tierney, John F.", 
      "sponsored_at": "2005-10-19", 
      "state": "MA", 
      "thomas_id": "01535", 
      "title": "Rep", 
      "withdrawn_at": null
    }, 
    {
      "district": "2", 
      "name": "Udall, Mark", 
      "sponsored_at": "2005-10-03", 
      "state": "CO", 
      "thomas_id": "01595", 
      "title": "Rep", 
      "withdrawn_at": null
    }, 
    {
      "district": "8", 
      "name": "Van Hollen, Chris", 
      "sponsored_at": "2005-09-29", 
      "state": "MD", 
      "thomas_id": "01729", 
      "title": "Rep", 
      "withdrawn_at": null
    }, 
    {
      "district": "20", 
      "name": "Wasserman Schultz, Debbie", 
      "sponsored_at": "2006-03-30", 
      "state": "FL", 
      "thomas_id": "01777", 
      "title": "Rep", 
      "withdrawn_at": null
    }, 
    {
      "district": "33", 
      "name": "Watson, Diane E.", 
      "sponsored_at": "2005-10-19", 
      "state": "CA", 
      "thomas_id": "01682", 
      "title": "Rep", 
      "withdrawn_at": null
    }, 
    {
      "district": "30", 
      "name": "Waxman, Henry A.", 
      "sponsored_at": "2005-10-07", 
      "state": "CA", 
      "thomas_id": "01209", 
      "title": "Rep", 
      "withdrawn_at": null
    }, 
    {
      "district": "9", 
      "name": "Weiner, Anthony D.", 
      "sponsored_at": "2006-02-08", 
      "state": "NY", 
      "thomas_id": "01597", 
      "title": "Rep", 
      "withdrawn_at": null
    }, 
    {
      "district": "7", 
      "name": "Weldon, Curt", 
      "sponsored_at": "2006-03-14", 
      "state": "PA", 
      "thomas_id": "01214", 
      "title": "Rep", 
      "withdrawn_at": null
    }, 
    {
      "district": "19", 
      "name": "Wexler, Robert", 
      "sponsored_at": "2005-10-25", 
      "state": "FL", 
      "thomas_id": "01537", 
      "title": "Rep", 
      "withdrawn_at": null
    }, 
    {
      "district": "10", 
      "name": "Wolf, Frank R.", 
      "sponsored_at": "2005-11-04", 
      "state": "VA", 
      "thomas_id": "01238", 
      "title": "Rep", 
      "withdrawn_at": null
    }, 
    {
      "district": "1", 
      "name": "Wu, David", 
      "sponsored_at": "2005-10-19", 
      "state": "OR", 
      "thomas_id": "01598", 
      "title": "Rep", 
      "withdrawn_at": null
    }, 
    {
      "district": null, 
      "name": "Young, Don", 
      "sponsored_at": "2005-09-22", 
      "state": "AK", 
      "thomas_id": "01256", 
      "title": "Rep", 
      "withdrawn_at": null
    }
  ], 
  "enacted_as": {
    "congress": "109", 
    "law_type": "public", 
    "number": "308"
  }, 
  "history": {
    "awaiting_signature": false, 
    "enacted": true, 
    "enacted_at": "2006-10-06", 
    "house_passage_result": "pass", 
    "house_passage_result_at": "2006-09-20T18:10:00-04:00", 
    "senate_passage_result": "pass", 
    "senate_passage_result_at": "2006-08-04", 
    "vetoed": false
  }, 
  "introduced_at": "2005-09-22", 
  "number": "3858", 
  "official_title": "To amend the Robert T. Stafford Disaster Relief and Emergency Assistance Act to ensure that State and local emergency preparedness operational plans address the needs of individuals with household pets and service animals following a major disaster or emergency.", 
  "popular_title": null, 
  "related_bills": [
    {
      "bill_id": "s2548-109", 
      "reason": "related"
    }
  ], 
  "short_title": "Pets Evacuation and Transportation Standards Act of 2006", 
  "sponsor": {
    "district": "12", 
    "name": "Lantos, Tom", 
    "state": "CA", 
    "thomas_id": "00663", 
    "title": "Rep", 
    "type": "person"
  }, 
  "status": "ENACTED:SIGNED", 
  "status_at": "2006-10-06", 
  "subjects": [
    "Administrative procedure", 
    "Animals", 
    "Disabled", 
    "Disaster relief", 
    "Disasters", 
    "Displaced persons", 
    "Emergency management", 
    "Federal Emergency Management Agency", 
    "Federal-local relations", 
    "Federal-state relations", 
    "Government operations and politics", 
    "Hurricane aftermath legislation", 
    "Law", 
    "Pets", 
    "Planning", 
    "Protection of animals", 
    "Self-help devices for the disabled", 
    "Standards"
  ], 
  "subjects_top_term": "Emergency management", 
  "summary": {
    "as": "Public Law", 
    "date": "2006-10-06", 
    "text": "Pets Evacuation and Transportation Standards Act of 2006 - Amends the Robert T. Stafford Disaster Relief and Emergency Assistance Act to require the Director of the Federal Emergency Management Agency (FEMA) to ensure that state and local emergency preparedness operational plans address the needs of individuals with household pets and service animals prior to, during, and following a major disaster or emergency. Authorizes the Director to: (1) study and develop plans that take into account the needs of individuals with pets and service animals prior to, during, and following a major disaster or emergency; and (2) make financial contributions, on the basis of programs or projects approved by the Director, to the states and local authorities for animal emergency preparedness purposes, including the procurement, construction, leasing, or renovating of emergency shelter facilities and materials that will accommodate people with pets and service animals. Authorizes federal agencies to provide, as assistance essential to meeting threats to life and property resulting from a major disaster, rescue, care, shelter, and essential needs to individuals with household pets and service animals and to such pets and animals."
  }, 
  "titles": [
    {
      "as": "introduced", 
      "title": "Pets Evacuation and Transportation Standards Act of 2005", 
      "type": "short"
    }, 
    {
      "as": "passed senate", 
      "title": "Pets Evacuation and Transportation Standards Act of 2006", 
      "type": "short"
    }, 
    {
      "as": "enacted", 
      "title": "Pets Evacuation and Transportation Standards Act of 2006", 
      "type": "short"
    }, 
    {
      "as": "introduced", 
      "title": "To amend the Robert T. Stafford Disaster Relief and Emergency Assistance Act to ensure that State and local emergency preparedness operational plans address the needs of individuals with household pets and service animals following a major disaster or emergency.", 
      "type": "official"
    }
  ], 
  "updated_at": "2013-02-02T20:40:52-05:00"
}