{
  "actions": [
    {
      "acted_at": "2005-04-28", 
      "committee": "House Committee on Ways and Means", 
      "references": [], 
      "status": "REFERRED", 
      "text": "Referred to the House Committee on Ways and Means.", 
      "type": "referral"
    }
  ], 
  "amendments": [], 
  "bill_id": "hr1998-109", 
  "bill_type": "hr", 
  "committees": [
    {
      "activity": [
        "referral", 
        "in committee"
      ], 
      "committee": "House Ways and Means", 
      "committee_id": "HSWM"
    }
  ], 
  "congress": "109", 
  "cosponsors": [
    {
      "district": "1", 
      "name": "Jindal, Bobby", 
      "sponsored_at": "2005-04-28", 
      "state": "LA", 
      "thomas_id": "01785", 
      "title": "Rep", 
      "withdrawn_at": null
    }, 
    {
      "district": "3", 
      "name": "Johnson, Sam", 
      "sponsored_at": "2006-03-08", 
      "state": "TX", 
      "thomas_id": "00603", 
      "title": "Rep", 
      "withdrawn_at": null
    }, 
    {
      "district": "4", 
      "name": "Musgrave, Marilyn N.", 
      "sponsored_at": "2005-06-30", 
      "state": "CO", 
      "thomas_id": "01711", 
      "title": "Rep", 
      "withdrawn_at": null
    }, 
    {
      "district": "3", 
      "name": "Northup, Anne M.", 
      "sponsored_at": "2006-05-24", 
      "state": "KY", 
      "thomas_id": "01508", 
      "title": "Rep", 
      "withdrawn_at": null
    }
  ], 
  "enacted_as": null, 
  "history": {
    "awaiting_signature": false, 
    "enacted": false, 
    "vetoed": false
  }, 
  "introduced_at": "2005-04-28", 
  "number": "1998", 
  "official_title": "To amend the Internal Revenue Code of 1986 to provide for the disposition of unused benefits in health flexible spending arrangements.", 
  "popular_title": null, 
  "related_bills": [
    {
      "bill_id": "s309-109", 
      "reason": "related"
    }
  ], 
  "short_title": null, 
  "sponsor": {
    "district": "4", 
    "name": "McCrery, Jim", 
    "state": "LA", 
    "thomas_id": "00763", 
    "title": "Rep", 
    "type": "person"
  }, 
  "status": "REFERRED", 
  "status_at": "2005-04-28", 
  "subjects": [
    "Employee health benefits", 
    "Flexible benefit plans", 
    "Health", 
    "Health insurance", 
    "Income tax", 
    "Labor and employment", 
    "Medical savings accounts", 
    "Tax exclusion", 
    "Taxation"
  ], 
  "subjects_top_term": "Taxation", 
  "summary": {
    "as": "Introduced", 
    "date": "2005-04-28", 
    "text": "Amends the Internal Revenue Code to permit up to $500 of unused health benefits in a plan or other arrangement that provides for a health flexible spending arrangement to be carried forward to the next year of such health flexible spending arrangement or be contributed to a health savings account without affecting the status of such plan or arrangement as a tax-exempt employee benefit cafeteria plan."
  }, 
  "titles": [
    {
      "as": "introduced", 
      "title": "To amend the Internal Revenue Code of 1986 to provide for the disposition of unused benefits in health flexible spending arrangements.", 
      "type": "official"
    }
  ], 
  "updated_at": "2013-02-02T20:40:02-05:00"
}