{
  "actions": [
    {
      "acted_at": "2005-04-28", 
      "committee": "House Committee on Transportation and Infrastructure", 
      "references": [], 
      "status": "REFERRED", 
      "text": "Referred to the House Committee on Transportation and Infrastructure.", 
      "type": "referral"
    }, 
    {
      "acted_at": "2005-04-29", 
      "in_committee": "House Committee on Transportation and Infrastructure", 
      "references": [], 
      "subcommittee": "Water Resources and Environment", 
      "text": "Referred to the Subcommittee on Water Resources and Environment.", 
      "type": "referral"
    }
  ], 
  "amendments": [], 
  "bill_id": "hr1983-109", 
  "bill_type": "hr", 
  "committees": [
    {
      "activity": [
        "referral", 
        "in committee"
      ], 
      "committee": "House Transportation and Infrastructure", 
      "committee_id": "HSPW"
    }, 
    {
      "activity": [
        "referral"
      ], 
      "committee": "House Transportation and Infrastructure", 
      "committee_id": "HSPW", 
      "subcommittee": "Subcommittee on Water Resources and Environment", 
      "subcommittee_id": "02"
    }
  ], 
  "congress": "109", 
  "cosponsors": [
    {
      "district": "15", 
      "name": "Dent, Charles W.", 
      "sponsored_at": "2005-04-28", 
      "state": "PA", 
      "thomas_id": "01799", 
      "title": "Rep", 
      "withdrawn_at": null
    }, 
    {
      "district": "6", 
      "name": "Gerlach, Jim", 
      "sponsored_at": "2005-05-23", 
      "state": "PA", 
      "thomas_id": "01743", 
      "title": "Rep", 
      "withdrawn_at": null
    }, 
    {
      "district": "22", 
      "name": "Hinchey, Maurice D.", 
      "sponsored_at": "2005-04-28", 
      "state": "NY", 
      "thomas_id": "00541", 
      "title": "Rep", 
      "withdrawn_at": null
    }, 
    {
      "district": "12", 
      "name": "Holt, Rush D.", 
      "sponsored_at": "2005-04-28", 
      "state": "NJ", 
      "thomas_id": "01580", 
      "title": "Rep", 
      "withdrawn_at": null
    }, 
    {
      "district": "19", 
      "name": "Kelly, Sue W.", 
      "sponsored_at": "2005-04-28", 
      "state": "NY", 
      "thomas_id": "00624", 
      "title": "Rep", 
      "withdrawn_at": null
    }, 
    {
      "district": "13", 
      "name": "Menendez, Robert", 
      "sponsored_at": "2005-04-28", 
      "state": "NJ", 
      "thomas_id": "00791", 
      "title": "Rep", 
      "withdrawn_at": null
    }, 
    {
      "district": "4", 
      "name": "Smith, Christopher H.", 
      "sponsored_at": "2005-04-28", 
      "state": "NJ", 
      "thomas_id": "01071", 
      "title": "Rep", 
      "withdrawn_at": null
    }
  ], 
  "enacted_as": null, 
  "history": {
    "awaiting_signature": false, 
    "enacted": false, 
    "vetoed": false
  }, 
  "introduced_at": "2005-04-28", 
  "number": "1983", 
  "official_title": "To direct the Secretary of the Army to review a report of the Chief of Engineers regarding flooding in the Delaware River.", 
  "popular_title": null, 
  "related_bills": [], 
  "short_title": null, 
  "sponsor": {
    "district": "8", 
    "name": "Fitzpatrick, Michael G.", 
    "state": "PA", 
    "thomas_id": "01797", 
    "title": "Rep", 
    "type": "person"
  }, 
  "status": "REFERRED", 
  "status_at": "2005-04-28", 
  "subjects": [
    "Civil engineering", 
    "Delaware", 
    "Ecosystem management", 
    "Emergency management", 
    "Environmental protection", 
    "Flood control", 
    "Flood damage prevention", 
    "Governmental investigations", 
    "Infrastructure", 
    "New Jersey", 
    "New York State", 
    "Pennsylvania", 
    "Public lands and natural resources", 
    "Restoration ecology", 
    "Rivers", 
    "Water resources development", 
    "Watersheds"
  ], 
  "subjects_top_term": "Water resources development", 
  "summary": {
    "as": "Introduced", 
    "date": "2005-04-28", 
    "text": "Directs the Secretary of the Army, acting through the Chief of Engineers, to review the Chief's report on the Delaware River to determine whether any modifications of report recommendations are advisable in the interest of flood damage reduction, ecosystem restoration, and other related problems."
  }, 
  "titles": [
    {
      "as": "introduced", 
      "title": "To direct the Secretary of the Army to review a report of the Chief of Engineers regarding flooding in the Delaware River.", 
      "type": "official"
    }
  ], 
  "updated_at": "2013-02-02T20:40:02-05:00"
}