{
  "actions": [
    {
      "acted_at": "2005-11-15", 
      "committee": "House Committee on Agriculture", 
      "references": [], 
      "status": "REFERRED", 
      "text": "Referred to the House Committee on Agriculture.", 
      "type": "referral"
    }, 
    {
      "acted_at": "2005-12-01", 
      "in_committee": "House Committee on Agriculture", 
      "references": [], 
      "text": "Executive Comment Requested from USDA.", 
      "type": "action"
    }
  ], 
  "amendments": [], 
  "bill_id": "hr4332-109", 
  "bill_type": "hr", 
  "committees": [
    {
      "activity": [
        "referral", 
        "in committee"
      ], 
      "committee": "House Agriculture", 
      "committee_id": "HSAG"
    }
  ], 
  "congress": "109", 
  "cosponsors": [
    {
      "district": "43", 
      "name": "Baca, Joe", 
      "sponsored_at": "2005-11-15", 
      "state": "CA", 
      "thomas_id": "01614", 
      "title": "Rep", 
      "withdrawn_at": null
    }, 
    {
      "district": "12", 
      "name": "Barrow, John", 
      "sponsored_at": "2005-11-15", 
      "state": "GA", 
      "thomas_id": "01780", 
      "title": "Rep", 
      "withdrawn_at": null
    }, 
    {
      "district": "1", 
      "name": "Berry, Marion", 
      "sponsored_at": "2005-12-14", 
      "state": "AR", 
      "thomas_id": "01462", 
      "title": "Rep", 
      "withdrawn_at": null
    }, 
    {
      "district": "3", 
      "name": "Boswell, Leonard L.", 
      "sponsored_at": "2005-11-15", 
      "state": "IA", 
      "thomas_id": "01466", 
      "title": "Rep", 
      "withdrawn_at": null
    }, 
    {
      "district": "1", 
      "name": "Butterfield, G. K.", 
      "sponsored_at": "2005-11-15", 
      "state": "NC", 
      "thomas_id": "01761", 
      "title": "Rep", 
      "withdrawn_at": null
    }, 
    {
      "district": "20", 
      "name": "Costa, Jim", 
      "sponsored_at": "2005-11-15", 
      "state": "CA", 
      "thomas_id": "01774", 
      "title": "Rep", 
      "withdrawn_at": null
    }, 
    {
      "district": "28", 
      "name": "Cuellar, Henry", 
      "sponsored_at": "2005-11-15", 
      "state": "TX", 
      "thomas_id": "01807", 
      "title": "Rep", 
      "withdrawn_at": null
    }, 
    {
      "district": "4", 
      "name": "Davis, Lincoln", 
      "sponsored_at": "2005-11-15", 
      "state": "TN", 
      "thomas_id": "01747", 
      "title": "Rep", 
      "withdrawn_at": null
    }, 
    {
      "district": "8", 
      "name": "Emerson, Jo Ann", 
      "sponsored_at": "2006-02-15", 
      "state": "MO", 
      "thomas_id": "01481", 
      "title": "Rep", 
      "withdrawn_at": null
    }, 
    {
      "district": "2", 
      "name": "Etheridge, Bob", 
      "sponsored_at": "2005-11-15", 
      "state": "NC", 
      "thomas_id": "01482", 
      "title": "Rep", 
      "withdrawn_at": null
    }, 
    {
      "district": "51", 
      "name": "Filner, Bob", 
      "sponsored_at": "2005-12-14", 
      "state": "CA", 
      "thomas_id": "00381", 
      "title": "Rep", 
      "withdrawn_at": null
    }, 
    {
      "district": null, 
      "name": "Herseth, Stephanie", 
      "sponsored_at": "2005-11-15", 
      "state": "SD", 
      "thomas_id": "01760", 
      "title": "Rep", 
      "withdrawn_at": null
    }, 
    {
      "district": "17", 
      "name": "Holden, Tim", 
      "sponsored_at": "2005-11-15", 
      "state": "PA", 
      "thomas_id": "00550", 
      "title": "Rep", 
      "withdrawn_at": null
    }, 
    {
      "district": "3", 
      "name": "Marshall, Jim", 
      "sponsored_at": "2005-11-15", 
      "state": "GA", 
      "thomas_id": "01718", 
      "title": "Rep", 
      "withdrawn_at": null
    }, 
    {
      "district": "7", 
      "name": "McIntyre, Mike", 
      "sponsored_at": "2005-11-15", 
      "state": "NC", 
      "thomas_id": "01505", 
      "title": "Rep", 
      "withdrawn_at": null
    }, 
    {
      "district": "3", 
      "name": "Melancon, Charlie", 
      "sponsored_at": "2005-11-15", 
      "state": "LA", 
      "thomas_id": "01786", 
      "title": "Rep", 
      "withdrawn_at": null
    }, 
    {
      "district": "8", 
      "name": "Oberstar, James L.", 
      "sponsored_at": "2006-03-28", 
      "state": "MN", 
      "thomas_id": "00876", 
      "title": "Rep", 
      "withdrawn_at": null
    }, 
    {
      "district": "2", 
      "name": "Poe, Ted", 
      "sponsored_at": "2006-03-09", 
      "state": "TX", 
      "thomas_id": "01802", 
      "title": "Rep", 
      "withdrawn_at": null
    }, 
    {
      "district": null, 
      "name": "Pomeroy, Earl", 
      "sponsored_at": "2005-11-15", 
      "state": "ND", 
      "thomas_id": "00922", 
      "title": "Rep", 
      "withdrawn_at": null
    }, 
    {
      "district": "4", 
      "name": "Ross, Mike", 
      "sponsored_at": "2006-01-31", 
      "state": "AR", 
      "thomas_id": "01632", 
      "title": "Rep", 
      "withdrawn_at": null
    }, 
    {
      "district": "3", 
      "name": "Salazar, John T.", 
      "sponsored_at": "2005-11-15", 
      "state": "CO", 
      "thomas_id": "01775", 
      "title": "Rep", 
      "withdrawn_at": null
    }, 
    {
      "district": "13", 
      "name": "Scott, David", 
      "sponsored_at": "2005-11-15", 
      "state": "GA", 
      "thomas_id": "01722", 
      "title": "Rep", 
      "withdrawn_at": null
    }, 
    {
      "district": "4", 
      "name": "Skelton, Ike", 
      "sponsored_at": "2006-01-31", 
      "state": "MO", 
      "thomas_id": "01064", 
      "title": "Rep", 
      "withdrawn_at": null
    }
  ], 
  "enacted_as": null, 
  "history": {
    "awaiting_signature": false, 
    "enacted": false, 
    "vetoed": false
  }, 
  "introduced_at": "2005-11-15", 
  "number": "4332", 
  "official_title": "To provide for an automatic one-year extension of the authorizations of appropriations and direct spending programs of the Farm Security and Rural Investment Act of 2002 and to provide for an additional one-year extension if implementing legislation is not submitted with respect to the Doha Development Round of World Trade Organization negotiations by January 15, 2008, and for other purposes.", 
  "popular_title": null, 
  "related_bills": [
    {
      "bill_id": "hr4775-109", 
      "reason": "related"
    }, 
    {
      "bill_id": "s2696-109", 
      "reason": "related"
    }
  ], 
  "short_title": null, 
  "sponsor": {
    "district": "7", 
    "name": "Peterson, Collin C.", 
    "state": "MN", 
    "thomas_id": "00910", 
    "title": "Rep", 
    "type": "person"
  }, 
  "status": "REFERRED", 
  "status_at": "2005-11-15", 
  "subjects": [
    "Acreage allotments", 
    "Agricultural subsidies", 
    "Agriculture and food", 
    "Agriculture in foreign trade", 
    "Authorization", 
    "Congress", 
    "Department of Agriculture", 
    "Economics and public finance", 
    "Foreign trade and international finance", 
    "Government operations and politics", 
    "International affairs", 
    "Legislation", 
    "Trade agreements", 
    "Trade negotiations"
  ], 
  "subjects_top_term": "Agriculture and food", 
  "summary": {
    "as": "Introduced", 
    "date": "2005-11-15", 
    "text": "Provides for: (1) an automatic one-year extension of the authorization of appropriations for a crop year and direct spending programs and authorities (other than such crop programs) of the Farm Security and Rural Investment Act of 2002; and (2) an additional one-year extension of them if the President does not submit implementing legislation to Congress with respect to the Doha Development Round of World Trade Organization (WTO) negotiations by January 15, 2008. Provides, with the exception of peanut storage costs, the same automatic one-year extension and additional one-year extension for: (1) authorizations of appropriations in the Act scheduled to expire on September 30, 2007; and (2) termination of a program or authority in calendar year 2007."
  }, 
  "titles": [
    {
      "as": "introduced", 
      "title": "To provide for an automatic one-year extension of the authorizations of appropriations and direct spending programs of the Farm Security and Rural Investment Act of 2002 and to provide for an additional one-year extension if implementing legislation is not submitted with respect to the Doha Development Round of World Trade Organization negotiations by January 15, 2008, and for other purposes.", 
      "type": "official"
    }
  ], 
  "updated_at": "2013-02-02T20:41:05-05:00"
}