{
  "actions": [
    {
      "acted_at": "2005-06-30", 
      "committee": "House Committee on Energy and Commerce", 
      "references": [], 
      "status": "REFERRED", 
      "text": "Referred to the House Committee on Energy and Commerce.", 
      "type": "referral"
    }, 
    {
      "acted_at": "2005-07-29", 
      "in_committee": "House Committee on Energy and Commerce", 
      "references": [], 
      "subcommittee": "Environment and Hazardous Materials", 
      "text": "Referred to the Subcommittee on Environment and Hazardous Materials.", 
      "type": "referral"
    }
  ], 
  "amendments": [], 
  "bill_id": "hr3178-109", 
  "bill_type": "hr", 
  "committees": [
    {
      "activity": [
        "referral", 
        "in committee"
      ], 
      "committee": "House Energy and Commerce", 
      "committee_id": "HSIF"
    }, 
    {
      "activity": [
        "referral"
      ], 
      "committee": "House Energy and Commerce", 
      "committee_id": "HSIF", 
      "subcommittee": "Subcommittee on Environment and Hazardous Materials", 
      "subcommittee_id": "15"
    }
  ], 
  "congress": "109", 
  "cosponsors": [
    {
      "district": "8", 
      "name": "Van Hollen, Chris", 
      "sponsored_at": "2005-07-18", 
      "state": "MD", 
      "thomas_id": "01729", 
      "title": "Rep", 
      "withdrawn_at": null
    }, 
    {
      "district": "30", 
      "name": "Waxman, Henry A.", 
      "sponsored_at": "2005-06-30", 
      "state": "CA", 
      "thomas_id": "01209", 
      "title": "Rep", 
      "withdrawn_at": null
    }
  ], 
  "enacted_as": null, 
  "history": {
    "awaiting_signature": false, 
    "enacted": false, 
    "vetoed": false
  }, 
  "introduced_at": "2005-06-30", 
  "number": "3178", 
  "official_title": "To amend the Safe Drinking Water Act to ensure that the District of Columbia and States are provided a safe, lead-free supply of drinking water.", 
  "popular_title": null, 
  "related_bills": [
    {
      "bill_id": "s1328-109", 
      "reason": "identical"
    }
  ], 
  "short_title": "Lead-Free Drinking Water Act of 2005", 
  "sponsor": {
    "district": null, 
    "name": "Norton, Eleanor Holmes", 
    "state": "DC", 
    "thomas_id": "00868", 
    "title": "Rep", 
    "type": "person"
  }, 
  "status": "REFERRED", 
  "status_at": "2005-06-30", 
  "subjects": [
    "Administrative procedure", 
    "Caregivers", 
    "Child health", 
    "Commerce", 
    "Consumer education", 
    "Corrosion", 
    "Data banks", 
    "Day care", 
    "District of Columbia", 
    "Economics and public finance", 
    "Education", 
    "Educational facilities", 
    "Electronic government information", 
    "Electronic mail systems", 
    "Elementary and secondary education", 
    "Environmental Protection Agency", 
    "Environmental protection", 
    "Families", 
    "Federal aid to water resources development", 
    "Federal office buildings", 
    "Government operations and politics", 
    "Government paperwork", 
    "Government publicity", 
    "Health", 
    "Health warnings", 
    "Infants", 
    "Infrastructure", 
    "Internet", 
    "Laboratories", 
    "Landowners", 
    "Language and languages", 
    "Lead", 
    "Lead poisoning", 
    "Medical tests", 
    "Municipal services", 
    "Parent-school relationships", 
    "Parents", 
    "Planning", 
    "Plumbing", 
    "Pollution measurement", 
    "Potable water", 
    "Pregnant women", 
    "Product safety", 
    "School buildings", 
    "School health programs", 
    "Science, technology, communications", 
    "Standards", 
    "Telephone", 
    "Water pollution control", 
    "Water resources development", 
    "Water supply", 
    "Women"
  ], 
  "subjects_top_term": "Water resources development", 
  "summary": {
    "as": "Introduced", 
    "date": "2005-06-30", 
    "text": "Lead-Free Drinking Water Act of 2005 - Amends the Safe Drinking Water Act to direct the Administrator of the Environmental Protection Agency to review and revise the national primary drinking water regulation for lead to provide the maximum feasible protection for individuals affected by lead contamination, particularly vulnerable populations (e.g., infants, children, and pregnant and lactating women). Requires the revised regulation to establish: (1) a maximum contaminant level for lead in drinking water as measured at the tap; or (2) a drinking water treatment technique that meets specified criteria. Directs community water systems or nontransient noncommunity water systems to: (1) annually replace a percentage of non-lead free service lines until all such lines are replaced; (2) provide notice in English and other appropriate languages to individuals and entities that may be exposed to lead contamination in the drinking water supply; (3) provide water lead test results to tested residences; (4) establish a public education program on lead in drinking water; and (5) provide water filters to residences, schools, and day care facilities. Requires the head of each federal agency to conduct water supply testing in federally-owned or occupied buildings. Directs each water system to test drinking water for lead contamination within one year. Requires the Administrator to revise monitoring requirements under the national primary drinking water regulation to incorporate specified criteria. Prohibits the use of lead pipes and plumbing equipment that is not lead free in public water systems or facilities that provide drinking water. Requires the Administrator to: (1) issue regulations to require states to establish programs to test and remediate lead contamination in school drinking water; and (2) carry out such programs in non-participating states."
  }, 
  "titles": [
    {
      "as": "introduced", 
      "title": "Lead-Free Drinking Water Act of 2005", 
      "type": "short"
    }, 
    {
      "as": "introduced", 
      "title": "To amend the Safe Drinking Water Act to ensure that the District of Columbia and States are provided a safe, lead-free supply of drinking water.", 
      "type": "official"
    }
  ], 
  "updated_at": "2013-02-02T20:40:35-05:00"
}