{
  "actions": [
    {
      "acted_at": "2005-03-10", 
      "committee": "House Committee on Financial Services", 
      "references": [], 
      "status": "REFERRED", 
      "text": "Referred to the House Committee on Financial Services.", 
      "type": "referral"
    }
  ], 
  "amendments": [], 
  "bill_id": "hr1226-109", 
  "bill_type": "hr", 
  "committees": [
    {
      "activity": [
        "referral", 
        "in committee"
      ], 
      "committee": "House Financial Services", 
      "committee_id": "HSBA"
    }
  ], 
  "congress": "109", 
  "cosponsors": [
    {
      "district": "6", 
      "name": "Baker, Richard H.", 
      "sponsored_at": "2005-03-10", 
      "state": "LA", 
      "thomas_id": "00047", 
      "title": "Rep", 
      "withdrawn_at": null
    }, 
    {
      "district": "13", 
      "name": "Biggert, Judy", 
      "sponsored_at": "2005-03-10", 
      "state": "IL", 
      "thomas_id": "01577", 
      "title": "Rep", 
      "withdrawn_at": null
    }, 
    {
      "district": "5", 
      "name": "Brown-Waite, Ginny", 
      "sponsored_at": "2005-03-10", 
      "state": "FL", 
      "thomas_id": "01713", 
      "title": "Rep", 
      "withdrawn_at": null
    }, 
    {
      "district": "8", 
      "name": "Capuano, Michael E.", 
      "sponsored_at": "2005-03-10", 
      "state": "MA", 
      "thomas_id": "01564", 
      "title": "Rep", 
      "withdrawn_at": null
    }, 
    {
      "district": null, 
      "name": "Castle, Michael N.", 
      "sponsored_at": "2005-03-10", 
      "state": "DE", 
      "thomas_id": "00183", 
      "title": "Rep", 
      "withdrawn_at": null
    }, 
    {
      "district": "1", 
      "name": "Clay, Wm. Lacy", 
      "sponsored_at": "2005-03-10", 
      "state": "MO", 
      "thomas_id": "01654", 
      "title": "Rep", 
      "withdrawn_at": null
    }, 
    {
      "district": "5", 
      "name": "Cleaver, Emanuel", 
      "sponsored_at": "2005-04-20", 
      "state": "MO", 
      "thomas_id": "01790", 
      "title": "Rep", 
      "withdrawn_at": null
    }, 
    {
      "district": "7", 
      "name": "Crowley, Joseph", 
      "sponsored_at": "2005-03-10", 
      "state": "NY", 
      "thomas_id": "01604", 
      "title": "Rep", 
      "withdrawn_at": null
    }, 
    {
      "district": "7", 
      "name": "Davis, Artur", 
      "sponsored_at": "2005-03-16", 
      "state": "AL", 
      "thomas_id": "01705", 
      "title": "Rep", 
      "withdrawn_at": null
    }, 
    {
      "district": "24", 
      "name": "Feeney, Tom", 
      "sponsored_at": "2005-05-03", 
      "state": "FL", 
      "thomas_id": "01716", 
      "title": "Rep", 
      "withdrawn_at": null
    }, 
    {
      "district": "8", 
      "name": "Fitzpatrick, Michael G.", 
      "sponsored_at": "2005-03-10", 
      "state": "PA", 
      "thomas_id": "01797", 
      "title": "Rep", 
      "withdrawn_at": null
    }, 
    {
      "district": "9", 
      "name": "Ford, Harold E., Jr.", 
      "sponsored_at": "2005-03-10", 
      "state": "TN", 
      "thomas_id": "01483", 
      "title": "Rep", 
      "withdrawn_at": null
    }, 
    {
      "district": "13", 
      "name": "Fossella, Vito", 
      "sponsored_at": "2005-04-25", 
      "state": "NY", 
      "thomas_id": "01484", 
      "title": "Rep", 
      "withdrawn_at": null
    }, 
    {
      "district": "4", 
      "name": "Frank, Barney", 
      "sponsored_at": "2005-03-10", 
      "state": "MA", 
      "thomas_id": "00407", 
      "title": "Rep", 
      "withdrawn_at": null
    }, 
    {
      "district": "5", 
      "name": "Garrett, Scott", 
      "sponsored_at": "2006-09-06", 
      "state": "NJ", 
      "thomas_id": "01737", 
      "title": "Rep", 
      "withdrawn_at": null
    }, 
    {
      "district": "6", 
      "name": "Gerlach, Jim", 
      "sponsored_at": "2005-03-10", 
      "state": "PA", 
      "thomas_id": "01743", 
      "title": "Rep", 
      "withdrawn_at": null
    }, 
    {
      "district": "5", 
      "name": "Gillmor, Paul E.", 
      "sponsored_at": "2005-03-10", 
      "state": "OH", 
      "thomas_id": "00439", 
      "title": "Rep", 
      "withdrawn_at": null
    }, 
    {
      "district": "4", 
      "name": "Gutierrez, Luis V.", 
      "sponsored_at": "2005-03-10", 
      "state": "IL", 
      "thomas_id": "00478", 
      "title": "Rep", 
      "withdrawn_at": null
    }, 
    {
      "district": "5", 
      "name": "Hooley, Darlene", 
      "sponsored_at": "2005-03-15", 
      "state": "OR", 
      "thomas_id": "01491", 
      "title": "Rep", 
      "withdrawn_at": null
    }, 
    {
      "district": "3", 
      "name": "Jones, Walter B., Jr.", 
      "sponsored_at": "2005-03-10", 
      "state": "NC", 
      "thomas_id": "00612", 
      "title": "Rep", 
      "withdrawn_at": null
    }, 
    {
      "district": "11", 
      "name": "Kanjorski, Paul E.", 
      "sponsored_at": "2005-03-10", 
      "state": "PA", 
      "thomas_id": "00615", 
      "title": "Rep", 
      "withdrawn_at": null
    }, 
    {
      "district": "6", 
      "name": "Kennedy, Mark R.", 
      "sponsored_at": "2005-05-10", 
      "state": "MN", 
      "thomas_id": "01652", 
      "title": "Rep", 
      "withdrawn_at": null
    }, 
    {
      "district": "3", 
      "name": "King, Peter T.", 
      "sponsored_at": "2005-04-20", 
      "state": "NY", 
      "thomas_id": "00635", 
      "title": "Rep", 
      "withdrawn_at": null
    }, 
    {
      "district": "14", 
      "name": "LaTourette, Steven C.", 
      "sponsored_at": "2005-04-19", 
      "state": "OH", 
      "thomas_id": "00667", 
      "title": "Rep", 
      "withdrawn_at": null
    }, 
    {
      "district": "2", 
      "name": "Leach, James A.", 
      "sponsored_at": "2005-03-10", 
      "state": "IA", 
      "thomas_id": "00672", 
      "title": "Rep", 
      "withdrawn_at": null
    }, 
    {
      "district": "14", 
      "name": "Maloney, Carolyn B.", 
      "sponsored_at": "2005-03-10", 
      "state": "NY", 
      "thomas_id": "00729", 
      "title": "Rep", 
      "withdrawn_at": null
    }, 
    {
      "district": "16", 
      "name": "Manzullo, Donald A.", 
      "sponsored_at": "2005-03-10", 
      "state": "IL", 
      "thomas_id": "00733", 
      "title": "Rep", 
      "withdrawn_at": null
    }, 
    {
      "district": "4", 
      "name": "McCarthy, Carolyn", 
      "sponsored_at": "2005-03-14", 
      "state": "NY", 
      "thomas_id": "01503", 
      "title": "Rep", 
      "withdrawn_at": null
    }, 
    {
      "district": "10", 
      "name": "McHenry, Patrick T.", 
      "sponsored_at": "2005-06-15", 
      "state": "NC", 
      "thomas_id": "01792", 
      "title": "Rep", 
      "withdrawn_at": null
    }, 
    {
      "district": "19", 
      "name": "Neugebauer, Randy", 
      "sponsored_at": "2005-03-10", 
      "state": "TX", 
      "thomas_id": "01758", 
      "title": "Rep", 
      "withdrawn_at": null
    }, 
    {
      "district": "18", 
      "name": "Ney, Robert W.", 
      "sponsored_at": "2005-05-03", 
      "state": "OH", 
      "thomas_id": "00862", 
      "title": "Rep", 
      "withdrawn_at": null
    }, 
    {
      "district": "4", 
      "name": "Oxley, Michael G.", 
      "sponsored_at": "2005-03-10", 
      "state": "OH", 
      "thomas_id": "00885", 
      "title": "Rep", 
      "withdrawn_at": null
    }, 
    {
      "district": "14", 
      "name": "Paul, Ron", 
      "sponsored_at": "2005-03-10", 
      "state": "TX", 
      "thomas_id": "00900", 
      "title": "Rep", 
      "withdrawn_at": null
    }, 
    {
      "district": "15", 
      "name": "Pryce, Deborah", 
      "sponsored_at": "2005-03-10", 
      "state": "OH", 
      "thomas_id": "00933", 
      "title": "Rep", 
      "withdrawn_at": null
    }, 
    {
      "district": "40", 
      "name": "Royce, Edward R.", 
      "sponsored_at": "2005-04-26", 
      "state": "CA", 
      "thomas_id": "00998", 
      "title": "Rep", 
      "withdrawn_at": null
    }, 
    {
      "district": "2", 
      "name": "Ryun, Jim", 
      "sponsored_at": "2005-03-10", 
      "state": "KS", 
      "thomas_id": "01521", 
      "title": "Rep", 
      "withdrawn_at": null
    }, 
    {
      "district": "32", 
      "name": "Sessions, Pete", 
      "sponsored_at": "2005-03-14", 
      "state": "TX", 
      "thomas_id": "01525", 
      "title": "Rep", 
      "withdrawn_at": null
    }, 
    {
      "district": "4", 
      "name": "Shays, Christopher", 
      "sponsored_at": "2005-04-19", 
      "state": "CT", 
      "thomas_id": "01048", 
      "title": "Rep", 
      "withdrawn_at": null
    }, 
    {
      "district": "12", 
      "name": "Velazquez, Nydia M.", 
      "sponsored_at": "2005-03-10", 
      "state": "NY", 
      "thomas_id": "01184", 
      "title": "Rep", 
      "withdrawn_at": null
    }
  ], 
  "enacted_as": null, 
  "history": {
    "awaiting_signature": false, 
    "enacted": false, 
    "vetoed": false
  }, 
  "introduced_at": "2005-03-10", 
  "number": "1226", 
  "official_title": "To establish a mechanism for developing uniform United States positions on issues before the Basel Committee on Banking Supervision at the Bank for International Settlements, to require a review on the most recent recommendation of the Basel Committee for an accord on capital standards, and for other purposes.", 
  "popular_title": null, 
  "related_bills": [], 
  "short_title": "United States Financial Policy Committee For Fair Capital Standards Act", 
  "sponsor": {
    "district": "6", 
    "name": "Bachus, Spencer", 
    "state": "AL", 
    "thomas_id": "00038", 
    "title": "Rep", 
    "type": "person"
  }, 
  "status": "REFERRED", 
  "status_at": "2005-03-10", 
  "subjects": [
    "Bank capital", 
    "Bank examination", 
    "Commerce", 
    "Competition", 
    "Congress", 
    "Congressional oversight", 
    "Congressional reporting requirements", 
    "Department of the Treasury", 
    "Economic impact statements", 
    "Economics and public finance", 
    "Employee training", 
    "Executive reorganization", 
    "Federal Deposit Insurance Corporation", 
    "Federal reserve system", 
    "Finance and financial sector", 
    "Financial institutions", 
    "Foreign banks and banking", 
    "Foreign trade and international finance", 
    "Government operations and politics", 
    "Housing and community development", 
    "International affairs", 
    "International agencies", 
    "International banking", 
    "Labor and employment", 
    "Negotiations", 
    "Real estate business", 
    "Treaties"
  ], 
  "subjects_top_term": "Finance and financial sector", 
  "summary": {
    "as": "Introduced", 
    "date": "2005-03-10", 
    "text": "United States Financial Policy Committee For Fair Capital Standards Act - Establishes the United States Financial Policy Committee as an inter-agency committee composed of: (1) the Secretary of the Treasury, who shall serve as the Chairperson of the Committee; (2) the Chairman of the Board of Governors of the Federal Reserve System; (3) the Comptroller of the Currency; (4) the Chairperson of the Federal Deposit Insurance Corporation; and (5) the Director of the Office of Thrift Supervision. Directs the Committee to develop uniform U.S. positions on proposals made to, and issues before, the Basel Committee on Banking Supervision that, if implemented, may directly or indirectly affect United States financial institutions. Requires the Committee to meet before any meeting of the Basel Committee that is related to, or is expected to involve, a discussion of capital standards. Prohibits a member Federal banking agency from agreeing to any proposed recommendation of the Basel Committee before the agency reports on it to Congress. Requires the Federal member banking agencies to employ prescribed criteria in their evaluation of the impact of any revised Basel capital accord. Amends the International Lending Supervision Act of 1983 to add the Director of the Office of Thrift Supervision as one of the four Federal bank regulatory and supervisory agencies on the Committee on Banking Regulations and Supervisory Practices of the Group of Ten Countries and Switzerland."
  }, 
  "titles": [
    {
      "as": "introduced", 
      "title": "United States Financial Policy Committee For Fair Capital Standards Act", 
      "type": "short"
    }, 
    {
      "as": "introduced", 
      "title": "To establish a mechanism for developing uniform United States positions on issues before the Basel Committee on Banking Supervision at the Bank for International Settlements, to require a review on the most recent recommendation of the Basel Committee for an accord on capital standards, and for other purposes.", 
      "type": "official"
    }
  ], 
  "updated_at": "2013-02-02T20:39:40-05:00"
}