{
  "actions": [
    {
      "acted_at": "2005-11-02", 
      "committee": "House Committee on Education and the Workforce", 
      "references": [], 
      "status": "REFERRED", 
      "text": "Referred to the House Committee on Education and the Workforce.", 
      "type": "referral"
    }, 
    {
      "acted_at": "2006-03-24", 
      "in_committee": "House Committee on Education and the Workforce", 
      "references": [], 
      "subcommittee": "Education Reform", 
      "text": "Referred to the Subcommittee on Education Reform.", 
      "type": "referral"
    }
  ], 
  "amendments": [], 
  "bill_id": "hr4216-109", 
  "bill_type": "hr", 
  "committees": [
    {
      "activity": [
        "referral", 
        "in committee"
      ], 
      "committee": "House Education and the Workforce", 
      "committee_id": "HSED"
    }, 
    {
      "activity": [
        "referral"
      ], 
      "committee": "House Education and the Workforce", 
      "committee_id": "HSED", 
      "subcommittee": "Subcommittee on Education Reform", 
      "subcommittee_id": "14"
    }
  ], 
  "congress": "109", 
  "cosponsors": [], 
  "enacted_as": null, 
  "history": {
    "awaiting_signature": false, 
    "enacted": false, 
    "vetoed": false
  }, 
  "introduced_at": "2005-11-02", 
  "number": "4216", 
  "official_title": "To improve the accountability provisions of the part A of title I of the Elementary and Secondary Education Act of 1965, and for other purposes.", 
  "popular_title": null, 
  "related_bills": [], 
  "short_title": "No Child Left Behind Improvement and Flexibility Act of 2005", 
  "sponsor": {
    "district": "1", 
    "name": "Wu, David", 
    "state": "OR", 
    "thomas_id": "01598", 
    "title": "Rep", 
    "type": "person"
  }, 
  "status": "REFERRED", 
  "status_at": "2005-11-02", 
  "subjects": [
    "Academic performance", 
    "Administrative remedies", 
    "Compensatory education", 
    "Department of Education", 
    "Disabled", 
    "Dropouts", 
    "Economics and public finance", 
    "Education", 
    "Education of the disadvantaged", 
    "Educational accountability", 
    "Educational statistics", 
    "Educational tests", 
    "Elementary and secondary education", 
    "Elementary education", 
    "Federal aid to education", 
    "Government operations and politics", 
    "Higher education", 
    "Housing and community development", 
    "Illiteracy", 
    "Language arts", 
    "Law", 
    "Licenses", 
    "Mathematics", 
    "Rating of teachers", 
    "Reading", 
    "Rural education", 
    "School administration", 
    "School choice", 
    "School districts", 
    "Secondary education", 
    "Social welfare", 
    "Special education", 
    "Teacher education", 
    "Teachers"
  ], 
  "subjects_top_term": "Elementary and secondary education", 
  "summary": {
    "as": "Introduced", 
    "date": "2005-11-02", 
    "text": "No Child Left Behind Improvement and Flexibility Act of 2005 - Amends the Elementary and Secondary Education Act of 1965 (ESEA) to revise certain requirements which were added by the No Child Left Behind Act of 2001, including ones relating to: (1) academic assessments and adequate yearly progress; (2) teacher qualifications; (3) special education students; and (4) rural schools."
  }, 
  "titles": [
    {
      "as": "introduced", 
      "title": "No Child Left Behind Improvement and Flexibility Act of 2005", 
      "type": "short"
    }, 
    {
      "as": "introduced", 
      "title": "To improve the accountability provisions of the part A of title I of the Elementary and Secondary Education Act of 1965, and for other purposes.", 
      "type": "official"
    }
  ], 
  "updated_at": "2013-02-02T20:41:02-05:00"
}