{
  "actions": [
    {
      "acted_at": "2005-02-02", 
      "committee": "House Committee on the Judiciary", 
      "references": [], 
      "status": "REFERRED", 
      "text": "Referred to the House Committee on the Judiciary.", 
      "type": "referral"
    }
  ], 
  "amendments": [], 
  "bill_id": "hr532-109", 
  "bill_type": "hr", 
  "committees": [
    {
      "activity": [
        "referral", 
        "in committee"
      ], 
      "committee": "House Judiciary", 
      "committee_id": "HSJU"
    }
  ], 
  "congress": "109", 
  "cosponsors": [
    {
      "district": "14", 
      "name": "Conyers, John, Jr.", 
      "sponsored_at": "2005-02-02", 
      "state": "MI", 
      "thomas_id": "00229", 
      "title": "Rep", 
      "withdrawn_at": null
    }, 
    {
      "district": "4", 
      "name": "Frank, Barney", 
      "sponsored_at": "2005-02-02", 
      "state": "MA", 
      "thomas_id": "00407", 
      "title": "Rep", 
      "withdrawn_at": null
    }, 
    {
      "district": "6", 
      "name": "Hyde, Henry J.", 
      "sponsored_at": "2005-02-02", 
      "state": "IL", 
      "thomas_id": "00580", 
      "title": "Rep", 
      "withdrawn_at": null
    }
  ], 
  "enacted_as": null, 
  "history": {
    "awaiting_signature": false, 
    "enacted": false, 
    "vetoed": false
  }, 
  "introduced_at": "2005-02-02", 
  "number": "532", 
  "official_title": "To modify the application of the antitrust laws to permit collective development and implementation of a standard contract form for playwrights for the licensing of their plays.", 
  "popular_title": null, 
  "related_bills": [], 
  "short_title": "Playwrights Licensing Antitrust Initiative Act of 2005", 
  "sponsor": {
    "district": "6", 
    "name": "Coble, Howard", 
    "state": "NC", 
    "thomas_id": "00211", 
    "title": "Rep", 
    "type": "person"
  }, 
  "status": "REFERRED", 
  "status_at": "2005-02-02", 
  "subjects": [
    "Antitrust law", 
    "Arts, culture, religion", 
    "Authors and authorship", 
    "Commerce", 
    "Contracts", 
    "Law", 
    "Licenses", 
    "Music", 
    "Theater"
  ], 
  "subjects_top_term": "Commerce", 
  "summary": {
    "as": "Introduced", 
    "date": "2005-02-02", 
    "text": "Playwrights Licensing Antitrust Initiative Act of 2005 - Provides that the antitrust laws shall not apply to: (1) any joint discussion, consideration, review, action, or agreement between or among playwrights for the express purpose of developing a standard form contract containing minimum terms of artistic protection and levels of compensation for playwrights or any joint or collective voluntary actions for the limited purposes of developing a standard form contract by playwrights or their representatives; and (2) any joint discussion, consideration, review, or action for the express purpose of reaching a collective agreement among playwrights adopting a standard form contract as the sole and exclusive means by which participating playwrights shall license their plays to producers. Makes a standard form of contract developed and implemented under this Act subject to amendment by individual playwrights and producers consistent with its terms."
  }, 
  "titles": [
    {
      "as": "introduced", 
      "title": "Playwrights Licensing Antitrust Initiative Act of 2005", 
      "type": "short"
    }, 
    {
      "as": "introduced", 
      "title": "To modify the application of the antitrust laws to permit collective development and implementation of a standard contract form for playwrights for the licensing of their plays.", 
      "type": "official"
    }
  ], 
  "updated_at": "2013-02-02T20:39:19-05:00"
}