{
  "actions": [
    {
      "acted_at": "2005-01-06", 
      "committee": "Committee on Veterans' Affairs, and in addition to the Committee on Armed Services, for a period to be subsequently determined by the Speaker, in each case for consideration of such provisions as fall within the jurisdiction of the committee concerned", 
      "references": [], 
      "status": "REFERRED", 
      "text": "Referred to the Committee on Veterans' Affairs, and in addition to the Committee on Armed Services, for a period to be subsequently determined by the Speaker, in each case for consideration of such provisions as fall within the jurisdiction of the committee concerned.", 
      "type": "referral"
    }, 
    {
      "acted_at": "2005-01-06", 
      "committee": "House Veterans' Affairs", 
      "references": [], 
      "text": "Referred to House Veterans' Affairs", 
      "type": "referral"
    }, 
    {
      "acted_at": "2005-01-06", 
      "committee": "House Armed Services", 
      "references": [], 
      "text": "Referred to House Armed Services", 
      "type": "referral"
    }, 
    {
      "acted_at": "2005-01-27", 
      "in_committee": "House Armed Services", 
      "references": [], 
      "subcommittee": "Military Personnel", 
      "text": "Referred to the Subcommittee on Military Personnel.", 
      "type": "referral"
    }, 
    {
      "acted_at": "2005-04-04", 
      "in_committee": "House Veterans' Affairs", 
      "references": [], 
      "subcommittee": "Economic Opportunity", 
      "text": "Referred to the Subcommittee on Economic Opportunity.", 
      "type": "referral"
    }
  ], 
  "amendments": [], 
  "bill_id": "hr269-109", 
  "bill_type": "hr", 
  "committees": [
    {
      "activity": [
        "referral", 
        "in committee"
      ], 
      "committee": "House Veterans' Affairs", 
      "committee_id": "HSVR"
    }, 
    {
      "activity": [
        "referral"
      ], 
      "committee": "House Veterans' Affairs", 
      "committee_id": "HSVR", 
      "subcommittee": "Subcommittee on Economic Opportunity", 
      "subcommittee_id": "10"
    }, 
    {
      "activity": [
        "referral", 
        "in committee"
      ], 
      "committee": "House Armed Services", 
      "committee_id": "HSAS"
    }, 
    {
      "activity": [
        "referral"
      ], 
      "committee": "House Armed Services", 
      "committee_id": "HSAS", 
      "subcommittee": "Subcommittee on Military Personnel", 
      "subcommittee_id": "02"
    }
  ], 
  "congress": "109", 
  "cosponsors": [
    {
      "district": "1", 
      "name": "Andrews, Robert E.", 
      "sponsored_at": "2005-06-14", 
      "state": "NJ", 
      "thomas_id": "00021", 
      "title": "Rep", 
      "withdrawn_at": null
    }, 
    {
      "district": "12", 
      "name": "Barrow, John", 
      "sponsored_at": "2006-05-17", 
      "state": "GA", 
      "thomas_id": "01780", 
      "title": "Rep", 
      "withdrawn_at": null
    }, 
    {
      "district": "9", 
      "name": "Bilirakis, Michael", 
      "sponsored_at": "2006-03-16", 
      "state": "FL", 
      "thomas_id": "00089", 
      "title": "Rep", 
      "withdrawn_at": null
    }, 
    {
      "district": "2", 
      "name": "Bishop, Sanford D., Jr.", 
      "sponsored_at": "2005-07-28", 
      "state": "GA", 
      "thomas_id": "00091", 
      "title": "Rep", 
      "withdrawn_at": null
    }, 
    {
      "district": "2", 
      "name": "Capito, Shelley Moore", 
      "sponsored_at": "2005-04-12", 
      "state": "WV", 
      "thomas_id": "01676", 
      "title": "Rep", 
      "withdrawn_at": null
    }, 
    {
      "district": "18", 
      "name": "Cardoza, Dennis A.", 
      "sponsored_at": "2005-04-13", 
      "state": "CA", 
      "thomas_id": "01709", 
      "title": "Rep", 
      "withdrawn_at": null
    }, 
    {
      "district": "11", 
      "name": "Conaway, K. Michael", 
      "sponsored_at": "2005-10-26", 
      "state": "TX", 
      "thomas_id": "01805", 
      "title": "Rep", 
      "withdrawn_at": null
    }, 
    {
      "district": "1", 
      "name": "Davis, Jo Ann", 
      "sponsored_at": "2005-06-17", 
      "state": "VA", 
      "thomas_id": "01672", 
      "title": "Rep", 
      "withdrawn_at": null
    }, 
    {
      "district": "4", 
      "name": "DeFazio, Peter A.", 
      "sponsored_at": "2005-07-28", 
      "state": "OR", 
      "thomas_id": "00279", 
      "title": "Rep", 
      "withdrawn_at": null
    }, 
    {
      "district": "3", 
      "name": "Ehlers, Vernon J.", 
      "sponsored_at": "2005-07-25", 
      "state": "MI", 
      "thomas_id": "00339", 
      "title": "Rep", 
      "withdrawn_at": null
    }, 
    {
      "district": "3", 
      "name": "English, Phil", 
      "sponsored_at": "2005-10-18", 
      "state": "PA", 
      "thomas_id": "00347", 
      "title": "Rep", 
      "withdrawn_at": null
    }, 
    {
      "district": "51", 
      "name": "Filner, Bob", 
      "sponsored_at": "2005-05-17", 
      "state": "CA", 
      "thomas_id": "00381", 
      "title": "Rep", 
      "withdrawn_at": null
    }, 
    {
      "district": "16", 
      "name": "Foley, Mark", 
      "sponsored_at": "2005-09-14", 
      "state": "FL", 
      "thomas_id": "00396", 
      "title": "Rep", 
      "withdrawn_at": null
    }, 
    {
      "district": "5", 
      "name": "Gillmor, Paul E.", 
      "sponsored_at": "2005-07-29", 
      "state": "OH", 
      "thomas_id": "00439", 
      "title": "Rep", 
      "withdrawn_at": null
    }, 
    {
      "district": "6", 
      "name": "Gordon, Bart", 
      "sponsored_at": "2005-03-16", 
      "state": "TN", 
      "thomas_id": "00448", 
      "title": "Rep", 
      "withdrawn_at": null
    }, 
    {
      "district": "13", 
      "name": "Harris, Katherine", 
      "sponsored_at": "2005-09-07", 
      "state": "FL", 
      "thomas_id": "01714", 
      "title": "Rep", 
      "withdrawn_at": null
    }, 
    {
      "district": "8", 
      "name": "Hayes, Robin", 
      "sponsored_at": "2005-06-14", 
      "state": "NC", 
      "thomas_id": "01600", 
      "title": "Rep", 
      "withdrawn_at": null
    }, 
    {
      "district": "2", 
      "name": "Hoekstra, Peter", 
      "sponsored_at": "2005-03-09", 
      "state": "MI", 
      "thomas_id": "00547", 
      "title": "Rep", 
      "withdrawn_at": null
    }, 
    {
      "district": "1", 
      "name": "Jindal, Bobby", 
      "sponsored_at": "2005-07-12", 
      "state": "LA", 
      "thomas_id": "01785", 
      "title": "Rep", 
      "withdrawn_at": null
    }, 
    {
      "district": "8", 
      "name": "Kolbe, Jim", 
      "sponsored_at": "2005-04-12", 
      "state": "AZ", 
      "thomas_id": "00645", 
      "title": "Rep", 
      "withdrawn_at": null
    }, 
    {
      "district": "2", 
      "name": "Larsen, Rick", 
      "sponsored_at": "2005-04-19", 
      "state": "WA", 
      "thomas_id": "01675", 
      "title": "Rep", 
      "withdrawn_at": null
    }, 
    {
      "district": "2", 
      "name": "LoBiondo, Frank A.", 
      "sponsored_at": "2006-06-08", 
      "state": "NJ", 
      "thomas_id": "00699", 
      "title": "Rep", 
      "withdrawn_at": null
    }, 
    {
      "district": "16", 
      "name": "Manzullo, Donald A.", 
      "sponsored_at": "2005-10-06", 
      "state": "IL", 
      "thomas_id": "00733", 
      "title": "Rep", 
      "withdrawn_at": null
    }, 
    {
      "district": "11", 
      "name": "McCotter, Thaddeus G.", 
      "sponsored_at": "2005-12-16", 
      "state": "MI", 
      "thomas_id": "01732", 
      "title": "Rep", 
      "withdrawn_at": null
    }, 
    {
      "district": "7", 
      "name": "McIntyre, Mike", 
      "sponsored_at": "2005-09-07", 
      "state": "NC", 
      "thomas_id": "01505", 
      "title": "Rep", 
      "withdrawn_at": null
    }, 
    {
      "district": "1", 
      "name": "Miller, Jeff", 
      "sponsored_at": "2005-07-29", 
      "state": "FL", 
      "thomas_id": "01685", 
      "title": "Rep", 
      "withdrawn_at": null
    }, 
    {
      "district": "14", 
      "name": "Paul, Ron", 
      "sponsored_at": "2005-04-12", 
      "state": "TX", 
      "thomas_id": "00900", 
      "title": "Rep", 
      "withdrawn_at": null
    }, 
    {
      "district": "10", 
      "name": "Payne, Donald M.", 
      "sponsored_at": "2005-07-27", 
      "state": "NJ", 
      "thomas_id": "00902", 
      "title": "Rep", 
      "withdrawn_at": null
    }, 
    {
      "district": "19", 
      "name": "Platts, Todd Russell", 
      "sponsored_at": "2005-02-10", 
      "state": "PA", 
      "thomas_id": "01667", 
      "title": "Rep", 
      "withdrawn_at": null
    }, 
    {
      "district": "16", 
      "name": "Reyes, Silvestre", 
      "sponsored_at": "2005-09-07", 
      "state": "TX", 
      "thomas_id": "01516", 
      "title": "Rep", 
      "withdrawn_at": null
    }, 
    {
      "district": "8", 
      "name": "Rogers, Mike J.", 
      "sponsored_at": "2005-07-25", 
      "state": "MI", 
      "thomas_id": "01651", 
      "title": "Rep", 
      "withdrawn_at": null
    }, 
    {
      "district": "7", 
      "name": "Schwarz, John J.H. \"Joe\"", 
      "sponsored_at": "2005-07-27", 
      "state": "MI", 
      "thomas_id": "01788", 
      "title": "Rep", 
      "withdrawn_at": null
    }, 
    {
      "district": "6", 
      "name": "Strickland, Ted", 
      "sponsored_at": "2005-10-06", 
      "state": "OH", 
      "thomas_id": "01118", 
      "title": "Rep", 
      "withdrawn_at": null
    }
  ], 
  "enacted_as": null, 
  "history": {
    "awaiting_signature": false, 
    "enacted": false, 
    "vetoed": false
  }, 
  "introduced_at": "2005-01-06", 
  "number": "269", 
  "official_title": "To amend title 38, United States Code, to provide for certain servicemembers to become eligible for educational assistance under the Montgomery GI Bill.", 
  "popular_title": null, 
  "related_bills": [
    {
      "bill_id": "s2091-109", 
      "reason": "related"
    }
  ], 
  "short_title": "Montgomery GI Bill Enhancement Act of 2005", 
  "sponsor": {
    "district": "4", 
    "name": "Camp, Dave", 
    "state": "MI", 
    "thomas_id": "00166", 
    "title": "Rep", 
    "type": "person"
  }, 
  "status": "REFERRED", 
  "status_at": "2005-01-06", 
  "subjects": [
    "Armed forces and national security", 
    "Education", 
    "Higher education", 
    "Labor and employment", 
    "Military discharges", 
    "Military pay", 
    "Military pensions", 
    "Military personnel", 
    "Veterans' benefits", 
    "Veterans' education"
  ], 
  "subjects_top_term": "Armed forces and national security", 
  "summary": {
    "as": "Introduced", 
    "date": "2005-01-06", 
    "text": "Montgomery GI Bill Enhancement Act of 2005 - Authorizes an individual, during the year following enactment of this Act, to make an irrevocable election for entitlement to basic educational assistance under the Montgomery GI Bill if such individual: (1) first became a member of the armed forces or entered active duty before July 1, 1985; (2) has served on active duty without a break in service and continues to serve for some or all of the year before enactment of this Act; (3) has completed requirements of a secondary school diploma or the equivalent of 12 semester hours in a program leading to a standard college degree; and (4) is discharged or released from active duty honorably. Requires such individual's basic pay to be reduced, over an 18-month period, until the total reduction is $2,700, as a contribution toward such educational assistance."
  }, 
  "titles": [
    {
      "as": "introduced", 
      "title": "Montgomery GI Bill Enhancement Act of 2005", 
      "type": "short"
    }, 
    {
      "as": "introduced", 
      "title": "To amend title 38, United States Code, to provide for certain servicemembers to become eligible for educational assistance under the Montgomery GI Bill.", 
      "type": "official"
    }
  ], 
  "updated_at": "2013-02-02T20:39:12-05:00"
}