{
  "actions": [
    {
      "acted_at": "2006-03-30", 
      "committee": "House Committee on Government Reform", 
      "references": [], 
      "status": "REFERRED", 
      "text": "Referred to the House Committee on Government Reform.", 
      "type": "referral"
    }, 
    {
      "acted_at": "2006-06-21T10:34:00-04:00", 
      "references": [], 
      "text": "Mr. Davis, Tom moved to suspend the rules and pass the bill, as amended.", 
      "type": "action"
    }, 
    {
      "acted_at": "2006-06-21T10:35:00-04:00", 
      "references": [
        {
          "reference": "CR H4335-4338", 
          "type": "consideration"
        }
      ], 
      "text": "Considered under suspension of the rules.", 
      "type": "action"
    }, 
    {
      "acted_at": "2006-06-21T10:35:00-04:00", 
      "references": [], 
      "text": "DEBATE - The House proceeded with forty minutes of debate on H.R. 5060.", 
      "type": "action"
    }, 
    {
      "acted_at": "2006-06-21T10:57:00-04:00", 
      "how": "by voice vote", 
      "references": [
        {
          "reference": "CR H4335", 
          "type": "text"
        }
      ], 
      "result": "pass", 
      "status": "PASS_OVER:HOUSE", 
      "suspension": null, 
      "text": "On motion to suspend the rules and pass the bill, as amended Agreed to by voice vote.", 
      "type": "vote", 
      "vote_type": "vote", 
      "where": "h"
    }, 
    {
      "acted_at": "2006-06-21T10:57:00-04:00", 
      "references": [], 
      "text": "Motion to reconsider laid on the table Agreed to without objection.", 
      "type": "action"
    }, 
    {
      "acted_at": "2006-06-22", 
      "committee": "Committee on Homeland Security and Governmental Affairs", 
      "references": [], 
      "text": "Received in the Senate and Read twice and referred to the Committee on Homeland Security and Governmental Affairs.", 
      "type": "referral"
    }
  ], 
  "amendments": [], 
  "bill_id": "hr5060-109", 
  "bill_type": "hr", 
  "committees": [
    {
      "activity": [
        "referral"
      ], 
      "committee": "House Government Reform", 
      "committee_id": "HSGO"
    }, 
    {
      "activity": [
        "referral", 
        "in committee"
      ], 
      "committee": "Senate Homeland Security and Governmental Affairs", 
      "committee_id": "SSGA"
    }
  ], 
  "congress": "109", 
  "cosponsors": [
    {
      "district": "11", 
      "name": "Davis, Tom", 
      "sponsored_at": "2006-03-30", 
      "state": "VA", 
      "thomas_id": "00274", 
      "title": "Rep", 
      "withdrawn_at": null
    }, 
    {
      "district": "3", 
      "name": "English, Phil", 
      "sponsored_at": "2006-04-26", 
      "state": "PA", 
      "thomas_id": "00347", 
      "title": "Rep", 
      "withdrawn_at": null
    }, 
    {
      "district": "5", 
      "name": "Goode, Virgil H., Jr.", 
      "sponsored_at": "2006-04-26", 
      "state": "VA", 
      "thomas_id": "01486", 
      "title": "Rep", 
      "withdrawn_at": null
    }, 
    {
      "district": "4", 
      "name": "Hart, Melissa A.", 
      "sponsored_at": "2006-06-16", 
      "state": "PA", 
      "thomas_id": "01666", 
      "title": "Rep", 
      "withdrawn_at": null
    }, 
    {
      "district": "5", 
      "name": "Hensarling, Jeb", 
      "sponsored_at": "2006-04-26", 
      "state": "TX", 
      "thomas_id": "01749", 
      "title": "Rep", 
      "withdrawn_at": null
    }, 
    {
      "district": "29", 
      "name": "Kuhl, John R. \"Randy\", Jr.", 
      "sponsored_at": "2006-06-16", 
      "state": "NY", 
      "thomas_id": "01795", 
      "title": "Rep", 
      "withdrawn_at": null
    }, 
    {
      "district": "23", 
      "name": "McHugh, John M.", 
      "sponsored_at": "2006-04-26", 
      "state": "NY", 
      "thomas_id": "00773", 
      "title": "Rep", 
      "withdrawn_at": null
    }, 
    {
      "district": "3", 
      "name": "Souder, Mark E.", 
      "sponsored_at": "2006-04-26", 
      "state": "IN", 
      "thomas_id": "01089", 
      "title": "Rep", 
      "withdrawn_at": null
    }
  ], 
  "enacted_as": null, 
  "history": {
    "awaiting_signature": false, 
    "enacted": false, 
    "house_passage_result": "pass", 
    "house_passage_result_at": "2006-06-21T10:57:00-04:00", 
    "vetoed": false
  }, 
  "introduced_at": "2006-03-30", 
  "number": "5060", 
  "official_title": "To amend the Federal Financial Assistance Management Improvement Act of 1999 to require data with respect to Federal financial assistance to be available for public access in a searchable and user friendly form.", 
  "popular_title": "Federal Spending and Assistance bill", 
  "related_bills": [], 
  "short_title": null, 
  "sponsor": {
    "district": "7", 
    "name": "Blunt, Roy", 
    "state": "MO", 
    "thomas_id": "01464", 
    "title": "Rep", 
    "type": "person"
  }, 
  "status": "PASS_OVER:HOUSE", 
  "status_at": "2006-06-21T10:57:00-04:00", 
  "subjects": [
    "Appropriations", 
    "Economics and public finance", 
    "Electronic data interchange", 
    "Electronic government information", 
    "Federal aid programs", 
    "Federally-guaranteed loans", 
    "Finance and financial sector", 
    "Government insurance", 
    "Government lending", 
    "Government operations and politics", 
    "Government paperwork", 
    "Government publicity", 
    "Grants-in-aid", 
    "Internet", 
    "Science, technology, communications", 
    "Social welfare", 
    "Subsidies", 
    "Web sites"
  ], 
  "subjects_top_term": "Government operations and politics", 
  "summary": {
    "as": "Passed House amended", 
    "date": "2006-06-21", 
    "text": "Instructs the Director of the Office of Management and Budget to work with the Administrator of General Services and other agencies to make available on the Internet, from a single website database, at no cost to the public, downloadable data regarding federal financial assistance in accordance with this Act and the E-Government Act of 2002. Requires such data to: (1) contain all information and types of information (data fields) collected through the Federal Assistance Award Data System, Grants.gov, or any other existing federal database, as well as specified additional information about each award; (2) appear within 30 days of the award of such assistance; (3) display in a form permitting full searching and aggregation of all data fields across all agencies; (4) identify the federal financial assistance a recipient has received during the preceding 10-year period; (5) include lists of federal financial assistance awards and the dates and amounts of federal fund disbursements; and (6) identify subgrantees that are nonfederal entities."
  }, 
  "titles": [
    {
      "as": null, 
      "title": "Federal Spending and Assistance bill", 
      "type": "popular"
    }, 
    {
      "as": "introduced", 
      "title": "To amend the Federal Financial Assistance Management Improvement Act of 1999 to require data with respect to Federal financial assistance to be available for public access in a searchable and user friendly form.", 
      "type": "official"
    }
  ], 
  "updated_at": "2013-02-02T20:41:25-05:00"
}