{
  "actions": [
    {
      "acted_at": "2005-03-17", 
      "committee": "House Committee on Financial Services", 
      "references": [], 
      "status": "REFERRED", 
      "text": "Referred to the House Committee on Financial Services.", 
      "type": "referral"
    }, 
    {
      "acted_at": "2005-04-15", 
      "in_committee": "House Committee on Financial Services", 
      "references": [], 
      "subcommittee": "Housing and Community Opportunity", 
      "text": "Referred to the Subcommittee on Housing and Community Opportunity.", 
      "type": "referral"
    }, 
    {
      "acted_at": "2005-07-27", 
      "references": [
        {
          "reference": "CR E1625-1626", 
          "type": null
        }
      ], 
      "text": "Sponsor introductory remarks on measure.", 
      "type": "action"
    }
  ], 
  "amendments": [], 
  "bill_id": "hr1441-109", 
  "bill_type": "hr", 
  "committees": [
    {
      "activity": [
        "referral", 
        "in committee"
      ], 
      "committee": "House Financial Services", 
      "committee_id": "HSBA"
    }, 
    {
      "activity": [
        "referral"
      ], 
      "committee": "House Financial Services", 
      "committee_id": "HSBA", 
      "subcommittee": "Subcommittee on Housing and Community Opportunity", 
      "subcommittee_id": "04"
    }
  ], 
  "congress": "109", 
  "cosponsors": [
    {
      "district": "2", 
      "name": "Baldwin, Tammy", 
      "sponsored_at": "2005-03-17", 
      "state": "WI", 
      "thomas_id": "01558", 
      "title": "Rep", 
      "withdrawn_at": null
    }, 
    {
      "district": null, 
      "name": "Bordallo, Madeleine Z.", 
      "sponsored_at": "2005-03-17", 
      "state": "GU", 
      "thomas_id": "01723", 
      "title": "Rep", 
      "withdrawn_at": null
    }, 
    {
      "district": "1", 
      "name": "Brady, Robert A.", 
      "sponsored_at": "2005-07-26", 
      "state": "PA", 
      "thomas_id": "01469", 
      "title": "Rep", 
      "withdrawn_at": null
    }, 
    {
      "district": "7", 
      "name": "Carson, Julia", 
      "sponsored_at": "2005-03-17", 
      "state": "IN", 
      "thomas_id": "01473", 
      "title": "Rep", 
      "withdrawn_at": null
    }, 
    {
      "district": null, 
      "name": "Christensen, Donna M.", 
      "sponsored_at": "2005-03-17", 
      "state": "VI", 
      "thomas_id": "01474", 
      "title": "Rep", 
      "withdrawn_at": null
    }, 
    {
      "district": "7", 
      "name": "Davis, Danny K.", 
      "sponsored_at": "2005-05-17", 
      "state": "IL", 
      "thomas_id": "01477", 
      "title": "Rep", 
      "withdrawn_at": null
    }, 
    {
      "district": "5", 
      "name": "Emanuel, Rahm", 
      "sponsored_at": "2006-06-16", 
      "state": "IL", 
      "thomas_id": "01725", 
      "title": "Rep", 
      "withdrawn_at": null
    }, 
    {
      "district": "17", 
      "name": "Farr, Sam", 
      "sponsored_at": "2005-03-17", 
      "state": "CA", 
      "thomas_id": "00368", 
      "title": "Rep", 
      "withdrawn_at": null
    }, 
    {
      "district": "7", 
      "name": "Grijalva, Raul M.", 
      "sponsored_at": "2005-03-17", 
      "state": "AZ", 
      "thomas_id": "01708", 
      "title": "Rep", 
      "withdrawn_at": null
    }, 
    {
      "district": "4", 
      "name": "Gutierrez, Luis V.", 
      "sponsored_at": "2005-04-21", 
      "state": "IL", 
      "thomas_id": "00478", 
      "title": "Rep", 
      "withdrawn_at": null
    }, 
    {
      "district": null, 
      "name": "Herseth, Stephanie", 
      "sponsored_at": "2005-09-29", 
      "state": "SD", 
      "thomas_id": "01760", 
      "title": "Rep", 
      "withdrawn_at": null
    }, 
    {
      "district": "22", 
      "name": "Hinchey, Maurice D.", 
      "sponsored_at": "2005-12-18", 
      "state": "NY", 
      "thomas_id": "00541", 
      "title": "Rep", 
      "withdrawn_at": null
    }, 
    {
      "district": "2", 
      "name": "Jackson, Jesse L., Jr.", 
      "sponsored_at": "2005-09-29", 
      "state": "IL", 
      "thomas_id": "00587", 
      "title": "Rep", 
      "withdrawn_at": null
    }, 
    {
      "district": "18", 
      "name": "Jackson-Lee, Sheila", 
      "sponsored_at": "2005-03-17", 
      "state": "TX", 
      "thomas_id": "00588", 
      "title": "Rep", 
      "withdrawn_at": null
    }, 
    {
      "district": "11", 
      "name": "Jones, Stephanie Tubbs", 
      "sponsored_at": "2005-09-29", 
      "state": "OH", 
      "thomas_id": "01581", 
      "title": "Rep", 
      "withdrawn_at": null
    }, 
    {
      "district": "5", 
      "name": "Kildee, Dale E.", 
      "sponsored_at": "2005-04-21", 
      "state": "MI", 
      "thomas_id": "00631", 
      "title": "Rep", 
      "withdrawn_at": null
    }, 
    {
      "district": "10", 
      "name": "Kirk, Mark Steven", 
      "sponsored_at": "2006-07-27", 
      "state": "IL", 
      "thomas_id": "01647", 
      "title": "Rep", 
      "withdrawn_at": null
    }, 
    {
      "district": "12", 
      "name": "Lantos, Tom", 
      "sponsored_at": "2005-03-17", 
      "state": "CA", 
      "thomas_id": "00663", 
      "title": "Rep", 
      "withdrawn_at": null
    }, 
    {
      "district": "9", 
      "name": "Lee, Barbara", 
      "sponsored_at": "2005-03-17", 
      "state": "CA", 
      "thomas_id": "01501", 
      "title": "Rep", 
      "withdrawn_at": null
    }, 
    {
      "district": "18", 
      "name": "Lowey, Nita M.", 
      "sponsored_at": "2005-07-26", 
      "state": "NY", 
      "thomas_id": "00709", 
      "title": "Rep", 
      "withdrawn_at": null
    }, 
    {
      "district": "9", 
      "name": "Lynch, Stephen F.", 
      "sponsored_at": "2006-07-27", 
      "state": "MA", 
      "thomas_id": "01686", 
      "title": "Rep", 
      "withdrawn_at": null
    }, 
    {
      "district": "4", 
      "name": "McCollum, Betty", 
      "sponsored_at": "2005-12-18", 
      "state": "MN", 
      "thomas_id": "01653", 
      "title": "Rep", 
      "withdrawn_at": null
    }, 
    {
      "district": "3", 
      "name": "McGovern, James P.", 
      "sponsored_at": "2005-07-26", 
      "state": "MA", 
      "thomas_id": "01504", 
      "title": "Rep", 
      "withdrawn_at": null
    }, 
    {
      "district": "3", 
      "name": "Moore, Dennis", 
      "sponsored_at": "2005-04-21", 
      "state": "KS", 
      "thomas_id": "01561", 
      "title": "Rep", 
      "withdrawn_at": null
    }, 
    {
      "district": "4", 
      "name": "Moore, Gwen", 
      "sponsored_at": "2006-06-16", 
      "state": "WI", 
      "thomas_id": "01811", 
      "title": "Rep", 
      "withdrawn_at": null
    }, 
    {
      "district": "8", 
      "name": "Moran, James P.", 
      "sponsored_at": "2005-04-21", 
      "state": "VA", 
      "thomas_id": "00832", 
      "title": "Rep", 
      "withdrawn_at": null
    }, 
    {
      "district": "1", 
      "name": "Moran, Jerry", 
      "sponsored_at": "2005-12-18", 
      "state": "KS", 
      "thomas_id": "01507", 
      "title": "Rep", 
      "withdrawn_at": null
    }, 
    {
      "district": "11", 
      "name": "Owens, Major R.", 
      "sponsored_at": "2005-04-21", 
      "state": "NY", 
      "thomas_id": "00883", 
      "title": "Rep", 
      "withdrawn_at": null
    }, 
    {
      "district": "6", 
      "name": "Pallone, Frank, Jr.", 
      "sponsored_at": "2005-03-17", 
      "state": "NJ", 
      "thomas_id": "00887", 
      "title": "Rep", 
      "withdrawn_at": null
    }, 
    {
      "district": "15", 
      "name": "Rangel, Charles B.", 
      "sponsored_at": "2005-03-17", 
      "state": "NY", 
      "thomas_id": "00944", 
      "title": "Rep", 
      "withdrawn_at": null
    }, 
    {
      "district": "1", 
      "name": "Rush, Bobby L.", 
      "sponsored_at": "2005-07-26", 
      "state": "IL", 
      "thomas_id": "01003", 
      "title": "Rep", 
      "withdrawn_at": null
    }, 
    {
      "district": "47", 
      "name": "Sanchez, Loretta", 
      "sponsored_at": "2006-06-16", 
      "state": "CA", 
      "thomas_id": "01522", 
      "title": "Rep", 
      "withdrawn_at": null
    }, 
    {
      "district": "28", 
      "name": "Slaughter, Louise McIntosh", 
      "sponsored_at": "2005-04-21", 
      "state": "NY", 
      "thomas_id": "01069", 
      "title": "Rep", 
      "withdrawn_at": null
    }, 
    {
      "district": "6", 
      "name": "Strickland, Ted", 
      "sponsored_at": "2005-07-26", 
      "state": "OH", 
      "thomas_id": "01118", 
      "title": "Rep", 
      "withdrawn_at": null
    }, 
    {
      "district": "25", 
      "name": "Walsh, James T.", 
      "sponsored_at": "2005-09-29", 
      "state": "NY", 
      "thomas_id": "01197", 
      "title": "Rep", 
      "withdrawn_at": null
    }, 
    {
      "district": "33", 
      "name": "Watson, Diane E.", 
      "sponsored_at": "2005-03-17", 
      "state": "CA", 
      "thomas_id": "01682", 
      "title": "Rep", 
      "withdrawn_at": null
    }, 
    {
      "district": "6", 
      "name": "Woolsey, Lynn C.", 
      "sponsored_at": "2005-03-17", 
      "state": "CA", 
      "thomas_id": "01242", 
      "title": "Rep", 
      "withdrawn_at": null
    }, 
    {
      "district": "4", 
      "name": "Wynn, Albert Russell", 
      "sponsored_at": "2006-06-28", 
      "state": "MD", 
      "thomas_id": "01251", 
      "title": "Rep", 
      "withdrawn_at": null
    }, 
    {
      "district": null, 
      "name": "Young, Don", 
      "sponsored_at": "2006-06-16", 
      "state": "AK", 
      "thomas_id": "01256", 
      "title": "Rep", 
      "withdrawn_at": null
    }
  ], 
  "enacted_as": null, 
  "history": {
    "awaiting_signature": false, 
    "enacted": false, 
    "vetoed": false
  }, 
  "introduced_at": "2005-03-17", 
  "number": "1441", 
  "official_title": "To require all newly constructed, federally assisted, single-family houses and town houses to meet minimum standards of visitability for persons with disabilities.", 
  "popular_title": null, 
  "related_bills": [], 
  "short_title": "Inclusive Home Design Act of 2005", 
  "sponsor": {
    "district": "9", 
    "name": "Schakowsky, Janice D.", 
    "state": "IL", 
    "thomas_id": "01588", 
    "title": "Rep", 
    "type": "person"
  }, 
  "status": "REFERRED", 
  "status_at": "2005-03-17", 
  "subjects": [
    "Actions and defenses", 
    "Architecture and the disabled", 
    "Armed forces and national security", 
    "Building construction", 
    "Building laws", 
    "Damages", 
    "Disabled", 
    "Economics and public finance", 
    "Federal aid to housing", 
    "Federal preemption", 
    "Federally-guaranteed loans", 
    "Finance and financial sector", 
    "Government lending", 
    "Government operations and politics", 
    "Housing and community development", 
    "Housing for the disabled", 
    "Housing subsidies", 
    "Income tax", 
    "Injunctions", 
    "Land transfers", 
    "Law", 
    "Leases", 
    "Legal fees", 
    "Mortgage guaranty insurance", 
    "Parties to actions", 
    "Public housing", 
    "Public lands and natural resources", 
    "Punitive damages", 
    "Social welfare", 
    "Tax credits", 
    "Taxation", 
    "Veterans' benefits"
  ], 
  "subjects_top_term": "Housing and community development", 
  "summary": {
    "as": "Introduced", 
    "date": "2005-03-17", 
    "text": "Inclusive Home Design Act of 2005 - Requires, with exceptions, newly constructed, federally assisted single family houses and town houses to include at least one level that complies with the following accessibility features for persons with disabilities: (1) accessible entrance; (2) accessible interior doors; (3) accessible environmental controls; and (4) accessible habitable space and an accessible bathroom. Requires: (1) each applicant for Federal financial assistance to submit compliance assurances to the relevant Federal agency; and (2) each person who arranges for design or construction of a covered dwelling to submit architectural and construction plans for State or local approval. Prohibits Federal financial assistance to a State or local government unit unless the recipient is taking certain enforcement actions with regard to covered dwellings. Permits: (1) private civil actions in a U.S. District Court or State court for violations under this Act; and (2) the Attorney General to commence civil actions or intervene in civil actions under this Act."
  }, 
  "titles": [
    {
      "as": "introduced", 
      "title": "Inclusive Home Design Act of 2005", 
      "type": "short"
    }, 
    {
      "as": "introduced", 
      "title": "To require all newly constructed, federally assisted, single-family houses and town houses to meet minimum standards of visitability for persons with disabilities.", 
      "type": "official"
    }
  ], 
  "updated_at": "2013-02-02T20:39:48-05:00"
}