{
  "actions": [
    {
      "acted_at": "2006-02-28", 
      "committee": "Committee on Transportation and Infrastructure, and in addition to the Committee on International Relations, for a period to be subsequently determined by the Speaker, in each case for consideration of such provisions as fall within the jurisdiction of the committee concerned", 
      "references": [], 
      "status": "REFERRED", 
      "text": "Referred to the Committee on Transportation and Infrastructure, and in addition to the Committee on International Relations, for a period to be subsequently determined by the Speaker, in each case for consideration of such provisions as fall within the jurisdiction of the committee concerned.", 
      "type": "referral"
    }, 
    {
      "acted_at": "2006-02-28", 
      "committee": "House Transportation and Infrastructure", 
      "references": [], 
      "text": "Referred to House Transportation and Infrastructure", 
      "type": "referral"
    }, 
    {
      "acted_at": "2006-02-28", 
      "committee": "House International Relations", 
      "references": [], 
      "text": "Referred to House International Relations", 
      "type": "referral"
    }, 
    {
      "acted_at": "2006-03-01", 
      "in_committee": "House Transportation and Infrastructure", 
      "references": [], 
      "subcommittee": "Coast Guard and Maritime Transportation", 
      "text": "Referred to the Subcommittee on Coast Guard and Maritime Transportation.", 
      "type": "referral"
    }
  ], 
  "amendments": [], 
  "bill_id": "hr4817-109", 
  "bill_type": "hr", 
  "committees": [
    {
      "activity": [
        "referral", 
        "in committee"
      ], 
      "committee": "House Transportation and Infrastructure", 
      "committee_id": "HSPW"
    }, 
    {
      "activity": [
        "referral"
      ], 
      "committee": "House Transportation and Infrastructure", 
      "committee_id": "HSPW", 
      "subcommittee": "Subcommittee on Coast Guard and Maritime Transportation", 
      "subcommittee_id": "07"
    }, 
    {
      "activity": [
        "referral", 
        "in committee"
      ], 
      "committee": "House International Relations", 
      "committee_id": "HSFA"
    }
  ], 
  "congress": "109", 
  "cosponsors": [], 
  "enacted_as": null, 
  "history": {
    "awaiting_signature": false, 
    "enacted": false, 
    "vetoed": false
  }, 
  "introduced_at": "2006-02-28", 
  "number": "4817", 
  "official_title": "To prohibit entities owned or controlled by foreign governments from carrying out operations at seaports in the United States.", 
  "popular_title": "Port Security bill", 
  "related_bills": [], 
  "short_title": null, 
  "sponsor": {
    "district": "5", 
    "name": "Hayworth, J. D.", 
    "state": "AZ", 
    "thomas_id": "00520", 
    "title": "Rep", 
    "type": "person"
  }, 
  "status": "REFERRED", 
  "status_at": "2006-02-28", 
  "subjects": [
    "Administrative procedure", 
    "Commerce", 
    "Crime and law enforcement", 
    "Dubai Ports World aftermath legislation", 
    "Executive Office of the President", 
    "Fines (Penalties)", 
    "Foreign corporations", 
    "Foreign investments", 
    "Foreign trade and international finance", 
    "Government contractors", 
    "Government corporations", 
    "Government operations and politics", 
    "Government ownership", 
    "Government paperwork", 
    "Infrastructure", 
    "International affairs", 
    "Law", 
    "Marine terminals", 
    "Transportation and public works"
  ], 
  "subjects_top_term": "Transportation and public works", 
  "summary": {
    "as": "Introduced", 
    "date": "2006-02-28", 
    "text": "Prohibits any entity owned or controlled by a foreign government (including any agency or instrumentality) from: (1) conducting operations at any seaport in the United States (including commonwealths, territories, or possessions); or (2) entering into any contract or other agreement to conduct such operations. Directs the President to promulgate regulations necessary to enforce this prohibition, including requiring any person to furnish information necessary to enforce it. Subjects any person who violates this prohibition to certain civil and criminal penalties prescribed by the International Emergency Economic Powers Act."
  }, 
  "titles": [
    {
      "as": null, 
      "title": "Port Security bill", 
      "type": "popular"
    }, 
    {
      "as": "introduced", 
      "title": "To prohibit entities owned or controlled by foreign governments from carrying out operations at seaports in the United States.", 
      "type": "official"
    }
  ], 
  "updated_at": "2013-02-02T20:41:18-05:00"
}