{
  "actions": [
    {
      "acted_at": "2006-07-28", 
      "committee": "House Committee on Government Reform", 
      "references": [], 
      "status": "REFERRED", 
      "text": "Referred to the House Committee on Government Reform.", 
      "type": "referral"
    }
  ], 
  "amendments": [], 
  "bill_id": "hr6012-109", 
  "bill_type": "hr", 
  "committees": [
    {
      "activity": [
        "referral", 
        "in committee"
      ], 
      "committee": "House Government Reform", 
      "committee_id": "HSGO"
    }
  ], 
  "congress": "109", 
  "cosponsors": [], 
  "enacted_as": null, 
  "history": {
    "awaiting_signature": false, 
    "enacted": false, 
    "vetoed": false
  }, 
  "introduced_at": "2006-07-28", 
  "number": "6012", 
  "official_title": "To amend title 5, United States Code, to increase the maximum age for the original appointment of a retired member of the Armed Forces to a border patrol agent position, and for other purposes.", 
  "popular_title": null, 
  "related_bills": [], 
  "short_title": "Border Patrol Agent Recruitment Act of 2006", 
  "sponsor": {
    "district": "2", 
    "name": "Pearce, Stevan", 
    "state": "NM", 
    "thomas_id": "01738", 
    "title": "Rep", 
    "type": "person"
  }, 
  "status": "REFERRED", 
  "status_at": "2006-07-28", 
  "subjects": [
    "Age and employment", 
    "Annuities", 
    "Armed forces and national security", 
    "Border patrols", 
    "Civil service retirement", 
    "Department of Veterans Affairs", 
    "Federal employees", 
    "Government operations and politics", 
    "Immigration", 
    "International affairs", 
    "Labor and employment", 
    "Mandatory retirement", 
    "Retired military personnel", 
    "Social welfare"
  ], 
  "subjects_top_term": "Government operations and politics", 
  "summary": {
    "as": "Introduced", 
    "date": "2006-07-28", 
    "text": "Border Patrol Agent Recruitment Act of 2006 - Amends federal employee provisions to direct the Secretary of Homeland Security to fix at 45 the maximum age limit for an original appointment to a border patrol position (position) for any individual who is a retired member of the Armed Forces at the time of appointment. Makes eligible for retirement under the Civil Service Retirement System (CSRS) or Federal Employees' Retirement System (FERS) any such individual who serves in the position for 15 years after such appointment."
  }, 
  "titles": [
    {
      "as": "introduced", 
      "title": "Border Patrol Agent Recruitment Act of 2006", 
      "type": "short"
    }, 
    {
      "as": "introduced", 
      "title": "To amend title 5, United States Code, to increase the maximum age for the original appointment of a retired member of the Armed Forces to a border patrol agent position, and for other purposes.", 
      "type": "official"
    }
  ], 
  "updated_at": "2013-02-02T20:41:52-05:00"
}