{
  "actions": [
    {
      "acted_at": "2005-01-04", 
      "committee": "House Committee on Homeland Security (Select)", 
      "references": [], 
      "status": "REFERRED", 
      "text": "Referred to the House Committee on Homeland Security (Select).", 
      "type": "referral"
    }, 
    {
      "acted_at": "2005-02-18", 
      "in_committee": "House Committee on Homeland Security (Select)", 
      "references": [], 
      "subcommittee": "Emergency Preparedness, Science, and Technology", 
      "text": "Referred to the Subcommittee on Emergency Preparedness, Science, and Technology.", 
      "type": "referral"
    }
  ], 
  "amendments": [], 
  "bill_id": "hr228-109", 
  "bill_type": "hr", 
  "committees": [
    {
      "activity": [
        "referral", 
        "in committee"
      ], 
      "committee": "House Homeland Security", 
      "committee_id": "HSHM"
    }, 
    {
      "activity": [
        "referral"
      ], 
      "committee": "House Homeland Security", 
      "committee_id": "HSHM", 
      "subcommittee": "Subcommittee on Emergency Preparedness, Science, and Technology", 
      "subcommittee_id": "08"
    }
  ], 
  "congress": "109", 
  "cosponsors": [
    {
      "district": "5", 
      "name": "Ackerman, Gary L.", 
      "sponsored_at": "2005-04-06", 
      "state": "NY", 
      "thomas_id": "00004", 
      "title": "Rep", 
      "withdrawn_at": null
    }, 
    {
      "district": "1", 
      "name": "Bishop, Timothy H.", 
      "sponsored_at": "2005-04-06", 
      "state": "NY", 
      "thomas_id": "01740", 
      "title": "Rep", 
      "withdrawn_at": null
    }, 
    {
      "district": "7", 
      "name": "Crowley, Joseph", 
      "sponsored_at": "2005-04-06", 
      "state": "NY", 
      "thomas_id": "01604", 
      "title": "Rep", 
      "withdrawn_at": null
    }, 
    {
      "district": "17", 
      "name": "Engel, Eliot L.", 
      "sponsored_at": "2005-04-06", 
      "state": "NY", 
      "thomas_id": "00344", 
      "title": "Rep", 
      "withdrawn_at": null
    }, 
    {
      "district": "13", 
      "name": "Fossella, Vito", 
      "sponsored_at": "2005-04-06", 
      "state": "NY", 
      "thomas_id": "01484", 
      "title": "Rep", 
      "withdrawn_at": null
    }, 
    {
      "district": "5", 
      "name": "Garrett, Scott", 
      "sponsored_at": "2005-04-06", 
      "state": "NJ", 
      "thomas_id": "01737", 
      "title": "Rep", 
      "withdrawn_at": null
    }, 
    {
      "district": "19", 
      "name": "Kelly, Sue W.", 
      "sponsored_at": "2005-04-06", 
      "state": "NY", 
      "thomas_id": "00624", 
      "title": "Rep", 
      "withdrawn_at": null
    }, 
    {
      "district": "3", 
      "name": "King, Peter T.", 
      "sponsored_at": "2005-04-06", 
      "state": "NY", 
      "thomas_id": "00635", 
      "title": "Rep", 
      "withdrawn_at": null
    }, 
    {
      "district": "18", 
      "name": "Lowey, Nita M.", 
      "sponsored_at": "2005-04-06", 
      "state": "NY", 
      "thomas_id": "00709", 
      "title": "Rep", 
      "withdrawn_at": null
    }, 
    {
      "district": "14", 
      "name": "Maloney, Carolyn B.", 
      "sponsored_at": "2005-04-06", 
      "state": "NY", 
      "thomas_id": "00729", 
      "title": "Rep", 
      "withdrawn_at": null
    }, 
    {
      "district": "4", 
      "name": "McCarthy, Carolyn", 
      "sponsored_at": "2005-04-06", 
      "state": "NY", 
      "thomas_id": "01503", 
      "title": "Rep", 
      "withdrawn_at": null
    }, 
    {
      "district": "11", 
      "name": "McCotter, Thaddeus G.", 
      "sponsored_at": "2005-04-06", 
      "state": "MI", 
      "thomas_id": "01732", 
      "title": "Rep", 
      "withdrawn_at": null
    }, 
    {
      "district": "21", 
      "name": "McNulty, Michael R.", 
      "sponsored_at": "2005-04-06", 
      "state": "NY", 
      "thomas_id": "00785", 
      "title": "Rep", 
      "withdrawn_at": null
    }, 
    {
      "district": "8", 
      "name": "Nadler, Jerrold", 
      "sponsored_at": "2005-04-06", 
      "state": "NY", 
      "thomas_id": "00850", 
      "title": "Rep", 
      "withdrawn_at": null
    }, 
    {
      "district": "1", 
      "name": "Olver, John W.", 
      "sponsored_at": "2005-04-06", 
      "state": "MA", 
      "thomas_id": "00879", 
      "title": "Rep", 
      "withdrawn_at": null
    }, 
    {
      "district": "11", 
      "name": "Owens, Major R.", 
      "sponsored_at": "2005-04-06", 
      "state": "NY", 
      "thomas_id": "00883", 
      "title": "Rep", 
      "withdrawn_at": null
    }, 
    {
      "district": "10", 
      "name": "Payne, Donald M.", 
      "sponsored_at": "2005-04-06", 
      "state": "NJ", 
      "thomas_id": "00902", 
      "title": "Rep", 
      "withdrawn_at": null
    }, 
    {
      "district": "46", 
      "name": "Rohrabacher, Dana", 
      "sponsored_at": "2005-04-06", 
      "state": "CA", 
      "thomas_id": "00979", 
      "title": "Rep", 
      "withdrawn_at": null
    }, 
    {
      "district": "16", 
      "name": "Serrano, Jose E.", 
      "sponsored_at": "2005-04-06", 
      "state": "NY", 
      "thomas_id": "01042", 
      "title": "Rep", 
      "withdrawn_at": null
    }, 
    {
      "district": "32", 
      "name": "Sessions, Pete", 
      "sponsored_at": "2005-04-06", 
      "state": "TX", 
      "thomas_id": "01525", 
      "title": "Rep", 
      "withdrawn_at": null
    }, 
    {
      "district": "4", 
      "name": "Shays, Christopher", 
      "sponsored_at": "2005-04-06", 
      "state": "CT", 
      "thomas_id": "01048", 
      "title": "Rep", 
      "withdrawn_at": null
    }, 
    {
      "district": "10", 
      "name": "Towns, Edolphus", 
      "sponsored_at": "2005-04-06", 
      "state": "NY", 
      "thomas_id": "01165", 
      "title": "Rep", 
      "withdrawn_at": null
    }, 
    {
      "district": "8", 
      "name": "Van Hollen, Chris", 
      "sponsored_at": "2005-04-06", 
      "state": "MD", 
      "thomas_id": "01729", 
      "title": "Rep", 
      "withdrawn_at": null
    }, 
    {
      "district": "25", 
      "name": "Walsh, James T.", 
      "sponsored_at": "2005-04-06", 
      "state": "NY", 
      "thomas_id": "01197", 
      "title": "Rep", 
      "withdrawn_at": null
    }, 
    {
      "district": "33", 
      "name": "Watson, Diane E.", 
      "sponsored_at": "2005-04-06", 
      "state": "CA", 
      "thomas_id": "01682", 
      "title": "Rep", 
      "withdrawn_at": null
    }, 
    {
      "district": "9", 
      "name": "Weiner, Anthony D.", 
      "sponsored_at": "2005-04-06", 
      "state": "NY", 
      "thomas_id": "01597", 
      "title": "Rep", 
      "withdrawn_at": null
    }
  ], 
  "enacted_as": null, 
  "history": {
    "awaiting_signature": false, 
    "enacted": false, 
    "vetoed": false
  }, 
  "introduced_at": "2005-01-04", 
  "number": "228", 
  "official_title": "To establish a realistic, threat-based allocation of grant funds for first responders.", 
  "popular_title": null, 
  "related_bills": [], 
  "short_title": "First Responders Funding Reform Act of 2005", 
  "sponsor": {
    "district": "20", 
    "name": "Sweeney, John E.", 
    "state": "NY", 
    "thomas_id": "01591", 
    "title": "Rep", 
    "type": "person"
  }, 
  "status": "REFERRED", 
  "status_at": "2005-01-04", 
  "subjects": [
    "Armed forces and national security", 
    "Biological warfare", 
    "Chemical warfare", 
    "Crime and law enforcement", 
    "Economics and public finance", 
    "Emergency management", 
    "Emergency medicine", 
    "Employee training", 
    "Equipment and supplies", 
    "Fire fighters", 
    "Grants-in-aid", 
    "Health", 
    "International affairs", 
    "Labor and employment", 
    "Law enforcement officers", 
    "Medical personnel", 
    "Nuclear terrorism", 
    "Paramedical personnel", 
    "Police", 
    "Police training", 
    "Terrorism", 
    "Weapons of mass destruction"
  ], 
  "subjects_top_term": "Crime and law enforcement", 
  "summary": {
    "as": "Introduced", 
    "date": "2005-01-04", 
    "text": "First Responders Funding Reform Act of 2005 - Amends the USA PATRIOT Act to require: (1) that each State be allocated in each fiscal year not less than .5 percent (currently, .75 percent) of the total amount appropriated for domestic preparedness grants; (2) such grants to be awarded based on a quantitative risk assessment for threat, vulnerability, and consequences; and (3) the Office for State and Local Domestic Preparedness Support of the Office of Justice Programs, by March 1 of each year, to submit that assessment to Congress."
  }, 
  "titles": [
    {
      "as": "introduced", 
      "title": "First Responders Funding Reform Act of 2005", 
      "type": "short"
    }, 
    {
      "as": "introduced", 
      "title": "To establish a realistic, threat-based allocation of grant funds for first responders.", 
      "type": "official"
    }
  ], 
  "updated_at": "2013-02-02T20:39:11-05:00"
}