{
  "actions": [
    {
      "acted_at": "2006-09-27", 
      "committee": "House Committee on Ways and Means", 
      "references": [], 
      "status": "REFERRED", 
      "text": "Referred to the House Committee on Ways and Means.", 
      "type": "referral"
    }
  ], 
  "amendments": [], 
  "bill_id": "hr6212-109", 
  "bill_type": "hr", 
  "committees": [
    {
      "activity": [
        "referral", 
        "in committee"
      ], 
      "committee": "House Ways and Means", 
      "committee_id": "HSWM"
    }
  ], 
  "congress": "109", 
  "cosponsors": [
    {
      "district": "3", 
      "name": "Brown, Corrine", 
      "sponsored_at": "2006-09-27", 
      "state": "FL", 
      "thomas_id": "00132", 
      "title": "Rep", 
      "withdrawn_at": null
    }, 
    {
      "district": "22", 
      "name": "Hinchey, Maurice D.", 
      "sponsored_at": "2006-09-27", 
      "state": "NY", 
      "thomas_id": "00541", 
      "title": "Rep", 
      "withdrawn_at": null
    }, 
    {
      "district": "15", 
      "name": "Hinojosa, Ruben", 
      "sponsored_at": "2006-09-29", 
      "state": "TX", 
      "thomas_id": "01490", 
      "title": "Rep", 
      "withdrawn_at": null
    }, 
    {
      "district": "18", 
      "name": "Jackson-Lee, Sheila", 
      "sponsored_at": "2006-09-27", 
      "state": "TX", 
      "thomas_id": "00588", 
      "title": "Rep", 
      "withdrawn_at": null
    }, 
    {
      "district": "4", 
      "name": "McCarthy, Carolyn", 
      "sponsored_at": "2006-09-29", 
      "state": "NY", 
      "thomas_id": "01503", 
      "title": "Rep", 
      "withdrawn_at": null
    }, 
    {
      "district": "38", 
      "name": "Napolitano, Grace F.", 
      "sponsored_at": "2006-09-27", 
      "state": "CA", 
      "thomas_id": "01602", 
      "title": "Rep", 
      "withdrawn_at": null
    }, 
    {
      "district": "10", 
      "name": "Towns, Edolphus", 
      "sponsored_at": "2006-11-13", 
      "state": "NY", 
      "thomas_id": "01165", 
      "title": "Rep", 
      "withdrawn_at": null
    }
  ], 
  "enacted_as": null, 
  "history": {
    "awaiting_signature": false, 
    "enacted": false, 
    "vetoed": false
  }, 
  "introduced_at": "2006-09-27", 
  "number": "6212", 
  "official_title": "To amend the Internal Revenue Code of 1986 to provide a tax incentive to produce ethanol in high-consumption, low-production States, and for other purposes.", 
  "popular_title": null, 
  "related_bills": [
    {
      "bill_id": "s3840-109", 
      "reason": "identical"
    }
  ], 
  "short_title": "Ethanol Stimulus Act of 2006", 
  "sponsor": {
    "district": "27", 
    "name": "Higgins, Brian", 
    "state": "NY", 
    "thomas_id": "01794", 
    "title": "Rep", 
    "type": "person"
  }, 
  "status": "REFERRED", 
  "status_at": "2006-09-27", 
  "subjects": [
    "Alcohol as fuel", 
    "Commerce", 
    "Energy", 
    "Fuel consumption", 
    "Gasoline", 
    "Income tax", 
    "Small business", 
    "Tax credits", 
    "Taxation"
  ], 
  "subjects_top_term": "Taxation", 
  "summary": {
    "as": "Introduced", 
    "date": "2006-09-27", 
    "text": "Ethanol Stimulus Act of 2006 - Amends the Internal Revenue Code to provide for an increased small ethanol producer tax credit for ethanol production in states which have a gasoline consumption rate of more than 2% of aggregate nationwide consumption and which produce less than 2% of the aggregate nationwide amount of ethanol (two-two states)."
  }, 
  "titles": [
    {
      "as": "introduced", 
      "title": "Ethanol Stimulus Act of 2006", 
      "type": "short"
    }, 
    {
      "as": "introduced", 
      "title": "To amend the Internal Revenue Code of 1986 to provide a tax incentive to produce ethanol in high-consumption, low-production States, and for other purposes.", 
      "type": "official"
    }
  ], 
  "updated_at": "2013-02-02T20:41:57-05:00"
}