{
  "actions": [
    {
      "acted_at": "2005-10-20", 
      "committee": "House Committee on the Judiciary", 
      "references": [], 
      "status": "REFERRED", 
      "text": "Referred to the House Committee on the Judiciary.", 
      "type": "referral"
    }, 
    {
      "acted_at": "2006-02-06", 
      "in_committee": "House Committee on the Judiciary", 
      "references": [], 
      "subcommittee": "the Constitution", 
      "text": "Referred to the Subcommittee on the Constitution.", 
      "type": "referral"
    }
  ], 
  "amendments": [], 
  "bill_id": "hr4102-109", 
  "bill_type": "hr", 
  "committees": [
    {
      "activity": [
        "referral", 
        "in committee"
      ], 
      "committee": "House Judiciary", 
      "committee_id": "HSJU"
    }, 
    {
      "activity": [
        "referral"
      ], 
      "committee": "House Judiciary", 
      "committee_id": "HSJU", 
      "subcommittee": "Subcommittee on Constitution", 
      "subcommittee_id": "10"
    }
  ], 
  "congress": "109", 
  "cosponsors": [], 
  "enacted_as": null, 
  "history": {
    "awaiting_signature": false, 
    "enacted": false, 
    "vetoed": false
  }, 
  "introduced_at": "2005-10-20", 
  "number": "4102", 
  "official_title": "To amend title 35, United States Code, to provide for compulsory licensing of certain patented inventions relating to health care emergencies.", 
  "popular_title": null, 
  "related_bills": [
    {
      "bill_id": "hr4131-109", 
      "reason": "related"
    }
  ], 
  "short_title": "Public Health Emergency Medicines Act", 
  "sponsor": {
    "district": "13", 
    "name": "Brown, Sherrod", 
    "state": "OH", 
    "thomas_id": "00136", 
    "title": "Rep", 
    "type": "person"
  }, 
  "status": "REFERRED", 
  "status_at": "2005-10-20", 
  "subjects": [
    "Access to health care", 
    "Commerce", 
    "Commercialization", 
    "Compensation (Law)", 
    "Drug industry", 
    "Drugs", 
    "Economics and public finance", 
    "Emergency management", 
    "Exports", 
    "Federal aid to research", 
    "Foreign trade and international finance", 
    "Health", 
    "Intellectual property", 
    "Inventions", 
    "Law", 
    "Licenses", 
    "Medical supplies", 
    "Medical technology", 
    "Patents", 
    "Pharmaceutical research", 
    "Product development", 
    "Public health", 
    "Research grants", 
    "Restrictive trade practices", 
    "Risk", 
    "Science, technology, communications", 
    "Technology transfer", 
    "World health"
  ], 
  "subjects_top_term": "Commerce", 
  "summary": {
    "as": "Introduced", 
    "date": "2005-10-20", 
    "text": "Public Health Emergency Medicines Act - Gives the Secretary of Health and Human Services the right to authorize use of the subject matter of a patent relating to health care without authorization of the patent holder if the Secretary determines that the invention is needed to address a public health emergency. Provides for reasonable remuneration for the patent holder for use of the patent. Allows the Secretary to authorize the use of a patent, without the patent holder's authorization, to export medicines or other health care products that are needed to address global public health emergencies when the legitimate rights of the patent holder are protected in the export market."
  }, 
  "titles": [
    {
      "as": "introduced", 
      "title": "Public Health Emergency Medicines Act", 
      "type": "short"
    }, 
    {
      "as": "introduced", 
      "title": "To amend title 35, United States Code, to provide for compulsory licensing of certain patented inventions relating to health care emergencies.", 
      "type": "official"
    }
  ], 
  "updated_at": "2013-02-02T20:40:58-05:00"
}