{
  "actions": [
    {
      "acted_at": "2005-07-14", 
      "committee": "House Committee on Education and the Workforce", 
      "references": [], 
      "status": "REFERRED", 
      "text": "Referred to the House Committee on Education and the Workforce.", 
      "type": "referral"
    }, 
    {
      "acted_at": "2005-07-15", 
      "references": [
        {
          "reference": "CR E1494", 
          "type": null
        }
      ], 
      "text": "Sponsor introductory remarks on measure.", 
      "type": "action"
    }, 
    {
      "acted_at": "2006-05-01", 
      "in_committee": "House Committee on Education and the Workforce", 
      "references": [], 
      "subcommittee": "21st Century Competitiveness", 
      "text": "Referred to the Subcommittee on 21st Century Competitiveness.", 
      "type": "referral"
    }
  ], 
  "amendments": [], 
  "bill_id": "hr3284-109", 
  "bill_type": "hr", 
  "committees": [
    {
      "activity": [
        "referral", 
        "in committee"
      ], 
      "committee": "House Education and the Workforce", 
      "committee_id": "HSED"
    }, 
    {
      "activity": [
        "referral"
      ], 
      "committee": "House Education and the Workforce", 
      "committee_id": "HSED", 
      "subcommittee": "Subcommittee on 21st Century Competitiveness", 
      "subcommittee_id": "13"
    }
  ], 
  "congress": "109", 
  "cosponsors": [
    {
      "district": "1", 
      "name": "Andrews, Robert E.", 
      "sponsored_at": "2006-02-15", 
      "state": "NJ", 
      "thomas_id": "00021", 
      "title": "Rep", 
      "withdrawn_at": null
    }, 
    {
      "district": "9", 
      "name": "Boucher, Rick", 
      "sponsored_at": "2006-07-27", 
      "state": "VA", 
      "thomas_id": "00113", 
      "title": "Rep", 
      "withdrawn_at": null
    }, 
    {
      "district": "1", 
      "name": "Butterfield, G. K.", 
      "sponsored_at": "2005-11-16", 
      "state": "NC", 
      "thomas_id": "01761", 
      "title": "Rep", 
      "withdrawn_at": null
    }, 
    {
      "district": "3", 
      "name": "Ehlers, Vernon J.", 
      "sponsored_at": "2005-07-14", 
      "state": "MI", 
      "thomas_id": "00339", 
      "title": "Rep", 
      "withdrawn_at": null
    }, 
    {
      "district": "2", 
      "name": "Fattah, Chaka", 
      "sponsored_at": "2005-11-08", 
      "state": "PA", 
      "thomas_id": "00371", 
      "title": "Rep", 
      "withdrawn_at": null
    }, 
    {
      "district": "9", 
      "name": "Smith, Adam", 
      "sponsored_at": "2006-05-17", 
      "state": "WA", 
      "thomas_id": "01528", 
      "title": "Rep", 
      "withdrawn_at": null
    }, 
    {
      "district": "1", 
      "name": "Wu, David", 
      "sponsored_at": "2005-07-14", 
      "state": "OR", 
      "thomas_id": "01598", 
      "title": "Rep", 
      "withdrawn_at": null
    }
  ], 
  "enacted_as": null, 
  "history": {
    "awaiting_signature": false, 
    "enacted": false, 
    "vetoed": false
  }, 
  "introduced_at": "2005-07-14", 
  "number": "3284", 
  "official_title": "To direct the Secretary of Education to provide grants to establish sustainability programs, charged with developing and implementing integrated environmental, economic, and social sustainability initiatives through administrative and operational practices as well as multidisciplinary research, education, and outreach at institutions of higher education.", 
  "popular_title": null, 
  "related_bills": [], 
  "short_title": "Higher Education Sustainability Act of 2005", 
  "sponsor": {
    "district": "3", 
    "name": "Blumenauer, Earl", 
    "state": "OR", 
    "thomas_id": "00099", 
    "title": "Rep", 
    "type": "person"
  }, 
  "status": "REFERRED", 
  "status_at": "2005-07-14", 
  "subjects": [
    "Building materials", 
    "Community and school", 
    "Economics and public finance", 
    "Education", 
    "Energy", 
    "Energy conservation", 
    "Energy efficiency", 
    "Environmental education", 
    "Environmental protection", 
    "Environmental research", 
    "Environmental technology", 
    "Federal aid to education", 
    "Federal aid to research", 
    "Government operations and politics", 
    "Government paperwork", 
    "Green products", 
    "Higher education", 
    "Public lands and natural resources", 
    "Recycling of waste products", 
    "Refuse and refuse disposal", 
    "Research grants", 
    "School administration", 
    "Science, technology, communications", 
    "Sustainable development", 
    "Teacher education", 
    "Transportation and public works", 
    "Waste reduction"
  ], 
  "subjects_top_term": "Higher education", 
  "summary": {
    "as": "Introduced", 
    "date": "2005-07-14", 
    "text": "Higher Education Sustainability Act of 2005 - Amends the Higher Education Act of 1965 to direct the Secretary of Education to make grants to establish sustainability programs at institutions of higher education. Requires such programs to develop and implement: (1) sustainability practices, including in the areas of energy management, green building, waste management, purchasing, transportation, and toxics management; and (2) other aspects of sustainability that integrate campus operations with multidisciplinary educational programs and are applicable to the private and government sectors."
  }, 
  "titles": [
    {
      "as": "introduced", 
      "title": "Higher Education Sustainability Act of 2005", 
      "type": "short"
    }, 
    {
      "as": "introduced", 
      "title": "To direct the Secretary of Education to provide grants to establish sustainability programs, charged with developing and implementing integrated environmental, economic, and social sustainability initiatives through administrative and operational practices as well as multidisciplinary research, education, and outreach at institutions of higher education.", 
      "type": "official"
    }
  ], 
  "updated_at": "2013-02-02T20:40:37-05:00"
}